evidence_id,assessment_id,farm_id,region,farm_centroid_lat,farm_centroid_lon,photo_lat,photo_lon,distance_to_centroid_km,capture_timestamp,upload_timestamp,time_delta_seconds,perceptual_dhash,evidence_classification,is_anomaly,anomaly_type
ac5b5e4a-0601-5c78-bce5-25317ec89807,871a1c9c-a75c-52fe-a33b-617d639da5de,92b0517c-b047-5780-9959-ff1b7b61f471,Western Kenya,0.635921,35.111418,0.634456,35.112533,0.2043,2026-07-15T00:56:55.466764+00:00,2026-07-15T01:23:55.466764+00:00,1620.0,1a1929634f783742,B,0,clean
aa99bf83-b4d7-5792-9833-28640d6b61f2,b4dec551-8208-5453-912e-589bf3692782,41c99529-6a7c-5946-83d6-9a68b7a2e328,Eastern Semi-Arid,-0.38798,37.561452,1.11202,39.561452,277.5,2026-06-26T19:56:55.466764+00:00,2026-06-26T21:51:55.466764+00:00,6900.0,1ebc363c76d86a89,A,1,gps_geofence_breach
cc50fd20-59b3-5c60-8b7b-ff4a11bc80c4,fa1c0ec5-b016-5038-a16d-42f9a22cd25d,6fd01488-9fa8-54cf-90f6-a1940173f1ad,Eastern Semi-Arid,-1.844262,37.273473,-1.84251,37.269498,0.4822,2026-08-01T20:56:55.466764+00:00,2026-08-01T21:33:55.466764+00:00,2220.0,48c6c68b43287d3c,C,0,clean
462151e4-ce6f-5ca6-beac-0d8cc71ab7b5,107e75c6-e4b7-57d5-bd71-43c365265f8b,469f0080-90a5-518a-8922-d9ba63976053,Western Kenya,0.078265,34.582518,0.075227,34.577624,0.6394,2026-07-29T11:56:55.466764+00:00,2026-07-29T12:39:55.466764+00:00,2580.0,415f10c4d1afabac,D,0,clean
87405aa0-8bca-5876-a0e3-2cb97dfbbd06,afe97597-8da4-5f20-b50a-3c9b624d0652,3f3edc20-bcb1-5687-8d69-a7cffeebb82e,Eastern Semi-Arid,-0.431101,37.715746,-0.430827,37.716505,0.0895,2026-07-20T01:56:55.466764+00:00,2026-07-20T02:47:55.466764+00:00,3060.0,a567d7ead7fc580e,B,0,clean
e0e18cb5-ddfa-5c1d-9b2b-265f02acac0b,00deb09c-46c6-527b-af0e-805bf621206f,ead843ac-7cb8-523b-8d81-e9c3eddd4c7e,Western Kenya,0.831611,34.429548,0.830928,34.432792,0.368,2026-07-15T20:56:55.466764+00:00,2026-07-15T22:27:55.466764+00:00,5460.0,3f78dc236dd7eafa,A,0,clean
6a4f8f7e-08d4-5e41-a588-0c7c548d9e22,2037e8ce-2e4f-5a6b-8032-6ba251f292d3,7777540e-befc-5e18-83a6-83491da0993b,Rift Valley,0.299106,35.411515,0.298368,35.414058,0.2939,2026-08-11T11:56:55.466764+00:00,2026-08-11T13:03:55.466764+00:00,4020.0,12c1797a11d57856,D,0,clean
953f0f26-9a68-5e76-b269-aa250e841404,f99db12b-8797-5bdd-b3ca-8301075b5950,280d3820-6aff-5deb-9de8-def150c2c841,Western Kenya,-0.252941,34.176617,-0.247316,34.175149,0.6453,2026-07-28T23:56:55.466764+00:00,2026-07-29T00:39:55.466764+00:00,2580.0,725e9770073ad1e3,B,0,clean
b514f0db-dc4f-5710-8ed6-dc15f0ec682e,38f4d602-dcd1-5876-9314-dab0bf28ee8c,9b41820c-6c6b-5940-93fc-944e5b46c00d,Coastal Lowlands,-4.127691,39.692383,-4.124774,39.694459,0.3973,2026-07-16T18:56:55.466764+00:00,2026-07-16T19:12:55.466764+00:00,960.0,5671ddf8a86cdc9a,A,0,clean
448adeb3-3ba7-52a8-b4b9-48c71857644a,8e4b4844-84a1-56de-8c8b-9d471e77ba8d,f75f7adb-8a86-55ca-8406-53ef006009bf,Eastern Semi-Arid,-1.209796,38.135195,-1.206611,38.135499,0.3551,2026-08-04T07:56:55.466764+00:00,2026-08-04T08:18:55.466764+00:00,1320.0,6ef2f83eb00b6df8,D,0,clean
9ecb97fa-3955-5566-8558-d9ea68dfc706,4f23c2af-e3de-5e5b-9f1b-504d6631f2e5,5e7613b7-6d52-5ee5-b693-89b41183d41d,Eastern Semi-Arid,-1.665803,38.689257,-1.670761,38.687835,0.5725,2026-07-14T05:56:55.466764+00:00,2026-07-14T07:24:55.466764+00:00,5280.0,6c36840c29cb9014,C,0,clean
a8b95410-fcba-5854-8e75-f84616fafdfa,92e30f15-5747-516f-b7ee-670e3cfa88c8,4c7de370-d11a-5439-b7f3-dc6cfad694db,Western Kenya,-0.418783,34.088903,-0.416547,34.093978,0.6156,2026-07-22T11:56:55.466764+00:00,2026-07-22T13:26:55.466764+00:00,5400.0,afa0340c999642b1,C,0,clean
d0ee46e7-cdd2-552c-9e1b-ac3acfbdaca0,3e58cd6c-f177-5886-8616-0b826bc3939c,acfc4358-76b6-590c-a8ad-3204fd52c5ad,Western Kenya,1.053764,35.187981,1.057617,35.186024,0.4797,2026-08-09T09:56:55.466764+00:00,2026-08-09T11:08:55.466764+00:00,4320.0,d15282697127eb14,B,0,clean
69fd0618-4a6d-5792-a401-6e7fa5763bbd,d0ec814a-ce21-55dd-a5b6-5212b627432d,1724006f-e9ac-55d5-826d-1f2616f0d031,Eastern Semi-Arid,-0.122275,38.243895,-0.126446,38.245092,0.4817,2026-07-16T03:56:55.466764+00:00,2026-07-16T04:05:55.466764+00:00,540.0,748d81a86596bf52,C,0,clean
c6c3379e-7424-58a6-b8a1-0e51ee3584e3,330fe860-640a-5807-b343-2287d8800f6e,326d6ba7-1e0a-5974-911e-8a7229a8f86d,Western Kenya,-0.246856,34.43506,-0.254847,34.431354,0.9777,2026-07-10T02:56:55.466764+00:00,2026-07-10T03:32:55.466764+00:00,2160.0,21c620ebb872e08c,C,0,clean
84fc0520-1c54-5636-8d9c-df03696a2732,2a0f3821-c11d-573a-86f0-556316064258,aab5cbaa-f6d6-54f8-9268-c472c9b99c62,Rift Valley,0.103971,35.170653,0.104228,35.169379,0.1443,2026-07-05T02:56:55.466764+00:00,2026-07-05T04:40:55.466764+00:00,6240.0,cd89974e79399c45,B,0,clean
8cb271eb-f52b-5f1b-854a-ed868c8d8eb5,b4ece34a-afab-5cb2-9153-2ba4f747dd39,77127a86-05a3-5fe7-9a2a-db432dcf98c9,Western Kenya,0.407302,34.661438,0.405065,34.659941,0.2988,2026-06-22T12:56:55.466764+00:00,2026-06-22T14:48:55.466764+00:00,6720.0,12078d2c38237f8c,D,0,clean
89056dc2-7bb1-580b-b3e8-b1fa89e4788b,0f694dbe-3703-54a8-acf6-d07e861e7ecf,8067886e-21c9-519c-93f0-ebad992b555d,Coastal Lowlands,-3.689799,40.194875,-3.690989,40.199639,0.5451,2026-07-19T16:56:55.466764+00:00,2026-07-19T18:11:55.466764+00:00,4500.0,e82ced5bf9ac1850,A,0,clean
3c027cac-177f-5f54-b18d-cd94ffea1831,0000ccc7-4b03-5bac-9e71-b80fbe2b5df6,30d6a9a5-ce22-5952-832a-4bdd601c73a9,Rift Valley,0.034435,36.2583,0.036784,36.256098,0.3573,2026-06-26T06:56:55.466764+00:00,2026-06-26T07:41:55.466764+00:00,2700.0,7ea7fa33ad4d295f,A,1,duplicate_image_hash
b6247080-d016-5881-a3d5-c25c6faac8c3,2aef30a6-4cdb-546b-bca4-298eb71593a3,e66ee568-72c3-5839-a7ec-aeafae9c57ca,Eastern Semi-Arid,-1.555006,37.449969,-1.551801,37.45334,0.5162,2026-08-15T17:56:55.466764+00:00,2026-08-15T18:52:55.466764+00:00,3360.0,59b6fcbb51d47993,A,0,clean
f9f72598-336f-5a28-bd08-8bacbaafb756,b4e9f5bc-0e31-5f9f-9e56-f50d99574d00,423d0e08-8aac-5c74-82e8-c741f4f0922d,Coastal Lowlands,-2.294197,38.532422,-2.29053,38.537257,0.6736,2026-08-07T20:56:55.466764+00:00,2026-08-07T22:18:55.466764+00:00,4920.0,a0decbbc79b58acb,A,0,clean
2a0376ff-54e7-506f-8b8a-fdaac0b4156f,fc8a588a-cf44-5887-9c79-8995bcb125b8,dc90a3bb-8741-5b47-ac53-2afdebd197a6,Central Highlands,0.259787,37.46873,0.263664,37.467295,0.4589,2026-07-28T07:56:55.466764+00:00,2026-07-28T09:37:55.466764+00:00,6060.0,f7d2876785328f71,D,0,clean
a59619c5-3b3b-5aae-bac7-0f7ad767e23a,3f17762f-974e-58fc-bdf2-35bad4dfd2af,d91a72d9-cde1-52ae-8f09-e5b32c1ebd97,Western Kenya,0.242765,34.578214,0.236884,34.577362,0.6596,2026-08-19T02:56:55.466764+00:00,2026-08-19T04:03:55.466764+00:00,4020.0,98076782f64c541c,B,0,clean
b2c51543-eaf7-5fcd-8fc5-6bfcfa90e512,3cd4c062-5183-5bc3-a05f-bdd0ba3cc96e,d1634aa9-9231-5c14-a5f5-79d7f24cfb1d,Eastern Semi-Arid,-1.556082,37.405637,-1.555498,37.408836,0.3609,2026-07-22T18:56:55.466764+00:00,2026-07-22T20:00:55.466764+00:00,3840.0,84b499359379810f,B,0,clean
5e1aacd4-89aa-5fba-94da-f7f68a5f0101,0faedfab-537c-5a7c-b778-ee891a483a8c,6909e58e-4938-50c6-8b44-17a98562bf57,Central Highlands,-1.138257,36.659644,-1.141464,36.657697,0.4164,2026-07-13T08:56:55.466764+00:00,2026-07-13T09:41:55.466764+00:00,2700.0,b614df50c3754a48,C,0,clean
fe371281-db96-5482-ba42-1603f18053e2,6c61ef95-3ad9-5a3e-94a5-f951986fca63,ffe9520d-7a36-5089-bbb7-408052b8af2c,Central Highlands,-1.154801,36.746353,-1.151192,36.750515,0.6114,2026-06-25T07:56:55.466764+00:00,2026-06-25T08:57:55.466764+00:00,3660.0,c7f8abdb525324a9,B,0,clean
4f97c8ed-60aa-5f66-8ef4-ff2d21694f12,8ca49b64-82a7-535f-8b8d-90f1c634319d,88295350-85bc-5f69-87a8-a0e6325b7b98,Eastern Semi-Arid,-2.202921,37.465348,-2.204395,37.468562,0.3924,2026-07-26T10:56:55.466764+00:00,2026-07-26T11:20:55.466764+00:00,1440.0,66e59f9b1d2c3a32,D,0,clean
c2fb36f6-6bd2-57d3-bd8d-51f9c28faeee,88647fd1-0d9d-5487-9a1e-0ae03923bfa4,ba5faa2b-8e0a-5a63-8570-f93535185615,Rift Valley,0.479115,35.783646,0.483017,35.786153,0.5148,2026-08-18T06:56:55.466764+00:00,2026-08-18T08:26:55.466764+00:00,5400.0,016914df4ce3a4cb,D,0,clean
df0991b8-3a51-5bc3-a11f-118556e58b53,ae004f04-ad72-51c1-a520-885e13532ceb,1174fed8-008e-5ff6-97a4-e595225fb3eb,Rift Valley,0.449532,36.000468,0.448909,35.996204,0.4783,2026-08-13T00:56:55.466764+00:00,2026-08-13T02:54:55.466764+00:00,7080.0,1decb9d57cfd9652,C,0,clean
73444a27-67b7-59b0-a137-0fa5ff322771,fe34abe2-65b0-596a-9dbb-dd34a9e1411e,04924650-c80a-5d70-91a8-de2c96642d63,Coastal Lowlands,-2.47515,39.214975,-2.475391,39.217174,0.2456,2026-07-21T04:56:55.466764+00:00,2026-07-21T05:41:55.466764+00:00,2700.0,cc815d69f3467c24,C,0,clean
44efa11a-ea7c-5ff8-a357-415f87620d7e,f6cbc742-27ef-56da-b0b9-9f8de0b7603b,1b4dc038-79d3-5732-90e3-a5e965a7e96b,Eastern Semi-Arid,-0.87196,38.140375,-0.873128,38.143729,0.3942,2026-07-01T07:56:55.466764+00:00,2026-07-01T09:22:55.466764+00:00,5160.0,8548bf72c1049229,D,0,clean
258cc69f-445b-5650-a7b0-89146240f775,79afaa44-9b75-5253-8fa3-0c00e4969d1b,057bf5ec-f5fd-5332-9b9c-b8499d0b78d1,Eastern Semi-Arid,-0.268483,37.429238,-0.264335,37.429109,0.4606,2026-07-29T00:56:55.466764+00:00,2026-07-29T02:14:55.466764+00:00,4680.0,28eedd18cc3425fb,B,0,clean
0bebbbb7-13b6-5927-9e5b-1844db628c88,260a464d-98a3-50fa-8417-e943f89a63bd,0cbb86d7-ddd5-53dd-aaf6-75ca23909918,Eastern Semi-Arid,-1.605569,37.787602,-1.603619,37.788011,0.2212,2026-07-30T16:56:55.466764+00:00,2026-07-30T17:28:55.466764+00:00,1920.0,520fc7c26508a53a,INVALID,1,invalid_classification_tier
a73cf929-192b-5d30-b0a7-90f39a24a64b,914b9846-3ed1-5d28-bdb2-46b956b23281,d8c1926a-4560-5935-b3d5-29d32afe8775,Central Highlands,-0.151202,37.664541,-0.147853,37.664786,0.3727,2026-07-27T00:56:55.466764+00:00,2026-07-27T02:38:55.466764+00:00,6120.0,79f560451f9bbc5d,A,0,clean
f4d777d5-a9b8-5fec-9e76-f354a203d68e,190ec304-d3df-539a-9627-0cdb510cd000,140638c9-c4e5-5282-9198-97f33094fcf9,Eastern Semi-Arid,-1.320131,38.005085,-1.320628,37.999988,0.5684,2026-08-13T18:56:55.466764+00:00,2026-08-13T19:35:55.466764+00:00,2340.0,8a648d0625a18784,D,0,clean
4516ac32-913c-5830-8e63-88c363c86dc6,37c9d78d-5522-5188-9ddd-3972e7d00532,95481682-ebb4-52ff-93ef-d2b4c6643802,Rift Valley,1.13394,36.176807,1.131502,36.180661,0.5062,2026-08-14T09:56:55.466764+00:00,2026-08-14T11:22:55.466764+00:00,5160.0,44ed47e69919915f,C,0,clean
b38d2079-3c25-5bdb-8761-d2b321abdda3,7bdf9e70-c730-5b1d-982d-e912af193f47,db7e8a8c-ce1f-5060-bbf1-14a20acd197c,Rift Valley,-0.813002,36.19897,-0.812705,36.197992,0.1134,2026-07-01T06:56:55.466764+00:00,2026-07-01T08:28:55.466764+00:00,5520.0,11d13bcc19c43aa0,C,0,clean
774727e3-7484-567d-9e9c-6b9ce456de4d,4f6d997b-fef1-5d7f-9045-c4159e4f7791,a36e1072-1d22-55bd-8973-ca86ded209bc,Coastal Lowlands,-3.863375,39.313858,-3.86063,39.31235,0.3477,2026-08-09T19:56:55.466764+00:00,2026-08-09T20:04:55.466764+00:00,480.0,501a734c4d30b1de,B,0,clean
c4b819a4-4181-54c8-8e2f-fc01ee789680,aab8a7a7-1426-5446-ad09-a59ad40a0a14,8f385f0c-9eda-58d5-be04-5719da33bd82,Rift Valley,1.168257,36.409279,1.163557,36.407135,0.5734,2026-07-23T07:56:55.466764+00:00,2026-07-23T09:33:55.466764+00:00,5820.0,401a478a88277434,A,0,clean
789158ee-42c5-56be-b38d-4d60f8b8a430,6867d10a-4b76-57d2-b6ff-2cb3365a976c,ec1f3f47-7081-5467-b843-89e2f94e64f0,Central Highlands,-1.044508,37.032149,-2.544508,35.032149,277.5,2026-08-16T03:56:55.466764+00:00,2026-08-16T05:28:55.466764+00:00,5520.0,0ed0788e79f5161f,D,1,gps_geofence_breach
f99a308f-7010-5628-9457-7532ec9a1570,046b45af-ce47-5947-8ea3-8b672f4a88cb,3de37f74-16be-5890-ab7b-8239dee8ab42,Coastal Lowlands,-3.188098,39.672112,-3.188256,39.672187,0.0194,2026-07-20T15:56:55.466764+00:00,2026-07-20T16:51:55.466764+00:00,3300.0,a8eedcb85044464e,B,0,clean
ddc79449-c7b6-5261-8186-90c0eb1094f6,65c7b989-acb5-5702-bf29-6d0dd1f15557,3b3268b5-07d6-583c-af5f-fd44514b690d,Coastal Lowlands,-3.806484,40.377816,-3.801636,40.376266,0.565,2026-07-11T16:56:55.466764+00:00,2026-07-11T18:05:55.466764+00:00,4140.0,54e6690f5d90a12a,A,0,clean
fae3ef3d-671d-5e18-b6ee-3b3e433661a4,27a114f1-c20e-5cd1-9aea-71cac56cce39,70089432-a0a2-52b2-a353-399fc5e66a84,Central Highlands,-0.535714,37.123046,-0.530911,37.11851,0.7333,2026-07-08T17:56:55.466764+00:00,2026-07-08T18:32:55.466764+00:00,2160.0,5b3fb8ba60491d5b,B,0,clean
a18db5fe-bf86-5172-8936-87a8123bc444,79904d06-757b-5401-a144-fb46af391d8f,3f17eed4-2c28-5416-af5e-6a58f1b01f24,Coastal Lowlands,-2.610933,39.09049,-2.613769,39.088514,0.3836,2026-07-27T21:56:55.466764+00:00,2026-07-27T23:35:55.466764+00:00,5940.0,bd855451ce0336ab,A,0,clean
08711598-de68-5997-9c6d-0482c83e16c2,e29f1310-b948-51be-8a8f-167c2c0098c7,9c7778ce-1a93-5c6a-890a-9b76e964e597,Coastal Lowlands,-4.593528,39.268749,-4.589414,39.259182,1.156,2026-08-15T07:56:55.466764+00:00,2026-08-15T05:20:55.466764+00:00,-9360.0,12e581f6e0a5bc58,A,1,timestamp_monotonicity_violation
b58b328b-a887-56eb-8d29-1ec12e5265ba,a2c61ceb-d9ca-5cd5-924c-d41d18e30e2a,a364094b-0dc7-559f-a8a3-393be260ae34,Central Highlands,0.176193,37.655414,0.171859,37.654288,0.4971,2026-08-16T20:56:55.466764+00:00,2026-08-16T21:45:55.466764+00:00,2940.0,e71da1861ddb406e,C,0,clean
4a6afb15-4e0d-5302-a8e8-eb5095fd4f6a,9203fc15-6b57-5950-8724-fc20c1a5f4d8,7fb1de75-82c6-504d-a97c-8b76c169d754,Western Kenya,0.211187,34.782592,0.206612,34.784151,0.5365,2026-07-15T04:56:55.466764+00:00,2026-07-15T05:48:55.466764+00:00,3120.0,c04d7c8eefa3ec2a,A,0,clean
7f0d8977-4720-5775-839c-04683ad663cb,7c70e474-ca9b-5d07-89ea-b25e1e87ec08,844b4dd6-6f5b-5b12-abb1-f18a6b0a9cb7,Western Kenya,1.034844,34.903662,1.035779,34.900601,0.3553,2026-07-02T15:56:55.466764+00:00,2026-07-02T16:39:55.466764+00:00,2580.0,f0bb9fc86ad474ec,D,0,clean
6e258862-3e4c-5996-a1c6-019cc43bbc37,113142fc-4453-5cf3-a1a7-2bb9ee352802,9757b6e4-95d7-5b4e-8949-0ed42784f290,Central Highlands,-0.74488,37.645529,-0.743628,37.638286,0.8159,2026-07-21T04:56:55.466764+00:00,2026-07-21T06:16:55.466764+00:00,4800.0,0045c7e01bb56f71,A,0,clean
53b34bc1-f716-5ed6-b231-2d18ae5cf3c5,5ad3e779-6cb6-56f3-a04d-4120e90bb300,7471688e-cb6d-56cb-afa3-3e9bbf3bf99a,Coastal Lowlands,-3.462075,38.626696,-3.462088,38.624467,0.2474,2026-07-01T02:56:55.466764+00:00,2026-07-01T03:39:55.466764+00:00,2580.0,6f267e6e2e6a6965,B,0,clean
9b8a0226-145f-5f35-9911-9c4cabeed976,d43e8b3f-8df8-5daa-a03f-4bf5e1abf0dc,0db603dd-2aab-5095-a530-2fdf46e8dcb2,Western Kenya,0.836711,35.117351,0.840104,35.115058,0.4547,2026-08-12T08:56:55.466764+00:00,2026-08-12T09:39:55.466764+00:00,2580.0,8adadb2be7f70599,B,0,clean
bfb98a7c-2ff2-50ec-b38b-255d498a1781,ef710cd8-ce12-5c96-af54-d64afa0ac36b,47b9c4eb-b046-5375-ac49-198bbac76e20,Eastern Semi-Arid,-2.14972,37.626701,-0.64972,35.626701,277.5,2026-06-29T00:56:55.466764+00:00,2026-06-29T01:20:55.466764+00:00,1440.0,2698e4be4e7cdefb,C,1,gps_geofence_breach
6fe3f2a3-8d4e-5420-99c2-e59d390524a0,a74a60f6-3605-54f6-8a47-61304c758fe2,bc1b45e8-3cc4-5d07-b32c-44d63ad651b6,Eastern Semi-Arid,-0.104337,37.420544,-0.105646,37.422945,0.3036,2026-07-20T20:56:55.466764+00:00,2026-07-20T22:23:55.466764+00:00,5220.0,af20a8e9d675dec9,B,0,clean
9b8d438b-5297-517d-985b-4ff7a4237b94,c8c0023b-ed55-5c56-97b2-522faab525a4,9f05a59c-db5e-5afa-aa5e-2f863aa2341d,Western Kenya,-0.19174,34.380952,-0.189825,34.382142,0.2502,2026-07-05T12:56:55.466764+00:00,2026-07-05T14:39:55.466764+00:00,6180.0,981502d12ce290c2,A,0,clean
06ce6b0b-1ff0-59a8-932d-14867632d6c9,bf01ce6c-de7a-57ce-8776-3be0e22bb383,b7edcd50-0bd7-5b9c-a0e4-3e1f2be5a65c,Central Highlands,-0.18602,37.492994,-0.182618,37.489936,0.5077,2026-08-09T20:56:55.466764+00:00,2026-08-09T22:29:55.466764+00:00,5580.0,b44e0b596c7aa481,C,0,clean
87eb759c-604b-5b09-a85f-894d4db47b94,0b0da3b6-1d86-5656-975f-aa61588db531,51951e84-f675-5b2e-9d34-f67b189a619d,Coastal Lowlands,-4.405353,40.043973,-4.408471,40.047499,0.5225,2026-08-10T07:56:55.466764+00:00,2026-08-10T08:32:55.466764+00:00,2160.0,2829724173e3c65a,A,0,clean
a607c4b7-1830-581f-a9d1-eb3e47810381,610d6345-5daa-534f-8467-f9749b44fd05,bac50350-65e9-5ea0-881a-152819de634f,Eastern Semi-Arid,-2.217754,37.261712,-2.218208,37.263235,0.1764,2026-07-12T01:56:55.466764+00:00,2026-07-12T03:29:55.466764+00:00,5580.0,c1872800393a2492,B,0,clean
2c20e56a-15b3-50a1-9117-ed1444a7302d,b81cebc1-beae-58c8-9f69-7fc754024bea,3d7a65db-5338-545f-98e2-1c9469b64c48,Coastal Lowlands,-3.601433,39.598392,-3.603812,39.595137,0.4476,2026-07-16T08:56:55.466764+00:00,2026-07-16T10:09:55.466764+00:00,4380.0,f56f027f708e8754,B,0,clean
a2b8f155-12cd-5475-b4dc-5977b578fcb4,103e13b6-0087-5b13-9bc1-ec7a9c786429,f0d24f80-ff59-5df1-ace4-20e2523eb1ae,Central Highlands,-1.311548,37.572977,-1.312996,37.568978,0.472,2026-08-03T05:56:55.466764+00:00,2026-08-03T07:19:55.466764+00:00,4980.0,420ce052d188a9ce,A,0,clean
7383f053-f84e-58b1-aa54-320dc5b27bdd,2a6af7a3-5afb-52c8-bf60-2f289d3f27e8,1894c2fa-25c5-59f1-8bfc-881d8044c705,Rift Valley,-1.043391,36.386879,-1.044111,36.38636,0.0986,2026-07-02T07:56:55.466764+00:00,2026-07-02T09:15:55.466764+00:00,4740.0,4fed63257bedc823,B,0,clean
5ea27a18-1dc8-5b5a-bb50-5637d0ddb21f,9cb1c569-4029-5902-b372-bc9281afa10d,720adb47-d238-5b6e-bbf5-39c0f70bea97,Central Highlands,-1.26775,37.036962,-1.26449,37.044714,0.9335,2026-07-23T18:56:55.466764+00:00,2026-07-23T20:34:55.466764+00:00,5880.0,91f40683422ce001,B,0,clean
f37e1b24-ce7a-5117-b0b6-f111b4d73995,b0079560-175e-5d52-a29c-08f2cfabdf27,823bf789-483d-54ae-bab0-871a0204488f,Central Highlands,-1.397095,37.021331,-1.397865,37.021394,0.0858,2026-07-31T04:56:55.466764+00:00,2026-07-31T06:03:55.466764+00:00,4020.0,3511d65724c4a44e,B,0,clean
9757efbd-db5c-5103-99fa-5002dca1f7b0,9be44dba-8c36-59c7-994b-8860a15a9522,0c4fa962-656e-5c36-8230-65162a01698d,Eastern Semi-Arid,-2.423679,37.983332,-2.422634,37.98438,0.1642,2026-06-26T13:56:55.466764+00:00,2026-06-26T14:03:55.466764+00:00,420.0,2a3c3d0abdecc547,B,0,clean
d025b1b7-2667-5176-8568-4321ac1dc013,41002e5d-e8cc-5ba9-b92d-d5e76d5df037,8af18190-6a75-5bf7-aa39-17aef6061303,Eastern Semi-Arid,-1.638356,38.418025,-1.637464,38.419776,0.2182,2026-06-23T16:56:55.466764+00:00,2026-06-23T18:43:55.466764+00:00,6420.0,492594d0703dede4,D,0,clean
2c061813-955f-5853-97dc-0fd1fbce693e,67915f47-e553-551b-a3cb-d242912fbc31,0bab0f41-ca4a-5ad0-bf32-48066df6be6a,Rift Valley,0.720325,35.55289,0.725271,35.549524,0.6641,2026-07-08T09:56:55.466764+00:00,2026-07-08T11:41:55.466764+00:00,6300.0,358316d4119c7518,B,0,clean
f7c892cc-df58-548f-86e2-7be8552e0920,cce76dc4-b02a-5571-9de1-78768bd302d7,c86a9977-b853-5ebe-acb0-9d84aefff94a,Central Highlands,-0.315875,36.963238,-0.319379,36.960579,0.4883,2026-07-20T12:56:55.466764+00:00,2026-07-20T13:55:55.466764+00:00,3540.0,e4d8332852077d2f,A,0,clean
2872d510-dadc-5e59-9f75-ff3689a1d520,e46cbeb2-42c0-5c43-a64f-36034ccbbbf3,5fc2c3c6-e6f2-52c3-b7b2-3e9262533964,Coastal Lowlands,-2.817049,39.354217,-2.816554,39.351048,0.356,2026-06-26T09:56:55.466764+00:00,2026-06-26T10:44:55.466764+00:00,2880.0,1dd768923e87009b,B,0,clean
f37362fb-2265-553f-b423-365845ac3bc3,93a4b4f7-9a8c-5b46-a8be-ce0169aad086,61b3ba29-c971-56ae-bc38-1d6077552ea8,Central Highlands,-0.78145,37.508098,-0.780515,37.511055,0.3442,2026-07-28T04:56:55.466764+00:00,2026-07-28T05:02:55.466764+00:00,360.0,c9f73f5db92554cb,B,0,clean
72f4045d-e272-58cc-9557-bbd6d931ccfb,8022c451-b564-5bc9-96ef-6b9fc394c840,e53d11b6-9fd3-54f2-9198-4cbebdd3a4a8,Coastal Lowlands,-3.993825,38.871754,-3.991223,38.87342,0.343,2026-08-13T15:56:55.466764+00:00,2026-08-13T16:59:55.466764+00:00,3780.0,b2011e986ee3d959,B,0,clean
628ca50f-e086-5247-b1c0-c2763d04e760,1af5cfd4-563c-5b77-97ce-12c7c063ca86,21b918ec-fea5-5791-bddd-08f2bce5b45d,Central Highlands,-0.965832,36.947804,-0.963311,36.946402,0.3202,2026-07-31T12:56:55.466764+00:00,2026-07-31T13:05:55.466764+00:00,540.0,4ce851450f51811d,B,0,clean
1b8442f0-dc9f-55de-813f-7244cd3a702f,fa08b0d3-ae17-5e1d-a193-729cc113b9e6,11a1501d-ef84-5168-9e99-76b508058dbd,Eastern Semi-Arid,-1.016697,38.781867,-1.018613,38.774231,0.8738,2026-07-15T13:56:55.466764+00:00,2026-07-15T14:57:55.466764+00:00,3660.0,112d1ead75637ad5,A,0,clean
b34c5d05-a8cb-584a-9b71-7a3f35a901bd,ef18cc6c-8352-50d9-a17b-d0d56e10d27f,64811cfe-c53c-5391-a5b5-952324eb61e9,Coastal Lowlands,-4.051427,39.241378,-4.057546,39.246789,0.9067,2026-08-11T16:56:55.466764+00:00,2026-08-11T18:43:55.466764+00:00,6420.0,d9c79e49d8b1bf62,E,1,invalid_classification_tier
e62f943f-3a40-5ec0-af26-e09f111a04d6,3d90c7f0-6817-5fac-8dbc-71b169c1d8e9,ecc2e9a8-1f50-54f5-885c-09fe6a19ace4,Western Kenya,-0.060251,34.485469,-0.056899,34.487386,0.4286,2026-08-16T19:56:55.466764+00:00,2026-08-16T20:28:55.466764+00:00,1920.0,583dff1dbb11499d,D,0,clean
b9c23f7a-0e73-5d66-9bf2-e22f0cab3b7f,a9917025-cea4-507c-b165-60d7e5932066,0667c98b-c01b-5d9d-bc95-3703faeaf891,Central Highlands,-0.254907,37.708764,-0.251664,37.708548,0.3608,2026-07-10T01:56:55.466764+00:00,2026-07-10T02:19:55.466764+00:00,1380.0,1eb3429636444323,B,0,clean
945f26c9-d554-57d3-a1ea-cb310e33a487,828af889-cf94-511f-91aa-eb62dfb81263,63735fe0-280b-562e-b76b-42a3e57cad85,Central Highlands,-1.053183,37.703352,-1.055309,37.706201,0.3946,2026-08-16T11:56:55.466764+00:00,2026-08-16T12:49:55.466764+00:00,3180.0,34c13a0dc7655073,A,0,clean
d478efc7-b746-586f-be58-bfc856978e05,5841ab10-c02b-5202-97b2-26c0328ad879,5bc37249-306d-578e-b528-c764e77fb90f,Rift Valley,0.057148,35.148679,0.056346,35.150612,0.2322,2026-07-20T17:56:55.466764+00:00,2026-07-20T18:01:55.466764+00:00,300.0,d4c9aa8c2a591b9f,A,0,clean
999c23d1-8594-5343-8cdf-76cc1cd195b2,8b3edec7-0896-52b7-ac4c-caa378c3aef9,a0edac43-e52a-5723-8b9b-832a031fbeea,Western Kenya,0.124353,34.711809,0.123644,34.714668,0.3269,2026-07-19T16:56:55.466764+00:00,2026-07-19T17:07:55.466764+00:00,660.0,8ec62321207b91a0,C,0,clean
999ede46-7aa0-54ac-b1c8-7e19de3f33ee,13d9f88e-63a2-5da7-8832-d6d2a754d652,cfdde529-725f-5624-9ee0-8566501b30ab,Eastern Semi-Arid,-1.081601,37.263747,-1.076496,37.265604,0.6031,2026-07-03T14:56:55.466764+00:00,2026-07-03T16:46:55.466764+00:00,6600.0,62f0a34622809035,C,0,clean
5f2d45cc-5ca3-564b-8df8-4deca6d732d9,8143cc25-218d-5268-a610-206f4082f2ef,43ea3aea-f673-5511-890c-80cc896de8ea,Western Kenya,0.538854,34.105906,0.538646,34.109028,0.3473,2026-07-27T16:56:55.466764+00:00,2026-07-27T17:34:55.466764+00:00,2280.0,b6d5bc6bbd1d28ea,A,0,clean
f015b76d-b897-5556-98d6-362434786409,59f02c03-4ec8-5781-a4db-20b6c4263621,d7bda7d2-12d1-5aed-9a6b-defe1dc9109f,Rift Valley,-0.160488,36.142946,-0.158172,36.139663,0.446,2026-07-22T08:56:55.466764+00:00,2026-07-22T07:04:55.466764+00:00,-6720.0,438c30c7084c47c5,C,1,timestamp_monotonicity_violation
a3f9e63d-8903-5cf7-b02e-b021d7012319,5b2dd52e-d4a8-5a57-8e7a-587b9fe27f41,37cabefd-6208-5cbc-8402-cff6689d42b1,Western Kenya,0.938117,34.439438,0.934189,34.442036,0.5228,2026-06-29T17:56:55.466764+00:00,2026-06-29T19:36:55.466764+00:00,6000.0,ef8527ba5326ade7,A,0,clean
a6444c4f-f098-529a-a4b1-cc46c079fe51,d9547e4a-8772-52ad-864c-a76ea913f1bb,9b3de8dd-cf11-5c89-bc68-b769f9c569a5,Coastal Lowlands,-2.642048,39.366136,-2.647912,39.365782,0.6521,2026-08-03T03:56:55.466764+00:00,2026-08-03T05:40:55.466764+00:00,6240.0,3d3efa58b3a8ce10,A,0,clean
166bcce5-958c-5634-9fdf-81a848494913,908c9197-e12d-5d31-a853-8ba7e593c5bf,9a5b4356-7fe8-5381-aa32-d6ee028f16cb,Eastern Semi-Arid,-1.543105,38.457718,-1.541072,38.45992,0.3326,2026-07-13T19:56:55.466764+00:00,2026-07-13T20:05:55.466764+00:00,540.0,2adc1d348f55afd0,C,0,clean
9c38e840-3586-525c-a288-97826d851d0e,e94aa09f-b1ff-532c-82d9-cc726868809e,7773c976-5b86-5d22-97f5-3dc18f781b3a,Eastern Semi-Arid,-1.420353,38.068184,-1.414076,38.065078,0.7774,2026-06-25T13:56:55.466764+00:00,2026-06-25T15:31:55.466764+00:00,5700.0,934ec430ba821487,C,0,clean
6a840c8f-c66f-5c39-8bfd-91d04ac7872e,795e12f5-d263-5d26-a59f-cbb735de4fb2,2649dbfa-b263-5a05-88d2-8d205c530d17,Rift Valley,-1.136113,35.558517,-1.139716,35.559875,0.4275,2026-08-05T01:56:55.466764+00:00,2026-08-05T02:31:55.466764+00:00,2100.0,73c04e4fcf270e66,B,0,clean
d6e10f48-70c3-5536-bd73-09ebb7546630,5dd56f8c-26a8-5c53-b26e-5a5e595fcab9,ddd95349-8077-5a77-bd45-ba4d6fc52bfe,Western Kenya,0.176411,34.700738,0.17731,34.701179,0.1111,2026-08-10T11:56:55.466764+00:00,2026-08-10T12:35:55.466764+00:00,2340.0,45de6bcb8ba2b269,B,0,clean
01d37b7b-9697-55e1-8188-922927ee33eb,cd3eee54-6820-5f60-ad32-e68c6ab26c34,fc172af0-92ce-5c16-a3d5-de67f1d412b7,Western Kenya,0.623543,35.09932,0.623554,35.09309,0.6915,2026-06-26T19:56:55.466764+00:00,2026-06-26T21:48:55.466764+00:00,6720.0,193cae5b96a99135,B,0,clean
ec6d3c46-c7a0-539f-b863-7a4901cc0734,78b55fa5-0e51-5c99-ab59-2aae017b07ac,87a336ee-c8a3-5e6c-af0a-467f62cc4408,Eastern Semi-Arid,-0.470343,38.75654,-0.470028,38.760681,0.461,2026-06-25T20:56:55.466764+00:00,2026-06-25T21:30:55.466764+00:00,2040.0,1cfe1bad3cf950ca,A,0,clean
dbea59a9-704b-5cf9-b08a-f85dde0dffbe,9933cfab-7b3c-5961-8a27-b57d0e2f9353,1583c52c-7f9d-5ac7-849b-4626055494c6,Rift Valley,-0.332858,36.286723,-0.329814,36.287809,0.3587,2026-07-23T14:56:55.466764+00:00,2026-07-23T16:04:55.466764+00:00,4080.0,a88c3dfa82371c42,A,0,clean
f416f10f-2e0d-5859-9c8a-2505aea6bf35,156717f1-a555-58e8-8127-7d98bf10b1d8,853fdd6f-30ab-5e34-b39d-dc05ad99190f,Rift Valley,-0.825189,35.27589,-0.823525,35.271098,0.5631,2026-08-10T03:56:55.466764+00:00,2026-08-10T04:20:55.466764+00:00,1440.0,8ea0e1dd455f883f,D,0,clean
e5cc24d7-1965-5b4a-b6ef-75bf8f690c20,2826582e-61ef-5edf-ac58-d4bd7d4d8356,803ad5b6-6214-5c07-94dd-ab24790049cc,Central Highlands,0.223446,37.675323,0.222024,37.672532,0.3478,2026-07-09T11:56:55.466764+00:00,2026-07-09T12:34:55.466764+00:00,2280.0,06be5feb3702ab83,B,0,clean
d4012d49-85ab-5407-981c-0005776e101b,660e5717-1ca3-5eca-afdd-df3c3a703db8,7e608219-3ce4-559d-ac9f-56af6118ae0e,Central Highlands,-0.017622,37.006814,-0.023507,37.004622,0.6971,2026-07-31T15:56:55.466764+00:00,2026-07-31T17:04:55.466764+00:00,4080.0,c41f81e0b32857f8,A,0,clean
a8e37f43-8f63-50db-985a-cd97acb9218b,4dc7f551-a6a2-51ea-aa65-b6166d9aab22,88a6ec55-3636-53d3-9d47-db0e25248842,Coastal Lowlands,-2.98067,38.511349,-2.979746,38.508351,0.3482,2026-07-03T11:56:55.466764+00:00,2026-07-03T10:02:55.466764+00:00,-6840.0,e65e81299f36be82,C,1,timestamp_monotonicity_violation
6fe793ea-0827-5c5b-9ee7-748322aa00a8,c06ca0fb-7da4-5b04-86a0-3bea777eb067,33fac84f-4e59-55bc-880a-b4b3e4f6bf99,Western Kenya,0.762377,34.66097,-0.737623,32.66097,277.5,2026-07-05T10:56:55.466764+00:00,2026-07-05T12:32:55.466764+00:00,5760.0,38a7679d185f4b97,B,1,gps_geofence_breach
4dbd2d6c-8503-5f57-be43-7bf22374faff,26077139-3bd7-5ae8-aa30-6fb3cefbe63f,808ea3de-d98b-5b16-a08f-edee089ec49e,Central Highlands,-0.024925,37.43313,-0.021107,37.432991,0.4241,2026-07-20T06:56:55.466764+00:00,2026-07-20T08:26:55.466764+00:00,5400.0,d30121e31e7fa3e7,C,0,clean
5508a0d1-a415-58ee-b70c-7a9a255ec69c,b72265b6-2922-582b-948c-0151211ccd8f,ede91749-8b0a-50c2-a403-f42e87f96fec,Central Highlands,-1.224754,37.695322,-1.229534,37.699642,0.7152,2026-08-16T16:56:55.466764+00:00,2026-08-16T18:42:55.466764+00:00,6360.0,32f852c14c7dcde2,C,0,clean
d89e7a75-a88a-58af-a28f-4fa60a8fb8a1,45592ffd-a68d-5d9d-814f-107e16a07744,4c3cb467-2b01-588d-b2cc-8130772c7b39,Central Highlands,-0.730502,37.043133,-0.731317,37.046172,0.3492,2026-08-07T05:56:55.466764+00:00,2026-08-07T07:41:55.466764+00:00,6300.0,60c9e179697f589c,D,0,clean
48930762-f45b-57f2-8cbf-72556ae41ef5,2bcb0a6a-6af7-56dc-b5e5-2f4e8222db5b,2659476b-967e-5a10-8f7a-17394979ffd5,Coastal Lowlands,-3.710478,39.946186,-3.713481,39.94611,0.3335,2026-08-14T06:56:55.466764+00:00,2026-08-14T07:35:55.466764+00:00,2340.0,f95af7d8e79d2b2c,B,0,clean
6c03d411-55d8-53cf-b3bd-25ad36a574c8,bd8aea91-59b4-5528-96e6-4f2fce914018,26d08bc9-3308-54e4-8ffb-443aa733f37c,Coastal Lowlands,-3.848491,38.712475,-3.849241,38.713173,0.1138,2026-07-10T06:56:55.466764+00:00,2026-07-10T07:13:55.466764+00:00,1020.0,1f06440be824c13c,C,0,clean
ed82dbe7-c2f6-5c05-b311-f6a2024a2192,e14f0729-27d1-5149-9bf2-c848fa38dc48,69debbed-73c3-5924-9553-9755a7f97382,Eastern Semi-Arid,-1.467378,37.590177,-1.467204,37.590455,0.0363,2026-07-18T01:56:55.466764+00:00,2026-07-18T02:56:55.466764+00:00,3600.0,7b2ee40d30037ee7,B,0,clean
53da1c38-c7bb-5656-9050-75f41bb07e14,5936f36a-e514-57db-88cf-8d92de55a8dc,c7967544-4a7b-5993-8cee-8d365e412840,Western Kenya,1.18855,34.448168,1.191958,34.4494,0.4022,2026-07-05T03:56:55.466764+00:00,2026-07-05T04:41:55.466764+00:00,2700.0,256dd772354319e9,C,0,clean
8380358b-5f50-59b6-bd87-bf0d74ddcaf5,2a078618-e78b-53f3-916c-1eace3a6e3cd,e362e9d5-a95a-57cc-9097-f1dc374d8874,Central Highlands,-0.603173,37.706344,-0.603195,37.709447,0.3444,2026-08-17T05:56:55.466764+00:00,2026-08-17T06:29:55.466764+00:00,1980.0,a51d17de3c88c7c4,B,0,clean
2456a2bf-cb4a-51c7-8aa8-ac731ecab713,a5b4b0bd-ecca-5ffe-91fd-2819decd5ef7,b00f83d1-b9eb-52ec-b709-0fb937859127,Western Kenya,0.54176,34.577055,0.542033,34.579237,0.2441,2026-07-23T19:56:55.466764+00:00,2026-07-23T21:24:55.466764+00:00,5280.0,23b4463186523acd,A,0,clean
717ea2b7-d977-5c13-a34c-c59d6e19443c,38297bd3-debf-5fe1-8059-04cad9a0c14c,0f5ce9e8-a75c-55a6-bde9-4a3a551c8e09,Coastal Lowlands,-3.98584,38.741575,-3.978547,38.744491,0.8719,2026-06-23T00:56:55.466764+00:00,2026-06-23T02:48:55.466764+00:00,6720.0,df9e4bf9bfeb4f84,B,0,clean
4f8fd684-490b-5c28-b705-0c219c00f25c,f1cc6356-734c-535c-9cd8-b733c0973172,4c1565b6-6199-54db-a894-c4abf0997132,Central Highlands,-0.646711,37.481582,-0.647242,37.482686,0.136,2026-07-04T04:56:55.466764+00:00,2026-07-04T04:00:55.466764+00:00,-3360.0,7a6b56222fd6bab1,D,1,timestamp_monotonicity_violation
7180ed6b-06b0-5840-b4bc-dad519b26ac4,1d7bd5b6-f2f8-53f2-8b68-91e74f01dbb9,70ae28cf-c522-5728-913f-371e129b5675,Western Kenya,0.671653,35.008763,0.67109,35.00877,0.0625,2026-06-25T21:56:55.466764+00:00,2026-06-25T23:54:55.466764+00:00,7080.0,46e93c9a3837e98f,C,0,clean
516b3ed1-ca93-5e17-b40a-1f700fcc99b8,8c7912ea-fab2-5216-8f1c-ce448651966c,ab770a9a-85d9-51bc-96e3-2fa539a62224,Western Kenya,1.089048,34.863431,1.08888,34.864973,0.1721,2026-07-04T10:56:55.466764+00:00,2026-07-04T12:53:55.466764+00:00,7020.0,84ac352427c62e1d,C,0,clean
6a7a18bd-3f0d-5098-808e-2be2a908c375,dcb44e12-9e9c-5ac9-9310-6031fc01cbb8,552fdd5d-91da-5cbd-8678-712fbaa7920d,Eastern Semi-Arid,-0.043565,37.817888,-0.043392,37.817122,0.0871,2026-08-11T04:56:55.466764+00:00,2026-08-11T05:21:55.466764+00:00,1500.0,90f9ebf7f6e0e384,B,0,clean
f699c782-d2d4-5c29-8d26-bde7b7cd0f91,2316bb42-e7f6-5cec-bac4-142b048fd1b0,cc3180cb-1fd6-5e63-95d4-363aacd26a24,Western Kenya,0.761071,34.000413,0.756692,34.000617,0.4865,2026-06-24T06:56:55.466764+00:00,2026-06-24T07:02:55.466764+00:00,360.0,4208e2a3e0d2684d,C,0,clean
c35b6d48-32c7-5f19-8bae-2e1d112172f4,57dcac5f-5913-5735-81ea-46a88d5757ec,548ca0d0-350a-5b96-9ff7-d2dc21990732,Eastern Semi-Arid,-1.696613,37.992311,-1.700439,37.987867,0.6509,2026-07-09T08:56:55.466764+00:00,2026-07-09T10:31:55.466764+00:00,5700.0,eaa1e0e4020970f5,A,1,duplicate_image_hash
e678a916-9588-5525-9183-e391a62f8d6b,19f11051-f13d-58ae-97b8-48df4de0c800,27db2805-6979-5ab7-826d-e157e9da6a6e,Rift Valley,-0.665226,36.150213,-0.668662,36.151627,0.4123,2026-07-28T21:56:55.466764+00:00,2026-07-28T22:39:55.466764+00:00,2580.0,a2c8c6d282577516,A,0,clean
fdf1ddb4-0ca5-59d6-a5ec-1c2c8a0a1f58,daf78470-0ad5-51df-ab53-c0b5939b04f4,e20b7bca-0a3d-5387-a7ce-7cf0d74ed8d2,Coastal Lowlands,-3.281156,40.402769,-3.28405,40.397222,0.6945,2026-06-26T14:56:55.466764+00:00,2026-06-26T16:03:55.466764+00:00,4020.0,29782977a861cff2,B,0,clean
2e092e86-eeba-5904-85fb-43484d88066e,f6cbbb92-351b-51ab-a6c7-7273aee348b4,c42995b4-cb01-50c1-ad3b-950d6426783c,Eastern Semi-Arid,-1.830778,37.234666,-1.828472,37.232639,0.3409,2026-07-13T18:56:55.466764+00:00,2026-07-13T19:08:55.466764+00:00,720.0,c3800f67a44fe699,C,0,clean
a38fba2c-2e49-5d5e-8fe9-1bf59667cd7d,c877a1c5-0176-5907-84ed-64c86c4b1b16,b2d91f7a-c195-558c-8d79-a69f3a0d1dae,Eastern Semi-Arid,-2.191338,38.728325,-2.187322,38.731403,0.5617,2026-07-11T23:56:55.466764+00:00,2026-07-12T01:50:55.466764+00:00,6840.0,fcff8f8fd431778d,C,0,clean
cc27ac48-0b2a-588b-9dfe-e53c04799184,d424ae98-6e6f-5e23-98f1-4ccebad76629,70e06dfa-5e20-5eb9-b5cd-d53dabc452b8,Coastal Lowlands,-3.947825,38.649054,-3.94712,38.64761,0.1784,2026-08-01T11:56:55.466764+00:00,2026-08-01T13:53:55.466764+00:00,7020.0,285e07301c201d10,A,0,clean
7350e244-ec1c-5355-ace4-30ee30de72ca,74e2a5f2-a85e-5b77-9113-5956dfe1b57c,a96b05fc-0ab1-58f0-97b4-4e15042265e0,Central Highlands,-0.400608,37.676967,-0.4015,37.67733,0.1068,2026-08-17T05:56:55.466764+00:00,2026-08-17T06:25:55.466764+00:00,1740.0,c3474dcb5a086093,C,0,clean
4f413ade-1bb8-54ba-9cab-4f793a088658,44bf3276-9370-5521-bc29-3922f5cb7bfd,35b5a623-6070-5d84-bb3f-abfad2288e35,Eastern Semi-Arid,-0.688053,37.703039,-0.686965,37.696559,0.7294,2026-08-14T02:56:55.466764+00:00,2026-08-14T04:31:55.466764+00:00,5700.0,7909898bbebbf5c0,B,0,clean
56ebe372-81d1-5229-ae7c-e12cfd88ce8e,1bc8b36a-2bd7-53f3-9b1c-5f6d57c5a4d2,046af8e5-fb7a-5d8d-8032-a316ef9e8054,Rift Valley,0.652053,35.820513,0.652751,35.827696,0.8011,2026-07-23T03:56:55.466764+00:00,2026-07-23T04:55:55.466764+00:00,3540.0,faa8b92748b2ea9e,C,0,clean
62ddd032-b26c-50ff-acbc-08b472bc3e6e,8ab5b645-4ba3-595d-bfaa-54adcfdc456e,8246cbfd-9352-5c22-9ac7-e0d0f64d847e,Central Highlands,-0.78113,37.446096,-0.785781,37.447904,0.5539,2026-08-02T02:56:55.466764+00:00,2026-08-02T03:14:55.466764+00:00,1080.0,99e9d1c768c6b88e,Z,1,invalid_classification_tier
7d072c34-6e5c-5c98-9768-6fafd3d8af49,ffc377ee-588c-5fea-a252-c4df8a7a2236,96eb7acc-e2d0-5d90-a684-62d69928db1a,Central Highlands,-0.261227,37.067081,-0.259241,37.071397,0.5273,2026-07-25T17:56:55.466764+00:00,2026-07-25T19:31:55.466764+00:00,5700.0,7d65c7ed31ee0db7,D,0,clean
561e9e7a-f6f1-5af3-851f-d27c58d11201,083d48a6-aad2-57dc-8a07-4ee48f057a19,b570d393-f74d-50f1-93b4-6a4a37e564c4,Western Kenya,0.045553,34.422483,0.045525,34.419748,0.3036,2026-07-05T21:56:55.466764+00:00,2026-07-05T23:50:55.466764+00:00,6840.0,ede7b29b115d7916,A,0,clean
a3b74b69-2e03-503f-9dad-b00e62330ca8,c9f87e33-13a9-5756-a433-1d4686d10497,f573f9fa-7ed7-57ac-bbfd-24618ebc3551,Eastern Semi-Arid,-1.285947,37.75587,-1.287281,37.757717,0.2529,2026-07-05T21:56:55.466764+00:00,2026-07-05T22:34:55.466764+00:00,2280.0,373b49b23f3ba0db,INVALID,1,invalid_classification_tier
d7745971-ad07-57b5-a3d8-4ffb3c84cf04,8dc121f5-558e-5b1e-acfa-7e79d666b65b,45f35cdc-ac39-5ebb-b282-b4801183d0fc,Central Highlands,-0.714318,37.153404,-0.714869,37.151901,0.1776,2026-06-27T23:56:55.466764+00:00,2026-06-28T01:32:55.466764+00:00,5760.0,366d4f46784f0c4c,B,0,clean
dbb33692-05b5-5f27-a34b-012cb6cdfcd0,7c4bca4b-a836-5d2f-8603-6bb29504c0ff,931f48d6-6a7a-5416-841e-24a5bc731899,Western Kenya,0.489261,34.383932,0.49101,34.380302,0.4472,2026-07-23T23:56:55.466764+00:00,2026-07-24T00:21:55.466764+00:00,1500.0,cbf0c126a9503118,C,0,clean
c1599623-3c80-5fe2-8a01-89f45fe1f266,e970d55d-5211-5f32-9486-ee3ce3ea68b4,3faed9f5-26f1-5831-b6a4-f77ee4589332,Central Highlands,0.298931,36.879488,0.302498,36.880295,0.4059,2026-07-13T11:56:55.466764+00:00,2026-07-13T12:47:55.466764+00:00,3060.0,f4d666b6f3ff0c7b,B,0,clean
2841647a-5306-54ba-b1be-a81979b6d70c,4577ad7f-50bd-5220-b5f2-833dea3a5b96,8e0ba323-d928-5232-ad87-c7ef72ed12fb,Coastal Lowlands,-3.125922,38.545277,-3.12691,38.546561,0.1798,2026-08-18T20:56:55.466764+00:00,2026-08-18T22:12:55.466764+00:00,4560.0,b78870f0689b1f43,D,0,clean
f0ffe16d-8eb2-5683-91c7-1f721f41ecce,c93da6ac-8fe6-5252-8be1-0d769847aa31,95e53ed5-481d-5cd9-a319-69a1e928c1e6,Rift Valley,1.133908,35.420241,-0.366092,33.420241,277.5,2026-06-22T04:56:55.466764+00:00,2026-06-22T06:37:55.466764+00:00,6060.0,67e37fae034371a4,B,1,gps_geofence_breach
b0af532d-d001-54e3-9715-0782f593622c,ac68e4cb-7999-5edf-ae7e-1dce8e272f78,fde8e2e3-f978-5ca2-90e1-57921ddf1f7e,Coastal Lowlands,-3.470323,40.144975,-3.469211,40.149612,0.5293,2026-08-18T18:56:55.466764+00:00,2026-08-18T20:42:55.466764+00:00,6360.0,f902cbd29c682e37,D,1,duplicate_image_hash
7de6537c-ed0b-5a09-b237-a29707b28515,64865056-8161-581f-b3eb-9995d1f6ae35,d16174e5-6b20-593b-bfec-44c2387590d7,Eastern Semi-Arid,-0.78192,37.276725,-0.782051,37.27508,0.1831,2026-06-27T03:56:55.466764+00:00,2026-06-27T05:01:55.466764+00:00,3900.0,3460c2c20c823403,C,0,clean
2119bb8a-d594-5c58-8e51-51698cb5ab14,76d293d2-e719-572d-bc1d-c51aec37d172,2d77858a-8dcd-543a-ac32-8c67ccd806b9,Rift Valley,-0.704379,36.07516,-0.702307,36.077282,0.3292,2026-06-27T02:56:55.466764+00:00,2026-06-27T04:05:55.466764+00:00,4140.0,f5664cc07de4b9ae,A,0,clean
0d22c3c3-2281-5723-80bd-c2279828b86e,27289081-65aa-58bd-93d7-ff62c2a3d61f,e942c15e-ef26-5ac7-a038-0cee4a089fcc,Coastal Lowlands,-2.295098,40.385184,-2.296306,40.383263,0.2519,2026-07-26T05:56:55.466764+00:00,2026-07-26T06:48:55.466764+00:00,3120.0,18951f7a8735f03a,A,0,clean
df6d4b11-cdc0-5443-bd84-5c81f36965be,e501b756-b197-5738-a984-b079a6a71001,d6aa6f62-cfb2-56d6-be37-be8aa5ef9c90,Coastal Lowlands,-4.361315,40.244649,-5.861315,38.244649,277.5,2026-07-04T13:56:55.466764+00:00,2026-07-04T14:15:55.466764+00:00,1140.0,1c98dedef4abe376,B,1,gps_geofence_breach
9540569d-9e19-5c10-bccb-d9ede2a5bec6,9a9052f6-7696-5476-bda3-cf2e76f22d30,27e36994-f83f-5829-b8ae-17b25ec9a747,Coastal Lowlands,-2.232571,38.797322,-2.230598,38.797474,0.2196,2026-07-30T15:56:55.466764+00:00,2026-07-30T17:36:55.466764+00:00,6000.0,3ad50599e67ff5e5,C,0,clean
28b3b717-411c-5d1a-b3a9-bc556a007329,3755bf00-affc-55c7-ae0a-50b4f7f952a4,70f78c30-ecf5-582a-8ca9-9bc3abb92d76,Central Highlands,-0.39061,37.076711,-0.389972,37.074517,0.2536,2026-07-02T08:56:55.466764+00:00,2026-07-02T09:38:55.466764+00:00,2520.0,2de1b2a25adae058,C,0,clean
af21b8fd-9f3e-5a51-b1f7-faa9ccaf353e,ea560b8d-6c5f-540c-a0c5-6f6f31f2e764,e0fd6565-341b-5faf-862f-c8708408eeec,Western Kenya,0.403706,35.059444,0.404075,35.065889,0.7166,2026-07-10T05:56:55.466764+00:00,2026-07-10T07:55:55.466764+00:00,7140.0,533216d189289c76,B,0,clean
79f68664-f8ad-5cd6-8d3c-0f9c8e847b77,0a81648c-6524-5f26-a1cb-43deeb4ebf91,0bdfc630-8b60-5edd-b256-5b00feb13144,Rift Valley,0.81759,36.113303,0.814493,36.117999,0.6244,2026-07-17T20:56:55.466764+00:00,2026-07-17T22:38:55.466764+00:00,6120.0,71bccc633802bc8b,B,0,clean
d7a011e1-b479-55bf-a53d-a9a41b35560c,06da65d6-4834-5859-b400-d1206b846f72,785b4c0f-e5df-5789-89da-26fe6dda2bc2,Rift Valley,1.17031,35.213982,1.16161,35.21396,0.9657,2026-07-29T18:56:55.466764+00:00,2026-07-29T20:46:55.466764+00:00,6600.0,93ab792aee74b396,B,0,clean
a673b5a1-c12d-5a62-8cb6-cc57d262f215,22199b9f-afbe-5346-ad58-a56c585010a0,772eb3aa-afce-565d-8191-48767df1365b,Western Kenya,0.939095,34.23135,0.93436,34.226691,0.7373,2026-07-16T03:56:55.466764+00:00,2026-07-16T05:00:55.466764+00:00,3840.0,b4e6a4a2c582728d,A,0,clean
952a2d24-f974-5c84-a097-9234801d133c,270c72a0-6979-5330-ac85-1e2d0da20250,3116b465-a722-5915-916f-c658fbefe066,Western Kenya,0.367637,34.549734,0.368865,34.549135,0.1517,2026-06-22T20:56:55.466764+00:00,2026-06-22T22:09:55.466764+00:00,4380.0,6a254d9c3511f2d1,B,1,duplicate_image_hash
0bfbd6b8-66d6-58ff-a76d-ae98d7177580,1a4e94cb-8fec-52e0-be6f-8a046ab7a910,5ed3fc90-e0f5-5f94-9066-84ac5ce9de09,Coastal Lowlands,-2.522043,39.089844,-2.519942,39.092115,0.3434,2026-07-02T18:56:55.466764+00:00,2026-07-02T20:17:55.466764+00:00,4860.0,4e9f8c48eca9da66,B,0,clean
272dd1dd-e19b-5dea-9226-cbde7f0c929e,27ca6af9-a345-50cc-babe-b4b9170da3c3,10defaf7-c342-5033-8329-e8ee36fa922d,Rift Valley,0.776335,35.303074,0.774395,35.302788,0.2177,2026-07-31T12:56:55.466764+00:00,2026-07-31T08:41:55.466764+00:00,-15300.0,d3def0ec2fa020f0,A,1,timestamp_monotonicity_violation
de9d75a7-2c34-5f8e-ad5d-8a3784f77220,f208dcaf-2888-582d-b62a-989bda42efe2,a7cd92e1-bfad-55eb-98b3-06195194a2db,Coastal Lowlands,-2.345256,38.767781,-2.34689,38.767083,0.1973,2026-07-31T08:56:55.466764+00:00,2026-07-31T09:55:55.466764+00:00,3540.0,e565cdecc29beb84,C,0,clean
b73a5a32-6796-5cb5-af29-c3aaf2adada9,56f97752-2c34-5d2e-b5f5-48c76307fdca,79f26a26-a851-5a9b-8814-b1c8c899833b,Central Highlands,0.090226,36.822419,0.09217,36.822264,0.2164,2026-08-02T09:56:55.466764+00:00,2026-08-02T11:43:55.466764+00:00,6420.0,0369b94a5b9d28d6,A,0,clean
65beceb0-ae6f-5e0c-92fd-899ed0377b46,47891609-6092-5b97-beb2-40601f207614,4a4e2044-cb89-5192-80a2-60b50b9ee098,Eastern Semi-Arid,-0.220247,38.298066,1.279753,36.298066,277.5,2026-08-02T16:56:55.466764+00:00,2026-08-02T18:12:55.466764+00:00,4560.0,ad93106e5cf609a4,B,1,gps_geofence_breach
f787dcfe-1eb5-55b8-867a-3cd110913361,91b83431-b454-5b99-83f0-e1bc16b797dc,7efc102f-ef4b-5fed-91cc-801e75d305d0,Central Highlands,-0.157445,37.257126,-0.15411,37.251086,0.7659,2026-07-07T12:56:55.466764+00:00,2026-07-07T13:34:55.466764+00:00,2280.0,3d711973cbbd5067,A,0,clean
8bf81dbd-9be7-50ec-b0e1-c27bccc824bd,9e32f5be-0ebf-5712-9024-520fa18a1c4c,950ef01a-c848-58c1-80c9-413cdf8a559c,Eastern Semi-Arid,-0.602778,37.410886,-0.60105,37.411547,0.2054,2026-07-12T09:56:55.466764+00:00,2026-07-12T10:58:55.466764+00:00,3720.0,c488f156363a4c5d,C,0,clean
cdee4be9-18ae-5962-a821-3627fae91e1c,28626c1c-c113-5ef9-a3b9-c71d9271293b,c9cc0ac5-d3e8-57a6-a121-bcd365ff7a37,Rift Valley,-0.339596,35.990499,-0.33888,35.993904,0.3862,2026-07-02T19:56:55.466764+00:00,2026-07-02T20:58:55.466764+00:00,3720.0,0a35ffef5fc1efa9,B,0,clean
3208df44-0adc-5506-83e3-9866c51be951,2401c73c-d3cb-51d8-b352-87d91ec5ef8d,68e1d28b-aa4e-5bac-9ec8-4a6f0ee74efa,Coastal Lowlands,-2.235727,39.28767,-2.235492,39.291331,0.4073,2026-06-22T14:56:55.466764+00:00,2026-06-22T16:06:55.466764+00:00,4200.0,5a54eb856b905ff9,B,0,clean
37ec0c81-f622-5e50-bcbb-27eef928946d,47a5e4ce-4929-50e6-95e9-4f3e59a1d573,506e961b-c8b5-5175-9543-17d51f6d8bed,Western Kenya,0.913528,35.014767,0.910522,35.017564,0.4558,2026-08-16T15:56:55.466764+00:00,2026-08-16T16:25:55.466764+00:00,1740.0,8fb929245632753e,A,0,clean
d3554052-03d0-58b8-b6a5-f3151b104837,76e8e073-0306-5b3d-8285-c575617550ca,ba68c7c7-0e46-557d-965c-ab42adb34b4a,Coastal Lowlands,-3.349459,40.492307,-3.343639,40.492614,0.6469,2026-06-30T05:56:55.466764+00:00,2026-06-30T06:32:55.466764+00:00,2160.0,b109104978e96384,C,0,clean
36d7a1dd-9c20-5ba8-9809-4c91874c9176,d0d46a99-2bc6-53d0-9361-359b27dd8d7f,52e6b138-d6f7-528a-8fa3-b84da2cd0cc9,Rift Valley,0.791197,35.382642,0.797209,35.381711,0.6753,2026-07-28T00:56:55.466764+00:00,2026-07-28T01:25:55.466764+00:00,1740.0,fb9c79926990c7fa,A,0,clean
66f527fa-1aee-580d-88f8-61f52e4eb4f2,3261a00d-a0e3-5b46-b128-d96eed45b89d,87c33ae9-e9ee-57fd-9129-147484c79e1f,Eastern Semi-Arid,-1.750517,37.321141,-1.752409,37.323653,0.349,2026-07-23T04:56:55.466764+00:00,2026-07-23T05:43:55.466764+00:00,2820.0,3a4080a663f0d386,C,0,clean
97710d64-82bb-5af1-a686-f5150a2971cc,134488d9-b023-5d9e-942a-65e46470a332,b316ad12-1865-5c24-9eb8-0850147e8b4c,Central Highlands,-1.246749,37.539021,-1.24633,37.539471,0.0682,2026-08-09T06:56:55.466764+00:00,2026-08-09T08:11:55.466764+00:00,4500.0,c5a2203b5e994c97,D,1,duplicate_image_hash
7e834083-d635-55e7-8f13-5e52a10657a8,518ff90d-4247-5a83-95ed-b480b599a49d,fa88084b-392c-5f03-8c61-f1718b01c8b4,Eastern Semi-Arid,-0.052806,38.720368,-0.055978,38.723836,0.5217,2026-07-10T10:56:55.466764+00:00,2026-07-10T11:50:55.466764+00:00,3240.0,cdea42e1c2526244,A,0,clean
d631757e-cac4-59e4-abf8-712b176535f7,810d09c2-515b-5fe2-b887-7ed833891008,92734301-3e1f-581f-b40d-2149ba810277,Western Kenya,0.55161,34.132583,0.549644,34.134723,0.3226,2026-07-01T06:56:55.466764+00:00,2026-07-01T08:17:55.466764+00:00,4860.0,18e132ce8d410242,C,0,clean
538e629a-6098-53ba-8a50-371976688d73,9838b18a-1d92-57b1-9310-b4f66c28587b,0faab241-3ea2-578e-97a0-740822d7c452,Central Highlands,-1.274216,37.79798,-1.274713,37.797322,0.0915,2026-08-15T16:56:55.466764+00:00,2026-08-15T17:14:55.466764+00:00,1080.0,4218cd6cc7c52efb,B,0,clean
989d8940-f97f-5602-bb5c-4b1df73902c2,224308b9-c1cb-5fa1-a225-06cc02dbe83f,4f3f5096-b785-5fe7-a6b5-03be737fb1c4,Central Highlands,-0.136296,37.537253,-0.137863,37.536326,0.2021,2026-08-09T13:56:55.466764+00:00,2026-08-09T15:10:55.466764+00:00,4440.0,1525a983a8d11d64,A,0,clean
4b012974-f46e-552b-bad6-f56ebd131279,3ca140aa-76a8-5379-a3b1-933f2d44f2c6,84122626-c8c7-5b7e-9fb7-835ec1a7fcad,Coastal Lowlands,-3.389924,39.033416,-3.387516,39.032395,0.2903,2026-07-10T08:56:55.466764+00:00,2026-07-10T10:26:55.466764+00:00,5400.0,cd347a85ce5b8014,B,0,clean
b2e3a8ca-7b06-542c-be74-aad3ba2a3c91,7134cf0f-ab69-5add-929a-64176b46a515,7864dde6-0b10-5a00-88c6-019df87f2bb3,Western Kenya,-0.130083,34.589623,1.369917,36.589623,277.5,2026-08-18T15:56:55.466764+00:00,2026-08-18T16:42:55.466764+00:00,2760.0,0ac282631d2bc462,C,1,gps_geofence_breach
6d503055-26f4-5741-a87e-63027dcdebbc,2fbb3344-a052-5d06-b8eb-063e511174d6,a5b93dc1-cef0-5d2f-9b76-9cfccb94de12,Central Highlands,-0.008667,37.415531,-0.008611,37.412812,0.3018,2026-07-21T20:56:55.466764+00:00,2026-07-21T21:02:55.466764+00:00,360.0,2ec2fb7eddd52cd1,C,0,clean
1dc862ef-1d91-5359-9a6f-1d8095a0006a,a9566d6b-8e78-522b-a781-95ac7b54f382,dbeb8ed0-1ca7-5cb4-adc7-b61f3c0e6125,Western Kenya,0.546017,34.711833,0.54172,34.703575,1.0333,2026-07-06T12:56:55.466764+00:00,2026-07-06T14:28:55.466764+00:00,5520.0,d63b2267a8275012,A,0,clean
6e46d12d-20ba-5828-8bd4-5f44442ec92b,57e30b16-536f-5317-b796-99721a6e9215,b18cc86a-52fa-5ab6-8e1c-ecc44757764e,Western Kenya,0.034997,34.227154,0.03684,34.226998,0.2053,2026-07-19T07:56:55.466764+00:00,2026-07-19T08:50:55.466764+00:00,3240.0,4c9d17c0859e8554,C,0,clean
2c79e720-7762-5c7e-913f-b6ef4f2f7945,99c59e5f-969b-5751-a208-b8ac6de9f50f,d36f1ca3-f56c-55f6-9f18-6c2aa5989bc0,Coastal Lowlands,-3.097959,38.951843,-3.094593,38.950263,0.4128,2026-08-06T03:56:55.466764+00:00,2026-08-06T05:18:55.466764+00:00,4920.0,d676f64d5cc4034f,A,0,clean
53b435e9-823f-5e69-a032-5f36d1fc8638,4dc0b1d5-2552-58a6-a4a5-b1acdac4853d,ef7dd7a9-a82d-5a96-88e8-6799842d9637,Coastal Lowlands,-2.835633,40.22626,-2.834157,40.226407,0.1647,2026-06-30T23:56:55.466764+00:00,2026-07-01T01:20:55.466764+00:00,5040.0,2177c4a7740cc70f,D,0,clean
f0ea92c6-64f5-5423-a31d-ddcdc9bf159e,141bc35a-b2c2-5aec-9626-5233bb69a3c8,f52c5f91-8224-59a6-99c8-d5bd731abf0c,Western Kenya,-0.180874,34.640109,-0.18197,34.643463,0.3917,2026-08-13T20:56:55.466764+00:00,2026-08-13T21:18:55.466764+00:00,1320.0,d1cac9b2e9e9530f,C,0,clean
cd304580-d53c-5256-bcce-bae8d5b1db7d,c0204c22-1635-51dc-b139-dbcf44518bf4,42e861f7-a13f-5908-bba6-954a1cc273aa,Rift Valley,0.399727,35.168239,0.402767,35.164177,0.5632,2026-07-21T06:56:55.466764+00:00,2026-07-21T08:19:55.466764+00:00,4980.0,23c4ae71ae8145e3,C,0,clean
0e0a13aa-66a3-50f8-bf74-bf95c7b9f8ac,88fac185-1168-5726-bb5f-cce3ca3621e2,36fdb6ad-b04a-5685-9ead-4cfdf121dfe9,Coastal Lowlands,-2.465218,38.92785,-2.463156,38.930968,0.415,2026-07-10T23:56:55.466764+00:00,2026-07-11T00:03:55.466764+00:00,420.0,1f66b47c221a8627,C,0,clean
84f03254-3aaa-5169-b8f7-2abeec4dc677,5a3db2f6-7d50-5034-9698-64b4c68ac0a0,820e982e-221b-535b-8f9a-76604375632b,Coastal Lowlands,-4.022539,39.264764,-4.024659,39.265653,0.2553,2026-08-18T20:56:55.466764+00:00,2026-08-18T21:58:55.466764+00:00,3720.0,7751bd445776e078,E,1,invalid_classification_tier
5e15829a-f81f-55ee-85c7-104eadd8bccf,97729f49-630b-5809-9077-bdbd0ccc5096,3ce478f4-c8f1-59e2-b3f9-1cdd222276f1,Western Kenya,-0.145931,34.267184,-0.146458,34.269171,0.2283,2026-08-11T00:56:55.466764+00:00,2026-08-11T01:09:55.466764+00:00,780.0,cd22b527b57a8618,B,0,clean
6374de07-521a-5487-b2d5-376b9e31f3ee,9f43b3cd-aa31-58d9-b3af-f85af29dd001,f060c5a5-19da-553e-a621-3097b0bbad6e,Western Kenya,0.141917,34.807664,0.142526,34.810561,0.3285,2026-08-04T07:56:55.466764+00:00,2026-08-04T08:01:55.466764+00:00,300.0,1d66cdb9efa55629,B,0,clean
7776c504-e229-5232-be0f-1ef00fc617f4,28033a07-3093-5b22-ae5c-326a873f1cab,2ea3383a-aa4e-5c00-afa9-69fa5190c582,Rift Valley,0.99337,35.452525,0.986714,35.446964,0.9627,2026-07-13T05:56:55.466764+00:00,2026-07-13T06:50:55.466764+00:00,3240.0,5d7c795a3b1428a8,B,0,clean
60bc27df-a61d-56a4-8813-ec9092ffd510,0703127c-e71d-5dfc-a730-e456737f1639,8a1f1edf-043e-5fcd-a0a3-9274aa2f0d5b,Eastern Semi-Arid,-0.442344,37.577796,-0.43799,37.578577,0.491,2026-07-02T16:56:55.466764+00:00,2026-07-02T18:04:55.466764+00:00,4080.0,8e0254b598448e89,B,0,clean
0036b56f-6d96-517f-beb0-bf92ecafbc1f,66fedf0b-b509-53b3-868f-7c562a7964bb,29d6b6f1-4222-5ba8-8ad4-1cf9d7c84249,Rift Valley,0.725838,35.223925,0.727322,35.224287,0.1696,2026-07-28T11:56:55.466764+00:00,2026-07-28T12:34:55.466764+00:00,2280.0,a153fbdb14bcd880,B,0,clean
d7b08f46-1b87-5a8f-84b9-f63121b5c07a,28e9860c-c64b-57dc-865b-cbd6b21358e8,934777b7-2572-5847-9336-f4b3ecdbce22,Central Highlands,-0.144873,37.585318,-0.143653,37.585199,0.1361,2026-07-03T01:56:55.466764+00:00,2026-07-03T03:45:55.466764+00:00,6540.0,2d425a9e3fd2ebd6,C,0,clean
726d6d8b-ac6f-5d79-a9a5-4777fff335b4,c0038352-c2e1-54fc-adb0-e64547938931,0cbaac27-d408-5697-87e6-eab064628af0,Coastal Lowlands,-3.164951,39.74094,-3.164719,39.736725,0.4686,2026-08-05T05:56:55.466764+00:00,2026-08-05T07:54:55.466764+00:00,7080.0,1e6e08848014e59f,A,0,clean
c9fe5b0c-3b0c-5328-8aca-9f8009b84ff8,8b983d23-10a7-5387-a42e-b3325c93bda7,9a64b4be-a06e-5e1c-8bca-4494fa5b7d0c,Eastern Semi-Arid,-0.272058,37.711277,-0.276551,37.711961,0.5045,2026-08-13T04:56:55.466764+00:00,2026-08-13T05:25:55.466764+00:00,1740.0,93ae3549f86113d8,B,0,clean
c8bfedb8-68ab-5f8b-af6b-9f5dcef603f7,9e5c8dfc-9222-5c7d-b6dd-00d498583f81,ece669d3-c548-5130-9ccd-5825753657a3,Coastal Lowlands,-4.144656,40.351374,-4.143667,40.350541,0.1436,2026-08-03T09:56:55.466764+00:00,2026-08-03T10:16:55.466764+00:00,1200.0,2241d86d484b1978,B,0,clean
43a59cca-1ecf-52f6-8af7-ae4829cabc8f,a8565427-7ded-557c-826e-b536dc8b6b8d,d3afa609-d27c-54d0-9e7f-094ec310f17f,Eastern Semi-Arid,-0.202828,37.405687,-0.203402,37.409846,0.4661,2026-07-27T02:56:55.466764+00:00,2026-07-27T04:00:55.466764+00:00,3840.0,7a966549980ae919,B,0,clean
b8001056-c0b5-52f1-8f2d-4ca1a43c10fe,49fc4618-410e-5e6a-bee4-7f3ab80fd95b,f4e6b7ae-c0ff-533e-818c-dcb0fc0a0962,Rift Valley,-0.755335,36.152601,-0.752736,36.156174,0.4904,2026-07-24T13:56:55.466764+00:00,2026-07-24T14:28:55.466764+00:00,1920.0,0f0ab2824567bd20,C,0,clean
3224ab09-1392-5e33-9a7c-b7b007fa6e47,a23afedd-a162-59df-a5e1-5c60b4fa8ae3,fd791216-9785-5830-b79a-45ec8c7c9ca0,Central Highlands,-0.203245,36.99008,-0.205044,36.993655,0.4443,2026-06-29T09:56:55.466764+00:00,2026-06-29T10:57:55.466764+00:00,3660.0,aefbd1af2fe8a131,B,0,clean
a4321b76-986e-5885-a9fc-713a634dfeb7,214cc0a7-ec3a-5a1c-9c84-2d568df4a962,429ed824-cc50-5448-a78c-3c9c7c57a89a,Rift Valley,-0.577322,35.80962,-0.577386,35.808973,0.0721,2026-07-10T12:56:55.466764+00:00,2026-07-10T13:11:55.466764+00:00,900.0,1fdfc5e222046735,C,0,clean
ed1abcd5-f6ba-5837-adef-d31e1158dca6,d08e95e6-4362-5aea-b7e7-3c3db2520327,ff813166-e5bc-5d66-b26b-b9e8336bde7a,Central Highlands,-0.960321,37.46079,-0.958379,37.465248,0.5397,2026-08-16T17:56:55.466764+00:00,2026-08-16T19:33:55.466764+00:00,5820.0,2bb78aa09b4dc145,C,0,clean
5a2c9097-4994-545d-b4e5-2b00bbb1e68f,2e74a938-41e9-58ab-b91e-4eaf34de068b,6a41889f-4816-54c5-955a-02c4636179dd,Rift Valley,0.006564,35.599154,0.007604,35.593409,0.6481,2026-08-19T20:56:55.466764+00:00,2026-08-19T22:29:55.466764+00:00,5580.0,91da2d84b497943e,B,0,clean
440071d5-4a59-582c-8e5e-de37f416cd84,feba36b1-7339-5e51-b7b5-f0436627d6ac,9436b2da-6141-5d5c-9e64-0632c069fecf,Rift Valley,0.169273,35.207397,0.172566,35.209274,0.4207,2026-07-08T08:56:55.466764+00:00,2026-07-08T10:34:55.466764+00:00,5880.0,1dcea31fea6308bd,D,0,clean
3ed373cb-83ad-57f7-a68a-e0a992547ef0,f31731ba-7878-55f6-b40c-bde9884b488d,111c7a61-ebb9-5412-8ecf-c7e8310ce5bc,Central Highlands,-0.435939,37.610537,-0.434119,37.610167,0.2061,2026-06-25T16:56:55.466764+00:00,2026-06-25T17:33:55.466764+00:00,2220.0,5e5d3697e96d3d91,C,0,clean
2a941f3e-f1ef-500b-825a-671118259436,701cda1b-65a3-5763-9900-f70170dfd06b,82def4b3-014c-5cf4-8631-c3012532ffe0,Eastern Semi-Arid,-0.952855,37.714022,-0.95712,37.717389,0.6032,2026-06-29T10:56:55.466764+00:00,2026-06-29T11:23:55.466764+00:00,1620.0,696d1c0881514678,A,0,clean
24a5349c-7a53-59e1-8655-8d40b2a1ddec,b4dc14e6-0a85-51a7-812e-91a6900f23c2,e7aa63d4-ac4b-528b-8a59-5ebec00bd803,Western Kenya,0.195239,34.838053,0.190869,34.837243,0.4933,2026-07-23T18:56:55.466764+00:00,2026-07-23T20:45:55.466764+00:00,6540.0,5fa9045550df3408,A,0,clean
be2b9a59-b4b6-558d-b904-0cfbbb8bbc81,68d3f166-76d7-5a8d-b9e8-70430421876b,791962d6-269d-5a4d-b4c4-90293420d91a,Coastal Lowlands,-3.258625,40.449417,-3.253203,40.449581,0.6021,2026-07-27T17:56:55.466764+00:00,2026-07-27T18:31:55.466764+00:00,2100.0,48837d5d8ceb1a65,A,0,clean
a678c9a0-c29d-562d-a606-d07f1b3a17c2,8fdc0c23-5763-5b8d-b47b-4b7c63f6d04c,ca49fac6-82f1-58ba-a097-2401a36af906,Eastern Semi-Arid,-1.865195,37.560926,-1.866953,37.56015,0.2133,2026-08-18T11:56:55.466764+00:00,2026-08-18T09:43:55.466764+00:00,-7980.0,295eaf269f7739dd,C,1,timestamp_monotonicity_violation
dbbf6699-bb41-5ad9-938b-335eaae38574,f362c396-8f91-5f9b-b2cb-5e2fe71b5782,6493022c-bad9-5a85-9d20-249d70927971,Central Highlands,0.08662,37.454023,0.086084,37.454442,0.0756,2026-08-11T12:56:55.466764+00:00,2026-08-11T14:15:55.466764+00:00,4740.0,cf5e8e90a92b62a3,C,0,clean
11a46dbf-2839-55b7-b869-e84fb6b054df,41f563a3-adb3-5be3-9ed7-979334a9dad8,847831bf-d59b-5852-ae2b-2c3e113412bf,Western Kenya,-0.17584,34.655999,-0.172128,34.659164,0.5415,2026-08-11T03:56:55.466764+00:00,2026-08-11T04:26:55.466764+00:00,1800.0,a1f5359ef5864bd5,B,0,clean
8bd3aea5-3e83-53ac-a769-2f6031922efd,c2962e78-879a-5d03-9264-e491be4d35d8,6cf4cdd3-ebc6-5a96-8067-05a20ca3bcb9,Western Kenya,0.428576,34.204043,0.426862,34.20263,0.2465,2026-07-29T10:56:55.466764+00:00,2026-07-29T11:11:55.466764+00:00,900.0,c19a0126a14dec89,B,0,clean
c1524e7d-8040-5070-9ca5-1b660b98d62e,bcc37083-15fc-5372-983d-4a332b0dafda,3e3b7304-9238-5e6e-b0eb-b77a781483ad,Coastal Lowlands,-3.260671,39.554096,-3.262287,39.556146,0.2898,2026-07-06T06:56:55.466764+00:00,2026-07-06T07:19:55.466764+00:00,1380.0,d6240f457411af2d,X,1,invalid_classification_tier
7ec9fc04-4d93-5da0-9081-1d74a71ecca3,dd7160a0-b1b9-5d3c-a5dd-b2a431bf4938,fc932c68-1ecc-5c7e-8bbe-25152b53dec8,Coastal Lowlands,-3.023335,38.598581,-3.020943,38.593789,0.5944,2026-07-31T20:56:55.466764+00:00,2026-07-31T21:37:55.466764+00:00,2460.0,ecc997e34675029e,B,0,clean
4169a5f1-ca1e-5abd-9344-0ebfa089a012,f2cfbfdd-483e-5b78-a789-7aeed798fec6,4c0c5a89-08d6-51b2-b7d6-1b6e416a709d,Eastern Semi-Arid,-1.100075,38.506846,-1.098919,38.505773,0.1751,2026-07-02T16:56:55.466764+00:00,2026-07-02T18:46:55.466764+00:00,6600.0,6e1e69e3757ef97d,A,0,clean
e67e4889-a3c4-551b-a24b-bee282af5c78,eba3666a-659a-5bdb-8af6-499919a42334,995a55a3-d146-585a-87c9-5118d0b77f3c,Rift Valley,1.249668,35.692365,1.250275,35.692702,0.0771,2026-06-24T09:56:55.466764+00:00,2026-06-24T10:08:55.466764+00:00,720.0,c9aace54a5d84f84,C,0,clean
1b24c85e-bfc7-582e-a07c-3e7178339ec4,e9dfe96f-c423-53d1-b16d-25471542e379,575833be-de97-5eed-adcd-fcc2f47f04cb,Rift Valley,-0.737145,35.612881,-0.736186,35.61988,0.7842,2026-06-24T05:56:55.466764+00:00,2026-06-24T06:37:55.466764+00:00,2460.0,8ce9837b46a58b07,C,0,clean
749d15fc-e1a7-5530-b9cd-8e4b006a1ead,b09238d6-8078-56bd-adf3-a46dbf1c4ff5,3f9b2066-fd06-5b2f-8c04-36a331bb38dd,Eastern Semi-Arid,-0.158195,37.214083,-0.161595,37.216468,0.4611,2026-07-29T16:56:55.466764+00:00,2026-07-29T17:28:55.466764+00:00,1920.0,82de8150e30eaa0c,B,0,clean
14459587-4c19-5299-903b-d39fe8fffb12,83db8b34-a58a-55b0-8174-3ef2b1648bc7,5104ff55-1c2e-5569-9140-5bc6a2942e3f,Central Highlands,-1.009,37.144909,-1.0109,37.147098,0.3217,2026-07-12T05:56:55.466764+00:00,2026-07-12T07:28:55.466764+00:00,5520.0,35bdfd581febe984,B,0,clean
eb88f9a6-c991-5e95-bfbf-e697f104784c,62746fc6-de02-5e15-88f8-e2f01c162ba4,5b948dd8-0f12-5a36-bc2d-30f3a5de3027,Coastal Lowlands,-4.328851,38.848437,-4.330771,38.844031,0.5335,2026-07-15T03:56:55.466764+00:00,2026-07-15T05:25:55.466764+00:00,5340.0,dfd804155fc355fd,B,0,clean
181b1031-529a-5aef-955a-83fff42ebc04,872538b8-6a17-5360-b991-cbcebb2c5936,677f7e39-1428-57b0-b686-8c03f355e468,Western Kenya,0.823449,34.480315,0.824887,34.478741,0.2367,2026-08-17T06:56:55.466764+00:00,2026-08-17T07:32:55.466764+00:00,2160.0,c2c459025de56e99,C,0,clean
e9af0df1-3dc5-56c8-b4fc-b73521e60641,3c7f96bc-023e-5844-b116-ce8d9b03a18b,62745e2d-1128-5c44-b299-2928e6652093,Eastern Semi-Arid,-0.496322,38.438099,-0.50126,38.443991,0.8534,2026-07-12T00:56:55.466764+00:00,2026-07-12T02:50:55.466764+00:00,6840.0,3adbe3037f56bc0c,B,0,clean
c82a7b43-d89e-5c9b-b5fb-5bbe5343c751,e1817b36-5264-5d8e-828a-aabc230f7ddb,e3a76b96-96cc-5639-9d66-eb109c1abe38,Eastern Semi-Arid,-0.529488,38.63931,-0.523209,38.64273,0.7936,2026-07-21T20:56:55.466764+00:00,2026-07-21T21:15:55.466764+00:00,1140.0,d047657f4f2b5e7d,C,0,clean
e7bbb513-17ca-5bf2-a7e5-f746ea1679b9,06b6af51-88f7-51dc-946e-b1cb8fa859e4,fd50398b-72dc-5086-9ccf-bc6b6bb79b9c,Western Kenya,1.115008,34.742217,1.109417,34.740883,0.638,2026-08-02T13:56:55.466764+00:00,2026-08-02T15:12:55.466764+00:00,4560.0,561ac43cfbc5b197,A,0,clean
5964f7fe-0c86-5cd8-b24f-29383f733b58,015c8a6e-2a1b-5ea7-a359-3f74782a6d17,270aaae6-000b-5993-a607-748960bf0c78,Western Kenya,0.664228,35.177696,0.66093,35.177521,0.3666,2026-06-28T07:56:55.466764+00:00,2026-06-28T09:47:55.466764+00:00,6660.0,589a32d5826fe00e,A,0,clean
c1fbb585-a62e-5677-989f-fead85a8a81b,417dad3b-02e9-5b02-9e8d-722b3901c517,8ec468db-0022-5d96-ac4a-2bd19b238b0f,Rift Valley,1.082694,35.42804,1.083007,35.429734,0.1911,2026-07-27T05:56:55.466764+00:00,2026-07-27T07:22:55.466764+00:00,5160.0,ca8d6e661eacd9db,C,0,clean
8a4e8497-f618-539f-b636-25868f3e4dea,5f908dd4-9fd0-5fe1-919d-22322db7b598,339740f4-70c6-5cad-b9d7-78c4f68a49ef,Coastal Lowlands,-2.478963,38.767207,-2.489394,38.764162,1.2061,2026-07-19T20:56:55.466764+00:00,2026-07-19T21:53:55.466764+00:00,3420.0,e3ccff7c147ba179,C,0,clean
a13bede1-cf8e-5a62-b23e-5ee1765d9231,290be4b9-6ce0-5ba2-9f4f-849f22795e70,fd3d3ace-78eb-5825-b921-c6681b8613d9,Coastal Lowlands,-3.666113,39.637164,-3.669362,39.633974,0.5054,2026-07-30T07:56:55.466764+00:00,2026-07-30T09:54:55.466764+00:00,7080.0,3fd43c22b59682a2,A,0,clean
42d4a2f3-0bbe-5a71-b962-19d4f5c994ea,fc043f4f-b987-5ff1-8f54-75ebdf4bd2ea,409ba0aa-4af9-55f0-971c-10f56c81c860,Central Highlands,-0.041972,37.214207,-0.047243,37.215516,0.6028,2026-08-02T10:56:55.466764+00:00,2026-08-02T12:00:55.466764+00:00,3840.0,9cbb2ac6ba925d83,B,0,clean
e1e4b697-b175-55da-93b2-8d1882702d25,60610b4d-445a-547c-9894-d98c99453733,a5d41f19-a7ca-55c8-94da-f9ca2aafe8a0,Rift Valley,-1.109625,35.229695,-1.110926,35.22551,0.4864,2026-08-03T02:56:55.466764+00:00,2026-08-03T04:44:55.466764+00:00,6480.0,c392e7cae7228b78,C,0,clean
82f18cf0-639e-581b-8a7c-a234359069aa,3a0f965e-f712-5c99-ac55-d01211f9c27b,a21ae073-4f4a-5a1b-b73a-4bcdb031200b,Eastern Semi-Arid,-2.28411,38.631734,-2.282985,38.628497,0.3803,2026-07-25T01:56:55.466764+00:00,2026-07-25T03:13:55.466764+00:00,4620.0,c786e9ee91401563,C,0,clean
630403d0-15e7-5609-a3f1-4900a938a51c,a743f6a0-0509-5e2b-9866-9ba8c586e740,80acd08d-0910-5c12-adb2-d677d1151df3,Eastern Semi-Arid,-1.42324,37.562117,-1.421231,37.566801,0.5657,2026-08-11T00:56:55.466764+00:00,2026-08-11T02:48:55.466764+00:00,6720.0,052598aeb44b2171,B,0,clean
af5d1fe7-7440-5b3e-bc66-aeff923e87ca,36713c30-682f-57cf-89a3-4e0bf40b2d93,62ce5c42-7417-5522-bb8f-191e519c679b,Coastal Lowlands,-3.129191,40.369323,-1.629191,38.369323,277.5,2026-07-09T10:56:55.466764+00:00,2026-07-09T11:59:55.466764+00:00,3780.0,a8d50b92b4a92ef5,C,1,gps_geofence_breach
f40fcc70-0baf-5a35-9669-a2938d4fba20,9b48e69b-0a95-5583-9bd9-c62d513edc76,593fe80c-f9b1-5f91-9762-73fbcdfcc5a9,Eastern Semi-Arid,-1.631432,37.284106,-0.131432,39.284106,277.5,2026-07-14T07:56:55.466764+00:00,2026-07-14T09:52:55.466764+00:00,6960.0,18c4ad22248b7c81,B,1,gps_geofence_breach
b0f439e5-577d-5b39-8285-18a6634dd6f5,0893fc51-be5e-5a31-a832-06691fa46286,20197ce0-fb40-5a49-b537-a12ea1ec4653,Central Highlands,-1.374917,36.729824,-1.369262,36.728049,0.6579,2026-06-26T17:56:55.466764+00:00,2026-06-26T19:28:55.466764+00:00,5520.0,272d0cf329dbd117,C,0,clean
3efd4d53-8afd-52ba-8f74-25884b749c7c,a6c7dd14-bb86-5914-a54a-57edac4143cf,85fff2c3-eead-5005-88a1-d71f740f7436,Central Highlands,-1.136061,37.332024,-1.132319,37.329388,0.508,2026-07-22T03:56:55.466764+00:00,2026-07-22T04:33:55.466764+00:00,2220.0,49e9a658bf16941a,D,0,clean
0a5d9803-c415-5a76-9012-a0ae0f3c3d7a,2d072d4c-66e9-5ca4-8a7c-883d240647d9,f065b8d6-e5de-5afe-a42e-2971d90fafd1,Central Highlands,-1.02097,37.455481,-1.019224,37.453189,0.3198,2026-07-25T20:56:55.466764+00:00,2026-07-25T21:13:55.466764+00:00,1020.0,a8e64fcedaae3aa0,B,0,clean
167a175f-af1f-5307-bc46-54353ff906ab,9d224ac1-2063-552a-8196-49caa3454e25,f739acd5-35d6-5adc-9f2d-1e724c5a1179,Eastern Semi-Arid,-0.246698,38.472808,-0.248428,38.472998,0.1931,2026-07-08T15:56:55.466764+00:00,2026-07-08T16:17:55.466764+00:00,1260.0,2012332b2b660d13,B,0,clean
e13b0c9c-c14f-57c8-9541-c2114b3e9cc4,a96c5f6b-0bbe-5049-b5dd-d9dbad2ac5ed,ae9d6665-073a-543d-9eb3-a518d8a00915,Central Highlands,-0.842105,37.145156,-0.846162,37.141673,0.5935,2026-07-24T04:56:55.466764+00:00,2026-07-24T06:17:55.466764+00:00,4860.0,469bfc2d7ed3266d,A,0,clean
11c71c4e-8226-5beb-aa56-d2565040cbb6,e79ec80a-367d-5151-a2b4-bf9f7dfb0c10,6d77e744-ec5a-5992-a7e1-e4d13f11cd13,Rift Valley,-0.45522,35.543519,-0.452418,35.548132,0.5991,2026-07-28T05:56:55.466764+00:00,2026-07-28T07:47:55.466764+00:00,6660.0,42910d6630d1bbf6,D,0,clean
9d363212-26a5-5621-8212-1b5cedc8ec12,45af1b4c-5c21-57e0-9ee9-b6fc8ccd8168,e23d521e-c62b-54c6-9ca2-aa5375ddc29f,Central Highlands,-0.44645,37.106757,-0.445331,37.110078,0.389,2026-08-12T19:56:55.466764+00:00,2026-08-12T20:54:55.466764+00:00,3480.0,e1bfdbc34849e658,D,0,clean
8373e3e9-ceac-5866-8b6e-0ee7b097c4ab,fe56e581-43c0-5dfb-9ac3-f8b353a4d3e6,251a8bc6-489e-5b43-b802-49aad839028a,Coastal Lowlands,-2.050641,39.930534,-2.054862,39.927535,0.5747,2026-06-26T06:56:55.466764+00:00,2026-06-26T07:10:55.466764+00:00,840.0,db4de80924d84080,A,0,clean
e98faf0a-080b-501b-858d-d76074d79c60,5cf95b42-744d-5a96-a242-5adcd4064eae,369a61c6-bf35-5c4b-ade8-47a954c2e092,Eastern Semi-Arid,-1.380741,37.933075,-1.381283,37.930934,0.2452,2026-07-16T20:56:55.466764+00:00,2026-07-16T22:33:55.466764+00:00,5820.0,a180f321b7aa4ac7,C,0,clean
da06c08f-cdb8-55d6-95f9-d40eafc4133a,e54779c2-ecf8-5ca6-a7e9-f2194a648b3d,f459649c-fe0c-5c1a-b4ec-e865adaa6191,Central Highlands,-0.814091,36.703022,-0.811605,36.701896,0.3029,2026-08-13T10:56:55.466764+00:00,2026-08-13T12:52:55.466764+00:00,6960.0,8383e0ec9b936b9e,A,0,clean
3719745f-2ef9-5db1-a5f0-9fc20e628596,95e0631f-d403-5bd3-ac9d-69472ac1dcb9,1612a12c-3cc1-58c1-9c45-6b47a0605104,Coastal Lowlands,-3.916633,39.927961,-3.916272,39.932199,0.4722,2026-06-30T18:56:55.466764+00:00,2026-06-30T19:39:55.466764+00:00,2580.0,bc0c255ac00bbebf,B,0,clean
11c61555-97a7-5c7d-8037-21ce9b9161e8,a47d6af6-b6ba-5bf5-8d68-ef671e0ca453,0ac9c68b-5147-57ec-8815-927a87a819a3,Rift Valley,-0.339194,35.066264,-0.337606,35.069177,0.3682,2026-06-23T20:56:55.466764+00:00,2026-06-23T22:39:55.466764+00:00,6180.0,49aa3849088da418,B,0,clean
ad562de0-4102-5fd2-8f09-ed197de59c3f,23044eeb-3ef5-57f9-8eef-f1717cbdb0a7,21cebda7-6202-5da8-882b-9a0d125897e6,Coastal Lowlands,-4.181507,39.652909,-4.185446,39.652823,0.4374,2026-07-09T06:56:55.466764+00:00,2026-07-09T08:40:55.466764+00:00,6240.0,e2a09a56b6eeed50,A,0,clean
4560c17b-ca2c-52bf-b3f1-6c648075799e,d72c33ce-dae5-5f5c-95c4-864487f27cc9,bd96ec3d-3e5f-539a-bb7d-e2b707b1ebce,Rift Valley,-0.67126,35.264104,-0.675475,35.258614,0.7683,2026-07-23T16:56:55.466764+00:00,2026-07-23T18:31:55.466764+00:00,5700.0,4a9b00d804a75e9c,B,0,clean
3cecfbff-fa3b-5416-984d-bdab2e4cd07e,4e171e09-26f0-5108-ac13-dc52a7305afe,72d4ff5e-1129-5d48-ada0-501cb6d31ce8,Western Kenya,0.896024,34.836181,0.894159,34.831913,0.517,2026-07-13T20:56:55.466764+00:00,2026-07-13T21:27:55.466764+00:00,1860.0,a3e0a5d001135def,D,0,clean
3e7e19f3-1bcc-57e8-af91-951984dc406e,c27bbc26-cc91-56dd-8303-8b3bac7a2926,75b88d89-58b3-5e7f-8d20-606fb70b12c9,Western Kenya,0.215191,34.619769,0.216083,34.616738,0.3507,2026-07-16T04:56:55.466764+00:00,2026-07-16T05:21:55.466764+00:00,1500.0,2d37c2a6db6bf0f5,B,0,clean
a4246ef1-1739-5bb6-9e42-699b1168c070,ecdcf8bc-35e9-5c51-a623-7cb05011a52d,a3443671-cb43-5351-a27c-4ca75777a431,Eastern Semi-Arid,-0.929231,37.346098,-0.928068,37.342081,0.4642,2026-08-13T16:56:55.466764+00:00,2026-08-13T17:34:55.466764+00:00,2280.0,cb7c627fffa0a6f7,B,0,clean
5e68acb1-fc74-5f09-9dbf-aab3109e4969,9f1105fc-ba9f-579e-b79a-9ea238605820,007362a9-9127-5709-9b3f-0aa9efdab8c0,Rift Valley,-0.201752,35.205234,-0.201798,35.202103,0.3476,2026-07-18T20:56:55.466764+00:00,2026-07-18T21:45:55.466764+00:00,2940.0,13ac01f52f27f7f1,A,0,clean
405235b3-7346-54f8-885f-fb0dadf05327,ef85c172-5b1d-5c36-b4ce-983b1755f126,23dccb67-d0a2-5cf5-9425-2bf30f4f6e68,Coastal Lowlands,-3.685757,38.582307,-3.68261,38.582209,0.3495,2026-07-22T13:56:55.466764+00:00,2026-07-22T15:36:55.466764+00:00,6000.0,97e211bf62bcd5d4,B,0,clean
95e72e5c-dd95-5fca-b808-96a9ea896ca5,40d658eb-2eba-5215-9b56-843e01650e8c,2433cd43-92d9-530e-967e-a7e81d83bcbf,Central Highlands,-1.261795,36.672698,-1.254391,36.672082,0.8247,2026-07-19T18:56:55.466764+00:00,2026-07-19T20:39:55.466764+00:00,6180.0,e11b04ede8c9d6ff,B,0,clean
3d271cc0-90bf-589a-b9a5-62da95167668,4a7e5ab6-3f2d-5556-91d2-bcadc8027576,0743abea-9ee6-5380-9b77-b7a24b6523c5,Eastern Semi-Arid,-0.112809,37.684067,-0.110106,37.685683,0.3495,2026-08-12T01:56:55.466764+00:00,2026-08-12T03:06:55.466764+00:00,4200.0,ee7c85c837165070,C,0,clean
236c9379-1e67-5299-9a86-bf4fd0738bf5,675d9d03-80dc-52b4-8ec8-8efe783b0a16,4ae36f3e-0533-58b8-b566-bb277f022c75,Coastal Lowlands,-3.676473,39.386223,-3.67409,39.383233,0.4244,2026-06-24T11:56:55.466764+00:00,2026-06-24T13:47:55.466764+00:00,6660.0,210833be845c3f85,B,0,clean
f3b2a9ad-720f-5a97-8406-cead3ac45d7f,6db16390-f6ca-50bc-b478-7f9aa4384edb,7af32a6e-405d-5a69-93b0-ff5774ac71ab,Central Highlands,-0.606947,37.133672,-0.603332,37.136523,0.5111,2026-08-07T03:56:55.466764+00:00,2026-08-07T05:25:55.466764+00:00,5340.0,d78c6e8a58602c40,B,0,clean
6c7a0ec3-0983-5868-8256-391391a2ead3,22e3f85e-4e78-5f36-b493-25c34c423cee,343f8120-2d77-58f9-9d8d-50b2dcd79b6c,Rift Valley,0.851622,35.630583,0.850261,35.632274,0.241,2026-06-27T11:56:55.466764+00:00,2026-06-27T13:41:55.466764+00:00,6300.0,a51839528558ed5d,B,0,clean
c3156617-6034-576f-bbb0-ce0ee04f23b5,b9e11187-c47f-5ed7-929b-182df0cb998a,8310e16f-8f7c-50a0-ac11-fa4b4c17437e,Rift Valley,-0.293627,35.253625,-0.292907,35.250032,0.4068,2026-07-02T15:56:55.466764+00:00,2026-07-02T16:02:55.466764+00:00,360.0,213a85780e4b19fd,C,0,clean
162f7d2f-c715-5878-874d-b15d8abd8081,93b3065f-01fd-51c5-9f11-bbb8af5acad4,79221b52-2669-5631-810e-68ef3fe3b42b,Central Highlands,-0.080981,37.546742,-0.082704,37.54906,0.3205,2026-08-10T12:56:55.466764+00:00,2026-08-10T11:34:55.466764+00:00,-4920.0,38043f89d549076d,B,1,timestamp_monotonicity_violation
56b29ca8-dd41-545a-8a4a-381accd9b338,4c3a2884-d3a6-50f0-bf19-82297711ff92,d829d6f2-c21e-529f-80bb-8a33765065f7,Coastal Lowlands,-2.310007,39.124727,-2.312478,39.124648,0.2744,2026-08-16T08:56:55.466764+00:00,2026-08-16T10:01:55.466764+00:00,3900.0,b7b543844c823c4a,A,0,clean
89bcdcf0-f24d-5f83-86c6-43c65b647abb,4812622e-2b55-519f-9901-dac41a8b41aa,c77cc8bb-6564-5b3f-927a-ef0bd0a437a7,Eastern Semi-Arid,-2.20777,38.655304,-2.206308,38.655348,0.1624,2026-07-30T01:56:55.466764+00:00,2026-07-30T02:40:55.466764+00:00,2640.0,7cae3e7017021e4a,A,0,clean
55e0cc86-a725-59b1-b746-88a9c5f03850,79b749d8-b692-572f-93bd-11f8f61b8cf0,386ef9b2-b588-5480-836d-0f0ece223005,Rift Valley,0.463353,35.373678,0.463693,35.364628,1.0052,2026-07-26T10:56:55.466764+00:00,2026-07-26T12:41:55.466764+00:00,6300.0,6df1b7ddfda5c0d2,INVALID,1,invalid_classification_tier
076ea860-54d8-53fa-9eb8-c17428589eb5,6ed43cb1-2978-52c7-a4e4-7c3eb82a3953,bc5cb581-38a9-5aa8-a811-9c557c866c97,Coastal Lowlands,-4.058308,39.315598,-4.058921,39.316026,0.083,2026-07-09T23:56:55.466764+00:00,2026-07-10T01:18:55.466764+00:00,4920.0,71ec90107940dbe3,B,0,clean
5b876a28-533f-5e23-982a-5db75f148090,947ca5cd-a474-5a1e-8f4e-15bea0ea5d70,fb17c044-109e-58c7-a050-47bd217a430c,Eastern Semi-Arid,-1.687272,38.781813,-1.682555,38.781623,0.5241,2026-07-29T17:56:55.466764+00:00,2026-07-29T18:31:55.466764+00:00,2100.0,febe9b6f50886930,A,0,clean
369d6f47-0d55-515a-91b2-95b55837c6c1,efeed262-299e-5de8-a7bd-6c749e672803,ed2adc50-df1b-5545-9c06-7cb6e4e32dde,Rift Valley,-0.025161,35.619662,-0.028471,35.617949,0.4138,2026-07-13T23:56:55.466764+00:00,2026-07-14T00:42:55.466764+00:00,2760.0,1f4a94d89a563d67,C,0,clean
f7206db3-491d-50bb-a92f-7d138e88cfc3,5df2f508-d6ed-5969-8e9a-94075eaa4aa3,409d6199-7dda-509e-9979-3cb67ae3c690,Rift Valley,0.876621,35.457168,0.872828,35.460964,0.5957,2026-08-12T12:56:55.466764+00:00,2026-08-12T13:12:55.466764+00:00,960.0,a3119e91ae38f6a4,A,0,clean
e73ce5a3-1a7a-548c-b0e0-4e0f2b0e0a76,1c3f0276-4d3a-5cb6-b9af-3b0819d92e58,9b487a94-8fe8-5330-a110-820392d6e9bf,Western Kenya,0.755246,34.754604,0.75337,34.751829,0.3719,2026-07-27T15:56:55.466764+00:00,2026-07-27T16:37:55.466764+00:00,2460.0,2ce3d11b621ca389,D,0,clean
82904852-5d06-5685-b9ea-8483c308fe50,169323f4-3c16-5695-a1b0-3768c7615b80,701d7788-25cd-56da-946f-898f86384c8e,Central Highlands,-0.60076,37.328445,-0.601377,37.326204,0.258,2026-07-12T16:56:55.466764+00:00,2026-07-12T17:07:55.466764+00:00,660.0,36e5b2e50b857dde,C,0,clean
ce692145-72be-5d93-8819-d7792b99e452,508b831a-6831-5336-9159-b0acb93a9a4e,53c3679f-f17c-5d3c-9e2f-cde2dc0eba96,Coastal Lowlands,-3.861823,40.493038,-3.864012,40.488578,0.5515,2026-08-10T12:56:55.466764+00:00,2026-08-10T13:24:55.466764+00:00,1680.0,7f1fa9babac2aa12,B,0,clean
0e0121e5-8a97-5f8f-87ed-0d5b7ff86b74,3fc04c54-283c-53bb-b793-9b8f4ad9a6f3,7f1e9fe3-9cb3-5b6a-8927-b5e2678d1ce5,Western Kenya,-0.25338,34.763175,-0.251727,34.768052,0.5716,2026-08-10T00:56:55.466764+00:00,2026-08-10T02:47:55.466764+00:00,6660.0,802f76edfcc070b0,B,0,clean
249b6425-f8fc-52e0-bf9b-cbe2ccc0ef61,f0598f25-08d8-5901-8bbd-1262ea30b8ef,eca310a3-ff29-5a55-b339-552827e73cff,Eastern Semi-Arid,-0.868349,37.706081,-0.863313,37.705245,0.5666,2026-07-20T08:56:55.466764+00:00,2026-07-20T09:34:55.466764+00:00,2280.0,6652a1f1e6e11f8b,C,0,clean
a3151f75-16c4-5629-85c8-62999ca65470,4761f192-a4cc-5d5a-a1ab-fa1be8c5dfaa,52fb5962-7e69-5f84-8f75-a122466a9f72,Rift Valley,-0.100639,36.171156,-0.103089,36.174576,0.467,2026-07-31T03:56:55.466764+00:00,2026-07-31T05:18:55.466764+00:00,4920.0,035cef82e867abf5,A,0,clean
b7b57267-2f0b-51c0-9fe7-d2b7eaf2cc9d,81a4c727-c1da-5317-a2ea-d4c17545b036,c3bb0794-91bc-5f6b-9b90-bcc50fdd1f47,Coastal Lowlands,-4.068181,40.243367,-4.074811,40.24179,0.7565,2026-08-11T19:56:55.466764+00:00,2026-08-11T20:13:55.466764+00:00,1020.0,82bca878fbfb610b,B,0,clean
41108f64-86b8-545a-8cbf-3c28c5eb95b3,8edf6cec-1655-539f-af7d-7683ec916590,29f37c17-16ac-5079-a9ae-3970177f8b20,Eastern Semi-Arid,-2.394976,37.306979,-2.393481,37.309273,0.304,2026-07-03T08:56:55.466764+00:00,2026-07-03T10:11:55.466764+00:00,4500.0,02384bd51f6baaef,C,0,clean
7d05b2de-885f-5d8c-8829-7d305ea48bff,828c4169-9bc0-5107-9135-70bbfefd9fb0,6960b77e-0394-521a-8c25-0b1a43186619,Western Kenya,0.306836,34.107538,0.307542,34.110514,0.3395,2026-07-29T03:56:55.466764+00:00,2026-07-29T04:41:55.466764+00:00,2700.0,8dc216cdc93cc77e,C,0,clean
2e6d6a6d-0ff9-5c20-b267-6ac3e0f09b71,e3742f3a-d7c6-52ac-89a9-96e706528e05,e394806b-9d7e-5f4f-8c03-130c46466537,Eastern Semi-Arid,-2.046189,37.408938,-2.050494,37.407107,0.5192,2026-07-01T01:56:55.466764+00:00,2026-07-01T03:03:55.466764+00:00,4020.0,dd60fed426ab8d12,D,0,clean
e45042b1-db25-571b-b8f3-8b19c093c894,510d0bcb-881d-58f6-a24a-8383169b3fb4,4b4e29ab-c1fa-542f-8122-f41af7e816bf,Western Kenya,0.864862,34.594364,0.867727,34.594437,0.3181,2026-06-28T05:56:55.466764+00:00,2026-06-28T06:46:55.466764+00:00,3000.0,acd1a0f55ca36eb5,B,0,clean
15737f34-4c17-5eb5-9bb0-8cacb0a0e769,6ef47461-c1f7-57ba-8995-b0ceeb02fdbe,7880f6d1-1da2-5113-b657-8b307ac062d7,Coastal Lowlands,-3.558178,39.497465,-3.548562,39.502135,1.1866,2026-08-10T15:56:55.466764+00:00,2026-08-10T17:44:55.466764+00:00,6480.0,15b5e65e629a68a2,A,0,clean
0a89a3f2-3303-5609-9398-00ca94afd689,81c375f9-dbd7-5b18-a4ae-5b2744b5a1cb,0b3270d4-ab2e-53aa-8cc0-87b431863abd,Coastal Lowlands,-3.500854,38.765945,-3.495786,38.768975,0.6554,2026-06-28T10:56:55.466764+00:00,2026-06-28T12:01:55.466764+00:00,3900.0,70d4aaf0a1c6d5c3,A,0,clean
5af0e485-8065-54f0-832d-3a911f758dca,0b489f3d-8ff3-58be-be30-9624915582cc,6b137c83-94d9-5d48-9e30-89bda24c077b,Central Highlands,-0.465841,37.631712,-0.468381,37.632564,0.2974,2026-06-27T15:56:55.466764+00:00,2026-06-27T16:02:55.466764+00:00,360.0,a71b5d44e5d460fb,A,0,clean
1be9d8f2-f6bf-5d0e-888c-5215955650b9,f3c00f8c-d872-5745-a152-fc6ee5223b7a,4f5afacc-3ec4-5c96-b228-2507aade08c1,Western Kenya,0.270367,34.892512,0.270851,34.894492,0.2262,2026-08-05T08:56:55.466764+00:00,2026-08-05T10:01:55.466764+00:00,3900.0,e7fa6588431a9f3e,B,0,clean
9574bfb4-45af-55d0-b0cd-b3489a11871b,7ae53505-6bc1-5426-854b-cc142eb7618b,c69f40fc-e355-5bfe-b083-52a506926ac1,Rift Valley,0.933605,35.000253,0.931498,34.998599,0.2973,2026-07-01T14:56:55.466764+00:00,2026-07-01T16:50:55.466764+00:00,6840.0,4eee4fb7900a6c1e,A,0,clean
19cc9666-9df0-5894-93ec-2ff7095580d0,d11e0b47-4793-5ccb-abe1-5c22d85d933b,92d12425-b5f3-5636-aa25-40f8e01e957c,Coastal Lowlands,-3.044295,38.835556,-3.042717,38.829668,0.6766,2026-08-05T03:56:55.466764+00:00,2026-08-05T05:19:55.466764+00:00,4980.0,51d11a086bd302d5,A,0,clean
b6fbfd37-9c8a-5d96-8ce0-253df6c60652,809f9cb9-cb4b-5b3f-be6d-b0705488d85d,940f2504-f461-5500-8686-264d5b954feb,Coastal Lowlands,-2.182771,39.956249,-2.186759,39.956688,0.4453,2026-07-03T17:56:55.466764+00:00,2026-07-03T19:38:55.466764+00:00,6120.0,67a84d59579905bd,B,0,clean
8b0f20ea-f932-5668-9174-78608bd538fa,4da335bf-6757-553e-ab81-c7c97d2ad169,4b311b83-2b71-5068-9402-b9552ba216f6,Central Highlands,-1.175152,36.867962,-1.18074,36.866435,0.643,2026-06-26T19:56:55.466764+00:00,2026-06-26T20:22:55.466764+00:00,1560.0,a111b5b09f68b8a7,C,0,clean
6b367c22-94be-57de-87e5-4af63f1b6973,17dd81f7-9583-5988-98dc-d46229ca6c5e,eff05dec-860f-5967-8213-7426bebda5bc,Western Kenya,0.101565,34.283859,0.102895,34.28303,0.174,2026-07-04T14:56:55.466764+00:00,2026-07-04T16:37:55.466764+00:00,6060.0,80427bd2edaf7431,A,0,clean
d2c260ce-0173-51f9-a3fb-784ebe6a40c8,9df20c70-ac73-501b-b924-5f943f58efd7,b3c5075b-51d5-54d5-a133-18c884dfac15,Rift Valley,0.326877,36.005334,0.328706,36.003747,0.2687,2026-08-13T03:56:55.466764+00:00,2026-08-13T05:36:55.466764+00:00,6000.0,451fcb029fc1ba17,B,0,clean
d9dcd104-2269-5ea3-8c7c-cce574293c03,8c8d8ae1-c2ab-5a04-b48d-1bfb403a5a10,2ed5fb90-db79-5883-b51c-7bb24d1e7889,Eastern Semi-Arid,-0.35965,38.221059,-0.363949,38.223384,0.5426,2026-06-25T14:56:55.466764+00:00,2026-06-25T16:07:55.466764+00:00,4260.0,ca07cc0dac470d53,C,0,clean
5175bbba-bb5b-5cd2-a22e-e038fdf62f16,f14de7b6-4a55-54d8-8af1-4537f1af747f,ba68fa7f-5f35-5011-a91d-045282c8b8bf,Central Highlands,-0.677949,36.898639,-0.679125,36.899742,0.179,2026-06-26T11:56:55.466764+00:00,2026-06-26T12:09:55.466764+00:00,780.0,63069d900e820e4a,C,0,clean
30c7de0d-b146-5675-9e56-3f391c54bee3,6a044a08-cf1e-592f-bb3c-5477ef4659ee,a8e03211-57e0-5cfc-a5d0-78793c47da7c,Central Highlands,-0.534584,37.641122,-0.532371,37.645848,0.5793,2026-07-13T12:56:55.466764+00:00,2026-07-13T14:27:55.466764+00:00,5460.0,64e518f0ef7bc360,B,0,clean
345f8d07-e510-5fd5-b619-bf1bedfba399,b82b24f8-930d-5b48-9e1b-45d6deebf798,a3605e14-9d9e-5c94-9838-cf10bbf1b185,Western Kenya,1.142631,35.192264,1.142583,35.1932,0.1041,2026-07-02T14:56:55.466764+00:00,2026-07-02T15:11:55.466764+00:00,900.0,8b9b50fb3d34a6ce,C,0,clean
7195d70c-bb5c-52cd-a563-db60627cf716,43e65a80-b1fd-5e34-bc03-3cbba1e39dda,9698e9f8-1ec6-5c75-b810-f165c4c51cec,Coastal Lowlands,-2.932314,39.208725,-2.927986,39.214704,0.8193,2026-07-21T05:56:55.466764+00:00,2026-07-21T07:01:55.466764+00:00,3900.0,5e5b3b3bcedde33e,D,0,clean
36cfb6c2-fb4b-52e1-8296-a9e5ca1c0483,759f81af-9cdf-59b3-928e-dc2445e8ac3e,8c46b8e9-c48f-51ed-989b-0c09871f3ccc,Eastern Semi-Arid,-0.276848,38.784818,-0.277768,38.781243,0.4097,2026-07-23T16:56:55.466764+00:00,2026-07-23T17:09:55.466764+00:00,780.0,7ea7fa33ad4d295f,B,1,duplicate_image_hash
89500bf7-d847-56f1-b518-90c30568d157,90edd55f-b407-5c24-af21-39cead568bd0,43566b71-1403-5d14-8a0b-b04fee8e8df9,Rift Valley,-0.122181,36.248181,-1.622181,38.248181,277.5,2026-07-27T13:56:55.466764+00:00,2026-07-27T15:45:55.466764+00:00,6540.0,bf26b9e96a6c723c,C,1,gps_geofence_breach
05f1de2b-ee8f-542f-a24f-59a30c1fa9c8,a7db4357-c855-5633-81e4-ed7247635075,a7e16839-9d12-5ada-9831-98d59a4359b1,Western Kenya,-0.424545,34.967248,-0.428121,34.962224,0.6845,2026-08-10T04:56:55.466764+00:00,2026-08-10T05:33:55.466764+00:00,2220.0,666eb2385b93879a,B,0,clean
16a85887-a334-553a-ad33-2f9341060f37,18e0ff07-e127-5962-b3a5-1b25380e53b7,b6e5f0f0-93c4-570c-b065-745faebeb97d,Western Kenya,0.424068,35.133234,0.419001,35.134485,0.5793,2026-08-05T16:56:55.466764+00:00,2026-08-05T17:18:55.466764+00:00,1320.0,42e12c006642839e,C,0,clean
1f9277e6-400b-566f-a4e2-a55dcaff350c,80e3ae1d-5a4a-5b71-98f7-42ecdafc2252,1d149bd0-7ebc-5db4-bfd4-98230b2586f3,Eastern Semi-Arid,-1.503405,38.396086,-1.503616,38.393869,0.2471,2026-07-16T13:56:55.466764+00:00,2026-07-16T15:05:55.466764+00:00,4140.0,9acdec34ba15b3e4,B,0,clean
c16d2791-01f0-57cc-8227-2fdd9e7f603e,55fa19bf-23b5-5eec-ba7a-4e70d67cbda7,6d4e672f-6c9c-5b08-976c-241670b24c3a,Coastal Lowlands,-2.291941,40.120824,-2.291348,40.123203,0.2722,2026-08-02T10:56:55.466764+00:00,2026-08-02T12:17:55.466764+00:00,4860.0,28e5fe41ec4edc19,B,0,clean
95bb3581-0aeb-5b8a-b33e-6178443bcf24,67ad044c-f795-54a2-8aae-db10224019f8,47a32f35-3408-5e83-adac-f15774ffb695,Western Kenya,1.185612,34.7651,1.186501,34.762566,0.298,2026-08-07T02:56:55.466764+00:00,2026-08-07T04:40:55.466764+00:00,6240.0,b26889b1e9611ec0,B,0,clean
3287c378-7c62-5c05-b8f2-895469948eca,94c3201c-a826-5ab2-a959-75d010c40c38,90288ab7-2d16-5925-9606-9f773d08e7d1,Central Highlands,-0.485098,36.870803,-0.482885,36.865022,0.6871,2026-08-17T00:56:55.466764+00:00,2026-08-17T01:08:55.466764+00:00,720.0,4a0f5facaa80b696,B,0,clean
c7e3be38-8c73-589e-bb27-9ad7ecf1dcd5,b5c4959b-7fce-5bc1-b516-9a2c49898e1a,36ec2546-2ee7-5781-afba-572ac88d8d5f,Coastal Lowlands,-2.321639,38.832543,-2.320173,38.834505,0.2719,2026-08-04T10:56:55.466764+00:00,2026-08-04T12:34:55.466764+00:00,5880.0,850c91fd04b02abe,A,0,clean
432aca3c-3025-5696-aa38-0435cf6d0697,78d0a400-abad-548f-b558-e88a36b460b9,05ac455f-0293-5036-abf9-62cd4d8cb163,Coastal Lowlands,-4.07607,40.447348,-4.076481,40.446259,0.1291,2026-06-23T19:56:55.466764+00:00,2026-06-23T20:57:55.466764+00:00,3660.0,db18531197ed9370,B,0,clean
5e412dde-70e2-5263-bb12-e5b1979b07de,b0f3b7c3-a542-5364-8955-4935ed4db19e,00522069-f004-589a-af25-e8612a19b06d,Coastal Lowlands,-3.486628,38.809195,-3.491117,38.809723,0.5016,2026-08-10T19:56:55.466764+00:00,2026-08-10T21:28:55.466764+00:00,5520.0,2f27ae3eb5b05351,B,0,clean
6bce2806-542a-5e67-9abf-c845453efd71,6c85478b-9e07-5fd4-be87-10f043140a94,98d45d9d-ab60-575d-9750-5622dd82dcb5,Western Kenya,0.414391,34.244562,0.419032,34.243891,0.5205,2026-08-11T17:56:55.466764+00:00,2026-08-11T18:13:55.466764+00:00,1020.0,ac6b3e63d0da7edc,A,0,clean
1eb29fb6-7dda-57be-aca1-64475af0335b,3e1ed9be-6bf5-56c3-9742-c60c1ed23345,315220a1-59ef-5743-b92d-5615811dcab3,Rift Valley,-0.910054,35.73741,-0.911246,35.738678,0.1932,2026-08-02T20:56:55.466764+00:00,2026-08-02T22:23:55.466764+00:00,5220.0,880378f752efc4ca,D,0,clean
d3e5d08b-4572-5909-b571-69f47d515a84,d071ecae-881e-5368-bc1b-9578efd05fdb,4aa4c9bc-988e-5c75-9b10-32a728daa351,Coastal Lowlands,-2.742263,40.380773,-2.744687,40.381975,0.3004,2026-07-22T19:56:55.466764+00:00,2026-07-22T21:20:55.466764+00:00,5040.0,51e838f125955e3c,A,0,clean
3d14f092-dc1d-5781-9ca2-22263a937d56,3dbd3225-a5ec-5c7f-a44b-fcee4091c9f3,db37a900-52db-5ada-870d-b2f0944e663e,Coastal Lowlands,-4.397893,40.400992,-4.398286,40.407507,0.7246,2026-07-12T16:56:55.466764+00:00,2026-07-12T17:18:55.466764+00:00,1320.0,f74eaaac829097ab,B,0,clean
09cc6dc2-b124-57b1-a6e8-36ea334ba5c4,43953799-ad7e-5560-8818-d579f497465c,4bbe86c5-1c76-5aeb-bb5b-4d6fb3395e7b,Coastal Lowlands,-3.456977,39.59044,-3.457425,39.590435,0.0497,2026-08-08T11:56:55.466764+00:00,2026-08-08T12:57:55.466764+00:00,3660.0,cd305c542e7c8cd6,A,0,clean
1a6c5556-e938-55f3-9a18-2bfae0930f1b,90e84781-6a4c-5a42-a9a2-6594cc561cae,5fbb762b-94a0-5a3e-b1f3-b208407f8230,Rift Valley,1.05991,35.674878,1.059591,35.675983,0.1277,2026-07-26T03:56:55.466764+00:00,2026-07-26T04:56:55.466764+00:00,3600.0,2dafcbed35d87c65,A,0,clean
f69495af-d56c-5dfa-be7a-b65b603cbfe4,ba323f80-befe-5ca6-84c9-e71368025f1d,f4b92775-3729-595d-9099-dd029f35dc09,Eastern Semi-Arid,-2.382426,38.684273,-0.882426,36.684273,277.5,2026-07-27T07:56:55.466764+00:00,2026-07-27T08:22:55.466764+00:00,1560.0,11be2834d3cdee18,B,1,gps_geofence_breach
bda7b323-a8ce-5029-a2eb-becc8ec3cf57,d7110e26-6f3f-5e24-8e10-52e9c508f072,e6040cee-1500-5c43-8636-f3a5447d3526,Rift Valley,-0.302089,35.740242,-0.297527,35.73674,0.6383,2026-07-17T01:56:55.466764+00:00,2026-07-17T03:50:55.466764+00:00,6840.0,1ca8e033dbf63202,B,0,clean
0a651028-5ef7-5793-9c6e-48fecccaec0f,c6aa4687-94f5-52f2-8dda-300ddd65398b,a70f18ee-9f00-5786-a47e-3561c0ef5a37,Eastern Semi-Arid,-0.942937,38.269804,-0.940924,38.271879,0.3208,2026-07-11T12:56:55.466764+00:00,2026-07-11T14:05:55.466764+00:00,4140.0,15052fc65a40e5bc,A,0,clean
8bb40582-1690-5a8c-aa26-272aaac5e512,22e3c3d7-588a-5676-a132-26c941326f96,71631cd4-b26d-5904-91f6-dd98321976ae,Eastern Semi-Arid,-1.530798,37.893374,-1.530786,37.889851,0.391,2026-08-08T18:56:55.466764+00:00,2026-08-08T19:02:55.466764+00:00,360.0,918fc40b0c70fc0c,C,0,clean
0baec729-8cd4-58e8-bba8-07a513848b3b,4fef9073-d12a-507b-a24f-d21d7a2ffec0,8597c8de-fe48-57e9-88ec-da5b2c09e50d,Coastal Lowlands,-4.169988,38.603933,-4.172109,38.603322,0.245,2026-08-08T04:56:55.466764+00:00,2026-08-08T06:46:55.466764+00:00,6600.0,d48da8ec3cb60387,D,0,clean
92abfb24-32bd-5d29-8f83-2f8e2d5f33d3,ca5698d1-aab1-5699-99d3-5725233c4463,16645bcb-96d6-5788-bac8-118a5ceabf11,Eastern Semi-Arid,-0.992485,38.437299,-0.985855,38.435993,0.7501,2026-07-12T06:56:55.466764+00:00,2026-07-12T07:15:55.466764+00:00,1140.0,eaa5c2ea1d780133,B,0,clean
61cebd39-87fd-5712-a0e2-817050f1c643,47d7233a-154d-5ae8-80e2-1d24d12812c0,e6eee381-e205-5d61-b3fc-3f44af871393,Western Kenya,-0.090318,34.958912,-1.590318,36.958912,277.5,2026-08-16T03:56:55.466764+00:00,2026-08-16T04:21:55.466764+00:00,1500.0,071124317e974b96,C,1,gps_geofence_breach
0e34fa94-69e9-54d9-887d-e0bfeb11c68d,b02f8ec0-abe4-562c-92df-2c55b03d56f2,e3af7cc8-0808-569c-9809-217e4223d89b,Western Kenya,0.945586,34.488074,0.948548,34.490868,0.452,2026-07-30T23:56:55.466764+00:00,2026-07-31T01:35:55.466764+00:00,5940.0,40c5cd73043794f8,INVALID,1,invalid_classification_tier
0ca63915-6e4f-58b8-a0c3-1a53425cf108,c9195083-86ea-53ef-903e-db55ca65d18a,b7c2971c-ae40-5903-ac07-03ff31a09ca4,Central Highlands,-0.595086,37.142306,-0.594346,37.144307,0.2368,2026-07-03T02:56:55.466764+00:00,2026-07-03T03:52:55.466764+00:00,3360.0,93a9d21580ab3852,D,0,clean
058a27c2-14be-56f4-a1c7-9233f1d6dc7f,6f833cc4-bd93-5c08-aa0f-597c90b940dd,3fe7a0e2-75cf-5496-9553-11e08fbb01cd,Central Highlands,-0.013171,37.665716,-0.012351,37.669152,0.392,2026-08-01T08:56:55.466764+00:00,2026-08-01T09:20:55.466764+00:00,1440.0,9aa8d17f26d62ce6,B,0,clean
07ebd691-4140-5560-8fe9-2997e9a54877,fffe4e81-2cb1-5484-b2c2-a77db62ca48d,daaa53b1-ddfa-5ebf-b788-91853e446457,Central Highlands,0.205886,37.227086,0.203381,37.225507,0.3287,2026-08-11T06:56:55.466764+00:00,2026-08-11T08:32:55.466764+00:00,5760.0,06fddfe9a26f8183,B,0,clean
648bd30c-ca2a-5681-8d40-41c07a6673a3,e3421e7b-67a6-53da-835f-49927e56fe14,e91861a9-02ef-54e2-852f-07746ab5f6f1,Western Kenya,-0.302272,34.278909,-0.300472,34.276917,0.2981,2026-08-16T01:56:55.466764+00:00,2026-08-16T02:46:55.466764+00:00,3000.0,a721b7ae3f128188,A,0,clean
b5856ce0-9054-5810-af9b-0e17706556f1,8e00d057-a768-5fb7-b57c-786e72f32fea,48e6ebdd-121a-562b-b078-d65316b18849,Rift Valley,0.405554,36.429173,0.405501,36.427753,0.1577,2026-07-26T04:56:55.466764+00:00,2026-07-26T05:46:55.466764+00:00,3000.0,0cb1fa3778a17872,D,0,clean
28e51acb-71df-5981-b141-bc847c385b32,91a5515c-3e4a-58c5-97e7-da3a47183431,2d80bec9-6f45-531c-96f4-e5f8789d9d88,Central Highlands,-0.76227,37.098408,-0.763298,37.098958,0.1294,2026-08-15T05:56:55.466764+00:00,2026-08-15T06:32:55.466764+00:00,2160.0,81f8686259430136,B,0,clean
d48ef24a-453d-5063-b8c4-c63ae129c3d8,c396e498-7ec1-5d84-b087-0fa2cc426cfe,8b9634b2-6035-515f-b470-71c3e56db02b,Eastern Semi-Arid,-0.842522,37.205635,-0.849179,37.20216,0.8336,2026-07-06T03:56:55.466764+00:00,2026-07-06T05:17:55.466764+00:00,4860.0,0122f36dd87e64b1,A,0,clean
887802b3-30fb-58df-bfd3-f286dfecb114,b6ca571c-930b-55ce-8fb1-e85a0df29e5b,ae907f24-f776-5eb4-8129-c974983718b4,Central Highlands,-0.347211,37.437079,-0.347702,37.435043,0.2325,2026-08-15T14:56:55.466764+00:00,2026-08-15T16:38:55.466764+00:00,6120.0,f3cee6892d3557f0,A,0,clean
09665ab6-95c8-57fe-ba85-b558586d4907,a83b4e8d-87a8-50a5-9094-40212b9a43ec,14dd0915-d367-5c4a-9ff0-d8009d00ce80,Rift Valley,-1.088538,35.139235,-1.083419,35.143418,0.7338,2026-07-16T23:56:55.466764+00:00,2026-07-17T01:23:55.466764+00:00,5220.0,ae99ae27ddf0714b,D,0,clean
f0d6affb-3e25-5c88-b348-89cb977ec322,bbb2ec3c-6e69-5c42-831b-fb2ae1655ff7,30a07758-24e4-5569-a800-6db8f20db113,Western Kenya,-0.431892,34.260877,-0.4321,34.260413,0.0565,2026-07-18T05:56:55.466764+00:00,2026-07-18T06:16:55.466764+00:00,1200.0,99044004ee921751,C,0,clean
855635cf-ea4e-5a0d-9b97-7f4a49a6a213,b998b99d-2b8c-5b98-a4a7-64271b8b90f1,b4746351-d91a-5abe-a2cc-71d918151a99,Western Kenya,-0.239538,34.842664,-0.238702,34.846122,0.3949,2026-08-03T15:56:55.466764+00:00,2026-08-03T16:21:55.466764+00:00,1500.0,b9b743e01f4bc767,A,0,clean
aacba5b6-b39a-5ac5-b7b1-c509b31c0259,4afd9a8f-bc0f-578f-8fe3-9580d449ab1e,ea077e24-32a9-5dbf-809c-def3771e4850,Central Highlands,-0.716814,37.51595,-0.715458,37.518208,0.2923,2026-07-13T13:56:55.466764+00:00,2026-07-13T15:44:55.466764+00:00,6480.0,5da7cb4f6608e85f,B,0,clean
7319ec18-35f9-5a7a-99d8-b65aa4755c6d,99f19bb0-4b95-5194-8c4e-185817584361,3bed6ebe-6b17-51c5-9ea1-6857680a6140,Western Kenya,0.058946,34.150161,0.058168,34.151552,0.177,2026-07-07T06:56:55.466764+00:00,2026-07-07T08:01:55.466764+00:00,3900.0,684224f56587e9fd,A,0,clean
22eab1ba-b196-5e4e-bc86-364c41ffa0f2,710b2854-ec5e-5628-b759-032846f1ef63,600233c2-3265-543e-996e-3fd21020af1d,Western Kenya,0.758011,34.558589,0.758589,34.560035,0.1728,2026-07-01T11:56:55.466764+00:00,2026-07-01T12:31:55.466764+00:00,2100.0,9523310b4def380e,A,0,clean
90d5bf9c-fef3-5d48-ace1-6fc750aee5d2,de26b97a-06ec-509e-99e4-b50bf87b0429,fc63bede-3019-56f2-8680-5b52ad210d50,Rift Valley,0.802118,36.27837,0.799452,36.277217,0.3225,2026-08-18T11:56:55.466764+00:00,2026-08-18T12:45:55.466764+00:00,2940.0,97407f24c74746ab,C,0,clean
50d0735c-de2b-5ffb-aabb-cf3ca6b4a1ab,303447d5-2aef-59c9-a101-52b88d68cbfb,f3697a94-6ea6-5f92-bf77-3878d8c011de,Eastern Semi-Arid,-1.750184,38.491544,-1.749512,38.492088,0.096,2026-07-26T19:56:55.466764+00:00,2026-07-26T20:10:55.466764+00:00,840.0,199a9ecddbbaf11b,A,0,clean
58fd3f2e-e3ce-5b2e-996c-4c29f8fda51e,3ae3e1f8-d63a-5454-9163-19040c83f194,90180040-0985-5ed0-a6af-ca9a6c3cbef3,Eastern Semi-Arid,-0.036763,38.467144,-0.035085,38.47045,0.4115,2026-06-29T15:56:55.466764+00:00,2026-06-29T17:51:55.466764+00:00,6900.0,56f569caab1dca81,A,0,clean
707b1da4-2ca3-5b73-b78f-283bb05b40f1,52bb89d4-e261-5463-beeb-88ef0ddc555c,bcc33b6e-627f-519b-8801-822ed5cc9ce6,Western Kenya,0.735948,34.541136,0.737423,34.540049,0.2034,2026-06-24T03:56:55.466764+00:00,2026-06-24T05:31:55.466764+00:00,5700.0,661eab5c60ed3fb7,D,0,clean
af4a5c75-6f3e-5403-aafc-d8063829f1e5,370c2deb-a943-5695-8d3d-413a8eb45d51,61cbf967-ae55-5fe9-9c6f-277c8a610043,Eastern Semi-Arid,-2.281801,38.24148,-2.27821,38.248309,0.8565,2026-07-28T19:56:55.466764+00:00,2026-07-28T21:00:55.466764+00:00,3840.0,13951b5aaa078ce0,B,0,clean
63cd2279-a05b-5d8d-b0bf-0416243114ad,52d618f0-821b-5fe0-80cd-5d8767035f2e,e1552303-257d-594c-b136-89f3dfe1d287,Western Kenya,-0.15975,34.982884,-0.16278,34.98403,0.3596,2026-08-04T10:56:55.466764+00:00,2026-08-04T12:35:55.466764+00:00,5940.0,aef1ad63dc31490d,C,0,clean
4952f318-a312-50a3-84cd-32d28c1311ff,02c9a0da-8afc-5726-8f53-cd6b76697f8d,4670c779-5f2d-5959-84d2-54fe44ab727a,Eastern Semi-Arid,-0.939281,38.688011,-0.938625,38.693783,0.6449,2026-07-11T10:56:55.466764+00:00,2026-07-11T12:47:55.466764+00:00,6660.0,70456e39b6164ca2,C,0,clean
54599c5e-36d9-5e45-a61e-3aab997c57bc,20945eca-5aa2-5047-b4d6-90ee4bb01afe,6e7a917c-467f-580b-aad4-13fccf129efc,Central Highlands,-1.16506,37.546207,-1.163923,37.545813,0.1336,2026-07-20T00:56:55.466764+00:00,2026-07-20T02:45:55.466764+00:00,6540.0,21f65794a4b63160,C,0,clean
7bcb890b-3c87-5d09-bf17-b16465cdf570,7b505990-29c2-59c3-a32a-a05eab7507de,c81ec6a3-89fb-525e-b481-b04a4b6d9c7e,Western Kenya,0.115707,34.586998,0.116843,34.591867,0.5549,2026-07-11T06:56:55.466764+00:00,2026-07-11T08:40:55.466764+00:00,6240.0,cd86cb147cbc27ff,C,0,clean
8519932a-3c46-5827-9245-89615f62f768,ec7c1668-36f8-5017-be56-7abb44b8eb98,6c354f75-7805-5b97-89e2-404b4bb7f073,Central Highlands,-1.385955,36.647952,-1.382078,36.649004,0.4459,2026-08-05T08:56:55.466764+00:00,2026-08-05T10:07:55.466764+00:00,4260.0,7d359007848eeac2,C,0,clean
949a9d85-41c4-595d-b59a-4fe53d8b1b7d,381a865d-6c9e-5e81-91f9-6eddb96d84f4,ff9be028-7130-52cd-8fef-3ad0a1aedd51,Central Highlands,0.016815,37.768751,0.017824,37.768278,0.1237,2026-07-11T09:56:55.466764+00:00,2026-07-11T10:20:55.466764+00:00,1440.0,da34d1c3ed0207b9,B,0,clean
e5c4383f-de17-5ca8-9c02-2cbd8ad1ad82,9e81a13e-8715-5241-a7f4-9ac4cdefdea8,a594976d-02f9-571c-9b9b-c9773a1f1041,Coastal Lowlands,-3.502173,38.637366,-3.501498,38.64065,0.3721,2026-06-24T17:56:55.466764+00:00,2026-06-24T19:52:55.466764+00:00,6960.0,cbc47ea4135ba5ac,A,0,clean
6f6d94c2-33f7-59d1-98b3-762beeeb14d9,fa10d06d-45c4-5ac9-a87a-d946a2463bc6,1931ba95-058b-5f3d-8f30-e6e63db47cb5,Eastern Semi-Arid,-1.747664,38.505726,-1.746857,38.505011,0.1197,2026-06-30T07:56:55.466764+00:00,2026-06-30T08:43:55.466764+00:00,2820.0,4577fae40a06bfbd,D,0,clean
14e07074-a2be-5dac-a654-d4cd327c6bf7,30e8dc06-ad37-5088-9e57-aadd94fa7cc0,ff850ab5-b00c-5ede-ae45-5b2b9866f9a9,Coastal Lowlands,-4.430425,38.602508,-4.431169,38.599967,0.2939,2026-08-18T05:56:55.466764+00:00,2026-08-18T06:27:55.466764+00:00,1860.0,b9f4e32a9ed9404e,B,0,clean
d33923e9-8cd2-50fb-8280-c8af4031a002,57c03eb5-5ca3-5f26-8ba3-ccc3f77769a8,f2109ffd-b719-5790-866d-ea8d119ff516,Coastal Lowlands,-3.926285,39.86383,-3.924195,39.86505,0.2686,2026-07-15T18:56:55.466764+00:00,2026-07-15T20:09:55.466764+00:00,4380.0,9da3018a1b4bb2d8,D,0,clean
aeca6c3b-5d15-5a72-9bfb-e835716a6cdd,7d6ecc3f-aec1-55e5-a63f-b88af3e70829,c97e372f-fa2b-5e4b-9ab2-0bccca667604,Rift Valley,0.784351,35.12003,0.78813,35.117156,0.527,2026-07-02T16:56:55.466764+00:00,2026-07-02T18:33:55.466764+00:00,5820.0,18a21d75aa2bfcdb,D,0,clean
1f307b35-45bd-5c43-841c-a80456fa089d,ac589c06-6e60-5ebd-a374-5e5a593fecb9,d7f26643-8755-592f-a6bc-3609cc03f6fa,Rift Valley,-0.551182,36.228125,-0.54723,36.229505,0.4647,2026-08-12T14:56:55.466764+00:00,2026-08-12T16:03:55.466764+00:00,4020.0,d3cac4aab6c726d0,C,0,clean
46ba5fdf-cb48-5b8e-8206-6a9f6842ff30,34245b7d-6fca-5555-ab94-6f67dae5b1b8,2f644d77-2a9d-5f56-97cc-348595bca40a,Central Highlands,-0.543913,36.752055,-0.542756,36.756322,0.4907,2026-07-16T13:56:55.466764+00:00,2026-07-16T15:12:55.466764+00:00,4560.0,a69764af308421c1,B,0,clean
edcf8fbc-4597-5036-b731-b5a094f3bef6,94f75351-ff88-5917-a039-19396cb2a0d3,41f9ad7f-4562-5501-aa35-4f021e9c7fba,Rift Valley,-0.87494,35.889151,-0.874765,35.888913,0.0328,2026-07-20T15:56:55.466764+00:00,2026-07-20T16:25:55.466764+00:00,1740.0,a4bd6903337e38ae,D,0,clean
d6783fe2-ca1a-537b-bf03-8765590854a3,e59e76c7-260f-510b-92ea-a05dc7b9b4da,4509b4bc-bc8c-55d8-b101-1b109e3cf7e0,Central Highlands,-0.817153,37.71512,-0.818621,37.715055,0.1632,2026-08-10T14:56:55.466764+00:00,2026-08-10T16:26:55.466764+00:00,5400.0,f7ed7d7c67492f60,A,0,clean
742985cb-cfe6-5518-912e-079a2bd82b90,3fea75fc-a3ec-524f-bf25-1622e24c4c30,e2345a51-454f-5a4b-bb0b-b43cbcbe8a33,Western Kenya,0.081727,34.252804,0.084561,34.25347,0.3231,2026-07-01T03:56:55.466764+00:00,2026-07-01T04:12:55.466764+00:00,960.0,1902f499a03cf0e0,B,0,clean
4a5bef0b-3488-543e-b450-9a560008e4d4,69f21a8b-2481-5e46-936a-07facb803c5e,fd581aa2-c5c0-5489-96b7-43c620c6f086,Coastal Lowlands,-2.087274,39.23394,-2.089158,39.231858,0.3117,2026-08-08T16:56:55.466764+00:00,2026-08-08T17:48:55.466764+00:00,3120.0,9d6ddd560e99979a,A,0,clean
630cbbeb-2377-5a31-9799-dd180fecc55f,68b52da6-da87-57bd-82e6-170a2f4dbced,01ead88a-3c43-5564-b1b3-db06a6e9d8dc,Western Kenya,0.116785,34.059668,0.119853,34.053893,0.7259,2026-07-29T07:56:55.466764+00:00,2026-07-29T08:14:55.466764+00:00,1080.0,cb41061b202b456b,B,0,clean
ab905bc5-db60-5997-aa05-9470d78f4479,0be04636-150c-5d94-a257-0bc98f3c3260,7993b49a-a0f1-5391-b0e1-bf4ab2964d6b,Central Highlands,-0.661894,36.72731,-0.658976,36.726717,0.3306,2026-06-24T07:56:55.466764+00:00,2026-06-24T08:03:55.466764+00:00,420.0,cccd3ccbcd9bb93c,B,0,clean
366c1f77-69e4-55d5-86c9-7cad1138d160,7b17fff4-e11f-56dd-9e70-bb6a0b43ff45,6b224d3d-c1d4-511d-906b-833c15a4738e,Eastern Semi-Arid,-0.507251,38.070146,-0.508181,38.070075,0.1035,2026-07-15T01:56:55.466764+00:00,2026-07-15T02:56:55.466764+00:00,3600.0,6a254d9c3511f2d1,B,1,duplicate_image_hash
dc858b34-3b2d-5c55-8d5a-07468bf3b169,1a147014-77e4-5e46-b90e-2c19b9aec8a7,327f64ca-2493-568d-a28e-3056fd5f75f0,Western Kenya,1.148717,35.026505,1.146378,35.024319,0.3554,2026-07-02T21:56:55.466764+00:00,2026-07-02T22:48:55.466764+00:00,3120.0,3dca9ceb654fc854,B,0,clean
1edd53a1-b8fb-5463-84b2-0386f378faa0,719e2e87-8d04-5b50-8064-099a59ecdec2,85793c88-f637-5245-87dd-c30a481e2eb4,Western Kenya,0.084435,34.400352,0.083554,34.398376,0.2402,2026-07-19T19:56:55.466764+00:00,2026-07-19T21:37:55.466764+00:00,6060.0,0a0eb559b3520311,C,0,clean
0a0720a9-9b9a-58f7-bd3b-6beb9ae9ef96,8068f436-cb7b-5cda-ab3f-68e9a36ddc66,1261bcec-c02d-5d6c-83fe-9ded2f2f213f,Western Kenya,1.143021,34.334758,1.144056,34.333926,0.1473,2026-08-10T01:56:55.466764+00:00,2026-08-10T03:15:55.466764+00:00,4740.0,8ec87bea920478d8,B,0,clean
7b5bc351-768f-5bea-989d-d8b2f66bd27d,da4158a1-fe39-5dc6-bbbd-982f5d93cc17,95186cad-8bdc-5915-b87b-f5ae322fe552,Coastal Lowlands,-4.594937,39.204818,-4.599711,39.203789,0.5422,2026-07-18T05:56:55.466764+00:00,2026-07-18T06:25:55.466764+00:00,1740.0,db440461153f34e3,B,0,clean
bcc8cbdd-65de-5257-89f4-1d38da2a07bf,2f44c3ea-c0d7-5357-9e98-8dba7679cb53,d7a2b034-2b4f-5794-a468-87f5b19a8f35,Eastern Semi-Arid,-0.464842,38.269826,-0.468299,38.269324,0.3877,2026-07-18T00:56:55.466764+00:00,2026-07-18T01:40:55.466764+00:00,2640.0,a6f654e78978e3a0,B,0,clean
54c07dff-5276-5312-8869-92c5c2973ca8,853b6b00-317a-5b22-b981-ef5ea5d25130,7c5399ad-7ddc-5a34-b669-d55d1ac9ade5,Central Highlands,-0.163718,36.837414,-0.16733,36.840309,0.5138,2026-08-19T18:56:55.466764+00:00,2026-08-19T19:32:55.466764+00:00,2160.0,5c36d1872a34181a,A,0,clean
f1a8836c-6190-5e15-9d91-7cb42f0bcbde,b1fcbbc5-94b5-57bf-9dd7-ecefa3b10300,2fed7380-5f76-5c5d-a0de-65ead53128e0,Central Highlands,-0.113533,36.979857,-0.109654,36.978119,0.4717,2026-08-11T19:56:55.466764+00:00,2026-08-11T20:47:55.466764+00:00,3060.0,ffb12d07c52b2382,A,0,clean
01403635-7a01-5ab3-a4d3-dfd309582089,ce82e6fd-16d1-5ed0-90fd-1006f0d6d2ca,a5d4f55d-0962-5904-a616-58209da024e2,Rift Valley,-0.271981,35.432246,-0.275526,35.428789,0.5497,2026-07-27T13:56:55.466764+00:00,2026-07-27T14:38:55.466764+00:00,2520.0,97fa878d51970905,B,0,clean
f6fb02ca-63f7-5720-af12-6da0fef66cb4,fa635f12-67c8-5dff-b387-04bcbba9ab20,4e000a97-cd94-5d17-942b-f6034dc685e2,Central Highlands,-1.310028,37.709241,-1.308019,37.711385,0.3261,2026-07-04T14:56:55.466764+00:00,2026-07-04T15:25:55.466764+00:00,1740.0,4ba76e5457c40719,A,0,clean
21fa13a1-952d-59d9-8ea2-2a867e4a5508,cf12cb57-ef29-563c-813d-e92f3139cb87,16848e99-bdfc-569d-8abe-41a5a897cfb7,Central Highlands,0.165047,36.972428,0.168892,36.96651,0.7834,2026-08-03T10:56:55.466764+00:00,2026-08-03T11:29:55.466764+00:00,1980.0,541114150f756168,C,0,clean
06a833ae-ce85-53c9-9b7a-bb8b88f6889a,1b4cb39e-f96d-57d3-b4d3-151c82155c10,2663fa75-8d05-50be-94d0-efcb578b70d1,Central Highlands,-0.788508,36.726224,-0.785491,36.72521,0.3534,2026-06-23T13:56:55.466764+00:00,2026-06-23T15:50:55.466764+00:00,6840.0,353fbaed307538b0,Z,1,invalid_classification_tier
c48edde5-c56a-52b3-9801-93867e5ade5f,391efbba-c625-5cdb-994e-92163f2c4432,24b5961f-917b-5d9d-98d8-4f31f03b8bc0,Western Kenya,0.36955,34.5998,0.366472,34.604242,0.5999,2026-07-08T21:56:55.466764+00:00,2026-07-08T22:36:55.466764+00:00,2400.0,5e84d0fcb5413f30,B,0,clean
9d3de110-e1f8-5f8c-8467-f92835200dfa,ea10e1c4-f55e-51a4-afe8-392df3a8a691,d31240e5-9224-515e-87ef-400f872b8fa8,Central Highlands,-0.704127,37.698205,-0.70612,37.697597,0.2312,2026-08-09T23:56:55.466764+00:00,2026-08-10T00:26:55.466764+00:00,1800.0,3d6c0396e68bffa7,B,0,clean
58faf8d5-4825-5425-ae37-8396d6c0b84a,78034b3f-d4eb-50f1-a594-915df9900389,b27c4b27-3566-50b9-aa29-23dffc52bede,Rift Valley,-0.549898,35.146585,-0.55558,35.143813,0.7018,2026-08-12T16:56:55.466764+00:00,2026-08-12T17:13:55.466764+00:00,1020.0,473d3ade069a7fac,B,0,clean
92497763-f428-5c90-8b7c-0ccc367a9db6,fef5d129-6655-5c6d-9309-0af48c64d499,b7d2e923-d29b-5cae-897b-fbc9f0a92570,Coastal Lowlands,-2.854662,39.026084,-2.856204,39.024719,0.2285,2026-07-15T01:56:55.466764+00:00,2026-07-15T02:32:55.466764+00:00,2160.0,82908df729da853a,B,0,clean
f582839e-0d83-5a48-a322-c119b4778a75,da6210b4-a595-5933-93e3-166032fe75e1,2456c41d-f760-5871-8f0b-384b44ec680c,Coastal Lowlands,-2.206636,39.888522,-2.205308,39.890255,0.2423,2026-08-11T01:56:55.466764+00:00,2026-08-11T02:09:55.466764+00:00,780.0,9b7974e5cb1775d8,D,0,clean
03bf1a35-3e3c-5468-b7f8-77eda1d6025f,7f4654d2-02cd-5af8-8e3b-d4b72505c16d,f7f6902c-c07b-5814-b452-bd6632db19f7,Coastal Lowlands,-3.488209,39.797255,-3.488789,39.794508,0.3116,2026-08-08T14:56:55.466764+00:00,2026-08-08T15:34:55.466764+00:00,2280.0,03469151bee94d62,B,0,clean
414ce9fc-9915-59bf-9cbc-64f04898b0bf,07652566-750a-5308-a972-7c80a8b6a0ca,6ad9f059-5d2b-52ab-b65a-994ddbd5f834,Western Kenya,0.337249,34.485729,0.330506,34.487109,0.764,2026-07-03T16:56:55.466764+00:00,2026-07-03T18:43:55.466764+00:00,6420.0,19c9c743ef299e28,B,0,clean
a4e9bff0-f1d9-5dc2-8291-3ec485e467fe,8b276c1e-d272-5dc1-9601-9c8bb69a434e,a3cf5eb4-488d-532f-86cc-91e8152d42b5,Western Kenya,0.199843,34.440364,0.204925,34.440951,0.5679,2026-07-16T17:56:55.466764+00:00,2026-07-16T19:51:55.466764+00:00,6900.0,c0b28e173a79d7c4,C,0,clean
447d2d28-36f0-54ec-a0a4-672f3f3648e7,907b0ae5-ea72-5f17-ba5c-0aaec83f8f92,c86a3b42-9042-5b40-a2dd-f1b3d2459727,Eastern Semi-Arid,-1.267934,37.985034,-1.269937,37.98245,0.3629,2026-08-08T10:56:55.466764+00:00,2026-08-08T12:30:55.466764+00:00,5640.0,4842bc9f5748ff3b,E,1,invalid_classification_tier
e433cd94-c941-5c65-8824-82a61283ff26,636dfc3d-9a17-51b6-8ec2-5775d5f59096,ca5187e7-be88-5423-b8d5-50031df74671,Coastal Lowlands,-2.85757,39.556284,-2.853092,39.558252,0.5429,2026-07-17T03:56:55.466764+00:00,2026-07-17T05:55:55.466764+00:00,7140.0,fcddc5f4657972df,D,0,clean
6f20eecb-473a-5b33-b836-d0c1c3e9e08b,2db6fd42-bfea-5b2d-9e3b-691f63576462,b3f120a4-b553-50f8-b6a7-9675e18d15f3,Central Highlands,-1.031773,36.881316,-1.029401,36.88263,0.301,2026-07-07T21:56:55.466764+00:00,2026-07-07T17:20:55.466764+00:00,-16560.0,8ec223eeec982d2c,B,1,timestamp_monotonicity_violation
452e0ecb-0dba-5572-bbcb-97f553d34f1f,92c5827a-b76b-5cf7-b3b2-4b3b2cedbe21,c0b57633-d80c-5c2d-817b-5b13d737862f,Coastal Lowlands,-4.325096,40.341984,-4.330309,40.342458,0.581,2026-08-13T10:56:55.466764+00:00,2026-08-13T12:09:55.466764+00:00,4380.0,da864ee6a2d8a4b2,C,0,clean
e1bac5ec-c8f4-5933-b008-534365cdf544,ab56aabc-0a9b-5107-aa3a-e16c88dfda40,86a2eb65-4684-5ff8-95b3-9af2420413cf,Coastal Lowlands,-4.139967,38.610937,-4.136332,38.610648,0.4047,2026-08-09T21:56:55.466764+00:00,2026-08-09T23:33:55.466764+00:00,5820.0,300a91234b98b3e7,C,0,clean
21f7d428-2a69-590e-80c5-5a5aa329628d,63befded-73ac-501b-b657-89a9b1f4c777,808de489-ce54-5afb-9986-a256a8aeccf7,Coastal Lowlands,-3.968562,38.776202,-3.972777,38.777066,0.4776,2026-06-22T21:56:55.466764+00:00,2026-06-22T23:41:55.466764+00:00,6300.0,080d7fc851073aec,A,0,clean
b43cda79-6ccc-52ff-987b-ed4fdd52e1d2,834b005b-64c5-519c-8dc6-9f76d0e0adbd,bbc7a99f-385a-51c1-8c44-ce282b44a38e,Coastal Lowlands,-3.234287,40.414808,-3.235198,40.418263,0.3967,2026-07-24T02:56:55.466764+00:00,2026-07-24T03:59:55.466764+00:00,3780.0,6ccc3d274fb0677f,D,0,clean
95a4bc57-de0d-5819-b69b-d73d0c0d5913,b1135aaf-cdc5-575e-b16c-58bc10bad726,f9c6a9f7-6b09-5f7e-8d69-3179c0a4cbb5,Western Kenya,0.075328,34.957598,0.072624,34.956234,0.3361,2026-07-17T07:56:55.466764+00:00,2026-07-17T08:19:55.466764+00:00,1380.0,b8171509411bf0da,B,0,clean
a54af6f1-0e31-5aad-a2bb-04d9230c05d1,1d94943c-3dfd-540e-8ce5-2950ddf92888,c5702e9c-f86a-503f-a20d-1b0341ffbf97,Rift Valley,-0.249592,35.672704,-0.25575,35.67297,0.6841,2026-07-29T07:56:55.466764+00:00,2026-07-29T09:12:55.466764+00:00,4560.0,059de7af7268ba6e,C,0,clean
d46a3cec-d9bd-596c-9d8f-dca371337bd9,911a428c-ec07-555f-86de-37de8f292be9,17ab2bf9-6d6b-53dd-a2f7-1f85017b81cf,Rift Valley,-1.010415,36.467464,-1.013415,36.470282,0.4569,2026-07-20T21:56:55.466764+00:00,2026-07-20T22:12:55.466764+00:00,960.0,82c25bd6d67871a8,B,0,clean
57b8119b-2d05-51e1-b1d8-867e4fcdcce2,b54faa1f-9c65-5b92-88cf-63616bbacf4e,dfa8dbe2-ddf5-5429-8665-5f47cb550c72,Central Highlands,-0.809501,37.645122,-0.809876,37.647235,0.2383,2026-07-06T06:56:55.466764+00:00,2026-07-06T07:38:55.466764+00:00,2520.0,0c4b62fb7cbe9a9b,A,0,clean
a5312616-0f21-517f-84c3-8bde572fcad5,7bbb6932-2962-5a95-a142-437a2e86d0e1,8d8574d5-e92b-58c4-8cd4-5f95b808bb27,Rift Valley,-0.87333,35.713936,-0.871992,35.718281,0.5046,2026-07-22T21:56:55.466764+00:00,2026-07-22T22:02:55.466764+00:00,360.0,3400c7f68521315c,A,0,clean
d3ecc48b-cb85-58df-b3f9-ff9d486d423d,26fa8523-bafb-5dc3-862f-13cef4bc1ca3,ba9c8969-c9c5-5e17-b8ec-8283e1570dd4,Coastal Lowlands,-3.652706,39.708545,-3.655486,39.709547,0.328,2026-06-28T02:56:55.466764+00:00,2026-06-28T04:02:55.466764+00:00,3960.0,026db1d6fe125b0f,B,0,clean
62ad4d87-dbdc-5619-a14b-0c1ec4d3f365,8fbc4312-dac2-52a7-b105-de3d5d4814a4,14a96803-0ad2-5a00-8e72-019fc007c20a,Central Highlands,-0.601948,37.460316,-0.605258,37.453297,0.8614,2026-06-22T15:56:55.466764+00:00,2026-06-22T17:03:55.466764+00:00,4020.0,cd3d8b781b0da43f,C,0,clean
ebfe9f13-759e-5dd0-ac82-ba845626ec74,60c60237-e482-5233-be9b-9fe67861992e,c2d92820-ed1b-50da-94d2-43e25735ccc5,Western Kenya,0.135395,34.677225,0.129747,34.678872,0.653,2026-08-10T02:56:55.466764+00:00,2026-08-10T03:15:55.466764+00:00,1140.0,064393fb1bead390,C,0,clean
0e325df0-0a70-5cef-b360-771150c8eb4f,574e32e9-dee3-5605-987e-ea2fde2c5390,f15fdca7-0c21-550d-9017-fff69a882e10,Eastern Semi-Arid,-1.461272,37.925777,-1.466157,37.921709,0.7057,2026-08-09T02:56:55.466764+00:00,2026-08-09T03:36:55.466764+00:00,2400.0,1e5472cb4f9cfa10,A,0,clean
bfedf46f-673f-593e-8ab4-2a4a62b8e73b,75043879-fa3f-5053-9b14-4683e710fba3,8e0a05c9-6faf-51d2-8e48-afc21b6d197e,Central Highlands,-0.848565,37.579253,-0.844812,37.579953,0.4238,2026-07-28T16:56:55.466764+00:00,2026-07-28T18:25:55.466764+00:00,5340.0,3c29970851245f5c,A,0,clean
17373ce1-4e90-55aa-a234-781810eeb39b,7573ba70-fd1a-5cf9-8be5-d8cc3f9be1aa,9bb323b5-334b-5c5b-acb7-1d96755c0c03,Central Highlands,-0.983184,37.553386,-0.986915,37.556549,0.543,2026-08-18T16:56:55.466764+00:00,2026-08-18T17:38:55.466764+00:00,2520.0,477505ec40135b1e,B,0,clean
272bb044-755c-5a2a-9e06-c2defd6805d2,5256a98a-82df-5771-8883-372aeeeeeb83,58ee1c25-e8ce-592e-8078-7e41c27d0e8a,Central Highlands,-0.066921,37.789155,-0.064235,37.790447,0.3308,2026-06-30T19:56:55.466764+00:00,2026-06-30T21:12:55.466764+00:00,4560.0,a06df41d8115b883,B,0,clean
a3e4e49d-b914-5e3e-a2ee-ead8fcfc4cb9,bbcff310-1da8-502e-90a6-169b7b80f086,2fd6af9b-5884-56e8-96b7-0e74738a7c37,Coastal Lowlands,-3.030039,40.289579,-3.033115,40.292142,0.4445,2026-07-21T05:56:55.466764+00:00,2026-07-21T07:19:55.466764+00:00,4980.0,62645131e712ac9c,B,1,duplicate_image_hash
5fb6040c-4f87-530f-92d7-1bdcda967513,124db6c6-3796-5841-a88f-32c82a097279,b3820143-6e4b-51c9-bbd3-d305d33e7a91,Central Highlands,-0.766378,37.271992,-0.761794,37.277441,0.7904,2026-07-15T08:56:55.466764+00:00,2026-07-15T10:20:55.466764+00:00,5040.0,a41ae71e0de2c921,B,0,clean
4535f032-b923-5e1b-9aa7-82cd7f45b1b7,e0d5818d-0968-5c8d-8282-4716a165d510,b0ec08b5-a515-55d3-9f0c-cc62b912a0b6,Coastal Lowlands,-2.199788,39.700801,-2.202941,39.702362,0.3905,2026-08-12T20:56:55.466764+00:00,2026-08-12T21:50:55.466764+00:00,3240.0,925a32745ceb69ab,A,0,clean
8fa50625-9db5-5614-aa89-83cae559d61e,c24dcf95-195e-5aed-bd44-168095f43f6d,4739748f-9aed-52e4-8608-0842a0587358,Coastal Lowlands,-2.902983,38.500657,-2.90134,38.503231,0.3389,2026-07-28T21:56:55.466764+00:00,2026-07-28T23:08:55.466764+00:00,4320.0,cfe9a27317f6af85,C,0,clean
c3c590a5-c664-5138-a4d9-f9b7c8824293,2beb364c-125a-5dfe-bfc4-011028b6a5a5,17cae109-cdb4-5c16-83b9-794aecd4fd8a,Coastal Lowlands,-3.465348,39.680139,-3.461839,39.679863,0.3906,2026-07-22T00:56:55.466764+00:00,2026-07-22T01:04:55.466764+00:00,480.0,d693dcf2db352a6b,A,0,clean
bfc05637-9154-5473-af8c-cc2084c318c8,19e1c617-44ca-5d8f-95a2-d2539616de89,87804444-0a3d-54cd-87f7-014f78ebd963,Coastal Lowlands,-4.096978,39.142814,-2.596978,41.142814,277.5,2026-07-19T07:56:55.466764+00:00,2026-07-19T08:07:55.466764+00:00,660.0,39d53a9cec639666,B,1,gps_geofence_breach
8fcea5e0-3cb0-55f9-9bde-952ca0402a8b,551d878f-704a-5d73-8c83-2982dfd74489,886a734c-f512-5699-b13c-5df0adb01cd8,Eastern Semi-Arid,-0.533656,37.905902,-0.533036,37.90499,0.1224,2026-07-19T18:56:55.466764+00:00,2026-07-19T19:01:55.466764+00:00,300.0,c4a15329dc86d306,A,0,clean
e5fe7036-abf9-5be7-b1e9-280e0c9cd49f,5accc6e9-8021-532c-a446-8f00374a25af,4a226ee6-fc06-5ea1-b0c9-130bcbda31a7,Coastal Lowlands,-2.64857,40.37921,-2.640528,40.384185,1.0497,2026-07-25T20:56:55.466764+00:00,2026-07-25T21:54:55.466764+00:00,3480.0,1e271bcbfc39da0f,C,0,clean
8c0400f4-45a6-5341-a96b-11e8fc219e4c,8132636c-ac64-5780-b9d8-bb907024f0df,66e40756-5416-50fb-bdd5-8c1ea2f061cd,Central Highlands,-1.338511,37.352108,-1.335229,37.350393,0.4111,2026-06-24T13:56:55.466764+00:00,2026-06-24T15:24:55.466764+00:00,5280.0,8f2ba9a9b67fd57f,B,0,clean
5609f560-2837-5ff5-b155-1965aa788f55,96b9726f-7ade-55a3-b577-cf3a30b5c1a2,b3c86a7b-c8e3-5581-93b3-435b4c2d9837,Rift Valley,-0.616582,36.28072,-0.614701,36.281231,0.2164,2026-08-15T15:56:55.466764+00:00,2026-08-15T16:58:55.466764+00:00,3720.0,0f7e868dc20567c4,B,1,duplicate_image_hash
a36377bb-73e6-55a1-a2b4-799a42b383e2,6e3aa6c4-da9d-5a56-9ae9-c963580437a0,ecb4de5f-a410-5203-a0c8-a0cb12ab01a8,Eastern Semi-Arid,-1.615569,38.43944,-1.61546,38.439548,0.017,2026-06-28T11:56:55.466764+00:00,2026-06-28T13:17:55.466764+00:00,4860.0,098b374ceab14f89,A,0,clean
84aa8a1c-f11a-59ee-8fab-00d04f77e539,a8892d63-88e5-59e4-adf8-67f79290f421,3c599d82-23b7-5b0d-bb41-00a6156d09c8,Eastern Semi-Arid,-1.45668,37.593572,-1.45785,37.594513,0.1667,2026-07-14T05:56:55.466764+00:00,2026-07-14T07:06:55.466764+00:00,4200.0,53460836a6123f1b,D,0,clean
6b3ad34f-a7eb-5757-a2bc-3584d35bb4a6,2743aecb-753d-58bc-b942-7b4b62da53c6,372dd3ea-fa00-5e54-8fe8-e080204a2347,Central Highlands,-0.93018,37.269587,-0.926835,37.277009,0.9037,2026-08-11T14:56:55.466764+00:00,2026-08-11T16:12:55.466764+00:00,4560.0,b7999e3d41f5c478,C,0,clean
ab95bebb-96e3-59f2-af63-2810d2b65fd3,2e9ce7d6-5485-57f9-bc1d-942496758adc,131a8bcf-527f-5572-8f9b-74c04d64860c,Western Kenya,-0.029586,34.816901,-0.032141,34.816901,0.2836,2026-07-05T14:56:55.466764+00:00,2026-07-05T16:21:55.466764+00:00,5100.0,409248974d8752f5,C,0,clean
b2eba053-6b8b-5d48-8a27-d8faa725f823,475050f0-f9e4-5d66-bcd9-935eb5de7cac,492a936a-e495-5d30-bf3a-058dec2e713d,Rift Valley,1.197992,35.203533,1.197301,35.203319,0.0803,2026-08-19T10:56:55.466764+00:00,2026-08-19T11:24:55.466764+00:00,1680.0,690b7cf7d8171b64,C,0,clean
d245232d-26af-5f09-8eaa-d2f1e1a7d493,04d75e6d-b55c-5459-8ae4-40e8a58d5b58,42a03eca-9f36-59b7-8c15-9dbb8efbc1f9,Western Kenya,0.941327,34.018691,0.937672,34.020769,0.4666,2026-07-07T23:56:55.466764+00:00,2026-07-08T00:40:55.466764+00:00,2640.0,fe02264c0da221ed,A,0,clean
aee80fc0-a463-59e2-b200-dbcb7d8c441e,2317eeab-b32c-585c-b789-43c35c7f4dcd,f758350e-15e8-5380-a935-ba46e1532412,Western Kenya,1.049325,35.149339,1.0492,35.14943,0.0171,2026-07-02T06:56:55.466764+00:00,2026-07-02T07:11:55.466764+00:00,900.0,cb05ae93e1b3cf27,C,0,clean
b8b0b2e1-eb1a-5796-b003-e9823eaa0b0f,c92df4c6-eea7-56ee-91a3-d70cca97a4a9,0bb175e9-1a93-5522-abdb-2aa10e7c7b38,Central Highlands,-1.101555,37.211167,-1.104805,37.207001,0.5865,2026-08-12T17:56:55.466764+00:00,2026-08-12T18:07:55.466764+00:00,660.0,8c13144d6b00bcd6,D,0,clean
6f78c5c0-c16c-5b24-bc64-6528de55aaca,51ca3db4-752e-58f9-bc8f-8e9216fda946,74581549-8a60-58ff-a087-1d5571eae895,Eastern Semi-Arid,-2.005255,38.73654,-2.009243,38.738641,0.5003,2026-07-10T23:56:55.466764+00:00,2026-07-11T00:48:55.466764+00:00,3120.0,8abce5603ec3d78b,B,0,clean
ebdae6d7-3f9e-597c-af59-6d9081c601ea,5942a22f-3a6a-577f-bcc5-1cf1d17837cd,b0b47111-a759-54b7-a1d1-910fd1d7c456,Western Kenya,0.549412,34.80186,0.548556,34.7955,0.7124,2026-08-13T19:56:55.466764+00:00,2026-08-13T18:58:55.466764+00:00,-3480.0,593fd07b4dbc7b42,B,1,timestamp_monotonicity_violation
3c9d46ec-ed59-5930-887d-a6779cd47918,b2090c89-2a7d-511c-abee-7658c78fbc6b,e950a381-a655-5cad-ac9b-f60986bbfede,Rift Valley,-0.768377,35.57674,-0.768137,35.580095,0.3733,2026-07-04T11:56:55.466764+00:00,2026-07-04T12:09:55.466764+00:00,780.0,95b1c9fa266e8eae,C,0,clean
b7279b5a-c3b9-54ad-84cc-f29ab0e9531c,15229e2b-b043-55d0-a580-9abf05b61c96,1e076579-e527-56f6-b820-c1a1b690dd24,Western Kenya,0.458616,34.025481,0.45341,34.022634,0.6586,2026-08-15T04:56:55.466764+00:00,2026-08-15T06:45:55.466764+00:00,6540.0,d3dd679d7066677d,C,0,clean
4b105bec-cf28-543c-b0bb-963778dc1e8c,9a3de803-02bb-570a-8083-3ccd0660825d,2654c28d-80c4-57aa-b7fd-92601e4125d5,Central Highlands,-1.107368,37.089689,-1.09982,37.08987,0.8381,2026-07-19T01:56:55.466764+00:00,2026-07-19T02:38:55.466764+00:00,2520.0,cdbc173d5aeb9a91,C,0,clean
43ce47a2-6150-5a23-9e7d-0fee3dc66512,4f0b2218-11ab-5e2c-adaa-ecade9d9c67e,b994c990-b5f1-56f1-b1f7-638b690bd0dd,Western Kenya,-0.120734,34.955077,-0.125564,34.960055,0.7698,2026-08-17T02:56:55.466764+00:00,2026-08-17T03:20:55.466764+00:00,1440.0,7d6db8bafba0cd00,C,0,clean
edb2b531-8cea-5999-8fcb-6f8b2d5a5385,78d61f78-6d3f-5169-9fe7-d52fba4cf52d,dcb93bfd-c07d-58fe-9f0c-996bca9cfca4,Eastern Semi-Arid,-0.1245,38.193785,-0.12206,38.196818,0.4321,2026-06-25T03:56:55.466764+00:00,2026-06-25T04:49:55.466764+00:00,3180.0,79083f425019d17b,B,0,clean
1104e64d-fd05-5e7e-a7c3-ef9948b8da55,12cf19f1-1b96-5d4d-b6a9-82e094a128a8,bd245278-d02e-512f-9b44-981ca6db4b00,Eastern Semi-Arid,-0.086272,38.673985,-0.082217,38.670983,0.5601,2026-07-18T21:56:55.466764+00:00,2026-07-18T23:01:55.466764+00:00,3900.0,66907f97f751b703,C,0,clean
6f512e95-138e-5fcf-8688-97d10c05c554,bd058254-561f-5519-9bd1-62ddcf03a6dd,25a218cd-c6ab-58e5-95a8-d9cade8867ec,Rift Valley,0.461788,36.336581,0.456814,36.337615,0.5639,2026-07-04T09:56:55.466764+00:00,2026-07-04T10:45:55.466764+00:00,2940.0,8d067c2dbabcb4e6,B,0,clean
f8c27836-486c-5ed6-bbe4-6604d80e925d,601457b3-4270-58d6-81f8-0dc3812740ce,c6b98d93-4d2f-57e3-bbb6-01f7ad05e9fa,Eastern Semi-Arid,-1.089997,37.765758,-1.088632,37.769299,0.4213,2026-07-29T23:56:55.466764+00:00,2026-07-30T01:05:55.466764+00:00,4140.0,53bde7862c576033,A,0,clean
918a7647-128e-51cb-abaf-73f27e2e70c0,20596f80-74d3-5db1-bb7e-c6a26fe5d3e6,2317f013-49a8-50e1-9a35-e1a9e815bb70,Coastal Lowlands,-2.157009,40.353343,-2.160511,40.355964,0.4855,2026-06-27T12:56:55.466764+00:00,2026-06-27T13:52:55.466764+00:00,3360.0,8ff1f79f94259401,B,0,clean
9164bab4-ff5f-5f8a-9c36-b7dc9c642eec,86c982b6-ca73-5aae-84db-cebbf45d6b2f,fd354a20-d69f-52d3-b641-d2c6b0c04c16,Eastern Semi-Arid,-0.618651,38.206945,-0.622548,38.19951,0.9317,2026-07-11T21:56:55.466764+00:00,2026-07-11T23:45:55.466764+00:00,6540.0,0f7e868dc20567c4,C,1,duplicate_image_hash
d2b95ace-c7fd-569c-b84d-294be33ea4e9,c201182b-d418-5fa3-ab8a-332278e4410c,c0376419-ec74-50ba-ba84-f84e2934bd23,Coastal Lowlands,-3.768226,39.294556,-3.768015,39.293057,0.1679,2026-07-26T14:56:55.466764+00:00,2026-07-26T15:06:55.466764+00:00,600.0,efc45fa98185b90c,D,0,clean
fda250d3-6d9c-57a7-b8e9-c8132af40874,c256e980-0133-5ab2-8f91-7af22b9e13b2,665e64a7-52f1-5186-a759-783c8d3dd63f,Central Highlands,0.167525,36.926286,0.165779,36.924522,0.2755,2026-06-25T06:56:55.466764+00:00,2026-06-25T08:55:55.466764+00:00,7140.0,0c36f15bf6ee0868,C,0,clean
18d93099-d9dc-5e19-81d4-9b7d4c60105d,f482d198-5ea8-5b1f-afe3-9919a0697b24,b86e8992-56c9-53a5-82c5-c1e72ec4bdd4,Rift Valley,0.05793,36.16763,0.059041,36.175479,0.8799,2026-07-22T06:56:55.466764+00:00,2026-07-22T07:47:55.466764+00:00,3060.0,a47c2e848ae3580e,B,0,clean
a3eeee88-0828-5ece-b030-952181fa4492,b0ab7138-1244-5c82-9a24-215e61eaa1c6,d6224d38-a293-5033-8d49-8624eeb98757,Western Kenya,0.394635,34.290784,0.389515,34.292629,0.6041,2026-07-25T11:56:55.466764+00:00,2026-07-25T12:11:55.466764+00:00,900.0,819a1804fc5ee6e0,C,0,clean
a4dc562e-1c10-5723-9cf2-2826cbe661e7,5963131f-da24-5f77-9d01-a222731c00e6,275987c3-df1d-544f-8a8f-cbea57168759,Western Kenya,0.087729,34.158713,0.090933,34.156545,0.4294,2026-08-17T15:56:55.466764+00:00,2026-08-17T16:47:55.466764+00:00,3060.0,bd6fd128f1d3142a,C,0,clean
07e8fb58-b186-5485-a382-134edf53b04d,dfb0380d-8fdb-5010-b235-9c20345d8866,c5107e5e-e784-5233-a1a3-ea04ce8a6562,Western Kenya,-0.102775,34.287642,-0.101553,34.289767,0.2721,2026-07-18T02:56:55.466764+00:00,2026-07-18T03:42:55.466764+00:00,2760.0,c85c6d02e74bbf66,C,0,clean
c5822232-3781-5736-b967-4d1f05cf4e78,d5e554cc-c832-5e7d-88c3-117fad46d90f,913bb142-dde1-57eb-b412-4f25897a3f31,Coastal Lowlands,-3.400477,40.490102,-3.398114,40.485568,0.5675,2026-08-06T03:56:55.466764+00:00,2026-08-06T05:00:55.466764+00:00,3840.0,0b2fb96cbe8c8cff,B,0,clean
ed6d7d22-9a43-5780-8941-22ffa3870725,31589b9c-fdf6-5214-a4fa-40ded20cb726,85b40498-5050-5ea8-9fae-5a31a2f6145d,Eastern Semi-Arid,-2.29358,37.509737,-2.293483,37.51289,0.3502,2026-07-07T05:56:55.466764+00:00,2026-07-07T07:50:55.466764+00:00,6840.0,f6243c00be61f4f0,C,0,clean
3f063a90-b3f3-5d91-b0bb-1fc776cf79c4,efad0f37-7741-5398-bc94-1b593c448546,d2e8fc40-c5da-5bb1-a417-82e56177b0cc,Central Highlands,0.010596,37.70553,0.005894,37.700494,0.7648,2026-07-12T12:56:55.466764+00:00,2026-07-12T13:56:55.466764+00:00,3600.0,387d253730d9ac79,B,0,clean
28b3abdc-cc10-5f76-aae2-c1995bf6b635,3de3a260-9504-526e-a6cf-15615fc4496d,401375dd-52d7-5ae5-93e0-643b6afe72dc,Western Kenya,0.704946,34.878393,0.706807,34.87548,0.3837,2026-08-18T08:56:55.466764+00:00,2026-08-18T09:07:55.466764+00:00,660.0,1c349885db2dd187,A,0,clean
6f2142fe-337a-5c01-9dc4-5689bf84faff,e1e9a8bc-6ada-5138-9f4b-f144057fe7c2,f93cb39e-afda-5cd1-bba3-628288d0ca75,Coastal Lowlands,-3.325682,39.835478,-3.328699,39.83836,0.4632,2026-08-14T14:56:55.466764+00:00,2026-08-14T15:54:55.466764+00:00,3480.0,3de2b3ba617da9c4,A,0,clean
975d186e-1c79-551e-8fc0-42de9fa25d0b,89700c35-44e9-57bb-a14e-47d4848aaf19,c9991c9e-8eac-5c1e-b4f8-89192ab9e229,Eastern Semi-Arid,-0.998087,38.78567,-0.994516,38.790641,0.6793,2026-08-19T20:56:55.466764+00:00,2026-08-19T21:01:55.466764+00:00,300.0,2ee4b2f1231f410b,B,0,clean
c1d4523c-b6f5-590f-b2d5-7193631d63d1,ae5211ee-7e3c-5e34-980a-9c9ec6ea3182,33e3cfd9-2b1f-5d85-bb6b-6c14573e7574,Central Highlands,-1.30908,37.53085,-1.314201,37.529614,0.5847,2026-08-01T07:56:55.466764+00:00,2026-08-01T08:40:55.466764+00:00,2640.0,63e326aa54d918bd,B,0,clean
55ec690f-eee9-5792-bef6-f7afa3338d7c,afc4efef-edbf-5bb4-a4ce-ba26549f3788,1ccd033c-ac8e-5fbb-9649-44eabe30754b,Western Kenya,0.428885,34.045878,0.432944,34.045288,0.4552,2026-06-30T13:56:55.466764+00:00,2026-06-30T14:29:55.466764+00:00,1980.0,3f87ca5da8595050,C,0,clean
ae14b55d-1fc0-59d2-9776-309f1fa87835,ff658cda-6eba-5f4e-b87a-9fa42dd741ab,d8c4f914-bb81-5df0-aa1f-10b0cce055eb,Rift Valley,0.748957,36.264605,0.748171,36.261879,0.315,2026-07-05T20:56:55.466764+00:00,2026-07-05T21:51:55.466764+00:00,3300.0,dab4002c0212692c,A,0,clean
bf886ab6-30a9-5bc5-909a-b04293681174,0ab564fb-680b-511f-ab72-c7be91f02fce,ee219093-3786-5cb7-a5a4-b7a9c5678355,Coastal Lowlands,-2.768884,39.702327,-2.766737,39.702218,0.2387,2026-08-12T17:56:55.466764+00:00,2026-08-12T18:42:55.466764+00:00,2760.0,7d8b719183eb7f83,C,0,clean
4dd4b4e7-ff36-5f03-bb0a-260695dedf0c,cc0f22ec-2fa2-5c65-b840-6abbc9e4ae9b,e2505503-7125-5e2a-911c-6b16a6b74635,Rift Valley,0.140137,35.442543,0.14119,35.443293,0.1436,2026-07-24T23:56:55.466764+00:00,2026-07-25T01:51:55.466764+00:00,6900.0,0ebb1c722901c410,A,0,clean
28add98f-0d0e-5c4a-bd60-fee1ecf514c5,e1fb44d7-0c44-5adf-8ae6-828befcee537,a30cec32-92f4-5e85-932d-16e81e929923,Eastern Semi-Arid,-0.775,37.293516,-0.773198,37.29369,0.2009,2026-08-18T12:56:55.466764+00:00,2026-08-18T13:42:55.466764+00:00,2760.0,c78dff8aeabc00c4,B,0,clean
0fa23f7f-0abb-571e-a472-f8085c86c902,5d62daf1-13b4-5b25-b496-3a36244f150a,6d23e309-af46-58c2-86a5-28a88ae0592a,Western Kenya,-0.431047,34.227311,-0.436235,34.23193,0.7711,2026-08-06T16:56:55.466764+00:00,2026-08-06T17:14:55.466764+00:00,1080.0,6185fdb2af6802f5,B,0,clean
96ae2001-7ee7-5efd-9abb-b5a2d7161ee3,4e631fc5-a982-5319-9088-02aec03873e0,1e47c791-3d98-5515-9642-01d9cb78e265,Eastern Semi-Arid,-0.116011,38.42689,-0.113447,38.421434,0.6692,2026-08-15T05:56:55.466764+00:00,2026-08-15T06:05:55.466764+00:00,540.0,41ac26a944bbb8fd,B,0,clean
c4e847da-15ca-5afe-bb28-b5479d7e1ab5,adcf2375-e859-5c74-a3f4-d90e43a1bc93,cfc452aa-b65e-57df-939c-c5b863b918f2,Eastern Semi-Arid,-1.018754,37.691637,-1.018826,37.691586,0.0098,2026-06-28T11:56:55.466764+00:00,2026-06-28T13:11:55.466764+00:00,4500.0,67d26d00e3a06311,A,0,clean
024fc7ab-40c5-5265-9c4a-86ea531c82af,f07cbad8-ea5f-5e55-8987-1ea36f8ceb99,d6aa5bfc-62dd-5ab7-94bb-02b21d501f7a,Eastern Semi-Arid,-0.988047,37.920311,-0.990281,37.917651,0.3856,2026-07-08T12:56:55.466764+00:00,2026-07-08T14:03:55.466764+00:00,4020.0,36e7fc9e9dc1e1de,A,0,clean
449aebe5-058e-5b60-851d-976fa4da59c3,0aa49119-8669-5a65-ab95-2c3c5d0bb428,5e35bbdb-f47e-50fc-9aec-7b259eb1b6b5,Coastal Lowlands,-3.045084,39.97233,-3.046446,39.972041,0.1545,2026-07-23T08:56:55.466764+00:00,2026-07-23T09:52:55.466764+00:00,3360.0,6d974c4aa23e57cd,C,0,clean
f8f2e98d-a6ba-526d-b073-7f3279820269,81e2b80c-75a1-5260-a9b2-62dafb407d0a,412eebc1-c22e-568f-9bf2-12016f0cbd02,Western Kenya,0.186993,35.197338,0.188462,35.197019,0.1668,2026-08-07T18:56:55.466764+00:00,2026-08-07T20:40:55.466764+00:00,6240.0,d904355170e491cb,B,0,clean
ec6736a5-e3cd-5ed5-b17c-e722aaa7d368,56665e7c-199c-5b7b-8099-e6fc1b35162c,bdb40337-f2b9-5dd1-aa84-6139c5667ffc,Rift Valley,1.09124,36.281072,1.092464,36.280422,0.1538,2026-07-03T23:56:55.466764+00:00,2026-07-04T01:04:55.466764+00:00,4080.0,74e731ead3311784,C,0,clean
88b81c14-3a24-5c50-88b0-728ff784d27f,ea9cc38e-095a-5fab-8af7-9d2ce4766fd5,1cc664c7-f8c7-5c28-b2b8-9bad1b6daeae,Coastal Lowlands,-3.152161,39.29593,-3.151224,39.298182,0.2708,2026-07-04T06:56:55.466764+00:00,2026-07-04T08:47:55.466764+00:00,6660.0,c9feceeff4c37005,B,0,clean
ae18a757-85a5-5f23-b287-ef42e4bea7d6,51c8a001-f5bd-5097-a666-db037f897421,93c654e9-543f-5f41-b431-9f15ffa593a1,Eastern Semi-Arid,-0.573169,38.765647,-0.571606,38.762362,0.4038,2026-07-11T08:56:55.466764+00:00,2026-07-11T09:39:55.466764+00:00,2580.0,515afc3677b66e7a,D,0,clean
009e4236-e25f-591d-9bda-1b2b553453e9,b286f211-23a4-5af4-9fb8-1a0cc5967818,6d2757dd-3ff1-5b65-8f01-9d3abd530838,Eastern Semi-Arid,-2.312296,37.526799,-2.317649,37.52795,0.6078,2026-07-01T04:56:55.466764+00:00,2026-07-01T06:33:55.466764+00:00,5820.0,dbf6c126dcc4ced5,D,0,clean
f1fc072c-2c7e-5783-aa59-cebaa45e6991,3e77f3fb-bd2f-5afe-94ae-08a1985c4cc0,97eae74a-2f91-5e15-b796-9f2dadc93aea,Eastern Semi-Arid,-0.021873,37.537886,-0.026594,37.536305,0.5526,2026-08-19T10:56:55.466764+00:00,2026-08-19T12:37:55.466764+00:00,6060.0,c783787033805133,B,0,clean
37a9b82c-8be0-5f01-993f-18839b59f6ab,6fd04ef9-a755-58e3-9eb1-eb6600adde04,47a41b84-ab0b-5c32-9015-86390303aa91,Coastal Lowlands,-2.058393,39.742472,-2.053415,39.751239,1.1192,2026-07-04T04:56:55.466764+00:00,2026-07-04T01:12:55.466764+00:00,-13440.0,5ad8ab379cafe558,B,1,timestamp_monotonicity_violation
f3fce8dd-6762-5192-9168-193ad049e018,839eb846-147b-50e3-80bf-6b9d98e74685,7b7740de-44d9-5e9b-83e5-76027962fae5,Coastal Lowlands,-2.954502,38.653313,-2.949307,38.650874,0.637,2026-07-15T19:56:55.466764+00:00,2026-07-15T20:07:55.466764+00:00,660.0,a359fa0eb4b2b895,B,0,clean
f8685000-3ae6-5dbd-a5fc-8d332f9b18c1,a15ac202-6ef6-53fb-a122-e06271d496c1,c28972d6-e28d-5163-b0fe-1cef829f6121,Western Kenya,-0.400591,34.576219,-0.402737,34.577757,0.2931,2026-07-16T02:56:55.466764+00:00,2026-07-16T03:58:55.466764+00:00,3720.0,8d7132d3d77bcd96,INVALID,1,invalid_classification_tier
82f0ef6a-9586-5a90-bb24-df85bc10111c,356a696d-7b99-51f9-9432-7e7b9d8b8946,fcc7af96-1e10-58d3-99a4-13606f463a02,Coastal Lowlands,-2.849984,39.520355,-2.851961,39.520385,0.2194,2026-07-22T00:56:55.466764+00:00,2026-07-22T02:37:55.466764+00:00,6060.0,0cfb02693c1110f4,B,0,clean
8920989e-514a-5855-91f1-f6c2e46d86be,0bd3a9e9-9577-50cc-abb5-ed61b3837690,8bcd2a17-ae60-58b3-8172-3d13e4831537,Central Highlands,-0.031368,37.349929,-0.034207,37.354682,0.6145,2026-07-23T00:56:55.466764+00:00,2026-07-23T02:18:55.466764+00:00,4920.0,ef8a85696e69a148,A,0,clean
bb87e963-bc7a-5803-b7f6-976c40b4ec09,2c989ec9-b6e8-5cfe-979b-fe4286c653d3,0c14f667-f62d-5fe0-8720-40eba72d8166,Rift Valley,0.337533,36.208926,0.342753,36.208643,0.5803,2026-08-01T15:56:55.466764+00:00,2026-08-01T17:28:55.466764+00:00,5520.0,f6afa7ca2a9bfd18,A,0,clean
45735218-0168-5dcb-8bbe-620acdc28e4e,e0d7c6ac-7e8a-5fce-a887-7e5744adc8c0,7e6308b7-92de-5b41-ba17-402c8a5f88ac,Rift Valley,-0.365057,36.19712,-0.366357,36.204681,0.8515,2026-07-18T15:56:55.466764+00:00,2026-07-18T16:24:55.466764+00:00,1680.0,1c30ef86ff16e597,B,0,clean
e1430e64-fe0a-5b66-a215-bd7d8dbae8c1,0c54fa45-2eb5-5040-bea4-4750fde8478f,b076b4f7-4b9d-5382-94f2-b73f7406a93a,Eastern Semi-Arid,-0.321794,37.300452,-0.324628,37.302686,0.4005,2026-07-08T04:56:55.466764+00:00,2026-07-08T06:27:55.466764+00:00,5460.0,cddd097a1c299a03,D,1,duplicate_image_hash
d27653fe-1e6c-5ea0-9c9b-37ba93c872c8,4a23a0e5-3569-568f-843d-f56b5e49d59a,9df51bfa-4e80-50ba-960d-1768f758bc97,Western Kenya,-0.050274,34.893391,-0.053271,34.889917,0.5094,2026-07-05T04:56:55.466764+00:00,2026-07-05T06:48:55.466764+00:00,6720.0,aa98809097eda1ba,C,0,clean
e61b5fbd-0194-5bbe-9781-04d0aa3c9c9d,ddca45c1-e4e7-5552-a3c8-3b09afb5aab7,7ca11995-366e-5768-a700-da8649c593f4,Central Highlands,-0.036368,37.087252,-0.037717,37.085126,0.2794,2026-07-18T23:56:55.466764+00:00,2026-07-19T00:59:55.466764+00:00,3780.0,15d23706b97501f1,C,0,clean
14a4e8c0-aafc-5cdf-86c6-eff674e07ead,abd31d53-d295-590d-8f31-fe5f2db4bb50,c98eff32-5096-5d6f-8da8-4db9adc8b2e2,Rift Valley,0.33023,36.278352,0.331238,36.278361,0.1118,2026-06-30T02:56:55.466764+00:00,2026-06-30T03:53:55.466764+00:00,3420.0,b10ffd6852cc4fd5,A,0,clean
45146834-f923-59fd-908a-86051f792bdf,d053d7ed-5fae-5a1e-9cc6-0c1df23dff9d,2cc667f0-7fb6-5ba0-b65f-8afd45c43aac,Rift Valley,0.860988,35.985752,0.857056,35.98292,0.5378,2026-07-21T12:56:55.466764+00:00,2026-07-21T13:50:55.466764+00:00,3240.0,42edb9b1675d5242,A,0,clean
d298ad27-7bf4-5094-a421-ccb8d1fd8656,a5937911-1db4-50f6-86d0-8d6921910177,0cff414d-ff23-585d-8e04-d0ca87a7372f,Western Kenya,0.151833,35.064035,0.154132,35.064782,0.2684,2026-07-10T19:56:55.466764+00:00,2026-07-10T21:16:55.466764+00:00,4800.0,6084f51e1408ccfb,A,0,clean
176f2b01-9e9b-59c4-9894-3748db835dad,46e4c5a1-80a2-5e58-b5f9-a1963fdc9925,48e68490-abb3-53a3-854a-175fd1e5a582,Eastern Semi-Arid,-1.160317,38.676725,-1.159944,38.671951,0.5315,2026-08-04T12:56:55.466764+00:00,2026-08-04T14:44:55.466764+00:00,6480.0,e7a9717a883503d8,A,0,clean
7909819e-c6db-5e9c-a2e2-b9b74a6346f3,8a4c365d-9a68-5867-8334-78e6cb91cba3,cd774cfd-6ff5-5041-ba59-d4ad0c6606d0,Coastal Lowlands,-3.507757,39.210799,-3.507447,39.213781,0.3328,2026-08-11T15:56:55.466764+00:00,2026-08-11T17:14:55.466764+00:00,4680.0,ddc8b1af5539df3d,B,0,clean
5ce38b34-f3f1-58d0-b6d3-59c0dcf2acea,3fe8add7-1b0a-539f-aebe-62c9dcfb011f,1b0c318d-1284-5cab-ab6c-18e00d585ee4,Western Kenya,-0.254516,34.490783,-0.257735,34.488244,0.4551,2026-06-25T19:56:55.466764+00:00,2026-06-25T21:28:55.466764+00:00,5520.0,627381473127184f,C,0,clean
91902b37-0be5-5740-b469-e50c59babe03,8136096f-c958-5df3-b0a1-c88d0eab2e36,b190883a-41fe-54b4-96ca-53f9abcae5f8,Rift Valley,0.43109,35.509791,0.42746,35.509235,0.4076,2026-08-13T23:56:55.466764+00:00,2026-08-14T00:25:55.466764+00:00,1740.0,c33e5c73ada73a82,B,0,clean
28b10f5b-1368-592a-ad3c-156061d4ab5d,9895be75-a441-5d83-87b6-985881c52e3c,e6f9a555-78d5-5db6-9b88-7806d27d146a,Rift Valley,-0.756715,35.273348,-0.756629,35.267831,0.6125,2026-06-24T19:56:55.466764+00:00,2026-06-24T21:52:55.466764+00:00,6960.0,5fc2e47e39ea7f78,C,0,clean
bbfa8123-034e-5a35-8208-f6b003f5445c,fd9fc1e8-b771-5f89-8bf4-f1876e5deb04,3a79334b-393a-5066-aea8-a9061a625d29,Western Kenya,0.69096,34.717216,0.691004,34.710647,0.7292,2026-08-11T19:56:55.466764+00:00,2026-08-11T20:46:55.466764+00:00,3000.0,09213877678ba614,A,0,clean
a7dc0fdf-76d9-5bf0-aecd-5c0f9d27650f,766f14ae-9d6e-5789-aca9-5515e315f7fa,a38d9bef-c321-5f8f-8c97-b9343c5f7c48,Western Kenya,0.070748,34.635892,0.072899,34.639037,0.4229,2026-07-05T01:56:55.466764+00:00,2026-07-05T03:07:55.466764+00:00,4260.0,6bf866e6a427df39,D,0,clean
7d2b1f28-59f9-575c-b263-b9fd95c8e70c,42aef17d-4b8b-51d3-b720-5135d351f2fe,a261df4e-a8d1-5c66-a11c-e4bdd537b820,Central Highlands,-1.295308,36.660731,-1.292436,36.661011,0.3203,2026-06-25T17:56:55.466764+00:00,2026-06-25T18:39:55.466764+00:00,2580.0,0bdd1bf2765a92f8,B,0,clean
7dd64875-e6e2-58c6-b102-29f11013a9e6,534d883e-e1f4-5837-af6d-1c842008e606,6c1efb85-15ab-50da-9f17-d6ea02845939,Rift Valley,0.970414,35.733343,0.968023,35.7328,0.2721,2026-07-01T19:56:55.466764+00:00,2026-07-01T21:08:55.466764+00:00,4320.0,2e77734d7ef27bd7,B,0,clean
f20ef480-0d8c-5f74-b65a-a9f9f031c20b,73d0670b-5581-548d-ad7d-9951ccf93684,951cd2a5-57b0-556a-8bd8-6f51e7861c56,Eastern Semi-Arid,-1.13899,37.888972,-1.140321,37.882215,0.7644,2026-07-19T10:56:55.466764+00:00,2026-07-19T11:38:55.466764+00:00,2520.0,4b01e51d78c4351f,B,0,clean
ec09a238-3423-5042-a354-400711063140,843c614f-2c54-5af5-8e37-26301cdb6728,7c199030-93c8-56f7-b3a1-679471655fdc,Eastern Semi-Arid,-1.382302,37.397271,-1.385909,37.39569,0.4372,2026-07-24T12:56:55.466764+00:00,2026-07-24T13:59:55.466764+00:00,3780.0,190942929d785ba1,B,0,clean
32bce506-aab1-51b6-b59d-bb89cf2c5c85,b7576c3b-0e86-5d62-bdff-da6841fc9f8e,f5156b5f-0c30-5e96-8d49-9a676c8c6513,Central Highlands,-0.982052,36.956357,-0.978215,36.954578,0.4694,2026-07-30T03:56:55.466764+00:00,2026-07-30T04:55:55.466764+00:00,3540.0,f78849ac62855da1,A,0,clean
24c40fd2-88a0-557d-9c9f-f0845349525c,30268997-b76c-5ecf-a6ed-2963a2beaee0,cf82d44e-f50a-5a5d-a43d-2e0f6f8e32e5,Central Highlands,-1.270015,37.454461,-1.273371,37.460459,0.7629,2026-07-30T20:56:55.466764+00:00,2026-07-30T21:11:55.466764+00:00,900.0,ecc06ae6b8c39d75,INVALID,1,invalid_classification_tier
cca52d0a-c909-52f3-8e83-4d4fb5895dcb,b09e9f14-bfd0-5e0f-a7f0-7600f7085ee8,33a1ba31-b7f9-5534-83bb-7500b752ebf0,Rift Valley,0.35265,36.390679,0.349347,36.389618,0.3851,2026-07-07T19:56:55.466764+00:00,2026-07-07T21:07:55.466764+00:00,4260.0,851c3d1db34da16f,B,0,clean
76ec2741-6cb4-5891-a65f-000d73303fff,3ef48872-745b-5586-82e7-f50c51b92658,4948f09f-0039-5d77-abfc-cef46b35195f,Coastal Lowlands,-2.33873,39.385527,-2.340035,39.381962,0.4215,2026-08-09T05:56:55.466764+00:00,2026-08-09T06:16:55.466764+00:00,1200.0,0aacc2d876df3dd5,D,0,clean
604ed831-10e9-57f1-ac6a-8d4aa7dffaf1,b2c49e6e-869b-5d09-be78-177723b70f2c,83cf3ad7-3009-564d-8f0f-0d6a6fa7f146,Coastal Lowlands,-4.138737,40.290071,-4.134998,40.288973,0.4326,2026-07-04T19:56:55.466764+00:00,2026-07-04T20:30:55.466764+00:00,2040.0,242c3692d88e5d6d,C,0,clean
fb049f26-fde3-5177-a4eb-5953cfece439,096771f3-1116-5aba-aacb-48f8c44536b2,3a91d105-2de4-5675-9579-017f427c9651,Coastal Lowlands,-4.170326,39.091843,-4.169056,39.095673,0.448,2026-08-14T09:56:55.466764+00:00,2026-08-14T10:53:55.466764+00:00,3420.0,808a4c379d55ba71,A,0,clean
ad6fcd87-e570-52e5-bb10-229723c61b76,1cee07e9-ade8-5537-ad6c-d01894c5df24,83b49571-8e8a-55d7-aa78-6a3701d940bd,Central Highlands,-0.558568,36.650528,-0.56106,36.646911,0.4876,2026-08-06T10:56:55.466764+00:00,2026-08-06T11:31:55.466764+00:00,2100.0,fe065afcfce54cf8,A,0,clean
f437a3d9-b18d-518f-8f3f-1fdd276e841d,fa76e2ca-7d5e-5bf7-aca4-33968b05b971,65b0190e-97f2-5221-9b98-d3c601c602a7,Western Kenya,0.144008,34.839755,0.1442,34.839999,0.0345,2026-07-13T01:56:55.466764+00:00,2026-07-13T02:17:55.466764+00:00,1260.0,2b3f88d2f8121599,B,0,clean
01d5dd41-4f72-5765-a85a-a44e0c28327e,390d447e-16f0-5378-abe3-f2c7d7b6e7d1,26e1d8b3-b787-52d3-936f-b46e279fdae7,Rift Valley,0.640213,35.725009,0.639244,35.729118,0.4686,2026-07-17T01:56:55.466764+00:00,2026-07-17T02:07:55.466764+00:00,660.0,5d9d067a6399d383,B,0,clean
a1a69f10-c753-5f3b-863d-b4b61bef24aa,cc1c0bfb-9ec2-5f88-b11a-8effad7f3691,f6112f18-b202-5465-a8d9-c55f238bffb4,Coastal Lowlands,-2.862227,38.774291,-2.863028,38.77245,0.2228,2026-08-15T15:56:55.466764+00:00,2026-08-15T16:44:55.466764+00:00,2880.0,a8aa54e33d03206d,C,0,clean
f529d5ba-298c-54e2-9ec3-fbac184f068c,955ba437-d773-5b36-b2b0-13024d271b8c,fd32870e-45d9-526c-9191-ac9d488b0e81,Rift Valley,1.209316,35.672297,1.209114,35.671471,0.0944,2026-08-04T01:56:55.466764+00:00,2026-08-04T03:05:55.466764+00:00,4140.0,9057281976388fa9,C,0,clean
fd5520cc-de81-5da9-bb32-1d641e57cec6,32c86755-69dd-5dd2-9f4c-092aba38aaa7,9e33ff15-840f-5e34-a46b-62b5963939f5,Western Kenya,0.598346,34.293796,0.594943,34.293692,0.378,2026-07-18T18:56:55.466764+00:00,2026-07-18T20:46:55.466764+00:00,6600.0,f0b992677e6a2818,A,0,clean
35b23776-950e-53aa-b481-f9c85d38ea87,90c7668d-8f80-54e2-bf27-541001c0d6cc,4a28aeee-a0fb-50c5-a1db-961c18147508,Coastal Lowlands,-3.146317,40.473438,-3.146699,40.472403,0.1225,2026-07-29T01:56:55.466764+00:00,2026-07-28T21:53:55.466764+00:00,-14580.0,208a81567535cb69,C,1,timestamp_monotonicity_violation
b412a6c6-1d2a-54a4-be07-e64e9364a41e,5adcf655-93cb-50dc-af49-26a72d245051,0392601d-b3c3-55b5-9158-bba0b010932a,Eastern Semi-Arid,-2.128168,38.200849,-2.128686,38.201428,0.0862,2026-06-25T09:56:55.466764+00:00,2026-06-25T10:32:55.466764+00:00,2160.0,71a502341450a6d8,INVALID,1,invalid_classification_tier
9c495670-a98f-5ad1-9d20-7a9d7e9507bc,6d148c8c-146e-57a9-8250-0601162c75b0,312ea422-2c91-5f9d-a01a-efe381920131,Western Kenya,-0.495798,34.179548,-0.500181,34.177822,0.5228,2026-07-17T09:56:55.466764+00:00,2026-07-17T10:18:55.466764+00:00,1320.0,7896d8556af063d4,C,0,clean
e6676faa-3680-5506-bbd6-5ea6cb94bdab,a86c89d8-0ad4-5d87-918c-52db17311115,86506231-0ad0-5c3f-bcc8-4fa0627417db,Eastern Semi-Arid,-0.829561,37.518575,-0.824831,37.515258,0.6414,2026-08-07T07:56:55.466764+00:00,2026-08-07T08:17:55.466764+00:00,1260.0,1d19120de512ebca,C,0,clean
d905417c-4709-5b2e-add1-4fd391fc846f,7523927e-d104-5afd-a84c-5df524577144,0b0a4437-6093-57d1-99d2-a508192af50a,Eastern Semi-Arid,-0.694232,38.752344,-0.695031,38.754919,0.2993,2026-07-04T04:56:55.466764+00:00,2026-07-04T06:29:55.466764+00:00,5580.0,913289cadf8251de,C,0,clean
57983bc4-90a1-5320-826a-d66c28bceaad,31daf60e-b534-59e0-8dc3-be4b61b0b7f1,7d17dfe9-2583-56fa-97e7-dee95961e27b,Central Highlands,-0.035129,37.130406,-0.031655,37.131011,0.3913,2026-07-25T12:56:55.466764+00:00,2026-07-25T13:23:55.466764+00:00,1620.0,829a91bf7ec41523,A,0,clean
f63f452b-e06b-5001-9f95-67e5288d9cd4,460f202a-839f-547b-bb91-5fd71608c557,d3296490-357a-5cd9-9154-c8422f4be2de,Western Kenya,0.008225,34.539435,0.005736,34.539468,0.2763,2026-07-07T08:56:55.466764+00:00,2026-07-07T09:13:55.466764+00:00,1020.0,c2c7dcd25565b456,B,0,clean
6e2a4a77-4748-5c00-a2fc-af96bbbb523a,7dde6ea3-0eff-5d45-ab0d-74587e8c8f14,f553b64d-b32d-5e15-8769-920f3e08d23c,Rift Valley,0.101635,36.350705,0.095884,36.349761,0.647,2026-07-26T21:56:55.466764+00:00,2026-07-26T23:40:55.466764+00:00,6240.0,cba57dfa209d322b,B,0,clean
1e83a5d6-80b7-514c-8fcf-a8d33390a6e8,8ff51028-5a55-53fe-9154-b8e5da50486e,6703552a-462b-56ba-a02b-f564d5c71a1d,Coastal Lowlands,-4.146524,39.235209,-4.143304,39.230641,0.6203,2026-07-20T20:56:55.466764+00:00,2026-07-20T22:03:55.466764+00:00,4020.0,401481287e5e43c4,X,1,invalid_classification_tier
0409e3a6-5ddc-5b19-b6ec-ed1260d26478,6d770bdb-7e3f-5257-bc41-adfb35afb5ce,3c6fa12f-ab59-5cb2-8a01-b98c8c639861,Coastal Lowlands,-3.88053,39.61009,-3.876261,39.603635,0.859,2026-08-17T16:56:55.466764+00:00,2026-08-17T18:26:55.466764+00:00,5400.0,70534aa12aba9070,B,0,clean
0995799e-0ef4-53d4-b85c-ad3028dd8fc9,41637bd6-5de1-5caa-9658-073283cbb3f8,99d7838e-49ce-55b4-80c9-0f784b3d4ca4,Central Highlands,-0.205552,37.79412,-0.202959,37.791701,0.3937,2026-07-14T23:56:55.466764+00:00,2026-07-15T00:01:55.466764+00:00,300.0,d76e55e67f0c12ca,B,0,clean
b5f7cc7f-93aa-50f6-8eee-dfe463a55aad,5639e7d2-faea-5f04-84f0-6aab31d8e869,51b48a65-d463-50e3-aa09-8d228cf2b24c,Eastern Semi-Arid,-1.372688,38.462967,-1.377768,38.466109,0.6631,2026-07-11T12:56:55.466764+00:00,2026-07-11T14:50:55.466764+00:00,6840.0,c56b83391b1f0840,C,0,clean
ee0d9877-eae5-5f04-a7d1-431e7a291a8a,ec3980af-ed08-5394-b09a-6f0b9c233155,e3ec1dc9-d08a-5bb1-aa8c-5a51692bdb27,Rift Valley,-0.466432,36.384817,-0.470303,36.381052,0.5994,2026-07-31T00:56:55.466764+00:00,2026-07-31T02:00:55.466764+00:00,3840.0,43211012c53653ae,C,0,clean
90fb0111-ece6-58af-a354-7e85da638ea1,464320fb-5867-5897-8ece-cec10489ae0a,12a2e828-c1b8-5e72-b580-0b3fe1d9c267,Rift Valley,0.184353,36.120846,0.18967,36.121914,0.602,2026-08-12T02:56:55.466764+00:00,2026-08-12T03:36:55.466764+00:00,2400.0,1fd92f5bcadbcc23,D,0,clean
0dd6e63c-e1c0-58dd-9678-9214718abd50,58f7a34d-dc4c-5070-b8a7-544d028b61e8,447326b7-63cb-51c2-bc12-35d17aae158f,Western Kenya,0.375232,34.453162,0.379073,34.451552,0.4622,2026-06-26T07:56:55.466764+00:00,2026-06-26T09:06:55.466764+00:00,4200.0,60c935c2f5f5ea60,A,0,clean
158317ae-f587-5682-8c1f-4a1ed63e36ff,4ed8c54a-390d-54be-8ba3-95ae93285b7f,2c6ee904-6aa8-5507-9919-1bf343c7ca90,Western Kenya,0.861081,34.076761,0.863438,34.074295,0.3786,2026-08-05T21:56:55.466764+00:00,2026-08-05T23:19:55.466764+00:00,4980.0,66cfafcefea6d447,B,0,clean
ea90ba94-fc1e-585f-83ac-1434db87deb9,75aeddb6-60c1-545d-b12e-304d7c3925db,fe61155f-202b-5c4c-b475-1a69670bd066,Coastal Lowlands,-4.091656,38.830755,-4.085255,38.830529,0.711,2026-07-20T13:56:55.466764+00:00,2026-07-20T15:49:55.466764+00:00,6780.0,9171229affc71cde,B,0,clean
40ac9b6c-daf8-5541-80d2-509c080f0840,e9906e48-555f-5c7f-8594-0f8179d46624,9a104887-03c8-5c82-b6bc-55fbcf193e63,Rift Valley,-0.863311,35.535754,-0.864672,35.534641,0.1951,2026-07-08T12:56:55.466764+00:00,2026-07-08T13:44:55.466764+00:00,2880.0,7fdf274470c5d9cc,D,0,clean
2939cb37-20a0-5986-901d-cde0e1690ffb,12359ffd-c288-5fbb-8a8f-785bef50c653,0dbf227f-c977-5c80-a962-99fc4705732d,Eastern Semi-Arid,-1.332736,37.793549,-1.330714,37.791473,0.3217,2026-06-26T12:56:55.466764+00:00,2026-06-26T13:19:55.466764+00:00,1380.0,b49d3ef2ee90c55c,B,0,clean
058bb2df-0829-51fe-a713-1ce3c3c27041,d8157d9f-aecd-5d1f-8cbd-822241a466e0,e1c2619c-d990-55d1-bf60-46d90dec6a0f,Eastern Semi-Arid,-0.862398,37.443404,-0.868909,37.446807,0.8155,2026-07-10T19:56:55.466764+00:00,2026-07-10T20:50:55.466764+00:00,3240.0,1cda5485e539a622,B,0,clean
7d8d8300-6e8f-5993-8ca0-429eb928a3c9,9edab985-5236-5670-958f-d59382e4f708,7eb7bbe7-122d-53e2-87fe-ab937037c61c,Rift Valley,-1.048407,35.52594,-1.044162,35.523845,0.5255,2026-08-12T23:56:55.466764+00:00,2026-08-13T01:01:55.466764+00:00,3900.0,bc6820dbdacadab8,B,0,clean
41c9b8c6-55ba-5302-8c47-48396863afc5,cbc47b86-961d-5f7d-a19c-359b7cce8f5b,c566d35b-7b60-5227-a60b-19622a947ba2,Rift Valley,-0.825168,36.238048,-0.824293,36.237631,0.1076,2026-07-06T15:56:55.466764+00:00,2026-07-06T17:03:55.466764+00:00,4020.0,a02e2787b021a23f,A,0,clean
26cb6475-7550-5ff2-843f-91983a81ea6d,5cee9a42-6943-511f-b488-dd7b5838e8b8,5110914a-d10f-5d62-b5f3-72afd1f97299,Central Highlands,-0.244453,37.439035,-0.243869,37.441081,0.2362,2026-08-16T11:56:55.466764+00:00,2026-08-16T12:31:55.466764+00:00,2100.0,7e808406a2057baf,A,0,clean
868129ab-5299-556c-8b4c-3a0ec21bd8d2,96c01ca4-6865-5236-902d-e7ef186760fc,5e5f447e-9ded-578c-a50a-68c04c4d263c,Eastern Semi-Arid,-1.293623,38.318836,-1.291081,38.319236,0.2857,2026-07-20T18:56:55.466764+00:00,2026-07-20T19:19:55.466764+00:00,1380.0,2eb4bd0e7c4b5c53,C,0,clean
0d72a2b4-3a14-51cd-95e0-570f3cdacee0,6c369163-6c18-575c-b09c-551eebf87404,72d5abbb-009e-575e-b902-daa44b9f70e4,Rift Valley,-0.983587,35.137314,-0.97862,35.133763,0.6777,2026-07-12T04:56:55.466764+00:00,2026-07-12T05:44:55.466764+00:00,2880.0,f09561badbe5f948,INVALID,1,invalid_classification_tier
8cb63bca-6602-51d8-b70d-87fb74a65b4b,2c022ba4-6f34-5983-a6b3-1b80d0652b29,501f0bf7-c805-5831-8639-f0ed66aecaf8,Western Kenya,0.357049,34.406394,0.359303,34.401744,0.5735,2026-07-15T14:56:55.466764+00:00,2026-07-15T15:57:55.466764+00:00,3660.0,7364119df567e589,B,0,clean
7b4e6d7a-0faf-5573-b0c7-0061eef2dd67,15addf9e-bfa1-53e2-86f9-a6ccd5ce9cf8,b3925f45-7819-5b11-b568-2f3f56cbcadb,Coastal Lowlands,-2.577241,39.047759,-2.576663,39.04618,0.1867,2026-07-04T20:56:55.466764+00:00,2026-07-04T21:35:55.466764+00:00,2340.0,a290b441cb9cd865,B,0,clean
32e2979f-1027-5cd0-8cf0-7354b57a02e9,9c084cf0-8fcb-547c-947c-23de43fa2a68,d98be75c-3e2d-591c-a56f-46f27eb40e82,Central Highlands,-1.20684,36.99272,-1.208386,36.990252,0.3232,2026-08-10T05:56:55.466764+00:00,2026-08-10T06:53:55.466764+00:00,3420.0,b775ba4db0c1e4a4,C,0,clean
cc54804d-4c60-5710-a18e-c69937232101,d0afd98e-c153-517d-9f38-55c524bd7bb1,5948643b-6e1e-536b-8dd4-d37555601d31,Rift Valley,1.20361,36.410222,1.202257,36.412955,0.3385,2026-08-15T16:56:55.466764+00:00,2026-08-15T17:22:55.466764+00:00,1560.0,9a358a853c26963d,C,0,clean
02fbf316-cd53-5b18-8dcb-019cf3c90470,68d5b6c0-83b8-5cd7-b823-a1574840e29f,5d213b3f-806b-57d7-ac51-ba11e74a4e52,Central Highlands,-0.361614,37.554003,-0.361021,37.552779,0.1509,2026-08-02T19:56:55.466764+00:00,2026-08-02T21:54:55.466764+00:00,7080.0,161c6586f6f049af,D,0,clean
e7f2df0c-1be8-5da4-806f-6af1928317c6,d1667dcf-127f-532f-874a-0e87304f58db,763d0300-3489-590b-a962-9c510176a35a,Eastern Semi-Arid,-2.377907,38.520205,-2.379623,38.519011,0.2321,2026-07-29T15:56:55.466764+00:00,2026-07-29T17:28:55.466764+00:00,5520.0,49fd6af065031488,C,0,clean
6709eb76-0df9-577c-80d8-90d8e803525b,989cedcb-4adb-5b05-8de2-04030eef3dab,af1689c4-8674-5194-9469-348d51e7df0f,Central Highlands,-0.521575,36.93484,0.978425,38.93484,277.5,2026-08-06T12:56:55.466764+00:00,2026-08-06T14:25:55.466764+00:00,5340.0,72383bc4ffe512fb,C,1,gps_geofence_breach
2e39c6fd-da18-50f9-ae75-52810a69c5fc,c9a7db0a-dad3-5d8c-a31d-9174dbef97f1,cff2e7f0-3b92-53cf-8238-8d91742a6262,Eastern Semi-Arid,-0.793394,38.556473,-0.793184,38.555934,0.0642,2026-07-22T16:56:55.466764+00:00,2026-07-22T18:19:55.466764+00:00,4980.0,280c16c781736722,B,0,clean
950f5711-415d-51dd-a732-57c8b2367bae,a53d4bb6-f709-50b6-b77d-26c18c67a565,f3d84e34-6fd4-519f-85b2-cd2274b3dc49,Rift Valley,1.328814,36.289088,1.328906,36.291499,0.2678,2026-07-21T09:56:55.466764+00:00,2026-07-21T10:33:55.466764+00:00,2220.0,7e8ee2502380bd5d,A,0,clean
0cdc8079-4d6c-5d6c-a56c-b9649c26fbbf,df720c78-c98a-5779-8994-ca99032af635,6a0ecc08-4069-5d21-9f04-76d830aa50aa,Western Kenya,1.01848,34.251492,1.021265,34.248823,0.4281,2026-08-18T01:56:55.466764+00:00,2026-08-18T02:33:55.466764+00:00,2220.0,b56b8808581c7b6f,C,0,clean
3bf27309-e669-5fca-8a7d-2c6a1572eebb,4be9f3c5-8593-568a-a1a5-1f1e6d7c5814,e14c07f0-51a6-5df6-8070-e1e8dba2eb8d,Central Highlands,-1.043708,36.978612,-1.049122,36.977352,0.617,2026-07-29T10:56:55.466764+00:00,2026-07-29T12:41:55.466764+00:00,6300.0,047908c7e0b83d8f,A,0,clean
caf28d85-8e93-53b3-af25-f45b11bc9f27,6cd9fd16-afa7-5052-b06f-df050143d3fb,b2af5f71-5443-530b-b163-0672e5cd7a4b,Rift Valley,-1.019585,35.756372,-1.019739,35.758481,0.2347,2026-07-17T06:56:55.466764+00:00,2026-07-17T08:35:55.466764+00:00,5940.0,ed796d1e568aa145,C,0,clean
d94f1744-5193-5778-bed8-b87c2d441c6a,24e22419-74d6-5381-9178-8192ccd44637,74459781-ac05-50db-8318-4fc94ed68d52,Rift Valley,1.226606,35.03371,1.21984,35.025684,1.1652,2026-07-25T21:56:55.466764+00:00,2026-07-25T23:27:55.466764+00:00,5460.0,8748e26523a5fe4f,B,0,clean
5196605d-d748-567c-a507-18bdc9171736,37474d27-3382-5742-a394-03479069704a,cc13146b-6535-5982-a17c-380eafffeaf5,Rift Valley,-0.956643,36.42002,-0.957786,36.420567,0.1407,2026-06-22T01:56:55.466764+00:00,2026-06-22T03:20:55.466764+00:00,5040.0,8f77423b4b184235,C,0,clean
17584e87-6e35-50a5-8393-5bfa726b07a1,fba762c4-dbcd-5384-bc57-d91f635e225b,6a88a05e-d0d6-534a-86d4-899b18758efd,Western Kenya,-0.023133,34.618923,-0.017091,34.622453,0.7768,2026-07-10T13:56:55.466764+00:00,2026-07-10T15:17:55.466764+00:00,4860.0,6c944b8ade0722d5,A,0,clean
6fff3ac8-3154-595c-95a5-1a0833114747,e31eefd3-4959-577d-8b13-c965bfc9abe4,8d2cc6f4-0055-58ea-8c18-de54a53de577,Western Kenya,0.965369,35.175877,0.966152,35.173837,0.2425,2026-08-03T01:56:55.466764+00:00,2026-08-03T03:52:55.466764+00:00,6960.0,47711f185c36a6e2,A,0,clean
c80ae3a5-683f-5934-8206-0b195cb396e5,6bb534b2-406f-5440-bb8e-58bb6cfabbc9,7c1cc152-c34c-5fb2-8c09-af87073573ff,Central Highlands,0.154372,37.490596,0.154967,37.493564,0.336,2026-07-05T03:56:55.466764+00:00,2026-07-05T05:33:55.466764+00:00,5820.0,b2d44140e31a3b76,B,0,clean
6651bd00-3b54-577e-b001-7c6ad33ff3e1,7195841d-cd05-5489-9c4d-590364bcd050,a591a307-0e2e-53f4-b02e-4fa77aa1f17c,Rift Valley,-0.528376,35.32868,-0.526617,35.327569,0.2309,2026-07-10T21:56:55.466764+00:00,2026-07-10T22:08:55.466764+00:00,720.0,436e6cb720e2f886,A,0,clean
ef34cb05-5e14-5beb-8dda-cedc7a929ac9,534836b5-b1f2-5c73-9dfc-a5d8b67b7312,9f13d8a7-ae0d-5b57-92a6-81155c6459b6,Rift Valley,0.139402,35.381276,0.144446,35.381731,0.5621,2026-08-15T21:56:55.466764+00:00,2026-08-15T22:23:55.466764+00:00,1620.0,d04ca4e02a6533e1,D,0,clean
3c801385-aef9-52e0-9ff5-806972e40ff3,946de161-97bb-53d3-b416-266f97625fb9,768d1856-b173-5bf6-9ba6-e521e49b6886,Central Highlands,-0.796893,37.266597,-0.793285,37.264735,0.4506,2026-06-29T02:56:55.466764+00:00,2026-06-29T03:44:55.466764+00:00,2880.0,e3f0591944aad0a9,D,0,clean
37ebf7db-e2fb-50df-a7f3-1c9da72d5782,2621b2a6-0782-5c69-b795-f4c4245dca9b,a35d712c-a69d-5f1b-9c5f-062c79852263,Coastal Lowlands,-4.19882,39.130785,-4.201312,39.130869,0.2768,2026-06-29T11:56:55.466764+00:00,2026-06-29T12:11:55.466764+00:00,900.0,75a4bc70064ce868,C,0,clean
bc3531e7-3747-59f3-9d5b-26cbe61e0d42,924cd135-fcf6-507e-9976-58fb3a5609f6,b6cf1fbb-fa11-517c-a1c0-83fb661648d5,Central Highlands,-0.20861,36.99066,-0.213115,36.991138,0.5029,2026-07-18T16:56:55.466764+00:00,2026-07-18T17:43:55.466764+00:00,2820.0,124318d09cdd731c,B,0,clean
bc72f176-2668-5eba-a293-6226648f1d74,eb4e0a33-6ed3-5c32-8292-0d6f3ca086d5,8ac42d0c-26a9-5c48-91b7-65eaf46e5d4e,Western Kenya,-0.093484,34.575804,-0.094029,34.573117,0.3044,2026-08-05T21:56:55.466764+00:00,2026-08-05T22:42:55.466764+00:00,2760.0,8c4d92184ed3a696,B,0,clean
de4076cd-196f-5de7-8139-ffec17f858fc,55146a78-b9bf-596d-92d3-be9ef7494ae2,ba9f6ea8-0f6b-5c8e-9179-fd616ed1421e,Central Highlands,-0.733105,36.981909,-0.728954,36.978919,0.5679,2026-07-27T06:56:55.466764+00:00,2026-07-27T07:36:55.466764+00:00,2400.0,9521a435c2e4e1c4,A,0,clean
a44b7139-6775-59b6-8ea1-f88eac857117,7552a7b6-ea9f-560a-8f0b-2672644fba58,8d5b8365-9982-5968-a207-04604ebd16a5,Central Highlands,0.099373,36.933837,0.103757,36.935862,0.536,2026-07-28T06:56:55.466764+00:00,2026-07-28T07:05:55.466764+00:00,540.0,c3279ee28c93a532,D,0,clean
29d08a2f-b77a-561c-bf6f-9aba5ce31f64,94930354-4a04-56fc-9b1a-9bd4f7d5db9b,de6bc714-0b75-5328-ac26-4fd4bc70db15,Eastern Semi-Arid,-1.420664,38.792751,-1.423831,38.797527,0.6361,2026-07-07T12:56:55.466764+00:00,2026-07-07T13:41:55.466764+00:00,2700.0,cb48ea919d864f55,B,0,clean
8ab5e3a7-67f0-57ef-aef0-ef5c0eeeebef,05e2fb48-974d-5248-914b-1ceeaec8e517,8513f354-9bee-5803-a056-4748bc6362b2,Rift Valley,0.359395,36.121072,0.361506,36.121494,0.239,2026-06-22T04:56:55.466764+00:00,2026-06-22T06:55:55.466764+00:00,7140.0,9cff4b2654b57717,C,0,clean
e274256b-9b5e-5441-a0d1-40e90ba5247c,9bda99ea-ac8e-57ba-9dc9-a2985c8e1f06,c332763f-beed-56bc-a74b-14f52e05ced9,Eastern Semi-Arid,-1.316445,37.60208,-1.310819,37.600451,0.6502,2026-08-15T21:56:55.466764+00:00,2026-08-15T22:39:55.466764+00:00,2580.0,2c5b17413810e58a,A,0,clean
7d2dab4e-5b6f-5961-a123-ca24cea12830,913cacdf-4c8d-5277-b796-ebad4d4f81f5,27e64be3-68ae-5642-9dfe-245274e48a92,Eastern Semi-Arid,-1.926706,38.260734,-1.928062,38.261011,0.1536,2026-06-25T18:56:55.466764+00:00,2026-06-25T20:45:55.466764+00:00,6540.0,c6ccd8fc158b6a69,A,0,clean
967f4102-7a48-5c14-9325-e278414da079,c9abbd63-8895-50e2-a10a-fcc7be2c0e18,ed3d957f-aa87-5062-a96a-be53fc6f6d9e,Coastal Lowlands,-3.072446,39.110738,-3.072581,39.111052,0.038,2026-06-24T03:56:55.466764+00:00,2026-06-24T05:52:55.466764+00:00,6960.0,e3d6b0bcba4e3cd3,C,0,clean
3d41c391-0633-5f43-bd0f-965625b8f4a7,d1225d53-4cef-54df-a2ce-b78836438a49,c837f387-80da-5c44-bdc4-c78c0a3b820a,Coastal Lowlands,-2.968048,39.763136,-2.966686,39.768476,0.6117,2026-08-18T09:56:55.466764+00:00,2026-08-18T10:40:55.466764+00:00,2640.0,b91da496bafd7fbe,B,0,clean
a882be97-3450-5926-9fc3-33e58421a2b0,50657020-0330-5034-aa9e-ea9b5a1a61eb,beb47044-3352-5a88-98ff-6bd606caa7a8,Central Highlands,-0.861401,37.240604,-0.86484,37.243645,0.5096,2026-07-14T03:56:55.466764+00:00,2026-07-14T05:08:55.466764+00:00,4320.0,c90b33f1b0deeb3c,B,0,clean
e676df74-1552-51d0-8ac1-77dfc175dd6a,8e624fcb-1394-5575-b298-abcbfe4ef660,0ef673d5-0948-51c1-825a-43c5b9ce9c4e,Western Kenya,1.012178,34.706973,1.013315,34.710791,0.4422,2026-07-02T20:56:55.466764+00:00,2026-07-02T22:06:55.466764+00:00,4200.0,04d75e01a37f3c40,C,0,clean
38c14329-5b9b-5e3a-8854-1dc79705c41d,eb85870b-d6c9-5a60-b897-110e0f74e74d,5ae18f38-0a2e-541a-beff-3c4ae9afb7cf,Central Highlands,0.289724,37.551657,0.289548,37.555547,0.4323,2026-07-23T16:56:55.466764+00:00,2026-07-23T17:27:55.466764+00:00,1860.0,84398c15cf81e843,C,0,clean
b144c1f9-0f7a-5806-80f4-24c4854b9e0c,de86f2a9-3836-5c58-b9d4-1d69a7576397,7bd41146-78c7-516e-b198-0b9285f9273e,Western Kenya,0.070749,34.169745,0.070559,34.175906,0.6842,2026-07-03T18:56:55.466764+00:00,2026-07-03T19:09:55.466764+00:00,780.0,3a549a81f47c7781,A,0,clean
c5ec1fe3-d89e-5493-af06-8154b51d48c7,eea7aa30-4405-558e-8354-6f319f066096,50795050-2c1e-5db2-a3e7-1cc888499744,Eastern Semi-Arid,-1.660732,37.655136,-1.657443,37.657225,0.4325,2026-07-10T02:56:55.466764+00:00,2026-07-10T03:08:55.466764+00:00,720.0,b0cfa2183285b241,B,0,clean
48beb22b-7067-563b-b11b-c9b5b35e4683,4a1f0b6c-a792-5f96-a3d1-7ebf6f7667f6,ae7f10e1-0d09-57f0-861b-442227ef8014,Eastern Semi-Arid,-2.015737,37.782006,-2.013358,37.784181,0.3578,2026-07-03T13:56:55.466764+00:00,2026-07-03T14:53:55.466764+00:00,3420.0,ff26e17720f87895,A,0,clean
aa2aed07-7466-5a99-82c2-18930fba05c3,ee094eaf-4093-50b0-95ba-44e0b9162b1a,64540a46-2010-5abb-8f02-3944986afd1d,Central Highlands,-0.02737,37.539046,-0.025181,37.542551,0.4586,2026-07-15T03:56:55.466764+00:00,2026-07-15T05:40:55.466764+00:00,6240.0,6acd97d6b4fac6d6,B,0,clean
759e987a-0ad0-55c7-9b7f-fa07ac09f23d,3bb33783-8c85-5ec2-9378-e79424e840ba,28c0f5f1-bd91-5e1f-9212-fa0c9f763f68,Eastern Semi-Arid,-0.393337,38.46034,-0.396265,38.461045,0.3343,2026-08-10T01:56:55.466764+00:00,2026-08-10T03:29:55.466764+00:00,5580.0,295701bbb57a936f,B,0,clean
cb188655-bac2-5e17-bbdd-321b41de1cd8,f6349c9f-20f5-5e63-9f7e-39b267d2cb2e,cada0f77-5b77-54a3-bedb-1a3533cabb55,Coastal Lowlands,-2.491097,39.207913,-2.492705,39.208162,0.1806,2026-07-29T23:56:55.466764+00:00,2026-07-30T00:38:55.466764+00:00,2520.0,e7b4ea8d3f6de046,C,0,clean
eee1df85-ee06-5bef-9bd1-1e3c750c4cb6,f61b06c3-eed0-5338-92ec-6c7c8409e529,e0fc70dc-c336-5312-906e-12b11974e7f4,Coastal Lowlands,-3.032675,38.777735,-3.035121,38.775394,0.3758,2026-07-03T04:56:55.466764+00:00,2026-07-03T06:46:55.466764+00:00,6600.0,71a2c6695bf6d4d8,B,0,clean
b56e2104-fbfb-5e8d-ab3a-47d1e097b9b6,ea79b17e-a81f-54ce-aec6-13fc118ac890,3875d388-425c-5500-89d2-3b817467ec10,Western Kenya,0.603722,34.86333,0.603269,34.86185,0.1718,2026-06-27T09:56:55.466764+00:00,2026-06-27T11:00:55.466764+00:00,3840.0,5d238809c6f65645,B,0,clean
91b70781-0f0e-57c3-84c8-ea11d2c3ab80,4da77829-2a44-563b-9c0f-ee5c0b3524b6,ab5118be-9d72-512f-9a5c-ddc4b811c6e9,Eastern Semi-Arid,-1.400664,38.75134,-1.403148,38.753102,0.338,2026-06-25T07:56:55.466764+00:00,2026-06-25T08:55:55.466764+00:00,3540.0,ba2152ad0aeea2dc,A,0,clean
89d0d239-262b-5416-b68f-6a7fc2536208,dc3f95f9-c799-5a88-9122-d7768690b179,693561a8-fdab-50d5-8e3d-65c600998b03,Eastern Semi-Arid,-1.611779,38.447966,-1.61122,38.45255,0.5126,2026-06-30T16:56:55.466764+00:00,2026-06-30T17:13:55.466764+00:00,1020.0,555c8a4c2f79e270,A,0,clean
cae61002-c038-5cbb-919d-6f5697a0995b,154ec075-37e5-539a-beed-553ff7b481a8,22dc9894-9911-5b69-bd26-faa4c5db7260,Central Highlands,-1.236154,37.052325,-1.237906,37.050384,0.2902,2026-07-01T09:56:55.466764+00:00,2026-07-01T11:53:55.466764+00:00,7020.0,0c4d0c2a3dd68e53,A,0,clean
7ec08e02-88d8-5abe-8f7a-585c51600d97,a134f0a3-6f80-597d-a1ec-c13c0fb6657c,27c3bdcd-9844-5ebf-8420-6bb1992d0a2e,Rift Valley,-0.337944,35.291701,-0.338127,35.290197,0.1682,2026-07-10T03:56:55.466764+00:00,2026-07-10T04:34:55.466764+00:00,2280.0,444ad3678507ec03,C,0,clean
b0cbe0de-78a0-54f7-8aa9-327cce750f28,803d24cf-efa7-5bbf-a6e4-62deed67f6ec,319a0b8a-16b7-5d72-9b1e-3bb88b71e7c4,Coastal Lowlands,-2.657825,39.313126,-2.653464,39.311093,0.5341,2026-07-14T05:56:55.466764+00:00,2026-07-14T06:54:55.466764+00:00,3480.0,8d40ee143625b991,D,0,clean
65f6af80-5065-5f36-bcca-3a6eb7f559ec,8a85d593-60e7-52ce-897d-3f1ecc07e108,3119aadf-0c96-5993-8e0b-00913672fed8,Eastern Semi-Arid,-1.618976,38.061382,-1.613175,38.061866,0.6461,2026-07-28T13:56:55.466764+00:00,2026-07-28T14:37:55.466764+00:00,2460.0,e6e90fca4599c44c,B,0,clean
9a92052c-df8b-5d69-a982-07246ace0cdd,5bc745b8-9fdd-562a-b601-493365cb75b4,8a1548d9-3f74-5b5b-88f1-717de3cd8206,Eastern Semi-Arid,-0.044043,37.757618,-0.041548,37.753936,0.4937,2026-08-13T12:56:55.466764+00:00,2026-08-13T13:33:55.466764+00:00,2220.0,637342eb08547262,A,0,clean
82121e7e-858b-50e6-901a-e3dbbdee18a5,84080a7f-ccb2-551c-b7bf-66fb3aceedcc,7bfaa6dd-cb28-54e6-9caf-12f6a26940ce,Rift Valley,0.057028,35.609867,0.054197,35.611757,0.3778,2026-07-21T16:56:55.466764+00:00,2026-07-21T17:59:55.466764+00:00,3780.0,442f231e5d3ca553,Z,1,invalid_classification_tier
6fc3415b-fa46-5c26-bda3-00703325496d,26b21d9b-0e7d-5134-bb0d-6d31a276b92f,54a3a678-b23b-5fd5-a6ca-e437fc70b3da,Coastal Lowlands,-3.418501,39.122035,-3.420514,39.124136,0.323,2026-08-02T21:56:55.466764+00:00,2026-08-02T23:32:55.466764+00:00,5760.0,a4070037778f6621,B,0,clean
2b7b6ec2-0b6f-5263-9d26-2123cb0d0c80,891a9924-1877-5cad-bf08-ccc40466960e,0becb2c8-3004-5297-b088-bca85793b066,Coastal Lowlands,-3.682354,38.616379,-3.685456,38.617807,0.379,2026-07-27T09:56:55.466764+00:00,2026-07-27T10:23:55.466764+00:00,1620.0,aa04db07a1110406,C,0,clean
7655b9f9-aeb5-5c49-9798-35c19b0ab32e,085c8cc8-7122-5d84-b313-501c8f5900bc,7b4ed74d-2e1f-5207-b8d2-bda3bfde0484,Rift Valley,0.034713,35.883483,0.036276,35.884688,0.2191,2026-06-30T20:56:55.466764+00:00,2026-06-30T22:54:55.466764+00:00,7080.0,fc7709ce9b622165,D,0,clean
51b276a5-f6b4-57ce-a875-a30d93dd57e1,bcb77fd7-4063-5ea2-86e8-426aab3866d7,87536790-7470-5898-a351-70a9be7019fd,Western Kenya,0.186181,34.801665,0.183638,34.803331,0.3374,2026-08-01T00:56:55.466764+00:00,2026-08-01T02:12:55.466764+00:00,4560.0,7e473fe60b7a3b8c,A,0,clean
8e53ed32-e5c6-5bbc-91d4-c2d5ecdaf542,ea6312c2-6480-5c17-9db6-7e76ec944334,5045a45f-7ea1-563f-a59c-5e64729b2266,Western Kenya,-0.270091,34.143253,-0.273064,34.14656,0.4937,2026-07-17T12:56:55.466764+00:00,2026-07-17T13:14:55.466764+00:00,1080.0,b86b74a1e68d96ee,B,0,clean
b59ab836-19b7-59d8-a4d0-adcb0fb448fb,a2a4bc13-731e-5409-8721-daafa3d4ffb7,b975b184-2941-54a4-902e-dda952b37344,Western Kenya,1.149614,34.592925,1.151956,34.592999,0.2601,2026-06-26T03:56:55.466764+00:00,2026-06-26T05:11:55.466764+00:00,4500.0,ffaf1ce0043670ea,B,0,clean
d2464644-c9ca-5a14-ae55-472b9c53f0b9,def91217-151e-5c86-95b5-200fa9ec3fca,6d14603e-1eab-5f9e-b122-f0665dd49004,Coastal Lowlands,-2.997345,39.501265,-3.002402,39.503607,0.6186,2026-07-24T01:56:55.466764+00:00,2026-07-24T02:18:55.466764+00:00,1320.0,5553049c76f2ba80,D,0,clean
ba47a8f2-5dce-51c7-9437-46c51a997540,3066f8a2-14d7-5877-819d-40417b88f80b,733036ea-f2aa-5a84-a6c0-59996a727343,Central Highlands,-0.26971,37.580446,-0.268932,37.578377,0.2454,2026-07-08T12:56:55.466764+00:00,2026-07-08T14:25:55.466764+00:00,5340.0,7663cbedcd6f419a,A,0,clean
496acfd1-1cd4-55e2-989e-e0facd7c20f4,952dc21c-d4d6-555c-a78f-e4b85d735db4,16458798-3114-541d-afd4-7b9dc1fe37d5,Eastern Semi-Arid,-2.131149,37.895804,-2.13081,37.901499,0.6332,2026-08-08T04:56:55.466764+00:00,2026-08-08T05:31:55.466764+00:00,2100.0,c1e968399485b6d2,C,0,clean
b0871888-8e62-587d-bf65-8042babc8ee6,7f0bb851-128b-50fd-940d-6e633f2b6f22,75d962b4-f3fa-591f-8a2c-2608697a6407,Rift Valley,0.847888,36.364837,0.847515,36.370355,0.6139,2026-07-18T18:56:55.466764+00:00,2026-07-18T19:55:55.466764+00:00,3540.0,edb2d7611a046e67,B,0,clean
e463ccdc-d58f-5113-abb1-e4a5fea08d71,5d4697d4-4c84-5f1a-83f1-8de07344aa11,3e5b698c-5af9-597d-b4d6-0e92505ffdb8,Western Kenya,-0.118323,34.754148,-0.120907,34.751509,0.41,2026-07-28T18:56:55.466764+00:00,2026-07-28T20:20:55.466764+00:00,5040.0,fb19b25bde698f85,A,0,clean
5f46691b-d1a3-5d59-b85a-0142789b2fab,bd9c0311-4ad1-5761-9fdb-159a2e1bb656,e1978193-e2ca-5c80-a7ca-15aca14b1499,Rift Valley,-0.185324,35.773518,-0.184062,35.774409,0.1714,2026-07-14T19:56:55.466764+00:00,2026-07-14T21:30:55.466764+00:00,5640.0,fbcfaeb67988e014,B,0,clean
9832d05d-22ee-58dd-a618-4283e9f2c196,0e7c0729-937c-58bd-85e8-237f9fa2174a,b8cbbfea-5a68-57ef-9419-1373d915d67a,Eastern Semi-Arid,-1.308586,38.392271,-1.303723,38.389986,0.5963,2026-07-21T21:56:55.466764+00:00,2026-07-21T23:21:55.466764+00:00,5100.0,388b059e854946b5,D,0,clean
bd3bf181-7438-5f3c-b622-3c21ca6d8767,00cf5902-f9cd-5aa4-85f0-f155e9b866a6,9ea37e5b-9081-50b5-9973-a9ac7b02b81f,Central Highlands,-0.490857,37.062124,-0.491117,37.0588,0.3701,2026-06-26T06:56:55.466764+00:00,2026-06-26T07:50:55.466764+00:00,3240.0,49f821fbefc28884,C,0,clean
799e5ca4-a74d-53da-8ec5-cd8f38949133,d63248da-5e14-52b7-91d2-f868730cf47b,77e9106a-5265-5fa4-999b-5b0e10557dae,Western Kenya,0.586037,34.068076,0.589111,34.064908,0.4899,2026-07-27T05:56:55.466764+00:00,2026-07-27T07:02:55.466764+00:00,3960.0,672de8f5cad2a1e8,A,0,clean
6f50600d-20a5-53dd-9260-50ae96ad680a,6e7a5e76-aa30-541a-9dce-91aa942453e4,2717768c-c481-55d8-b60a-1949e6e72579,Eastern Semi-Arid,-0.157196,37.535599,-0.16081,37.539667,0.604,2026-08-01T03:56:55.466764+00:00,2026-08-01T04:56:55.466764+00:00,3600.0,f14183f296d5d09d,B,0,clean
d129f6f7-5551-50ca-811c-8b508f9d7a13,fca1fcd9-8022-5eba-b862-2498731fcd23,628d4745-40cb-5622-b027-4925fa869461,Eastern Semi-Arid,-2.046804,38.036443,-2.051552,38.034987,0.5513,2026-07-23T05:56:55.466764+00:00,2026-07-23T06:23:55.466764+00:00,1620.0,18db760ba5b8dab6,B,0,clean
da0b55a3-c2ae-5589-912e-aa503f6a4b04,daee2c8a-001a-5333-ab6d-a41458e0cf93,69ee55cc-03c4-5b1e-9c33-6028fe23eabf,Central Highlands,-0.30161,37.512753,-0.299134,37.508234,0.572,2026-07-08T17:56:55.466764+00:00,2026-07-08T18:18:55.466764+00:00,1320.0,4c748c3fe9641fe2,B,0,clean
0234fc17-da4e-5f2a-8cc5-6713d8e7cc93,5ded4f94-21e5-5a14-a81b-d867dfbe82cc,1faa9150-a83c-5153-a834-f2d0b37c534b,Coastal Lowlands,-4.234499,39.499207,-4.235652,39.499339,0.1288,2026-08-04T11:56:55.466764+00:00,2026-08-04T13:53:55.466764+00:00,7020.0,5b8a447f292c2a46,A,0,clean
21c84b6b-d6ed-5381-8533-bed17adea48d,95d1eef3-97cd-52c0-a4e3-d816673eca3e,80b05fc8-716c-5845-876d-eb8cd79c55da,Rift Valley,0.845735,35.226396,0.843309,35.223098,0.4545,2026-07-15T08:56:55.466764+00:00,2026-07-15T09:31:55.466764+00:00,2100.0,816bcaf7a91b6ed1,C,0,clean
00b240c8-9de2-53aa-a2d9-b47310022d26,cea7d095-7033-5c15-8ebe-af0260fd6944,4abe33b6-12db-51a9-92b2-81e9d994a0aa,Central Highlands,-1.250875,36.90728,-1.249783,36.906134,0.1757,2026-07-09T01:56:55.466764+00:00,2026-07-09T03:42:55.466764+00:00,6360.0,f8715323c097eff7,A,0,clean
4443db4e-5595-5c54-a715-fbf3e3500abf,8eb021cf-a9ff-5caf-b8f0-982c287c084d,f9c8925f-a07c-5525-9cd7-2e8f37ffe0cb,Coastal Lowlands,-4.46549,39.814782,-4.467789,39.815482,0.2667,2026-08-01T12:56:55.466764+00:00,2026-08-01T13:29:55.466764+00:00,1980.0,a5e312509c706f68,C,0,clean
ca0c84fe-b21c-56e3-ada9-d3fa6b0ab261,488acf62-db84-5bf6-8661-7f516211ce91,0075aa7c-4bda-597b-95a0-b5edd8003c6f,Rift Valley,-0.254193,36.018294,-0.258553,36.012931,0.7672,2026-07-04T11:56:55.466764+00:00,2026-07-04T12:09:55.466764+00:00,780.0,031733730d299b7a,B,0,clean
56cff3ed-a594-5cde-85aa-88ed3704fcd8,98fd1047-b4ce-5dd7-ad86-e90edb6602ef,f994e9c1-3307-5762-a661-49d5fe1d50cc,Western Kenya,0.790355,34.249876,0.787552,34.248595,0.3421,2026-07-14T02:56:55.466764+00:00,2026-07-14T04:40:55.466764+00:00,6240.0,0706759d928bdce1,A,0,clean
14a38f56-adf8-5bd0-bb2d-6c4529b56d6f,8adb8651-8948-51bd-8495-c7687918bad8,afce950e-c2c4-519f-a67d-d94f861e4817,Rift Valley,-1.138587,35.04934,-1.134496,35.052616,0.5818,2026-07-09T20:56:55.466764+00:00,2026-07-09T21:30:55.466764+00:00,2040.0,3b23629abf5cf6d1,C,0,clean
376cc65c-4f8c-5b49-abae-c71e3b2af79d,01fbd65c-5cdb-51a5-b25f-edb73e69adcc,e41f86e5-c11d-5bdb-8340-e9ffc70979d3,Eastern Semi-Arid,-2.292291,38.785495,-2.29369,38.783935,0.2326,2026-07-25T12:56:55.466764+00:00,2026-07-25T13:31:55.466764+00:00,2100.0,97d2a4514f85e927,C,0,clean
6714ee33-67d0-54b3-80c4-7c36ca3cd638,1e2f8045-79e2-5960-9136-5dc6210ab14c,d8b4b42a-a2ee-51b2-a823-977d8e4b645d,Coastal Lowlands,-3.875893,39.158114,-3.876632,39.16148,0.3825,2026-07-12T16:56:55.466764+00:00,2026-07-12T17:18:55.466764+00:00,1320.0,af4b909f0c42482e,A,0,clean
1bd656d9-e266-5698-bbca-50df6ff07728,e0f7e2fd-76c4-5857-b2cc-b4333f796583,9776c52a-9925-50bd-b40f-6105e2ddb175,Rift Valley,-0.068933,36.430099,-0.071464,36.429298,0.2947,2026-07-27T03:56:55.466764+00:00,2026-07-27T05:45:55.466764+00:00,6540.0,eb5fcf81bc1a07a2,C,0,clean
32a0a6a2-17cc-54c9-93cb-600fb0fc4914,fd81be26-4691-5640-bfc7-e07dd964f041,794eef32-3142-5098-8e70-a940c7f71893,Rift Valley,0.972345,36.207141,0.975922,36.213739,0.8332,2026-07-05T14:56:55.466764+00:00,2026-07-05T15:47:55.466764+00:00,3060.0,8acf14ac364a366b,A,0,clean
7481e0cc-4714-55c6-a85f-69773ae9b14d,45a56227-a3de-5eed-a304-39f95d61e510,641aba18-441f-560c-b365-2aca7fba0ccf,Coastal Lowlands,-3.041977,38.680026,-3.046129,38.677192,0.5581,2026-08-19T01:56:55.466764+00:00,2026-08-19T02:18:55.466764+00:00,1320.0,d6652f2cda0ed9ae,B,0,clean
62403214-909b-5437-9ad3-edf9e7b1588e,adcad844-a2fd-5524-83a1-c85b36803ebc,1c7479ee-9fac-57aa-9954-eaf482d46129,Central Highlands,-0.949279,37.447804,-0.951339,37.449143,0.2727,2026-08-12T07:56:55.466764+00:00,2026-08-12T09:21:55.466764+00:00,5100.0,662e6305bad745d7,B,0,clean
88ff2c08-7aee-5aa4-a377-1aa92abd3a65,74978b21-c723-5f50-ad59-caa633fe220a,5ea2f6a3-b494-578f-bce0-fee943493cef,Rift Valley,1.31943,36.324803,1.31876,36.317027,0.8664,2026-06-25T03:56:55.466764+00:00,2026-06-25T05:29:55.466764+00:00,5580.0,7eef2f73177ec68e,B,0,clean
7d345a55-ccee-5501-8362-617d6a3c16f3,4fd619d5-69f3-5285-9633-2e93deee56d5,87a630c8-b553-5eff-bf0a-aa9b6814690a,Western Kenya,1.028976,34.513357,1.031357,34.511087,0.3652,2026-08-10T04:56:55.466764+00:00,2026-08-10T05:47:55.466764+00:00,3060.0,10cf96a2d2f907a6,C,0,clean
9458bbe9-b153-5ddb-84d0-a2d6c1adc18c,4e05d2b9-3380-5f74-83d2-6774d8f8a671,d7594af6-34a5-5e60-8c3e-99c8f09cdf65,Eastern Semi-Arid,-2.434776,38.279694,-2.432035,38.280988,0.3364,2026-07-18T02:56:55.466764+00:00,2026-07-18T04:18:55.466764+00:00,4920.0,95b3134a5520cd16,B,0,clean
37bdc928-d5ed-5e03-b7de-c815bf18d9d6,b46ba9bc-5d52-59d7-8ced-de7fcb2aedfa,c333d610-2ed5-51b3-965c-2c032d630445,Western Kenya,0.968154,34.091713,0.965857,34.089955,0.3211,2026-08-14T18:56:55.466764+00:00,2026-08-14T19:46:55.466764+00:00,3000.0,446e743d55283c4b,C,0,clean
fa7282a2-ca02-5a8a-8b71-2c0a591e8f4c,d33c4b4b-30e5-577a-971c-9faee53128a8,14a01107-0fec-5029-a9f0-ae31d55a50a1,Central Highlands,-1.369833,37.005812,-1.365865,37.006387,0.445,2026-07-29T23:56:55.466764+00:00,2026-07-30T00:25:55.466764+00:00,1740.0,fa8e59fdb711c540,B,0,clean
0bd84c0e-ea46-5923-b344-1a2c2fc344d6,6f7b3fdc-4d96-549d-92ba-e7c51e20612d,eb736190-9a70-5197-8eeb-eba2a21088d1,Rift Valley,0.170115,35.820105,0.171207,35.822623,0.3046,2026-08-19T07:56:55.466764+00:00,2026-08-19T08:42:55.466764+00:00,2760.0,e58a96090b0d8bcf,C,0,clean
7b1f6e45-596e-5444-b377-dcadaeae5c27,49791d93-8527-5642-a19a-a04640691379,66d7b62e-ec93-524d-85e8-23cec63f682b,Eastern Semi-Arid,-0.530864,37.860542,-0.533027,37.863357,0.3941,2026-08-04T06:56:55.466764+00:00,2026-08-04T07:07:55.466764+00:00,660.0,e48c6dd9fd74d9ce,B,0,clean
c46155ea-b070-59d8-bc2a-de560107bfd1,74b87e81-8210-56ea-864a-b4017cb1b385,2ab9592a-dda0-56a3-99d4-1eb0f18e70a0,Central Highlands,-1.305317,36.630701,-1.304301,36.629231,0.1983,2026-07-24T10:56:55.466764+00:00,2026-07-24T12:14:55.466764+00:00,4680.0,df0fe73d1ce92250,C,0,clean
e40377cc-5314-5598-87ba-639746ca5cdd,808084a1-26fb-5d64-a591-89b54734987c,d9e8c608-5256-5af2-ad3f-69976a56e37a,Western Kenya,0.911986,34.755187,0.913418,34.755552,0.164,2026-07-03T10:56:55.466764+00:00,2026-07-03T11:37:55.466764+00:00,2460.0,1c9842f5d68880f1,C,0,clean
63a66ef1-64f8-518f-8081-a8cd44775d43,1474c04b-ab08-57ad-a328-c44cf0b91fd7,6e1ea4a2-11e8-5bd4-a807-2efbe37c861a,Eastern Semi-Arid,-0.34687,38.591158,-0.347779,38.591087,0.1013,2026-06-29T12:56:55.466764+00:00,2026-06-29T13:33:55.466764+00:00,2220.0,04e491884f8d44d6,B,0,clean
6cd89b23-63ec-58cb-ad7e-54ffc172035d,0157e01a-6840-5c61-9eba-e0f12fd17a0d,5c6e3c26-5061-5395-8aad-8ffb211797da,Western Kenya,-0.164358,34.666089,-0.16831,34.663054,0.5531,2026-07-25T13:56:55.466764+00:00,2026-07-25T15:44:55.466764+00:00,6480.0,a91a398643940943,B,0,clean
08b09de6-2cae-5267-b0d3-35cbd4637f52,8dc794f1-b095-5ae7-a47e-09526b7d3bf3,f46e29b5-0ca2-5c7b-836f-b13f0df64fc1,Central Highlands,-0.997005,37.015121,-0.996859,37.01059,0.5032,2026-07-02T08:56:55.466764+00:00,2026-07-02T09:23:55.466764+00:00,1620.0,0173f260035d9f35,B,0,clean
1e66bdf2-4e37-5acc-b976-5a4d7ded8b1a,fc7c7b4d-7129-51f8-8a9d-26b4d0ab8a2d,d928d52e-49ae-5a64-9167-4da172244a2f,Eastern Semi-Arid,-1.356829,37.552255,-1.349638,37.555722,0.8861,2026-07-02T12:56:55.466764+00:00,2026-07-02T14:42:55.466764+00:00,6360.0,c9da4880f0e1406a,C,0,clean
d04133f4-2ff0-5d5d-aa8a-8a006e71d945,6ba9ece8-8f84-54e4-a846-04d26d4499c6,786ca2eb-ff19-53bd-88ce-30068678ba21,Coastal Lowlands,-2.078918,40.005042,-2.076697,40.005545,0.2528,2026-08-17T06:56:55.466764+00:00,2026-08-17T08:08:55.466764+00:00,4320.0,9f2c6a428f85a6b2,E,1,invalid_classification_tier
461401d0-dabd-5903-85a6-2b8e12f9a43a,502eac41-571c-5c8f-a139-59327c46ec43,6c0d8f8b-bcf5-5e9f-bfdf-f07ba479972b,Central Highlands,-0.934707,37.235481,-0.93329,37.236153,0.1741,2026-06-28T08:56:55.466764+00:00,2026-06-28T10:01:55.466764+00:00,3900.0,cbe1c0ee2a808d86,B,0,clean
10e47aff-b27d-5e15-825d-edb00a28e117,c1cba671-633a-591e-a5c3-d7d6fbe915ba,5b647ccd-7d10-5143-9e81-74218178be2f,Coastal Lowlands,-2.927064,40.112369,-2.931272,40.113795,0.4932,2026-08-12T04:56:55.466764+00:00,2026-08-12T05:36:55.466764+00:00,2400.0,e25da3927ce9f156,B,0,clean
7649937f-fc3c-5d4d-ac81-bb5f1871b397,384dd3aa-01eb-5fb2-89ac-935fe6fe73c1,457990b3-9e31-50c9-a4b3-819144d60866,Western Kenya,0.79559,34.61674,0.797017,34.616604,0.1591,2026-06-24T04:56:55.466764+00:00,2026-06-24T05:12:55.466764+00:00,960.0,70fe32946d067fd0,B,0,clean
c71dee0b-5073-5eb5-a625-cce9cfdc11e0,113efcfe-e2b0-50e0-87d7-bb1b5eeaa53b,5dd41069-264a-5327-9752-1fd8e64fc72b,Eastern Semi-Arid,-1.139549,37.838368,-1.14024,37.840613,0.2608,2026-06-26T15:56:55.466764+00:00,2026-06-26T15:28:55.466764+00:00,-1680.0,394d783df9f63f46,C,1,timestamp_monotonicity_violation
46c4690e-cead-5705-958c-c5c7844c8629,ae2fd58b-0e36-506f-837f-b6eed6f8653f,4b617222-20ce-545e-98ea-f91ec677ecfe,Eastern Semi-Arid,-0.180124,37.694095,-0.182006,37.700476,0.7385,2026-08-08T11:56:55.466764+00:00,2026-08-08T13:04:55.466764+00:00,4080.0,befa556f3fd6ebc8,INVALID,1,invalid_classification_tier
e2268337-1984-556d-ba1f-11c241403d76,10bab66f-b763-5191-a9f8-0fde094b5b37,afceac5d-ed9c-5ea0-80c1-4f5512715d97,Western Kenya,-0.48361,34.858713,-0.480832,34.852521,0.7533,2026-06-27T23:56:55.466764+00:00,2026-06-28T01:08:55.466764+00:00,4320.0,064a6dbd4f92a901,C,0,clean
e4e6870b-77c0-5571-8f3c-5534d2a5131b,db0dd574-cea4-5d4a-b50a-c51bd6818d17,87a025f8-1919-57af-b2bc-29e3d7918ce3,Coastal Lowlands,-2.487231,39.2419,-2.487694,39.241283,0.0857,2026-07-01T00:56:55.466764+00:00,2026-07-01T02:43:55.466764+00:00,6420.0,0bb8348d6cfe3e22,B,0,clean
ff594dc7-0a80-5ef0-a4b5-1470d4ba19cd,3e910990-3351-5334-b265-052c9545a89a,fc619314-75b3-5a82-9c04-c580a5d1dd93,Eastern Semi-Arid,-2.303089,37.202838,-2.303571,37.206691,0.431,2026-07-21T06:56:55.466764+00:00,2026-07-21T08:11:55.466764+00:00,4500.0,9a9b38158fa602b7,B,0,clean
8610ea06-0865-5352-a9b1-cbd077f4d491,e71ce901-511c-527f-8041-2480c8da7143,9001763e-b601-54cc-bad1-77ecabb01e81,Central Highlands,-0.44609,37.28327,-0.445775,37.280994,0.2551,2026-08-01T08:56:55.466764+00:00,2026-08-01T10:36:55.466764+00:00,6000.0,468228e679f9fd64,B,0,clean
8afedb0d-e947-5969-b90c-b0f3697cf8dc,2ba63876-dbb5-51ee-b9f9-e2792d29922d,99925bf8-b8b3-5e92-a3e5-028e5a0fdd10,Western Kenya,1.034334,34.670782,1.035824,34.671907,0.2072,2026-08-02T07:56:55.466764+00:00,2026-08-02T08:59:55.466764+00:00,3780.0,c8710620ae96a638,C,0,clean
e656d4f4-b5b4-507e-8034-9153e15d76b8,e2ba8c6f-d85f-5c27-952f-cb2fffe973bf,4b59bbb3-26b1-528a-aaa2-8d5d92aae36b,Western Kenya,0.191246,35.097656,0.192604,35.095923,0.2443,2026-07-19T09:56:55.466764+00:00,2026-07-19T10:29:55.466764+00:00,1980.0,461cfa042fc52675,D,0,clean
846820c7-3222-50dd-a1b9-17e079192079,e4f67975-0529-54be-b1c0-a69983fb435b,544082b3-41fc-57fb-820b-707d03fb3d26,Western Kenya,0.455842,34.772111,0.452982,34.775459,0.4887,2026-07-09T09:56:55.466764+00:00,2026-07-09T10:28:55.466764+00:00,1920.0,dfffde2352a20062,A,0,clean
4494fa7c-7649-5998-95f1-cbc5b0c05bc9,a993c727-9eaa-5e01-b643-fc3dafa2ab35,9d9eda2d-1f48-5d2b-856e-f02af87fba96,Coastal Lowlands,-3.460257,39.336485,-3.455316,39.335693,0.5554,2026-07-28T04:56:55.466764+00:00,2026-07-28T06:09:55.466764+00:00,4380.0,bf994bd44d18ec33,B,0,clean
065672e2-538a-524b-bfe0-4e1c8eca7fad,350cf100-fd84-5cbf-a94a-2f7ceed8a7b0,1a74022a-c233-5698-b55c-c58506e5a655,Central Highlands,-0.169648,37.244829,-0.170253,37.243453,0.1668,2026-07-17T03:56:55.466764+00:00,2026-07-17T04:03:55.466764+00:00,420.0,0b2ecc6b14ab9902,B,0,clean
79b1edd5-dec7-5cbb-b444-f9029ba5f033,b29c35c4-a07c-5a17-aa2a-58c7d8ca412c,0522671e-3f23-5fd2-8aec-44f554fc2dea,Central Highlands,-0.359221,37.771362,-0.35651,37.77252,0.3272,2026-07-28T11:56:55.466764+00:00,2026-07-28T13:21:55.466764+00:00,5100.0,3db5d2a885324634,C,0,clean
d27f49a6-5214-57e3-a109-a0be6873abcd,c0cc9bbc-6664-532c-9ffe-b8fac81206a0,93b3d02e-0b47-565d-9a05-2c13208b9099,Western Kenya,0.924749,34.301281,0.925064,34.296824,0.496,2026-07-26T06:56:55.466764+00:00,2026-07-26T08:17:55.466764+00:00,4860.0,037fe82d5b089216,B,0,clean
e228bf3c-1bda-548b-af74-ac34e9dc6702,af19ba68-1041-5a7e-9e39-8fa7b6ad563b,e9a87ce2-eff0-5344-9d63-aa5385902485,Eastern Semi-Arid,-1.035888,37.896459,-1.039067,37.899718,0.5053,2026-07-10T05:56:55.466764+00:00,2026-07-10T06:41:55.466764+00:00,2700.0,5ff9c4d9c5e2982a,C,0,clean
acef53d6-ef2d-5765-97d7-03a9593d18a8,c6ee6095-8987-541d-98aa-3751382c6bc5,f7a55b2a-8199-5c0b-82f4-a056d5e0bd51,Eastern Semi-Arid,-2.418998,38.746291,-2.416195,38.743351,0.4509,2026-07-24T11:56:55.466764+00:00,2026-07-24T13:07:55.466764+00:00,4260.0,08cc8bd72aec1e44,B,0,clean
e367deea-7db4-585c-a1a3-1db469d95ea4,da46a688-1451-5b8b-a8b7-5b8f77583059,4ca5fc35-fd9e-57da-8038-0ebd747f44f2,Coastal Lowlands,-2.767345,38.859647,-2.766618,38.854197,0.6103,2026-07-24T05:56:55.466764+00:00,2026-07-24T06:28:55.466764+00:00,1920.0,919dc414ac012fab,A,0,clean
c77abd2b-2b2e-58d6-acbe-de53cf49bff9,efcbf8ec-e66e-5fb0-a874-2e39b892d5d9,7e5552d1-ff62-5017-93bb-01cb06f334d6,Rift Valley,0.826851,35.799956,0.827526,35.802458,0.2876,2026-08-09T15:56:55.466764+00:00,2026-08-09T14:04:55.466764+00:00,-6720.0,77efaf680a2e98ab,A,1,timestamp_monotonicity_violation
dcae2d54-1d33-5f89-b003-538de2c531b2,5cb94fc4-c98e-5dc7-ad9a-be07974ec5ca,949d1cd7-e5aa-58c5-bcee-33430ff44ca4,Coastal Lowlands,-4.572256,40.10892,-4.569849,40.106995,0.3421,2026-08-12T13:56:55.466764+00:00,2026-08-12T14:50:55.466764+00:00,3240.0,497f4275ec2e20ee,B,0,clean
43c82078-d06d-581c-b9e7-0cd788167da9,f0de97e5-9230-5399-9336-11f8ab5190ed,a022386b-91b5-5025-bef2-16ef96374cfc,Coastal Lowlands,-2.056952,39.544361,-2.055256,39.539036,0.6203,2026-06-28T04:56:55.466764+00:00,2026-06-28T05:46:55.466764+00:00,3000.0,324e93d3c31ba5ce,C,0,clean
57b597e0-f408-5d6e-91ca-5953d6cc19d4,188577a1-453b-5184-9cc0-51dde7cf4c49,cdb8d9f4-5ab9-5f82-899d-0fa071584233,Rift Valley,1.270099,35.012959,1.272111,35.014188,0.2617,2026-08-05T11:56:55.466764+00:00,2026-08-05T13:08:55.466764+00:00,4320.0,0ae5032a91a79a06,B,0,clean
37cb349e-7684-5faa-8e83-5f08c9372ca1,9651aba8-e3db-5687-96c1-17e8cfabc7ac,e70d8a5d-5626-5953-aa4e-23ffafb9a970,Coastal Lowlands,-4.580176,39.479525,-4.580605,39.471928,0.8446,2026-06-24T10:56:55.466764+00:00,2026-06-24T11:22:55.466764+00:00,1560.0,385841ad1615b646,B,0,clean
775a1e1c-24f6-580c-8c80-b64982aa9f19,c69bef23-d846-5a75-8e63-88e96ec5b5b3,ad6a7796-05d2-5fba-ad08-f7fb24b04c5c,Central Highlands,-0.025326,37.361889,-0.02721,37.36169,0.2103,2026-07-04T09:56:55.466764+00:00,2026-07-04T10:06:55.466764+00:00,600.0,26a4c58467ac2d41,A,0,clean
6de0ec12-cc98-58ff-9649-0d3610a8156e,8da37c68-b426-50c7-981a-3b2c618b5d3d,c1d6ae38-8f7c-55be-8de5-6ac1f791891d,Eastern Semi-Arid,-2.475267,38.290717,-2.473174,38.290474,0.2339,2026-06-30T10:56:55.466764+00:00,2026-06-30T12:09:55.466764+00:00,4380.0,5770823c1d880616,C,0,clean
fee722ab-c7b5-5d0f-a1df-3c451eb57f3a,238258c7-5a5f-5b91-80d1-41634f2dce92,a328fd4b-1ba9-58ed-a217-21d5c98fc5cc,Western Kenya,1.024835,34.64171,1.024169,34.646714,0.5603,2026-08-19T19:56:55.466764+00:00,2026-08-19T21:54:55.466764+00:00,7080.0,154a6022cbb92d4b,D,0,clean
5cf9c3ad-f91d-5726-ad05-f85953a6bdcd,ed804fdb-6631-57c4-a65b-06ccd94b693f,87c894f3-309b-552c-929e-96527498e75f,Central Highlands,-1.104647,37.531439,-1.102264,37.530481,0.2851,2026-06-22T04:56:55.466764+00:00,2026-06-22T06:35:55.466764+00:00,5940.0,64ff79b6e91d9a5a,B,0,clean
ac78a0fb-5b09-5730-9a16-c22d13f669eb,bf3b2157-837d-53d8-9095-ec22fa2764e6,f18b4e76-a08c-58f1-9369-9a5e537b064e,Western Kenya,-0.060347,34.94028,-0.060988,34.942282,0.2333,2026-07-06T20:56:55.466764+00:00,2026-07-06T22:40:55.466764+00:00,6240.0,6dcc13828ff5da03,A,0,clean
3b585902-dd55-5515-9525-a41397b1c98c,4699bc76-4ea5-5ace-9bcb-46cd450c192d,db493172-b7b0-567a-814c-b43394a71bea,Coastal Lowlands,-2.694182,38.861239,-2.693196,38.862462,0.1745,2026-07-29T01:56:55.466764+00:00,2026-07-29T02:17:55.466764+00:00,1260.0,8b061a24810b5c94,B,0,clean
0a09c51a-60f6-51f7-be3c-a76a24ae4bb2,38659986-1cb1-519f-bb72-acb8d074060b,2e7c6f9b-4592-585f-8325-b3c0483a7b2d,Coastal Lowlands,-2.561382,39.231758,-2.566702,39.232297,0.5936,2026-08-02T08:56:55.466764+00:00,2026-08-02T10:24:55.466764+00:00,5280.0,e85006376bc3270f,A,0,clean
d41b8d8f-4eae-5de4-b865-c1c343d48e55,e6f69052-b1f2-5f73-bbf6-8805457b603c,baff7501-6b95-53af-b349-41bff626c6f9,Eastern Semi-Arid,-1.494787,38.505764,-1.496782,38.509897,0.5095,2026-08-10T21:56:55.466764+00:00,2026-08-10T22:29:55.466764+00:00,1980.0,fde87aa90b9b0137,C,0,clean
4929cad2-c651-5d18-aef7-70683a869793,ee7a0475-5ae9-55e4-8d4d-400483207225,2f1e4109-3ea3-5cfa-ae18-87c793bd3451,Eastern Semi-Arid,-1.321946,38.356099,-1.324355,38.358222,0.3564,2026-07-06T20:56:55.466764+00:00,2026-07-06T22:20:55.466764+00:00,5040.0,3ff83261d9823b2e,C,0,clean
389437ff-b317-5dc2-b3bf-ff9f1570af85,e27a6a87-9491-5547-bf51-152e454f5381,7a5122ce-f654-5e01-b2fe-3eecf66e77f5,Central Highlands,-0.282631,36.870068,-0.284235,36.870504,0.1845,2026-07-12T02:56:55.466764+00:00,2026-07-12T03:40:55.466764+00:00,2640.0,c8e37e17e0067c0f,A,0,clean
ec636c1b-4adc-5a53-a6a6-432a2b2c6398,bde38629-80aa-5fa8-85a6-b8baf9532251,04868cde-a482-5948-ae96-9049462ce973,Western Kenya,1.104631,34.472088,1.106131,34.471864,0.1684,2026-07-15T02:56:55.466764+00:00,2026-07-15T03:40:55.466764+00:00,2640.0,932eb5aa0c942dc1,B,0,clean
75c04f21-469b-571e-989f-2c3a835c4aee,8f172e86-17cf-56ff-8ded-3623577d462e,c942022b-07a3-5877-9514-258fefcb1c7f,Western Kenya,0.096261,34.394024,0.094538,34.393254,0.2095,2026-08-04T12:56:55.466764+00:00,2026-08-04T14:15:55.466764+00:00,4740.0,1f4c4049005ff17d,C,0,clean
91807aa5-ac19-5e8f-843a-5fbd076d9698,3d5f008c-0a18-586b-ac7d-92347c0ddab0,bc16f870-d7ad-59a7-8e4d-c13d78a75a7c,Central Highlands,-0.723124,36.770178,-0.720227,36.769403,0.3328,2026-07-23T00:56:55.466764+00:00,2026-07-23T02:08:55.466764+00:00,4320.0,6461fdb9c90eab7d,C,0,clean
4f5ee1f9-afe9-5c0f-8062-da670e2ca97a,15870cd2-3f23-5ecc-b867-0e73a1aaf9e7,f29e2387-2070-553e-9cac-42ee91cd5895,Western Kenya,0.900482,34.616889,0.900342,34.611114,0.6412,2026-08-18T07:56:55.466764+00:00,2026-08-18T08:55:55.466764+00:00,3540.0,3f3c646c0574fad9,A,0,clean
de8cdb70-e218-50b7-9dc5-a229247fe0b1,2db4549f-1087-5641-b922-a39823202001,edd7bff6-bf01-5c51-b103-b14e642e74d6,Coastal Lowlands,-3.494529,40.100404,-3.493882,40.100949,0.0939,2026-07-26T06:56:55.466764+00:00,2026-07-26T07:28:55.466764+00:00,1920.0,3aa4cf6d030e215b,A,0,clean
752d18df-7fcc-54a2-b557-bb2d56468a84,e1b37596-49cc-5a08-9b6b-70cdf7410cbf,70ec208c-d55c-5a90-a5c4-05e2dbaae995,Western Kenya,0.807027,35.134906,0.809126,35.13792,0.4077,2026-08-16T21:56:55.466764+00:00,2026-08-16T22:17:55.466764+00:00,1260.0,ca719c4da2fc4839,A,0,clean
5777250c-909f-5cfd-a8e7-8976da5eafd4,f810d8a4-4a49-553b-b95d-b03d3a268a08,8c815c52-6937-5c30-8638-54cbc0fb41c5,Coastal Lowlands,-3.530665,38.645402,-3.523667,38.643834,0.7961,2026-06-22T15:56:55.466764+00:00,2026-06-22T17:19:55.466764+00:00,4980.0,6937ca38813557cf,D,0,clean
443055be-d11a-5176-a815-8ecc63aa9850,4852c8e7-1921-5fbc-908d-e47917c54d26,0f379db5-3f1c-5469-abfb-9a3d74135601,Eastern Semi-Arid,-2.023099,37.644369,-2.022059,37.643921,0.1257,2026-07-22T05:56:55.466764+00:00,2026-07-22T06:41:55.466764+00:00,2700.0,8796465be365e8dd,A,0,clean
537172f1-14fa-5dcb-a6a7-421c047426c5,5082e3fd-8e06-572c-94fb-04db98917075,2ee0c4f4-37e5-507d-b6c6-a88f08744d1f,Western Kenya,1.136635,34.743646,1.135831,34.744664,0.144,2026-08-02T23:56:55.466764+00:00,2026-08-03T00:49:55.466764+00:00,3180.0,c2da777a2948f020,D,0,clean
9bc5014d-00d8-575c-b3d7-184c35ec5522,093e4dd4-f93a-5c63-b2e9-d73ebf0b71ef,af34c8be-67a5-5e7e-9930-a1f42b0a4821,Coastal Lowlands,-2.469729,40.281581,-2.470869,40.278442,0.3707,2026-07-09T20:56:55.466764+00:00,2026-07-09T21:57:55.466764+00:00,3660.0,7943d375f56861e4,C,0,clean
e89f586d-b265-5c92-84f7-96ac5b37e4e0,d25f22f5-a70b-58f5-a23f-f101ae04e09c,3dc75cee-520f-50fb-9830-5a113089ee91,Coastal Lowlands,-3.345652,40.115929,-3.344979,40.122236,0.7041,2026-08-13T02:56:55.466764+00:00,2026-08-13T03:19:55.466764+00:00,1380.0,e4acba021965a1ff,A,0,clean
5cc889c6-a801-5569-a883-395ff91419b2,baa0d4cb-0e0f-5774-9fdc-7f26c63b4ca6,3bd01355-0785-5651-b207-bb1768bf71f4,Coastal Lowlands,-3.539474,39.704075,-3.541149,39.706345,0.3131,2026-08-17T11:56:55.466764+00:00,2026-08-17T12:41:55.466764+00:00,2700.0,dcde350d151f27ae,B,0,clean
a606bda2-ec29-5da0-b11d-1053bfb8625d,e17fb383-13b7-593b-80f4-d7c714449c3d,f5fe5004-c487-54a9-ad2d-6adf0a43b729,Coastal Lowlands,-3.716449,39.187438,-3.715985,39.191598,0.4646,2026-08-12T09:56:55.466764+00:00,2026-08-12T10:08:55.466764+00:00,720.0,e59b9fe97676594b,B,0,clean
1653759f-4c81-5544-834c-9bfcaf5f2f36,4a14ed02-6fbd-5c45-b40a-6436fc7ff8b2,6df25fd9-696f-581f-9116-e0612a1caaf8,Rift Valley,1.007908,36.2322,1.005964,36.234717,0.353,2026-07-13T00:56:55.466764+00:00,2026-07-13T01:07:55.466764+00:00,660.0,a911891e79e7af5e,B,0,clean
c6186ca0-97ed-528a-9f44-33af7bf5a4fb,aa2a87f3-4199-5dbc-8a83-38bf2891b322,a9c2814d-060b-5ee6-8b5d-8cc4593d4c7a,Rift Valley,-0.616304,36.239508,-0.61617,36.241358,0.2059,2026-07-31T21:56:55.466764+00:00,2026-07-31T23:55:55.466764+00:00,7140.0,749f48bf38e08112,A,0,clean
a161401c-db4c-56d3-9453-ed8a1a03e2d0,f30cd66e-710e-5e93-8616-3c138cf2e85b,aece2337-0df4-5cad-93fa-ce11ea51b3c0,Eastern Semi-Arid,-0.764427,38.74507,-0.766054,38.745495,0.1867,2026-07-23T09:56:55.466764+00:00,2026-07-23T11:06:55.466764+00:00,4200.0,704a91c2e8252392,D,0,clean
5e9765ca-2200-548b-97db-4f72e7c3f187,4a6f3e39-659c-5e91-87ca-9ea4d1a49001,a1c1e3e3-1c0f-5f40-b7d7-c5b771b62794,Eastern Semi-Arid,-0.82362,37.721834,-0.821005,37.72176,0.2904,2026-08-07T01:56:55.466764+00:00,2026-08-07T03:11:55.466764+00:00,4500.0,a4ce5c3240773c2c,B,0,clean
5b9d6261-fa29-50b9-bb8d-055f6394303b,7bd74a31-0603-5fb9-bbd5-9d78a6ab8910,32a4e4fe-50ae-5d18-a295-fc059cdb346b,Eastern Semi-Arid,-0.707587,38.429937,-0.705872,38.431467,0.2551,2026-06-22T05:56:55.466764+00:00,2026-06-22T06:44:55.466764+00:00,2880.0,0a9ecc2dd2df9fb0,B,0,clean
3b3f3a20-72d3-5579-a55c-2d773a7ce975,6246a1ba-c2d7-5c78-bfde-a5c1839ac629,648eb412-e33e-5ff4-ba1d-742ff3e721d5,Eastern Semi-Arid,-2.332664,38.504325,-2.328457,38.499709,0.6933,2026-07-21T00:56:55.466764+00:00,2026-07-21T02:03:55.466764+00:00,4020.0,93171968a32c90d7,C,0,clean
26c6facf-1121-5a7b-bc43-0dd4176c048a,d0c2f12c-00c1-539f-aa2c-d01d825a03fd,1ecec016-edd0-5f8c-80c1-93db79812160,Eastern Semi-Arid,-2.181693,37.71826,-2.185505,37.723146,0.6878,2026-08-19T20:56:55.466764+00:00,2026-08-19T21:31:55.466764+00:00,2100.0,c631410ab792b825,C,0,clean
807358b9-8219-5eaa-a329-b3b2a45ce4e4,61973157-dcdc-5f10-957c-ddd99cc2ec0b,804ae2a7-3f13-5b86-99d7-5c23185097fa,Western Kenya,0.133855,35.158146,0.135412,35.157574,0.184,2026-08-18T11:56:55.466764+00:00,2026-08-18T12:49:55.466764+00:00,3180.0,478cf7f5725d1325,A,0,clean
ddfb6dba-5448-515e-8f5d-c2a9a3f8e388,491b60b9-461b-50fd-81e9-91831f46cd4a,6f32185d-ec7b-5c06-a395-f25e9f1153d7,Rift Valley,0.327803,35.016044,0.331953,35.017326,0.4821,2026-07-17T02:56:55.466764+00:00,2026-07-17T03:07:55.466764+00:00,660.0,fc0efba5d47cffda,B,0,clean
31a838fe-d5fc-5229-95c5-f7833e72a52b,e4ea849c-8efc-5066-9b78-9de338d57192,e761fef6-7050-509b-9953-2f44135291ca,Rift Valley,1.205816,35.907261,1.205583,35.908502,0.1402,2026-08-17T14:56:55.466764+00:00,2026-08-17T15:53:55.466764+00:00,3420.0,cd43825ec152303c,C,0,clean
17bffdcd-1eeb-5507-b27d-2c4dcf350257,888ace75-9031-5f35-b752-f3b0d13233ae,f7108cdf-d8e8-584a-9b65-24d4b5ada1e1,Rift Valley,-1.089585,35.187757,-1.089562,35.187067,0.0766,2026-07-07T16:56:55.466764+00:00,2026-07-07T18:11:55.466764+00:00,4500.0,89e266e9daf3b541,C,0,clean
8de77c4d-689f-58d4-bcd5-a85cd4352686,21c230a0-806a-5c20-b71d-f46fa7df8207,e450ca0a-ad87-58a3-8453-bbe9218224fc,Eastern Semi-Arid,-2.407554,38.647079,-2.404932,38.644979,0.3729,2026-08-04T20:56:55.466764+00:00,2026-08-04T21:24:55.466764+00:00,1680.0,8ad45429fecc9de5,C,0,clean
77788934-5a00-5e7a-b9e9-661619e85686,608f80fd-29a3-52e6-ae50-fd1c7a07fc40,f251656d-b045-5767-ad87-7ccb67e8d57a,Rift Valley,-1.099102,35.358098,-1.10347,35.362621,0.6979,2026-08-07T05:56:55.466764+00:00,2026-08-07T06:15:55.466764+00:00,1140.0,e14fa46505b1f33f,C,0,clean
f1be4188-bdcb-5000-bdfc-4f9143269fe4,d02e3618-a175-5f5e-bb51-2bf708600672,555d9a54-e382-56ab-ac6a-c5daff740a5b,Eastern Semi-Arid,-1.125459,38.771536,-1.124679,38.770267,0.1654,2026-07-20T04:56:55.466764+00:00,2026-07-20T06:38:55.466764+00:00,6120.0,346240a0bb3d5f93,C,0,clean
b0750d2a-b00a-5e49-abb6-16e76805f880,6935e2d1-978c-5a6d-9815-fe35827cd67f,b85751d9-a3ba-523e-a664-bcb33e01dbe0,Western Kenya,0.087185,34.845664,0.090768,34.845773,0.3979,2026-08-10T15:56:55.466764+00:00,2026-08-10T16:25:55.466764+00:00,1740.0,79defb764bd4cac2,B,0,clean
77fb1965-9009-5e2a-8eee-cc8278b219c4,9713c0b4-26f6-502d-85b7-86531610eb06,85fc5c4c-28d1-5f3b-8d89-f5f573c402ea,Coastal Lowlands,-2.20899,40.136242,-2.208346,40.138751,0.2876,2026-07-25T06:56:55.466764+00:00,2026-07-25T08:33:55.466764+00:00,5820.0,b28b834c5600108d,A,0,clean
6c5b517b-2fb5-500d-bf8f-51516d690160,39bb0d62-8fbb-57e3-92b1-8c20ce45c136,9df01279-1de1-5ad6-a461-e13aaed630da,Eastern Semi-Arid,-1.656995,38.531905,-1.657595,38.534586,0.3049,2026-08-18T11:56:55.466764+00:00,2026-08-18T12:28:55.466764+00:00,1920.0,20945a718aa54c4f,A,0,clean
069e1ab2-2ff2-50d5-b4cc-f42ebb34ea9d,0fb225fd-2a3c-508b-be46-96cee42b48f7,892a78c3-f6d7-51c1-b713-bf2e92962258,Eastern Semi-Arid,-0.71267,38.186617,-0.713387,38.186404,0.0829,2026-07-24T15:56:55.466764+00:00,2026-07-24T16:20:55.466764+00:00,1440.0,cd569c78b9d9f353,B,0,clean
5365c287-fa0c-58d0-a55f-afc4af73467c,63572201-0b01-5fc2-a402-e3d2c79cea6c,8613787b-0118-56d2-9199-cdf19d066216,Eastern Semi-Arid,-0.590537,37.404253,-0.592821,37.406343,0.3436,2026-07-15T07:56:55.466764+00:00,2026-07-15T04:52:55.466764+00:00,-11040.0,0e40816a0c22f86f,C,1,timestamp_monotonicity_violation
11e82b45-61c2-5f15-9558-6f001b1d187c,6a1716b9-4a88-540f-be7a-8f18707c1917,edea5127-a7ce-56db-8710-b5c97fea98f1,Coastal Lowlands,-4.455542,39.504362,-4.452447,39.503016,0.3747,2026-08-18T20:56:55.466764+00:00,2026-08-18T21:56:55.466764+00:00,3600.0,b393746f074c2758,B,0,clean
de211837-1286-5eef-84cc-0cf41992cfc5,e29bf7c7-8830-562d-8682-5bb5c89056ce,f16acfc7-60de-59ff-8c6e-dd83bdcc626e,Rift Valley,0.196113,36.03506,0.196524,36.031158,0.4355,2026-07-06T10:56:55.466764+00:00,2026-07-06T12:01:55.466764+00:00,3900.0,aaf7083240bccb70,B,0,clean
cb74c187-6675-5539-b6ba-21eb1df4795e,3a6d7016-1d49-5be9-a5d9-c1ba79701395,c6b95cd7-1e83-5571-a61f-19159cbfcaa1,Coastal Lowlands,-3.446052,38.874838,-3.449697,38.872379,0.488,2026-07-09T17:56:55.466764+00:00,2026-07-09T19:42:55.466764+00:00,6360.0,f8f9a8e643f63980,B,0,clean
b3b0adbf-088a-528e-8a9f-ccdbdf33739e,4cdd9bcc-f4b2-5981-b8b6-6967c32d055d,f6611cb6-e266-5680-8a6b-09ea637969a0,Eastern Semi-Arid,-1.851213,37.995538,-1.847368,37.998452,0.5356,2026-07-11T02:56:55.466764+00:00,2026-07-11T03:42:55.466764+00:00,2760.0,00c1e74d02c6bed3,C,0,clean
26eb56fc-cf5e-5229-9041-f67a9b9ba36a,ba6c0179-302f-5a27-a3a2-b4cbf3824651,f7a1826e-875e-5b75-8a24-c54716d1edfa,Western Kenya,0.136091,34.455041,0.135066,34.457219,0.2672,2026-08-06T17:56:55.466764+00:00,2026-08-06T19:46:55.466764+00:00,6600.0,1a9919b04bccccf5,B,0,clean
0b318526-b0f6-5b13-b011-fc516cf7dc0a,27a62bac-0ea7-58db-accc-a1967395bc7b,0f9da962-0574-599f-816e-b8b8b179e4c0,Western Kenya,0.696233,34.756312,0.697731,34.757735,0.2293,2026-07-14T21:56:55.466764+00:00,2026-07-14T22:29:55.466764+00:00,1980.0,54335961bd9083d4,C,0,clean
3fc1ec95-57c9-5849-8eca-0d4b4e6645df,a66d0d04-d275-5ce5-87f6-a295cac7000e,1b30062e-7cc7-51ff-8ad5-7716da724837,Rift Valley,-0.226243,35.617538,-0.219901,35.616585,0.7119,2026-07-30T23:56:55.466764+00:00,2026-07-31T00:51:55.466764+00:00,3300.0,9b2659f1d030a375,C,0,clean
3c3bb25f-3814-5980-933c-5ef38fae7293,c661d1b6-94d8-592c-9dbb-8c7b1d0c09f2,102c0292-44e7-56e3-9b19-79ebd717666d,Eastern Semi-Arid,-0.23628,37.592135,-0.237089,37.591183,0.1387,2026-06-23T16:56:55.466764+00:00,2026-06-23T17:04:55.466764+00:00,480.0,6511184aa4b96911,C,0,clean
eadf7f48-b95c-5588-bbaf-4c6288c790fb,dbba6d9b-3a60-5ea7-9006-d2dacd34886b,5a2a2570-b404-5c73-b451-e431da9f408e,Central Highlands,0.065675,37.390771,0.064766,37.389411,0.1816,2026-06-28T10:56:55.466764+00:00,2026-06-28T12:51:55.466764+00:00,6900.0,1bcf0ff2d93684d4,A,0,clean
2baae11e-f78a-5a15-bac9-7c7b9f41e1ed,ef1125a4-d577-51da-ad15-1c5a73556cad,f125903a-70de-5e2c-9028-4c3a0c584cbd,Central Highlands,-0.823367,36.642555,-0.828417,36.643738,0.5757,2026-08-15T06:56:55.466764+00:00,2026-08-15T07:21:55.466764+00:00,1500.0,344e8d465087c145,E,1,invalid_classification_tier
8e12ae1c-278a-5921-b82d-b84ec02020c4,43495438-0ced-55e2-8897-5a9f29acca40,402d1dc1-7ee3-584b-90d8-7fd2e0eaaf4c,Western Kenya,0.642602,34.426014,0.641036,34.428357,0.3128,2026-08-19T05:56:55.466764+00:00,2026-08-19T07:54:55.466764+00:00,7080.0,d8094d6ee30e94a0,A,0,clean
dddc20b9-6947-592a-9092-7d995317a59a,e07f22f7-9cb9-5cd8-ad1a-20d3075f49bb,24856e4b-80b1-5fa9-8e7d-8e62d61dc533,Eastern Semi-Arid,-0.25835,38.536279,-0.261229,38.535682,0.3263,2026-08-04T11:56:55.466764+00:00,2026-08-04T12:07:55.466764+00:00,660.0,253182d1418118d3,C,0,clean
182e328f-cc32-57e4-adf8-c23b8a1e6b5d,a16255d6-99e9-50c2-b4a5-ac2c1a529649,929a6eaa-ef3f-544a-8aeb-dad1e1efce0a,Coastal Lowlands,-2.593103,39.483651,-2.593792,39.481295,0.2725,2026-07-29T02:56:55.466764+00:00,2026-07-29T04:27:55.466764+00:00,5460.0,c63a26f44c5fc2b7,B,0,clean
ca3b4900-072a-523b-80c0-74a760ace192,e42dbd62-e959-5bd8-970f-55327c2a69dc,ee783712-456c-52b3-9a5f-59260efb79cf,Western Kenya,0.626584,34.37172,0.62737,34.37427,0.2962,2026-07-28T08:56:55.466764+00:00,2026-07-28T10:02:55.466764+00:00,3960.0,d5bcc3f9c5e75ac0,C,0,clean
ba649625-00e8-5758-9d34-f52c9533b336,6a6d7dff-dff4-558f-9408-9f819bbf976b,9a549481-43c5-5d1e-a665-14108590e3cd,Rift Valley,0.79683,35.697134,0.794268,35.694717,0.391,2026-07-28T00:56:55.466764+00:00,2026-07-28T02:42:55.466764+00:00,6360.0,607c509e6e8b26d6,C,0,clean
10016cba-2667-58c0-9feb-39876780339d,f425e378-080e-5200-8ff9-8641f9dd9767,de8e4787-f8c4-508c-9701-8c3d7558f10b,Central Highlands,-0.82018,36.794337,-0.822413,36.792337,0.3328,2026-07-09T13:56:55.466764+00:00,2026-07-09T14:54:55.466764+00:00,3480.0,0b3290513d2fcbb0,A,0,clean
858e7cfb-9b69-5bdb-aa48-13c7568cbd30,ead84b95-fa46-57a1-814f-c886037881ec,48cab04c-b281-5143-ac03-960c57edb0f9,Coastal Lowlands,-4.507683,39.328978,-4.510846,39.328533,0.3546,2026-08-14T21:56:55.466764+00:00,2026-08-14T22:41:55.466764+00:00,2700.0,973a14acd77baa4c,C,0,clean
0ee2696b-2fe4-54f7-9dcc-ac2a08ef40b4,04e11b0c-4db5-5744-b8ac-4d85fa9cbfc9,e2673f0c-2a69-5e95-8d6c-ff808a99c56a,Coastal Lowlands,-4.589032,39.221924,-4.587156,39.223146,0.2485,2026-07-01T04:56:55.466764+00:00,2026-07-01T05:55:55.466764+00:00,3540.0,691a98b98caaf7e2,C,0,clean
637f050c-fbbe-59ed-a8c4-5294eb16a142,10a689b6-22a4-5024-aa83-c547849868ab,6084e7a5-898e-5088-b8b0-8088398b4b20,Central Highlands,0.21399,36.980721,0.213972,36.981111,0.0433,2026-07-30T15:56:55.466764+00:00,2026-07-30T11:17:55.466764+00:00,-16740.0,1f5cbe746e33a3b9,D,1,timestamp_monotonicity_violation
811f3de2-4e4e-51d8-99bf-4be1be00e755,fbc83952-3c7b-5711-971d-47b7e0cdde0b,8cc7eb27-2b0a-5a3f-8cd7-d785d49e5453,Western Kenya,0.596171,34.583502,0.595244,34.583831,0.1092,2026-06-30T16:56:55.466764+00:00,2026-06-30T17:47:55.466764+00:00,3060.0,e40b3bcd6fae7d10,B,0,clean
85c2b074-2bd6-57f2-a0d1-7830ed7fb0f2,8d788f3a-0450-5e40-a822-184ba09cc459,e7bf277d-3b52-518b-b5d9-cacc3949b68d,Eastern Semi-Arid,-2.239415,37.920524,-2.241521,37.918574,0.3187,2026-06-26T11:56:55.466764+00:00,2026-06-26T13:41:55.466764+00:00,6300.0,7da33755ce9ba2e5,X,1,invalid_classification_tier
66f33fcc-f1b0-545f-9428-e7f6996d1cdc,9a70b8f9-5fb9-561c-908e-83d2104c4bf1,49ee1708-0566-5889-a315-987f8b51fdf2,Western Kenya,1.036086,34.121311,1.037524,34.117383,0.4643,2026-08-08T18:56:55.466764+00:00,2026-08-08T20:15:55.466764+00:00,4740.0,9365de4c2b599f08,A,0,clean
511d3441-2f75-599e-a856-1dc6e969c8f1,ede4092e-0bb2-5c2e-9cc5-d0162d8041ed,70eae28f-e656-526c-8e8c-13d282ee624a,Eastern Semi-Arid,-1.888543,37.233905,-1.889463,37.232086,0.2263,2026-06-28T08:56:55.466764+00:00,2026-06-28T09:11:55.466764+00:00,900.0,df1ec7931c5c9337,D,0,clean
c99fb26e-bbb2-595b-9c3b-783574ebf295,e6c246d8-7051-507b-8f19-71696b4807d5,a74acc2b-2530-50f5-87ed-d815079f16cc,Western Kenya,0.844058,35.186912,0.845169,35.186131,0.1507,2026-07-09T19:56:55.466764+00:00,2026-07-09T20:24:55.466764+00:00,1680.0,20b5472f5ed34e76,C,0,clean
1b236b84-a541-59ab-bc9f-27bee00a0d36,2b43f170-887e-5f4f-8b39-7e20355d3612,194cb1b7-61d4-5936-98af-b2176b4fd25e,Coastal Lowlands,-3.470395,39.31656,-3.469834,39.320372,0.4277,2026-06-25T06:56:55.466764+00:00,2026-06-25T07:26:55.466764+00:00,1800.0,1b66ac1d6deac79a,C,0,clean
c4fa7e75-2267-51dc-b48f-23830771034a,eca3bccf-38bc-5b12-9272-a898dae87c82,8e4b0051-feab-50a5-b6a9-f777649910fa,Rift Valley,1.048048,35.850698,1.045144,35.857715,0.8428,2026-08-19T14:56:55.466764+00:00,2026-08-19T16:15:55.466764+00:00,4740.0,8e367765a149c322,D,0,clean
4bd184e7-a374-56f3-b691-de780aed0a7d,56cb992e-6a93-5679-b420-4cb77f797abb,f4613b73-30d2-5cc9-85cc-85be0e711eb5,Eastern Semi-Arid,-1.516468,37.314613,-1.513302,37.313138,0.3877,2026-07-28T04:56:55.466764+00:00,2026-07-28T05:57:55.466764+00:00,3660.0,9e6e5b05f0f47aa4,C,0,clean
7eb92ac7-e514-5981-bb20-17f41038f513,631324a9-83dc-5950-9096-c6d2abbf9221,bbbf4587-8245-5a54-8238-d6a062aee145,Central Highlands,-0.545336,37.646686,-0.545929,37.650785,0.4598,2026-08-02T06:56:55.466764+00:00,2026-08-02T07:49:55.466764+00:00,3180.0,94850ff485c15984,B,0,clean
10cb0111-babc-52cc-8cc9-8881f4cba155,5230cfe3-2ebb-50f2-bc26-f6a82301d88a,eb35f883-ce2b-5603-9a12-5b11a871693f,Rift Valley,-0.892535,35.340846,-0.892303,35.340109,0.0858,2026-07-25T09:56:55.466764+00:00,2026-07-25T10:29:55.466764+00:00,1980.0,6e7eff99620dac64,A,0,clean
385b42df-caff-510b-bf22-b0cd30812dde,be51b388-c6ee-53bb-a0d6-e3c741369cf8,1e34919f-1a44-573d-bb66-e658d0d09df8,Western Kenya,0.694757,34.404162,0.691038,34.404113,0.4129,2026-08-07T05:56:55.466764+00:00,2026-08-07T06:04:55.466764+00:00,480.0,779d5ce4923986e8,C,0,clean
2a3c6fac-8319-5e0f-9184-ae6ec154f8f8,b8d5d2c1-cdbd-5b99-afa9-28c8e42ef854,a9d1c18f-9ab5-5540-9687-00c50c5cf586,Coastal Lowlands,-3.709631,40.030305,-3.708665,40.031722,0.1904,2026-08-02T12:56:55.466764+00:00,2026-08-02T13:30:55.466764+00:00,2040.0,5e26fece2059e90f,B,0,clean
0842afd2-2996-5618-ba65-243b4786fdda,d212afb8-7830-5577-8819-507f2346e6fe,422b83cb-ae4d-545a-85bc-7399cb0ce465,Central Highlands,-0.0266,37.731434,-0.02836,37.730817,0.2071,2026-07-06T06:56:55.466764+00:00,2026-07-06T08:26:55.466764+00:00,5400.0,ffecc4cc368fd9dc,B,0,clean
f7d554d3-3f3e-5e32-87eb-1b493b616891,14bd731b-cdb3-532f-9828-7b601ca630cf,fc686225-9d5d-53c2-80e4-81a4b5ca91e0,Western Kenya,0.182982,34.768252,0.187745,34.767611,0.5335,2026-08-09T02:56:55.466764+00:00,2026-08-09T04:43:55.466764+00:00,6420.0,3189a3f52a254a38,B,0,clean
e5a70eab-08e8-55fb-81fb-19fdb9fe0267,1e96e5c3-4b19-5b91-9791-9d340b0d4de4,31628654-bfff-5483-9206-57f6b1565790,Eastern Semi-Arid,-0.480968,38.761514,-0.483928,38.759836,0.3778,2026-06-27T03:56:55.466764+00:00,2026-06-27T05:29:55.466764+00:00,5580.0,cf24cd32fbad1a0f,B,0,clean
c0d8038f-5067-5902-9e33-af0040760c14,7e2f5528-f818-5136-a13a-86ebbbf7063d,46ca795f-ed41-5474-a6a7-b800ddf49778,Central Highlands,0.243719,36.892341,0.245024,36.886319,0.684,2026-07-29T20:56:55.466764+00:00,2026-07-29T21:23:55.466764+00:00,1620.0,f8678a08565cd914,A,0,clean
ca01d682-ee32-564a-aadd-16f5376edb2b,8a1fd0ee-0b2b-5352-be8f-03b7b46879d9,557e7e06-89fc-59bf-9d8b-3c9c225f86f9,Eastern Semi-Arid,-1.890317,38.334717,-1.893582,38.33506,0.3644,2026-07-13T07:56:55.466764+00:00,2026-07-13T09:38:55.466764+00:00,6120.0,2dca3d6abf409f52,B,0,clean
1a40e654-40ad-50b6-beb2-91d08bb52787,f6a29e7a-6e40-52b8-b678-5109b42b573b,2cbf1e71-3185-5dc6-98a0-b3f34212efa6,Rift Valley,1.3954,35.335255,1.392672,35.337657,0.4034,2026-07-24T19:56:55.466764+00:00,2026-07-24T21:31:55.466764+00:00,5700.0,25a347f00f58f6ca,C,0,clean
ad124ba2-13c8-51a6-b019-da4744ddc4af,1a509c95-d28c-51ae-9a5c-25756ae8fa0c,1c105410-deb5-5f3f-b6bd-810db49424b8,Western Kenya,1.085054,34.815295,1.087865,34.813982,0.3443,2026-08-14T08:56:55.466764+00:00,2026-08-14T09:05:55.466764+00:00,540.0,de6c56cbac5e9fdc,A,0,clean
c5fea518-df02-59d6-a11b-40a8dd28fb18,9b7f117e-6392-582e-9dd6-c879ee08dd66,83db861b-5670-572f-8633-103497a75b6b,Eastern Semi-Arid,-0.686109,38.361278,-0.686585,38.359298,0.2261,2026-07-31T02:56:55.466764+00:00,2026-07-31T03:51:55.466764+00:00,3300.0,c47078e938035326,C,0,clean
df623ad6-81fe-553d-b898-2dfa1ff2f7f7,8b30a472-6124-548f-9340-caabc58d31bc,f3b48c77-7097-5205-bbaf-ac27bd5239a4,Coastal Lowlands,-2.155522,38.62155,-2.156352,38.616334,0.5863,2026-07-25T01:56:55.466764+00:00,2026-07-25T03:45:55.466764+00:00,6540.0,3b51f3fa1a872d55,B,0,clean
f6b51c44-bae6-5968-ae92-c36417b90a62,08aae215-a984-5c71-825b-83a9b7db151f,ca5c1046-855d-5c59-afbd-c514a5eda498,Eastern Semi-Arid,-1.4779,37.999956,-1.476893,37.998589,0.1884,2026-07-07T19:56:55.466764+00:00,2026-07-07T21:29:55.466764+00:00,5580.0,088f267f6f64fbc1,C,0,clean
c639bbe1-9082-5bec-804a-4f4a57b2842d,4bd9d179-ac5a-5905-9d58-eb7fba015617,760344f2-0a74-53de-8a51-e14664f0e821,Eastern Semi-Arid,-2.086835,38.759136,-2.084208,38.757899,0.3222,2026-07-25T04:56:55.466764+00:00,2026-07-25T06:47:55.466764+00:00,6660.0,d486fb20780084d1,D,0,clean
e20085e3-8607-5f68-83b8-14695e5bda6e,c7e6dcdd-ecd3-55eb-a078-efdac16c6c59,e9bdc610-2121-5102-9bfc-0939035e1750,Western Kenya,0.672512,34.0503,0.674558,34.051605,0.2695,2026-06-28T23:56:55.466764+00:00,2026-06-29T00:44:55.466764+00:00,2880.0,672990fa4701d0ca,A,0,clean
c0a017ba-71da-5434-bf5c-5e7ea8fb17b8,3a18fb7e-0254-5c0f-a335-9ea038f4c85b,5b63fa65-f73b-5749-acce-764475dc3f88,Coastal Lowlands,-2.381129,40.277594,-2.383106,40.283286,0.6689,2026-08-16T16:56:55.466764+00:00,2026-08-16T18:35:55.466764+00:00,5940.0,4348ca37b864d6d8,B,0,clean
f9040538-bad5-5acf-9d02-a8d1a5048187,1e25fe63-fed5-5ce1-b7bd-d65bba002e22,4c4ac0ae-4d06-5065-b841-9775b32eb241,Rift Valley,0.036481,36.18544,0.032853,36.184776,0.4095,2026-08-09T06:56:55.466764+00:00,2026-08-09T07:32:55.466764+00:00,2160.0,1b25c250f6e2da57,A,0,clean
a30ecef1-b5dd-583e-85e3-486abc5a7ca8,0813fd77-a208-54e0-b371-1b7c0e32c1cc,7aeb6d44-a05b-595e-8879-39462effcd13,Rift Valley,1.376353,35.857808,1.374672,35.861847,0.4856,2026-08-01T09:56:55.466764+00:00,2026-08-01T11:31:55.466764+00:00,5700.0,2d00c2aefe0e513e,B,0,clean
41be0d4f-a252-5c06-8f75-5e13941ed29a,31b55218-52a7-5797-a051-38ea4bd87522,25a5ebdd-a88a-5cfd-8bdf-e510a9f7f9aa,Central Highlands,-0.055807,36.983821,-0.063669,36.985368,0.8894,2026-07-05T21:56:55.466764+00:00,2026-07-05T22:05:55.466764+00:00,540.0,52e1521e427abbc5,C,0,clean
ac5f06c3-75a2-5e7b-9981-40c43d1b5fdf,2174e0df-bebe-5ecb-a790-8205e3c1d471,e01bed5c-4596-5f18-9472-3f360cf8818c,Coastal Lowlands,-2.261464,39.218387,-2.261405,39.226372,0.8864,2026-06-23T18:56:55.466764+00:00,2026-06-23T19:59:55.466764+00:00,3780.0,714daf0eaeb1184e,A,0,clean
20093ce0-24ea-5547-b8d1-58c7f2bbfc6e,2b7219cd-b709-5c38-93fb-1423dda7ab79,84abd549-9a28-54e6-91a3-959d48fe3833,Western Kenya,0.990034,34.336115,0.994262,34.335424,0.4756,2026-07-18T21:56:55.466764+00:00,2026-07-18T22:34:55.466764+00:00,2280.0,31c4151553771eff,C,0,clean
29ee1b07-9690-5af6-b75e-c245bb2dad19,872d784d-990d-5e3d-ae86-4421b1fe84b9,f23644b6-f048-5525-850b-5fe72e2ab1f7,Rift Valley,0.964453,36.238532,0.963096,36.236923,0.2336,2026-06-25T03:56:55.466764+00:00,2026-06-25T05:53:55.466764+00:00,7020.0,58adaeb32a884c40,B,0,clean
71a585bb-0a29-5825-bad4-734cb198062f,cbbd0871-276c-5bfd-8aac-35159dfa4e23,2b1996b6-0d2a-54b2-9d01-10d723b6f0fa,Western Kenya,0.966448,35.003604,0.967383,34.999401,0.4779,2026-07-21T08:56:55.466764+00:00,2026-07-21T10:46:55.466764+00:00,6600.0,52c5cfa9da544d35,D,0,clean
4518d37f-f93d-585b-bcc2-0869c6a220d5,d9fffd21-db18-56bd-b98c-ebf60067d8ac,a0675fa6-20f6-5006-bfb3-063425062f22,Western Kenya,1.161037,34.917835,1.162022,34.921405,0.4111,2026-06-26T08:56:55.466764+00:00,2026-06-26T09:40:55.466764+00:00,2640.0,614c57f2365086a5,C,0,clean
8ffad6a4-5afe-55ea-9705-4d543f8641d4,e0f3b12c-d81d-5abb-8ddb-6e5bf091fd66,71179a01-01d8-5b8c-99b7-417ebf531cb0,Rift Valley,-0.115146,35.440501,-0.113716,35.443417,0.3605,2026-08-12T11:56:55.466764+00:00,2026-08-12T13:51:55.466764+00:00,6900.0,9bd80e6c1fa1f3b3,B,0,clean
fb33fbab-6e06-557f-9ba8-959643cea718,c05e0eb4-deb4-5e6a-a389-e9e09dea9f14,685182f4-c2c4-5bd4-8a39-0494459365ca,Central Highlands,-1.18232,37.051277,-1.177664,37.04983,0.5412,2026-07-19T07:56:55.466764+00:00,2026-07-19T08:01:55.466764+00:00,300.0,e458ec0d886dcaa1,B,1,duplicate_image_hash
a16d4823-d2fb-5f01-af1d-aaf42b4544be,f383c952-4ddf-5596-b119-cd38a86a7e5d,f37e63a1-3084-54f2-bb61-f74503e0606a,Eastern Semi-Arid,-2.12895,38.572036,-2.130171,38.566142,0.6681,2026-07-31T01:56:55.466764+00:00,2026-07-31T03:33:55.466764+00:00,5820.0,1ce3571e134681ff,C,0,clean
232b3499-c7ce-5386-9517-a55a998930f8,26ade0ab-076a-5742-9ab7-8a5f7378f9a4,6b32b881-6152-5d79-a5ec-deb72eea44ee,Rift Valley,1.056812,35.852658,1.06106,35.849312,0.6002,2026-08-15T17:56:55.466764+00:00,2026-08-15T19:32:55.466764+00:00,5760.0,6dc998d55150d9b9,C,0,clean
d4e206ab-39fa-5bf2-a48d-6d5bb72593d3,70573e3e-dd6d-5e25-9a4e-42867d42cb05,bf2a4c85-7b67-5ab2-8745-603c22d34dfa,Rift Valley,0.034413,35.295423,0.034213,35.294466,0.1084,2026-08-09T13:56:55.466764+00:00,2026-08-09T14:15:55.466764+00:00,1140.0,22a3559a779b07a2,D,0,clean
e3d64bfa-c35c-5482-8d42-46739a7e6114,24c57cc0-df59-55db-9589-8ae3759ddfd1,59128b52-6a15-55af-a611-7510a0eb66a1,Rift Valley,1.364609,35.784973,1.370383,35.793386,1.1326,2026-07-31T16:56:55.466764+00:00,2026-07-31T18:23:55.466764+00:00,5220.0,2a03ef48a22826b6,C,0,clean
0656668a-fc7b-5c11-9047-dccb6ea89681,3aab6e4f-6806-5974-bc48-46f4fa941043,9f5f2795-075e-530e-b6aa-05d84bee9c60,Central Highlands,-1.073224,37.566032,-1.073307,37.563199,0.3146,2026-08-16T06:56:55.466764+00:00,2026-08-16T08:37:55.466764+00:00,6060.0,d8c06374af06e8ed,D,0,clean
8f7381c3-8b14-5311-b4ed-b20bcf59b2b2,e3700dc4-23ec-5ec0-ad32-7a824a8938f8,18bb14ee-90d6-5d8e-b774-8ecd85d3ccc4,Central Highlands,-0.242684,37.317389,-0.239427,37.319977,0.4618,2026-07-06T08:56:55.466764+00:00,2026-07-06T09:51:55.466764+00:00,3300.0,080177f2fc8874ea,C,0,clean
fa97b88c-68df-5165-b161-ad75128d5403,ae06f35a-1eb4-59f2-a357-70f7eeb92169,df851d38-1471-58f3-a663-076c594dd712,Central Highlands,-0.450038,37.528271,-0.444601,37.525631,0.6709,2026-06-26T03:56:55.466764+00:00,2026-06-26T05:44:55.466764+00:00,6480.0,e1a0fe9f942d8b34,B,0,clean
784b3904-b8b2-5861-90a6-57141e4311a3,5b0c81b9-db2f-5665-a0e6-e10a6da4253b,d3a34ac5-eaf3-5d59-81db-58b7814d06cf,Western Kenya,0.366621,34.035044,0.363169,34.033639,0.4137,2026-07-20T03:56:55.466764+00:00,2026-07-20T04:03:55.466764+00:00,420.0,847672475e7f06cd,C,0,clean
fbda000c-f4f0-59ba-990b-f73c45c7f1c0,a4009653-1e36-54c1-8254-785fa3e8c75c,25c07c2f-b76e-56d8-876e-36f4306c6870,Eastern Semi-Arid,-1.236105,38.134819,-1.234646,38.136757,0.2693,2026-07-14T17:56:55.466764+00:00,2026-07-14T18:56:55.466764+00:00,3600.0,e5780781b09b18c4,C,0,clean
55db03b5-ce64-512a-835c-e78ce3b394a9,c363ab85-322d-5f38-a96b-b32eb3325267,3e47f26f-2811-58ac-8710-0ae8d78796f2,Central Highlands,-0.555351,37.49794,-0.553722,37.498465,0.19,2026-07-28T15:56:55.466764+00:00,2026-07-28T17:01:55.466764+00:00,3900.0,2538af10791ebc3f,A,0,clean
567a974f-2126-594b-aefc-053725aa41a4,6099ebc7-925f-5669-96bd-2e3ecbd5ef71,c115c29a-d37b-55bd-9b54-d7616f186871,Central Highlands,-0.332558,36.874843,-0.333062,36.873814,0.1271,2026-08-12T03:56:55.466764+00:00,2026-08-12T04:25:55.466764+00:00,1740.0,fcbcd7a77fc1eac0,D,1,duplicate_image_hash
8624129d-4df3-58ab-865b-4628d1677aef,e6f672e3-b2e8-5a24-885b-b90dd003d26a,62ac5f8a-3501-5c2d-8ce6-f5d86a91e8e5,Rift Valley,-0.706853,35.67434,-0.704752,35.670597,0.4764,2026-08-15T23:56:55.466764+00:00,2026-08-16T01:22:55.466764+00:00,5160.0,7ea7fa33ad4d295f,B,1,duplicate_image_hash
ad54ea9a-656a-5b7a-b715-3f69d5c5ab8f,cef570c9-6195-5313-b4f7-59b27289a4d1,07f97080-0bec-57a8-8b2a-a6d2da7faad1,Central Highlands,0.200035,37.770211,0.200756,37.77174,0.1878,2026-08-04T00:56:55.466764+00:00,2026-08-04T02:22:55.466764+00:00,5160.0,d5b0d4081206716d,A,0,clean
a8aaecad-4dab-52ec-a7b8-b2d47cb0f494,05357b8e-e255-570a-a618-9739c2d3d1f5,33c0337a-3b7c-5528-97db-afb5d1075956,Western Kenya,0.813052,34.612204,0.816112,34.611217,0.3569,2026-07-24T14:56:55.466764+00:00,2026-07-24T16:06:55.466764+00:00,4200.0,3d821be148c064e1,D,0,clean
462aa0f5-8fe1-5479-9a96-4af2dd965fdb,78103e87-748d-50a2-b660-3f209b326f29,9d325872-afdb-5af8-b412-1ab5db5177ea,Western Kenya,-0.122428,34.646495,-0.121322,34.644842,0.2208,2026-06-27T02:56:55.466764+00:00,2026-06-27T04:35:55.466764+00:00,5940.0,a5e5b32b42a427ec,B,0,clean
52e01a2e-78eb-53d7-8673-ba27941834b0,84b53cb6-3d53-588e-9780-5b6e9232c8ae,7b0ae9b4-982d-5489-a9a8-d10093014a56,Eastern Semi-Arid,-2.107149,37.763033,-2.107552,37.755342,0.8549,2026-07-29T06:56:55.466764+00:00,2026-07-29T07:23:55.466764+00:00,1620.0,d9988b2931a1d740,A,0,clean
53d7be07-f587-55b5-9162-64de76735249,d7f9b59f-ead9-59da-abf8-6c3346d3ee7d,3e863399-5fea-5ab4-8b5e-f62fd01a6c55,Coastal Lowlands,-2.286037,39.781337,-2.284795,39.780701,0.1549,2026-07-02T00:56:55.466764+00:00,2026-07-02T01:41:55.466764+00:00,2700.0,fc5ee14e5d462f8b,D,0,clean
12869a47-225e-5dea-9025-dda0fe4bdef9,827c0fe2-d1b5-5245-8962-91f41970cab9,762495cb-7b79-56cb-99a4-991f2dcde138,Rift Valley,1.027347,35.478117,1.026268,35.480002,0.2411,2026-08-02T07:56:55.466764+00:00,2026-08-02T09:35:55.466764+00:00,5940.0,0634a40a79f972e6,C,0,clean
56c438b1-9ace-56d6-a806-2c6ad1d90577,70ebf8a2-8fd4-59d9-883e-e99fd0c653eb,2154957e-cb8f-5351-b4c8-7b7e7b8c7697,Eastern Semi-Arid,-1.053685,38.063423,-1.058928,38.067437,0.733,2026-07-19T23:56:55.466764+00:00,2026-07-20T00:05:55.466764+00:00,540.0,c5a2203b5e994c97,A,1,duplicate_image_hash
7f06ad8d-5fc2-5078-961d-21a792c480a9,fbc34595-60ad-50a5-9364-c8422a5e28b7,8f23e51e-47e0-5300-bded-41562fba8cc3,Western Kenya,0.711886,34.067554,0.714506,34.067223,0.293,2026-07-20T13:56:55.466764+00:00,2026-07-20T15:54:55.466764+00:00,7080.0,1d20767e020a0c44,B,0,clean
1779aa6b-ada8-570d-9ac7-ae7f1a326169,46ac4bc9-e9a6-5cfa-b9b0-7be6a3ace1a5,b1044c31-3d76-5bb1-8ba8-e6de2b505757,Rift Valley,1.313682,35.683408,1.31082,35.683324,0.3177,2026-07-17T21:56:55.466764+00:00,2026-07-17T22:43:55.466764+00:00,2820.0,142c60dd3146be31,A,0,clean
bf2d091b-8cf6-5795-81a2-5a63d38357b6,2e5c462c-5941-5e2c-b1a1-6e1d25b528b1,08f19744-d320-56e3-8840-233c2a1a7ca9,Rift Valley,-0.837545,36.212042,-0.83348,36.208241,0.6178,2026-07-27T20:56:55.466764+00:00,2026-07-27T22:34:55.466764+00:00,5880.0,7abcd87a10ba09e7,C,0,clean
933d322d-df6f-582d-9eb5-e1f21fec3b07,4d668d8e-2d2f-5742-bd65-92e0306d237e,72aea0ea-aa80-5efe-bd33-345d441b963e,Western Kenya,0.21554,34.441713,0.216534,34.445804,0.4673,2026-08-02T03:56:55.466764+00:00,2026-08-02T04:01:55.466764+00:00,300.0,522b161075f10390,A,0,clean
f8397a90-19ba-5d1e-ad0a-ec986c67c437,7cdb639c-5b1d-5b76-9a99-4fd16785d638,912bb6b1-14ff-5db1-ad81-112d21b1603d,Coastal Lowlands,-3.519631,38.88411,-3.520055,38.87992,0.4675,2026-07-23T10:56:55.466764+00:00,2026-07-23T11:54:55.466764+00:00,3480.0,39791ce7410fc386,C,0,clean
aa839b1b-3342-5c8e-8db1-1f066d2d9e87,2f54f278-fc9e-5e04-b66f-b2b8f5489f62,4cd07f3a-a706-55dd-bd0a-31245f7aa0b9,Western Kenya,0.358938,34.096027,0.359891,34.094698,0.1816,2026-07-10T00:56:55.466764+00:00,2026-07-10T02:09:55.466764+00:00,4380.0,7ea7fa33ad4d295f,C,1,duplicate_image_hash
d67a6a03-a30f-5d60-84f8-45eb6ada921a,79c54cc0-9cb6-5d4d-9f94-3a12424d23bf,0d288ef8-5694-50cd-b07f-4c16bf87c3c6,Eastern Semi-Arid,-0.037176,37.389687,-0.040712,37.387418,0.4664,2026-06-30T15:56:55.466764+00:00,2026-06-30T16:57:55.466764+00:00,3660.0,79764f72e10525f4,B,0,clean
ea393672-f4cb-5a43-aec4-796d3a79e21a,79db0408-3b72-5655-9338-97cdb5e58ff2,ed35f155-4852-58da-a92c-a976c2c91c94,Central Highlands,-0.264614,37.416374,-0.267727,37.419922,0.5239,2026-08-19T06:56:55.466764+00:00,2026-08-19T07:23:55.466764+00:00,1620.0,8e5439bb0f98d7b3,C,0,clean
116cc265-b23e-5f59-9b01-4ce5a7a34d67,6fc6d8e2-bd63-59fe-ab29-d5f6025194a6,c98eaea1-e5a7-53d5-9ec0-df02a2ee0fd6,Central Highlands,0.106998,36.745972,0.103353,36.748825,0.5138,2026-06-25T21:56:55.466764+00:00,2026-06-25T22:57:55.466764+00:00,3660.0,5381f90f81c3185e,A,0,clean
8f9a4ccb-b8f6-5d90-939b-91c532a4eaef,1494ef55-abea-52aa-ad68-5beb80d0689a,52cebda8-fae6-5422-a671-30621ce3ec43,Coastal Lowlands,-4.47068,38.512788,-2.97068,36.512788,277.5,2026-08-04T16:56:55.466764+00:00,2026-08-04T17:50:55.466764+00:00,3240.0,ab3fe07081c565ed,A,1,gps_geofence_breach
75c935da-b0f9-58da-bf07-a6c4e31768bf,96c04533-c009-5c01-bccb-01f0754746f8,f06d9061-60d5-501a-9926-cb24b1417d75,Central Highlands,-0.258138,37.614158,-0.259,37.611346,0.3265,2026-07-14T16:56:55.466764+00:00,2026-07-14T17:25:55.466764+00:00,1740.0,f72f5a3ce09e703c,D,0,clean
09a8cc02-96b6-51ea-a4a4-85e664b36c20,eab343e5-674f-5524-8929-3d67a7b58ce0,f3826678-494e-5d64-bb79-3c0205f59dfd,Eastern Semi-Arid,-0.401473,38.652675,-0.400801,38.656238,0.4024,2026-06-24T06:56:55.466764+00:00,2026-06-24T08:36:55.466764+00:00,6000.0,c773ed06a9103eb1,C,0,clean
681f72f9-f63f-50f2-b8b4-a35bb2ee48a3,dff509b6-258a-5d18-9381-dac0c68edb2e,82fd4eee-1572-5436-ad26-3c71e2e8f16f,Rift Valley,0.852867,35.694809,0.852241,35.692125,0.3059,2026-07-01T11:56:55.466764+00:00,2026-07-01T13:31:55.466764+00:00,5700.0,0fa3d13de383d404,A,0,clean
35bbbafa-2e19-576b-9454-316b903a4649,4f39d3a0-0661-5d9a-9c04-92b95965a523,75ebd0a1-c56d-5d43-b7b4-81c37affb2e1,Eastern Semi-Arid,-1.437907,38.684074,-1.446695,38.690707,1.2222,2026-08-12T06:56:55.466764+00:00,2026-08-12T08:17:55.466764+00:00,4860.0,5c46c4870e273a36,C,0,clean
718055ae-27c5-5230-b030-4436a5683910,90310b7f-29c5-5791-969a-c339ab57cc91,9bc2a2db-107c-5676-96ed-afa84468f73a,Western Kenya,1.001523,34.206687,1.000787,34.204934,0.2111,2026-06-27T11:56:55.466764+00:00,2026-06-27T13:16:55.466764+00:00,4800.0,0919b8a633a893cc,A,0,clean
724214d5-a612-5019-8111-244f151c1bdd,9b9d975f-d13c-520c-a7b6-854af42b3e16,6a88538f-ec10-51c7-aa7b-4e0148bf3d6d,Eastern Semi-Arid,-0.909663,38.532731,-0.90815,38.531125,0.2449,2026-07-19T10:56:55.466764+00:00,2026-07-19T12:42:55.466764+00:00,6360.0,9b315c303cf5f6ff,A,0,clean
7d69f0fc-3ca5-5100-9e24-3af5617fada0,f5aa1db8-2c5c-5cd7-b0b4-dd928c7a8409,464e4777-e057-53d5-a5c7-cc10abc5b3c4,Coastal Lowlands,-2.335692,39.266548,-2.33229,39.266406,0.3779,2026-06-26T06:56:55.466764+00:00,2026-06-26T07:10:55.466764+00:00,840.0,796556904a507a4c,A,0,clean
30168e3e-9fbe-5996-8180-1553c87fc3c2,cab8e2f6-4aaa-529a-9f27-656b3af63a3f,d67593ec-904f-5b4c-9323-2d7377a79041,Rift Valley,-0.536349,35.808673,-0.538552,35.806984,0.3082,2026-08-12T16:56:55.466764+00:00,2026-08-12T17:14:55.466764+00:00,1080.0,9bed1aaf85595336,B,0,clean
fa2e8198-35fd-547a-889e-7c135f2070ce,bc9b3ec7-4e9f-5610-a366-a6d3979f15b8,7b006ab9-f3b6-5ff1-b650-f36a13f91849,Rift Valley,0.335789,35.990064,0.329155,35.992616,0.789,2026-08-05T12:56:55.466764+00:00,2026-08-05T14:06:55.466764+00:00,4200.0,5956b463eb30027a,B,0,clean
9e28d0aa-fda3-5ee0-8471-7a934972cafd,4b4c681f-7ae1-5c02-8dbf-c64aa47be292,8577eeb4-d454-544e-82fb-a57caa4609d0,Coastal Lowlands,-2.41813,39.278227,-2.418419,39.276665,0.1764,2026-06-29T13:56:55.466764+00:00,2026-06-29T15:03:55.466764+00:00,4020.0,e50cc6cb7a6d0852,B,0,clean
f7ab4781-9273-5ce7-b12d-9018a4611aa4,c91b1404-7749-5897-8eb5-1db3d9ee1201,1f5d49e6-860d-5c11-972f-3cc6712e893d,Western Kenya,-0.177564,34.28161,-0.183211,34.278983,0.6913,2026-08-14T13:56:55.466764+00:00,2026-08-14T15:44:55.466764+00:00,6480.0,fb005d0e7ca27fea,C,0,clean
ce78d52e-dde5-5835-bb55-45819e155174,c2f5525d-e182-55c9-acac-dd9b6ac122af,26a88fba-0a39-514d-a42a-ece36a7f0239,Rift Valley,0.876642,35.146678,0.882624,35.148853,0.7064,2026-06-24T05:56:55.466764+00:00,2026-06-24T06:11:55.466764+00:00,900.0,0f935745f5dca6fa,C,0,clean
0ed96936-4757-5f7a-9934-4717b0420e54,fc8a156a-5777-5a16-be38-160e91b0c67a,2800834d-d6a4-5545-98d0-54b9e6e4d456,Eastern Semi-Arid,-2.384687,37.736173,-2.388036,37.734788,0.4023,2026-08-12T04:56:55.466764+00:00,2026-08-12T06:24:55.466764+00:00,5280.0,d93e1baf6fcd7ca4,C,0,clean
6b31a133-9771-5aee-8f24-862e8038c89f,45440cb3-c156-5c59-9378-4a19e7032fdd,243e9f22-e10f-576a-9d65-a510eb4e6edf,Coastal Lowlands,-3.809271,38.748461,-3.805458,38.746416,0.4803,2026-07-01T08:56:55.466764+00:00,2026-07-01T09:48:55.466764+00:00,3120.0,7ee4590505a024a5,B,0,clean
f08ffeec-d03e-5f93-b5e8-7ab1fa979f9b,9b1c140e-f269-50b3-9118-4ad334fe0742,8c49a3f8-0d0b-54fb-9d9b-00dd32e3a4e8,Eastern Semi-Arid,-0.402003,37.849068,-0.404783,37.846627,0.4106,2026-08-09T01:56:55.466764+00:00,2026-08-09T03:32:55.466764+00:00,5760.0,0e4d83e1064f593e,A,0,clean
80a5a3e9-f42a-5791-8c41-364f84968e06,e477f42d-fa93-50b9-9601-facb0ffe1b6b,8e25be7f-16b2-50f2-afd6-af2ac6d2c8bc,Western Kenya,0.693531,34.047959,0.697031,34.041482,0.8173,2026-08-14T08:56:55.466764+00:00,2026-08-14T09:09:55.466764+00:00,780.0,ec63efb7cae3244d,B,0,clean
a2713706-fbea-5f32-995e-91c86b5e1e32,d240137b-c4a2-56d1-a621-b734931f705c,62c4fec2-74f4-56d7-a418-9639f0c8774d,Western Kenya,-0.165243,34.699076,-0.163095,34.702344,0.434,2026-07-23T11:56:55.466764+00:00,2026-07-23T09:55:55.466764+00:00,-7260.0,826ea77f3f5ef1cf,A,1,timestamp_monotonicity_violation
73826f89-3db3-53b9-9a85-072457a6163d,e8a818fe-aee1-5853-bbc1-014cdf783194,602b5f53-a012-5bd3-a691-898e9c850de7,Eastern Semi-Arid,-1.074843,37.35916,-1.072953,37.360454,0.2542,2026-07-22T19:56:55.466764+00:00,2026-07-22T21:20:55.466764+00:00,5040.0,43a1d79b81667eca,C,0,clean
0761a881-16cc-5a54-ad8b-ce7b3c4cb1e3,9530d008-8e3a-53ea-9999-65eddcad6df7,7f871221-ed14-5004-af8e-f21201016c87,Western Kenya,1.157983,34.555313,1.157967,34.557581,0.2517,2026-08-06T04:56:55.466764+00:00,2026-08-06T05:32:55.466764+00:00,2160.0,9644a42adc250fbb,A,0,clean
b6dd8340-2a12-5732-bc93-a076d97a82bd,e63f07bc-f46d-502b-aa69-cc89ae09fe9a,bc6c6c7a-f252-5288-b002-d12b209eb087,Western Kenya,0.419713,35.045019,0.421498,35.040274,0.5627,2026-06-22T07:56:55.466764+00:00,2026-06-22T08:01:55.466764+00:00,300.0,5064217821f9ffd4,E,1,invalid_classification_tier
ad27f1e4-628e-501a-989e-a278d83b598c,9c36b52a-6b8d-59bb-a6a5-e72311ec9431,659d0cac-88ea-5552-a629-cf27c37f6883,Central Highlands,-0.943731,37.291805,-0.941521,37.296746,0.6009,2026-07-01T20:56:55.466764+00:00,2026-07-01T21:28:55.466764+00:00,1920.0,180950ca528b559a,A,0,clean
d99836bd-fd5e-56db-b350-2f65f6c7221d,c00b36bf-b0a1-5007-ad65-662319bbe4c5,30cb883c-3f28-5ffb-9abe-d755e58efa28,Eastern Semi-Arid,-2.498267,37.9325,-2.500882,37.930081,0.3954,2026-07-21T08:56:55.466764+00:00,2026-07-21T10:18:55.466764+00:00,4920.0,0b691c4d4d94b494,A,0,clean
01bf83aa-5e18-5332-b69a-a765bbe747fb,02933069-9a08-5e50-833f-f8ffabe40887,ef50d48e-73b1-5385-9157-8f467ee04dae,Eastern Semi-Arid,-0.752705,37.932137,-0.751032,37.931586,0.1956,2026-07-06T18:56:55.466764+00:00,2026-07-06T20:30:55.466764+00:00,5640.0,be470db6f74f2ee7,B,0,clean
513fc410-6ac3-57b6-8085-8fa27a24c61a,3f4b217d-d34f-54de-8401-bf7d6558c219,3423add0-e38b-5f7a-bb50-be9f912e0216,Coastal Lowlands,-4.042675,40.342999,-4.04236,40.340531,0.2761,2026-07-24T08:56:55.466764+00:00,2026-07-24T10:04:55.466764+00:00,4080.0,90fd414ff9b688ba,B,0,clean
771eedf5-82ba-55ca-aa62-90f3d8d5cd79,ad2c9584-5519-5537-9f6a-59606da0d577,0af30ec1-421a-51d4-911d-db3e039961f9,Central Highlands,-1.284742,36.655757,-1.286168,36.655595,0.1594,2026-06-26T13:56:55.466764+00:00,2026-06-26T15:15:55.466764+00:00,4740.0,f101d6f289bf4aab,B,0,clean
30a509c7-92dc-5e35-be05-3c6ef7cfcd48,a9a3ea18-4335-51fd-b4ce-bc17d9eff417,c088da91-f812-55a2-9873-26cd7ca510d6,Eastern Semi-Arid,-0.333541,37.877337,-0.333218,37.878511,0.1351,2026-07-16T17:56:55.466764+00:00,2026-07-16T19:27:55.466764+00:00,5460.0,5ed8443e3f04d4c0,A,0,clean
77f5b69e-ecf2-556f-98c5-b4dd7fb89f19,8102d71d-c8e1-5336-86f4-b0c4b93b5f96,ec841eb0-1baf-56ae-a777-425acd245a14,Rift Valley,-0.120072,36.189571,-0.116557,36.186779,0.4983,2026-08-11T07:56:55.466764+00:00,2026-08-11T08:07:55.466764+00:00,660.0,3933867632bf603b,C,0,clean
c80cba85-b10c-57ef-aaf4-bd1d910d2e53,97c05f36-9974-5f7f-ab72-e512feba546e,0ad8100b-7aca-5902-8861-e8ba0cdc8dad,Rift Valley,1.10441,36.359338,1.111175,36.358552,0.756,2026-08-04T11:56:55.466764+00:00,2026-08-04T12:13:55.466764+00:00,1020.0,1e5f571b58f08df4,B,0,clean
4e70e09e-550b-51f9-a5e2-846d8083313a,d60cd4b5-f40e-527b-b491-1339ad021791,bcdd4bfc-a482-5950-8e82-4f344f6c3704,Eastern Semi-Arid,-0.803601,38.597101,-0.805585,38.596368,0.2348,2026-07-28T14:56:55.466764+00:00,2026-07-28T15:10:55.466764+00:00,840.0,02be1a7c762c3c2f,A,0,clean
d9c86635-e214-5261-82a2-a61e482e4a0f,ee87f214-d681-58bb-abb0-03d86092534e,33571d71-0eec-5f90-a24f-7131cae74fd6,Eastern Semi-Arid,-1.960389,38.556794,-1.95912,38.557379,0.1551,2026-08-18T11:56:55.466764+00:00,2026-08-18T12:22:55.466764+00:00,1560.0,7608ebc19fed461c,B,0,clean
4429dbd0-6bc6-58dd-8584-71ef560f6124,ca0a19d1-657a-517e-aa4a-8ca5f71730a6,a1b14083-83d9-5488-b74c-bff31fe1ae87,Eastern Semi-Arid,-1.647444,37.893723,-1.648183,37.894828,0.1476,2026-08-15T14:56:55.466764+00:00,2026-08-15T16:04:55.466764+00:00,4080.0,85c61ff569a363b2,B,0,clean
c2c525ec-b35e-58e5-a651-2f36a4e727ae,56582fe3-6e61-5821-9e90-84b9c9a347b2,38249c07-cac8-5ad8-bed2-3354842295a1,Western Kenya,-0.039507,34.914162,-0.038259,34.914822,0.1567,2026-06-27T06:56:55.466764+00:00,2026-06-27T08:42:55.466764+00:00,6360.0,807a3e85f230ab37,C,0,clean
5ff97180-5e9f-57b3-b6bc-51f25d7abfd7,a40feb8a-3563-5c0f-80bd-0b30486f71cb,4a736cf5-beb0-5f54-b47f-59c0c26c65e7,Coastal Lowlands,-4.216418,40.222754,-4.214079,40.22038,0.3699,2026-07-05T17:56:55.466764+00:00,2026-07-05T19:53:55.466764+00:00,7020.0,83159b6248a6a15e,A,0,clean
853e4e70-2253-5c98-8caf-66de51b94c7d,a64ae98b-992e-5f9d-8ad5-1c8590a1385f,3c97c843-0bf2-5255-bcfa-36cdc0e37b59,Eastern Semi-Arid,-1.88244,37.889316,-1.88395,37.88977,0.175,2026-06-28T11:56:55.466764+00:00,2026-06-28T13:14:55.466764+00:00,4680.0,fb531998a09cdef6,B,0,clean
f58654ea-18e8-50b9-a33a-1272804bd8f4,7c922c7f-84de-5d8b-a181-855b529263ae,1b8dfd81-eda0-52c0-a604-5a64ae896394,Coastal Lowlands,-2.117807,39.717092,-2.119743,39.715787,0.2592,2026-08-04T03:56:55.466764+00:00,2026-08-04T04:58:55.466764+00:00,3720.0,d4ac38b2f38de52a,A,0,clean
07482c20-89ff-5a4f-ae25-f16a7000cbe6,9641cc26-026f-5de1-91b1-e364ca9de137,e10b5cf8-e42f-5900-ab8c-b4a92ca034b3,Western Kenya,1.091965,34.40575,2.591965,36.40575,277.5,2026-07-12T16:56:55.466764+00:00,2026-07-12T17:44:55.466764+00:00,2880.0,8d8f0dbd13e164c2,B,1,gps_geofence_breach
2336c3ef-5abd-54cb-9740-811e496cbc19,2f80d6d2-67d4-5ec3-ac7a-f8e6ac272ef7,a7ea1ecf-53db-5db6-9302-514390ab1c41,Central Highlands,-0.581244,36.719164,-0.574607,36.716666,0.7872,2026-07-05T15:56:55.466764+00:00,2026-07-05T17:37:55.466764+00:00,6060.0,6439b3f9336dc8f9,D,0,clean
7744c69b-ae9a-5c8a-9664-8a44bb8f0fdd,ae085029-fd34-559b-ab90-6ec31d440b33,b2b1fc4d-1105-50c5-924b-317b3a91f861,Rift Valley,0.436802,36.45073,0.434915,36.451354,0.2207,2026-08-15T13:56:55.466764+00:00,2026-08-15T14:20:55.466764+00:00,1440.0,17995e67fa5b7c89,C,0,clean
e1d7e1a0-6169-54b4-bd66-b011b1da8c01,43ec411a-fc8f-523d-9eb3-fa9b04931120,3e2783e5-88f1-5585-b0ab-b2863fb612c0,Central Highlands,-1.251106,37.750097,-1.256314,37.751264,0.5924,2026-07-12T00:56:55.466764+00:00,2026-07-12T02:10:55.466764+00:00,4440.0,5d2e37a72aed4eaf,A,0,clean
2e48cbfb-7cd7-5b4e-acf2-a7c6742093b7,c1f035d8-c6a7-5429-86e3-4b821cc89d0c,a9ffd9df-f38c-5445-84a1-02cf0666d646,Coastal Lowlands,-2.305858,38.986304,-2.311278,38.983742,0.6654,2026-07-03T02:56:55.466764+00:00,2026-07-03T01:51:55.466764+00:00,-3900.0,b10d19abee7f2cca,C,1,timestamp_monotonicity_violation
801a126a-4db8-568c-905b-7f568a18f4cd,d0e5aa71-24ab-58eb-8003-8eb8e6aa9050,3198cb32-ebfc-53b6-8750-2425184bfc4f,Rift Valley,0.338473,36.198537,0.338867,36.196558,0.2239,2026-07-28T11:56:55.466764+00:00,2026-07-28T13:22:55.466764+00:00,5160.0,e4b7179288ab8347,A,0,clean
67704d08-6b1a-5eca-a4fb-d6da924a007d,43dac303-cc6e-5d88-87a3-5a3bac2ab6d3,dad989ed-86df-5260-bbf0-0d1b3abe6c0d,Western Kenya,-0.128366,34.792737,-0.127758,34.794753,0.2336,2026-07-20T17:56:55.466764+00:00,2026-07-20T18:28:55.466764+00:00,1920.0,e3512aef8574114b,A,0,clean
9477cdea-88cb-54b0-a12e-c38f32ec1266,9736c075-46fc-553c-bbd3-8cb5889ffc68,13107a89-0a5a-5e73-9283-aa9369570865,Rift Valley,-1.070295,36.235534,-1.070944,36.237031,0.1811,2026-06-29T03:56:55.466764+00:00,2026-06-29T05:04:55.466764+00:00,4080.0,3e5e886816a47c85,Z,1,invalid_classification_tier
1817c254-39fa-52d4-bb1e-66a5d7e97317,30ac8cc0-1f69-5b41-a235-96e412716eed,be0ed8d9-bad7-5911-8188-feb1a7130e0c,Western Kenya,0.741829,34.372456,0.742601,34.365316,0.7972,2026-07-30T08:56:55.466764+00:00,2026-07-30T10:52:55.466764+00:00,6960.0,a5be8b31856206df,A,0,clean
55976e9a-7942-5b6b-91bd-011925576253,c990f9f3-aeac-5f7f-8547-dc08a9414293,f7a4c6c3-bf61-5197-b36a-784fc43c68bc,Central Highlands,-0.464161,37.462317,-0.467046,37.461971,0.3226,2026-07-28T13:56:55.466764+00:00,2026-07-28T15:51:55.466764+00:00,6900.0,d0121bce0538e808,B,0,clean
c0006b0d-b1a7-5b7a-982a-190c68a5b33b,c8ecedc5-62ad-5ca6-9d51-2151af84d72f,2f97de30-5914-5f05-b944-0275b41d52a7,Central Highlands,-0.952493,37.453672,-0.951915,37.454991,0.1599,2026-06-22T11:56:55.466764+00:00,2026-06-22T13:46:55.466764+00:00,6600.0,c46c485e89357ed0,A,0,clean
de0447c7-9717-5f0e-b5fb-31a7bb372029,238881ba-b1f2-5ad0-a5d9-f4bbe0ccdce4,1c7c7827-abeb-5a76-afac-b895a30b48d5,Rift Valley,-0.451326,35.144609,-0.448558,35.146522,0.3735,2026-08-02T04:56:55.466764+00:00,2026-08-02T05:44:55.466764+00:00,2880.0,6f3d4efc7bacaf3e,B,0,clean
3a6ea7fe-7e11-5b6f-9e50-2e3f150d7c99,a5413b05-3537-502a-a022-67cb33196748,d357ecb4-78ef-5b2f-b146-16306d8e8eb1,Eastern Semi-Arid,-0.664406,38.651949,-0.665235,38.651604,0.0997,2026-08-03T18:56:55.466764+00:00,2026-08-03T20:02:55.466764+00:00,3960.0,779a913bfa67dedd,B,0,clean
cadeda50-07c1-5b56-96f2-10b8c8725a87,3865881d-6c68-5177-9f9f-94962b7f2d4f,5d0ab2b0-b592-5cf2-a047-21ac028a1565,Eastern Semi-Arid,-0.391514,38.318746,-0.390107,38.316631,0.282,2026-08-11T13:56:55.466764+00:00,2026-08-11T14:15:55.466764+00:00,1140.0,e70a418e909b5e10,A,0,clean
db9a49f3-0c73-56b5-9113-e6d9c39ea164,c30ca5bd-eb93-5a62-a9e6-203d3e6e384b,29741c45-9ea6-5ccf-8af9-1ca7c09ba84a,Eastern Semi-Arid,-0.78998,37.914887,-0.787648,37.910051,0.596,2026-08-18T19:56:55.466764+00:00,2026-08-18T20:46:55.466764+00:00,3000.0,eb889611a255ed8a,C,0,clean
2542c803-ee1f-5ef6-9192-9180e8c211b4,fb749f8b-5cb6-5101-a2f8-4ec36cf79e9e,e38cbf1d-3db1-5bf6-9186-e20e1cd9fd2c,Coastal Lowlands,-2.599374,39.677674,-2.598385,39.679321,0.2133,2026-07-23T14:56:55.466764+00:00,2026-07-23T15:45:55.466764+00:00,2940.0,5a59d5dbd6861187,B,0,clean
0b87c968-2d41-5351-9f48-22c0891d2e81,a0d2c6b1-c5c2-56fd-be1c-f489a18034ab,80f10146-b6de-581b-8f5e-4ba6337592b8,Central Highlands,-1.281542,37.299851,-1.283567,37.296054,0.4777,2026-07-28T17:56:55.466764+00:00,2026-07-28T13:24:55.466764+00:00,-16320.0,c1b4b81f57ec90e2,B,1,timestamp_monotonicity_violation
e9d53327-cf2c-5562-9bf5-6c71062be5f0,888ed7e2-192d-59db-b1ae-3edacd6c6993,97d1b52b-709c-53b1-bcfd-7d248f6a2402,Central Highlands,-0.612363,37.641695,-0.615628,37.641952,0.3636,2026-07-21T20:56:55.466764+00:00,2026-07-21T22:19:55.466764+00:00,4980.0,ecf6f2ea475589da,D,0,clean
90318031-c079-5b18-9690-15bf7a9fa692,d44060fe-5e93-58b4-8fca-ed351584e004,b0a8a2d9-cac1-5859-bb25-933642157f27,Central Highlands,-1.367913,37.544416,-1.369297,37.546618,0.2887,2026-08-10T05:56:55.466764+00:00,2026-08-10T06:39:55.466764+00:00,2580.0,d14410bae1c68ca1,A,0,clean
83486cc9-a29c-598f-bc67-21399e5a7686,17ca8396-98fa-5511-b2ec-9458a3d88b86,c19c3852-bddb-56d6-bb23-454ff1dd714d,Western Kenya,0.68602,34.706849,0.68356,34.704521,0.3759,2026-08-08T01:56:55.466764+00:00,2026-08-08T02:04:55.466764+00:00,480.0,dab9199c06e566d5,B,0,clean
0eeaf40b-dcd1-5dcc-9816-997487e99b16,a9b53c4e-e9d5-50d7-ace4-5b85fd6130be,9e5be02e-df9a-5a0b-b2ef-153de767b520,Western Kenya,-0.10563,34.884811,1.39437,36.884811,277.5,2026-07-01T14:56:55.466764+00:00,2026-07-01T15:19:55.466764+00:00,1380.0,3b8e3e7550451b4f,A,1,gps_geofence_breach
7c7f6494-fa78-5f27-a3f2-7bdec1d054d3,6d465f92-b313-51bb-b302-1ea9536a2a73,38383ef0-2845-5356-96eb-65fb96a532d3,Eastern Semi-Arid,-2.484243,37.696465,-2.48469,37.692915,0.3971,2026-08-02T14:56:55.466764+00:00,2026-08-02T15:38:55.466764+00:00,2520.0,8eb8792ba31c29bf,A,0,clean
2c413cd6-a56c-5f9e-999f-77e7e8d8cf1e,8eab23a7-bc03-5e1d-88a1-e13d99437d9b,83046cc3-73d6-5679-af2b-04653b749f61,Eastern Semi-Arid,-1.795278,38.782817,-1.794489,38.783086,0.0925,2026-08-07T20:56:55.466764+00:00,2026-08-07T21:02:55.466764+00:00,360.0,b59020e131482b9b,A,0,clean
584bf75d-a6ec-551e-b059-fad99dbc5f05,f75ca666-8995-572a-ba2d-2cc67adf37fb,680105d8-25c4-5c3a-864e-aa76efed769a,Rift Valley,-0.369822,35.309042,-0.373437,35.307093,0.4559,2026-07-30T06:56:55.466764+00:00,2026-07-30T08:12:55.466764+00:00,4560.0,6de97581cecdb09d,D,0,clean
ba84f570-8d24-5c9c-b307-7df240ca18c0,b52fc707-cde9-5acb-be4c-950c6eddddad,e8216e77-44f2-58d2-8d8b-77a42a5ec5ea,Western Kenya,0.93011,34.682871,0.926085,34.685019,0.5065,2026-07-18T16:56:55.466764+00:00,2026-07-18T18:47:55.466764+00:00,6660.0,ed026d670623124f,A,0,clean
ed406e7e-7d2a-50a4-8deb-a92f5298dcd0,27fcfce1-80d0-5b3f-abfd-ce8a2fb1dfd8,f673ba69-41a5-5629-8d14-6fd4ca6dc13f,Coastal Lowlands,-3.670262,39.322917,-3.66819,39.324795,0.3104,2026-07-16T12:56:55.466764+00:00,2026-07-16T14:01:55.466764+00:00,3900.0,eee33b0ae50f73d1,B,0,clean
c1e01389-7f6f-5710-a8f0-b6a15dc2994f,9ca6f445-bde7-51b0-be3a-2d5a798037d9,a298d5b6-eabd-565d-96e2-d53ae439f5df,Eastern Semi-Arid,-1.042164,37.916055,-1.043139,37.915421,0.1291,2026-06-22T23:56:55.466764+00:00,2026-06-23T01:08:55.466764+00:00,4320.0,0e4a47efedd3a060,C,0,clean
ca3ed1f7-1fb2-5d8e-af1c-71966d93f644,a69ba987-2f92-5d2a-9f3c-9087f4639348,c4334ab9-c52e-58aa-a19b-e9b84130f13e,Western Kenya,0.183145,35.102496,0.186961,35.105208,0.5196,2026-06-26T21:56:55.466764+00:00,2026-06-26T22:40:55.466764+00:00,2640.0,e2f26335f2e4565a,C,0,clean
4521427f-c91e-53f6-8b36-82440ce37837,0fd4970f-a80a-551d-81db-9d7b8baa0019,e3f26cb2-f700-535d-8498-5e464e724654,Eastern Semi-Arid,-0.045157,37.780743,-0.04508,37.77566,0.5643,2026-07-17T05:56:55.466764+00:00,2026-07-17T06:44:55.466764+00:00,2880.0,85723ea6986d98ec,C,0,clean
936b2759-9bb9-52be-9a04-c455c4d8b122,055f4480-849c-59bd-a1e8-99490c22dca3,92a5b30c-0172-5f19-9b93-e2c18121254f,Coastal Lowlands,-3.080163,38.81961,-3.077011,38.819773,0.3503,2026-07-21T09:56:55.466764+00:00,2026-07-21T11:36:55.466764+00:00,6000.0,c626969638e59a3b,A,0,clean
afb19893-f60c-5164-8183-1cf752672830,8cc6d0eb-3624-5c54-bde9-0cb1345b2865,12540198-cd08-59d7-ac99-5c9da5ed97f1,Western Kenya,1.06155,34.228346,1.059569,34.229736,0.2686,2026-08-03T13:56:55.466764+00:00,2026-08-03T15:40:55.466764+00:00,6240.0,f5c2e7627b8d193e,A,0,clean
a09efdd9-1fa9-5a76-9f78-a5b2b4e93ba8,24a4f486-e44d-5126-9b6d-69504d52b8c7,5f92c371-0b93-5d6d-8564-f5cd0d68b57c,Central Highlands,-0.35711,37.242158,-0.365358,37.241124,0.9226,2026-08-05T05:56:55.466764+00:00,2026-08-05T03:13:55.466764+00:00,-9780.0,1360633602121bfd,C,1,timestamp_monotonicity_violation
322b6bfa-73d4-5a60-8e55-8c0be04743fc,901b09f8-dac8-5220-b368-4ddaa72e06f4,3d5f897f-777d-5f43-91f6-015eb700559a,Central Highlands,-1.042998,37.620698,-1.043914,37.625761,0.5711,2026-07-12T16:56:55.466764+00:00,2026-07-12T17:21:55.466764+00:00,1500.0,7e9e907c8b12ea9d,D,0,clean
996c241f-23cb-5816-be9b-8c9c1e21df6b,0758df15-5b11-58c0-b75d-70c46342eab9,f5edcfb6-70da-59bb-894e-df9aa17b8378,Rift Valley,-0.721097,35.511887,-0.72024,35.503449,0.9414,2026-08-06T20:56:55.466764+00:00,2026-08-06T22:49:55.466764+00:00,6780.0,2d0910f2117935df,A,0,clean
d3b200d2-6c1f-565e-914e-4147878c2aea,d31663c9-486c-519b-a867-e0f8ccba9c26,5d754bfd-a8d6-5fad-8a84-592e49926a42,Coastal Lowlands,-2.621589,39.987288,-2.623075,39.987534,0.1672,2026-08-17T03:56:55.466764+00:00,2026-08-17T05:07:55.466764+00:00,4260.0,c047b5bb52a267e4,A,0,clean
845ae295-158d-5a12-9854-727ef71135fa,4b85f26f-e617-55d6-ab5f-f9443ec1ea4b,89b25977-15e7-5129-91d1-c31f2270c3f2,Western Kenya,0.685702,34.652017,0.68445,34.653338,0.202,2026-07-03T12:56:55.466764+00:00,2026-07-03T13:48:55.466764+00:00,3120.0,b2223fe8a44621e7,C,0,clean
bf5c0859-c829-53c2-ad14-ab3504eeb024,ee367818-6a39-5294-b1a4-25b278ff1f40,1062e376-ed21-59c3-9703-18bffd48af51,Central Highlands,-0.601182,36.84958,-0.603781,36.848776,0.302,2026-08-18T15:56:55.466764+00:00,2026-08-18T16:59:55.466764+00:00,3780.0,d1cac8104e483e2e,A,0,clean
4dd87546-61c5-5ed3-8df2-92a1f8f7386c,c553136c-0540-531e-b407-6bcde7b8852f,0e56d597-2781-56c7-ba0c-f8b9b7eed148,Western Kenya,-0.147004,34.40003,-0.146834,34.400037,0.0188,2026-08-17T21:56:55.466764+00:00,2026-08-17T23:22:55.466764+00:00,5160.0,43802780cdd50516,B,0,clean
e1820343-6f85-5352-b71b-34a52736bccc,99aa950d-57c3-594b-ad4d-10b49e63fbd7,68bdd2ce-dd69-5d87-a1fd-af2c14a57571,Central Highlands,0.165943,37.444517,0.163877,37.440236,0.5277,2026-07-13T21:56:55.466764+00:00,2026-07-13T22:07:55.466764+00:00,660.0,7655121e1547350e,C,0,clean
2e3c09b2-2190-5fa7-86ac-fa30c4f970f1,33cf5f0d-b2f9-541c-a139-e56aaaf7ac82,23be1895-bc7d-5e1e-8b1c-6c684ebf3d2b,Coastal Lowlands,-3.833622,40.499866,-3.836791,40.497205,0.4593,2026-08-12T03:56:55.466764+00:00,2026-08-12T04:04:55.466764+00:00,480.0,8d0258d7f4ecd89d,B,0,clean
80806f29-45ff-59be-af64-b25f188df73d,3e3c3c1f-9416-50c5-b984-691fdde0127d,eb9f3717-5e7c-56ca-bd1c-53638288013e,Eastern Semi-Arid,-1.875698,38.448537,-1.877068,38.450781,0.2918,2026-08-16T03:56:55.466764+00:00,2026-08-16T05:17:55.466764+00:00,4860.0,b04e67d112526ec6,B,0,clean
9e23d783-31f8-5cb7-aceb-977b6fe27b6f,23c91a77-49c2-525a-8468-bbbb66502530,280902cf-aa8e-587f-bc5b-c9c9bd08d847,Coastal Lowlands,-4.166975,39.735827,-4.168803,39.739277,0.4334,2026-08-18T17:56:55.466764+00:00,2026-08-18T18:57:55.466764+00:00,3660.0,29ce1da212ec052a,A,0,clean
aa6edb41-7794-51bc-a6fc-38d5c63f466d,d7623029-bff2-5166-81b7-158eaa427edd,5495616c-e888-5b5e-afea-7872be7b5cbe,Coastal Lowlands,-4.436889,39.366512,-4.433184,39.361684,0.6755,2026-06-30T19:56:55.466764+00:00,2026-06-30T21:46:55.466764+00:00,6600.0,6e9694a912a667b1,C,0,clean
93a47dc9-65a7-5bdf-b1a0-dbad0d50661d,4cbffc71-f881-5ba8-9134-f3c01dca1c24,afc22483-b27a-5010-8208-7d22a93459e1,Rift Valley,1.152712,35.038692,1.150236,35.039108,0.2787,2026-08-11T23:56:55.466764+00:00,2026-08-12T00:57:55.466764+00:00,3660.0,5d54cc804704fed9,B,0,clean
801499cc-e1c7-5edb-acad-fdfffab5ef98,c2fa13e6-6589-5aed-aa34-c04a00c9f717,6164dc05-5c9f-5cf4-bdaa-1a58718ff29e,Coastal Lowlands,-2.336403,39.478053,-2.332378,39.472646,0.7482,2026-08-14T12:56:55.466764+00:00,2026-08-14T14:11:55.466764+00:00,4500.0,259df513613a5d5e,A,0,clean
c7b00a87-882e-5c1a-85d9-1dad8f46f9dd,459f3504-3a29-5b3f-b205-568393f03ce3,09baba8c-d792-54a8-8b8c-b3f60aa37f08,Central Highlands,-0.718028,37.777758,-0.72111,37.780322,0.4449,2026-07-16T02:56:55.466764+00:00,2026-07-16T04:19:55.466764+00:00,4980.0,1b75b6a9a5a109a5,A,0,clean
072017c7-205f-59e8-8a42-e4a3b8da74a9,8d02e4b2-db11-5ec6-b587-a39b9d3c2b3a,3ae91734-7cd7-5e36-b334-d2d1710408d7,Rift Valley,-0.368535,35.768639,-0.368584,35.766107,0.2811,2026-07-30T08:56:55.466764+00:00,2026-07-30T09:18:55.466764+00:00,1320.0,34d6c78bc0ebd85e,A,0,clean
2b92eb80-d228-5bfd-993e-49c5b5dd1b78,cdeafaa6-53e8-5380-a75d-e142a36b615b,ea93292d-c2cf-5e7e-9bb0-2a503694ad8f,Coastal Lowlands,-2.051731,40.20248,-2.052277,40.201712,0.1046,2026-07-25T16:56:55.466764+00:00,2026-07-25T17:30:55.466764+00:00,2040.0,83404b3a22abe33b,C,0,clean
40bbe758-f362-563a-aea9-66a81eca73b2,9e154728-8e48-596f-b2fa-3dfc268d4420,a3efb082-4f34-5bce-bec9-9e4a97c0a6ae,Rift Valley,0.77365,36.026452,0.768992,36.027765,0.5372,2026-08-01T07:56:55.466764+00:00,2026-08-01T08:10:55.466764+00:00,840.0,8c8a6c7fb63764a1,B,0,clean
fb255cfc-fc48-5701-a022-f3640543a592,0f91db67-ac7f-5471-8617-1ec91dad7342,65626e86-f6a0-5298-96d8-5c404236fe5a,Central Highlands,-1.038665,37.245368,-1.038883,37.246818,0.1628,2026-08-04T13:56:55.466764+00:00,2026-08-04T15:14:55.466764+00:00,4680.0,fec2a26c7fd7c6c6,A,0,clean
6b663a11-c1ce-59fa-844a-afb37eef592c,0a195a4c-e016-5aeb-8eb4-a0fc747786c8,3c94f0cf-13b2-5b62-bef0-ced06cfb3c77,Rift Valley,0.144144,35.546836,0.141504,35.550557,0.5064,2026-07-09T23:56:55.466764+00:00,2026-07-10T01:53:55.466764+00:00,7020.0,db7aff890d13341f,B,0,clean
88729585-4e06-5ced-a38d-fe062fbd232f,20a60f2c-6288-5c54-803f-9152a3c8db61,36140195-18d1-569d-9505-3a794869ed91,Rift Valley,1.25074,35.904493,1.252417,35.901785,0.3536,2026-07-25T21:56:55.466764+00:00,2026-07-25T22:30:55.466764+00:00,2040.0,2745d8a251687ea1,B,0,clean
502e0295-ae69-5333-ab12-f437e9e0c6c3,ff560ee0-8e0e-5963-aa22-d0859a536b01,e09b6b2e-56ef-583e-8111-93389581d124,Western Kenya,0.859473,34.337912,0.861227,34.3389,0.2234,2026-07-06T13:56:55.466764+00:00,2026-07-06T14:49:55.466764+00:00,3180.0,b6fda2a007c499d8,C,0,clean
f37b1343-7b5d-5200-8c4d-dccf0d541405,9ba8001a-8aea-5036-9286-a0d6d11a7f58,724bd628-afdf-5325-8eea-fa6c39bb7204,Central Highlands,-0.112957,36.888638,-0.117437,36.888884,0.498,2026-07-16T20:56:55.466764+00:00,2026-07-16T21:37:55.466764+00:00,2460.0,c4b0e2087d38c932,B,0,clean
0ba598f9-b5b8-55d4-b9e5-22c66473c12e,b229daad-1e83-5246-8216-35ebcee7497e,c71e66d8-64e6-5acb-9ec4-e37aa649bd4c,Rift Valley,-0.510055,35.621138,-0.506833,35.62253,0.3896,2026-07-28T06:56:55.466764+00:00,2026-07-28T08:21:55.466764+00:00,5100.0,eee72ac5b4806574,B,0,clean
05469221-df3a-5f04-b522-3a5889e41ad2,561c5088-9cfb-5d1c-bb10-c455a5d857c2,cb2cc7c4-033b-5d54-af6e-f0a8f61ecc2a,Eastern Semi-Arid,-1.313719,37.797463,-1.317431,37.797083,0.4142,2026-07-17T23:56:55.466764+00:00,2026-07-18T01:43:55.466764+00:00,6420.0,ae683a47c8e9ac1f,B,0,clean
8b17138b-e370-5332-a2e5-65052967294f,9f30397d-a307-593a-a462-54b0998088ac,06fab413-6dd6-50aa-88e1-8959fc194877,Eastern Semi-Arid,-1.089252,38.653242,-1.089785,38.652958,0.067,2026-07-23T07:56:55.466764+00:00,2026-07-23T09:40:55.466764+00:00,6240.0,2c7d3477ea9b215d,B,0,clean
5be01bc5-9a47-5bc2-a864-80e30071b609,2c45edda-b5d5-5b15-85aa-17d602a90df3,54e79063-d006-59b8-814e-6685142570b1,Eastern Semi-Arid,-1.879908,38.268468,-1.880213,38.266553,0.2152,2026-07-29T01:56:55.466764+00:00,2026-07-29T02:49:55.466764+00:00,3180.0,d5bfb74e65d5b339,B,0,clean
79cc30f9-9ea0-557f-a219-015d0454f8fc,5679bc5c-0263-50ed-bb48-0891b799be42,2c35afdf-3834-5b50-a409-5529aece4c2a,Central Highlands,-0.842819,37.372501,-0.842024,37.370922,0.1962,2026-06-22T09:56:55.466764+00:00,2026-06-22T11:09:55.466764+00:00,4380.0,c13e8ba4bf88f27d,B,0,clean
af697c36-13ad-5ef3-ae1e-73aea9749bf3,72e92da4-c08e-5889-af17-e74310fcbc03,6f977f55-6851-5307-b495-2ae7b9edcf9d,Eastern Semi-Arid,-1.424517,38.730295,-1.419171,38.728407,0.6293,2026-07-30T15:56:55.466764+00:00,2026-07-30T16:33:55.466764+00:00,2220.0,48cd4cdc07e373bb,Z,1,invalid_classification_tier
44acfcf0-df17-5b17-a72c-cacbcc8bf5e5,dd96e80b-58a3-5497-b076-d39e71cbc74f,e742a542-abc8-5b9b-8b81-0e5148384a34,Coastal Lowlands,-4.425295,39.969603,-4.418614,39.97767,1.1627,2026-06-26T08:56:55.466764+00:00,2026-06-26T10:33:55.466764+00:00,5820.0,95712710f7675d6a,C,0,clean
0e54ca8d-044f-59ba-b559-27ebc2d01fb9,451a57f1-92ef-5880-803f-5bd511cbbe5a,ec6164e2-65d3-56d6-a180-7d46a8d64b75,Western Kenya,0.586643,34.161781,0.585056,34.160815,0.2063,2026-08-03T06:56:55.466764+00:00,2026-08-03T07:44:55.466764+00:00,2880.0,d7c6462a8d94f55c,A,0,clean
8e0e0017-972c-5a85-9632-9e8dcdb087d3,7ccc1289-8cd6-559a-a1f0-df6b26ba6339,cfe62d9c-618c-51a4-b803-06822dfb15e0,Central Highlands,-1.100965,36.695565,-1.101682,36.694307,0.1607,2026-07-14T18:56:55.466764+00:00,2026-07-14T20:08:55.466764+00:00,4320.0,7ea7fa33ad4d295f,A,1,duplicate_image_hash
861af8ec-4501-583c-856e-1dd917cea23c,fd6ec3e8-6cf7-5a48-bb5c-10d170186d67,c31711ea-75a4-5191-9039-bb3370c41274,Rift Valley,0.272436,35.290563,0.271833,35.292568,0.2324,2026-08-13T03:56:55.466764+00:00,2026-08-13T05:44:55.466764+00:00,6480.0,954fd4997a9d5da3,A,0,clean
403b0e46-738f-51f0-b7cf-25b20c357b8a,acb9ca77-a553-5789-8898-2f0b96b9e9de,ffcc8947-db7c-58cd-8138-bded0d845626,Rift Valley,0.457912,35.528462,0.45878,35.52921,0.1272,2026-07-18T00:56:55.466764+00:00,2026-07-18T02:08:55.466764+00:00,4320.0,b9a88e4097e33322,C,0,clean
37d0e492-10c9-5369-ae7a-b86d2eca54a4,eb0d3e3e-5d93-5444-a3f1-4978ccd31ebd,0c49e123-faaf-5ffb-b4a2-9b0eb72b9106,Central Highlands,-0.376856,37.069921,-0.374276,37.070278,0.2891,2026-08-10T17:56:55.466764+00:00,2026-08-10T18:20:55.466764+00:00,1440.0,67b0fbbc47b676f9,A,0,clean
258f2e24-9e13-5ae3-a212-6bd9a5856e46,c18febd2-003e-5309-99a5-2696052195ec,a445a859-9c6c-549f-8c90-cbc82b9de192,Central Highlands,-0.872626,36.937954,-0.876735,36.942177,0.654,2026-07-12T21:56:55.466764+00:00,2026-07-12T23:50:55.466764+00:00,6840.0,68f2866cb3cf278e,C,0,clean
1127f686-c362-583d-9910-b9631a9e733a,e7f3ca0e-8793-5f27-a035-45c4fa853ac3,ecf5d7ad-055f-5d9f-8057-05599a32c314,Eastern Semi-Arid,-1.890018,37.933328,-1.891497,37.930417,0.3624,2026-07-31T08:56:55.466764+00:00,2026-07-31T09:10:55.466764+00:00,840.0,e5022e73fb696774,C,0,clean
9763236b-6100-5c03-9fa7-07f6f9dd1a10,98bccdd9-97b8-5e1d-9150-ccb18d7d8747,23c76ea4-b4b2-5921-9828-90bd402817fe,Western Kenya,0.571428,35.183116,0.566214,35.179659,0.6944,2026-07-28T12:56:55.466764+00:00,2026-07-28T13:47:55.466764+00:00,3060.0,eaac4f4eee69f1af,B,0,clean
60f5ef49-2f03-5b14-b9d1-9cd0f05e5131,b3bfdd86-413f-527b-a3a6-b1397d540d28,01da4efa-4e73-5601-8561-d2c140e27cff,Eastern Semi-Arid,-2.040213,37.723705,-2.040624,37.727443,0.4173,2026-08-08T21:56:55.466764+00:00,2026-08-08T22:13:55.466764+00:00,1020.0,9326bbdc475ddfaf,C,0,clean
152a551e-3c88-5031-bccc-79805850c286,ef4c772e-2f10-5942-b8b4-5765b08e6935,430587c4-cce0-5205-b5cd-5e8ea0107a6f,Eastern Semi-Arid,-1.604383,37.840148,-1.604074,37.834958,0.5771,2026-06-23T06:56:55.466764+00:00,2026-06-23T07:01:55.466764+00:00,300.0,7f2d85964208c08d,D,0,clean
714174a5-581a-5d5e-97d7-5a4ecf50adc9,6c7be57e-3b95-5053-8dee-2d2b9ebdf6ba,45595a50-9649-5085-b084-bb3a3891214a,Rift Valley,0.106138,36.335783,0.107503,36.332206,0.425,2026-07-11T01:56:55.466764+00:00,2026-07-11T02:45:55.466764+00:00,2940.0,33204d3e87eaac35,C,0,clean
90aa0593-e509-5cac-8254-85558c5313d0,ce3dcdb7-1da1-5f65-aea9-eb96bc4d8d01,63db95c5-1d6b-51be-842a-d856f3dc34c7,Central Highlands,-0.761654,37.790876,-0.766203,37.787003,0.6633,2026-06-23T03:56:55.466764+00:00,2026-06-23T05:02:55.466764+00:00,3960.0,bc141b9ed7995d1b,B,1,duplicate_image_hash
fdebe2d4-bb5d-5ad7-bbb4-cb3e846cb28a,fe2849bb-a354-5d61-a24b-73cfc0d7d155,741e8bb2-b56c-5fde-8c51-6494b92db65e,Coastal Lowlands,-3.53265,40.462896,-3.533536,40.462278,0.12,2026-06-22T09:56:55.466764+00:00,2026-06-22T11:50:55.466764+00:00,6840.0,63315c13c76361a0,C,0,clean
91a2eed6-fc8a-58f1-97a9-46175aa7ae85,e98f1643-d23e-57a5-b693-3449b0bd276a,5c23972b-029d-5667-b6a3-e6b86d10b024,Western Kenya,0.705013,34.645831,0.706193,34.647846,0.2592,2026-08-13T05:56:55.466764+00:00,2026-08-13T07:05:55.466764+00:00,4140.0,bb1ec70df65b14b9,C,0,clean
fd52565c-c3bd-5cd4-a3bf-cc2852ed3a3e,f7593056-5806-532c-92a4-c0e415ca1676,cf6e081b-181c-598e-b006-02d89d538654,Western Kenya,1.187461,34.808563,1.18626,34.805867,0.3276,2026-08-15T02:56:55.466764+00:00,2026-08-15T03:31:55.466764+00:00,2100.0,c7f99fe97102ae6e,C,0,clean
dadffd63-c07e-56c8-8dd8-09e0bc084956,6dd7d7c9-7f00-5278-86fe-29aa895b5483,65bf4614-2b8f-51c5-aaa3-29ee7a8ef298,Eastern Semi-Arid,-2.483911,37.307389,-2.481259,37.305448,0.3648,2026-06-29T19:56:55.466764+00:00,2026-06-29T21:24:55.466764+00:00,5280.0,fd7ddd037da113d3,A,0,clean
f1047593-b97e-53b0-b4fd-fd6b2fe146c8,38fc4d23-540d-54df-9459-b9682d0e931c,df80e7f0-26f6-5a1d-9dc2-6248c3408c2d,Eastern Semi-Arid,-1.010633,38.63295,-1.004077,38.630715,0.7687,2026-08-17T09:56:55.466764+00:00,2026-08-17T10:18:55.466764+00:00,1320.0,8b7510e0e09e93df,A,0,clean
d8fa602f-b748-5167-93ea-9b855fc4d5ec,9ee47695-cb3d-5b6d-903b-1ea55ccd19cb,c7245bf1-05d6-5039-b6f7-3d412283580c,Central Highlands,0.107586,37.292939,0.104207,37.296646,0.5567,2026-06-23T10:56:55.466764+00:00,2026-06-23T12:28:55.466764+00:00,5520.0,0704c3ea424f518c,A,0,clean
cce6e060-700f-564a-981c-1c4e0d07ec98,7490f10f-3eb7-5b92-9cac-2caffe3afa6a,6d5cfb62-2080-5dd1-bfab-4bb9652cb0e8,Eastern Semi-Arid,-1.848566,38.461082,-1.845117,38.459012,0.4465,2026-07-03T06:56:55.466764+00:00,2026-07-03T07:37:55.466764+00:00,2460.0,f1a632c10ea1b8ae,B,0,clean
edcdf03e-78bb-58b3-ba3c-cf97f084f30a,bd7bcaaf-1e5a-5dbd-86d8-1a87242fdba0,89353af7-5db2-5205-9fd3-7d1c8f9cd9b0,Rift Valley,1.386989,36.451313,1.390333,36.44971,0.4117,2026-07-01T09:56:55.466764+00:00,2026-07-01T10:56:55.466764+00:00,3600.0,d985db0ec75bb51a,A,0,clean
da2d552e-08fc-596a-89d1-1846e0860545,a1bfd97f-7feb-5d2f-84b8-7e0c48d541f3,54e10d02-9f5c-56f5-b3f6-130de01e3b61,Rift Valley,-0.177699,35.030514,-0.178371,35.02952,0.1332,2026-08-16T00:56:55.466764+00:00,2026-08-16T02:32:55.466764+00:00,5760.0,732531616e38f901,C,0,clean
d9fdafe7-c58c-5bfe-a63c-44ce9bdaad38,0d6f4add-6228-5793-96a4-a1fc66b0b103,6dae4494-ce87-55b2-9fc8-91a567d22b49,Western Kenya,0.573588,34.307196,2.073588,36.307196,277.5,2026-08-06T02:56:55.466764+00:00,2026-08-06T03:01:55.466764+00:00,300.0,910a156db3a7d210,B,1,gps_geofence_breach
c1026495-c1d3-561b-bb93-4c72036bd8a8,ccd8c93b-de8f-5d8e-883e-a1692499869d,e6e55cb7-3773-5f4f-a107-b8299646eefa,Rift Valley,-0.920871,35.979027,-0.919677,35.97503,0.463,2026-07-19T12:56:55.466764+00:00,2026-07-19T14:34:55.466764+00:00,5880.0,a5886490e92b1f25,D,0,clean
dcc07c07-ec96-591f-a47f-6c7dc1bc3588,3ff0987b-dc49-5ada-b6ae-7c9336fe3036,94066ddf-3a2f-5b75-b83c-18ddd1bbe024,Rift Valley,-0.544806,35.622789,-0.546353,35.617164,0.6476,2026-08-12T08:56:55.466764+00:00,2026-08-12T10:13:55.466764+00:00,4620.0,744959f146041773,C,0,clean
82968086-82e8-50db-ad27-7c290e961fa7,88d4fbbd-a8db-5b35-a594-5cad68e9f636,0426e213-4d4f-536a-ac84-b1cf496648bd,Rift Valley,-0.945935,36.264867,-0.944635,36.266168,0.2042,2026-08-18T21:56:55.466764+00:00,2026-08-18T23:16:55.466764+00:00,4800.0,5473f80a8c19af39,C,0,clean
d9a76b2f-7b94-5584-8371-2f5dec6e4fa1,7f88b7b6-5ab4-5e94-b189-9ec8e98cc474,c35d0abe-d06c-590d-b236-e7518b414fa1,Western Kenya,1.152045,34.506784,1.157576,34.511396,0.7994,2026-07-16T02:56:55.466764+00:00,2026-07-16T04:00:55.466764+00:00,3840.0,f7afe798d35b1dd7,B,0,clean
90903139-12e1-5f2c-bfd0-0f90b52ee6f7,569e80b7-b4fe-5758-a0b7-3f04de259f21,d14e2412-f8a6-5876-ba50-e2b2482f3992,Coastal Lowlands,-3.979296,38.630264,-3.981015,38.628532,0.2709,2026-08-15T12:56:55.466764+00:00,2026-08-15T13:21:55.466764+00:00,1500.0,7123effa43cb2953,B,0,clean
bf618bff-3be2-5fc8-afa3-cbcbcbe309f7,977e00a7-a6ef-5fed-a846-142b69447295,0b0bac7b-f1b0-59da-84c6-4efccb243838,Western Kenya,0.201191,34.8994,-1.298809,32.8994,277.5,2026-08-11T15:56:55.466764+00:00,2026-08-11T16:20:55.466764+00:00,1440.0,5dcaaf3923cbbb9f,B,1,gps_geofence_breach
2c55c652-b83a-54df-8513-bae591726103,3f912677-6846-5d30-806e-9206d661ccdb,2a1cd62f-7113-5201-a535-3c2f6c831d25,Coastal Lowlands,-3.526585,40.381599,-3.527738,40.379884,0.2293,2026-07-07T11:56:55.466764+00:00,2026-07-07T13:13:55.466764+00:00,4620.0,5ac3cbd45b3151ca,A,0,clean
c5c09070-3463-56b9-8b46-6212a95b7c05,1cf636c8-47f1-5c69-90f9-32484c98ed27,f562209c-f673-5df6-8931-1bbeacb210be,Coastal Lowlands,-3.14731,40.168641,-4.64731,38.168641,277.5,2026-07-10T16:56:55.466764+00:00,2026-07-10T18:35:55.466764+00:00,5940.0,85ab70b499051d82,B,1,gps_geofence_breach
1480dc1a-1dc8-5ee0-8c5f-2b26b7544d76,0a58f05d-958f-5f8b-a7fc-f356eb8928ca,e5207871-a400-5696-9c9a-3e8c191eb03b,Western Kenya,0.215878,34.622437,0.214421,34.622951,0.1715,2026-07-24T12:56:55.466764+00:00,2026-07-24T13:35:55.466764+00:00,2340.0,276555a06cbdb38d,A,0,clean
ccc0fcb9-f554-5a76-b7cc-1379839eb791,b525b22c-e1cc-5cd8-88f8-7b6a31fd15b5,118db014-9c19-5b7b-9cef-c5fe7cb2c02d,Central Highlands,-0.810244,36.858264,-0.807243,36.863602,0.6797,2026-07-07T14:56:55.466764+00:00,2026-07-07T15:13:55.466764+00:00,1020.0,6757324422b99b16,B,0,clean
095d147b-93d0-57c6-9906-aeacd41f71ac,573539ad-a46e-5090-95ba-3c58f5102b06,2daec52e-2a9a-537e-bb38-1d31e6b98ac0,Western Kenya,0.536839,34.473517,0.540308,34.469855,0.56,2026-07-04T19:56:55.466764+00:00,2026-07-04T21:33:55.466764+00:00,5820.0,1570a2ac7d617586,A,0,clean
4869a90e-6fd2-5153-bacf-583cf1631c1b,8289e874-7343-56ca-81f7-5c09cd366439,4c9b0d28-bc23-5e93-aeda-6e3b0e7399f2,Eastern Semi-Arid,-1.372684,37.38686,-1.369928,37.382021,0.6182,2026-08-05T10:56:55.466764+00:00,2026-08-05T11:14:55.466764+00:00,1080.0,7a4bc470704c9e6a,B,0,clean
8341437e-d0bb-588f-b131-7fe1523cff93,6de4d337-29c3-56eb-b6f0-5695d97d9318,db7413f8-6031-51ae-9be3-38e8ab082d1b,Western Kenya,0.416515,34.71398,0.419419,34.715709,0.3752,2026-07-16T00:56:55.466764+00:00,2026-07-16T02:10:55.466764+00:00,4440.0,851bc3580a8a758d,B,0,clean
fea7102e-8299-58fc-8751-78b3a5c55eea,e7592cc9-2b9b-597c-9de0-79d4dba41c62,3ff83b64-4379-5c62-bf2c-bee6691a6dfb,Eastern Semi-Arid,-2.457307,38.115732,-2.456355,38.115398,0.112,2026-07-14T01:56:55.466764+00:00,2026-07-14T02:27:55.466764+00:00,1860.0,ef6baef690870d4d,C,0,clean
a549a97a-3036-5376-bef2-26bffe2819ad,50368b6b-68a2-50a6-85d9-04942f13fb34,d3dd77c7-6e4a-5928-87a1-a55fd0d43aa0,Coastal Lowlands,-3.23379,38.955668,-3.231591,38.955144,0.2509,2026-07-05T19:56:55.466764+00:00,2026-07-05T21:09:55.466764+00:00,4380.0,c83ce3df5186c5e3,B,0,clean
7b806414-a0a4-506a-bcc8-232bcb5b907f,85b943c9-2560-5522-be80-c080438af44a,dfe1ce50-6eff-5974-a25d-7b9947234e07,Coastal Lowlands,-2.039869,40.00556,-2.037902,40.002727,0.3828,2026-06-23T14:56:55.466764+00:00,2026-06-23T15:04:55.466764+00:00,480.0,a801256f75516abc,C,0,clean
81ea8e39-e4be-5e54-bd04-1cb343a15873,b39c6e6d-8527-536f-b3e1-a5182b7e38b6,051dc436-1797-5597-8cda-25545be60889,Rift Valley,-0.156102,36.276304,-0.155887,36.277024,0.0834,2026-08-10T14:56:55.466764+00:00,2026-08-10T15:56:55.466764+00:00,3600.0,c459f11f98363fce,C,0,clean
53c5140f-2733-5e88-a499-da5d306d8560,4a53c60a-58a5-58a3-9225-700f7967c1ca,8c134fd3-6d18-5ce9-8893-d2c239e53035,Central Highlands,-0.606695,36.989271,-0.60554,36.988486,0.155,2026-06-22T01:56:55.466764+00:00,2026-06-22T02:13:55.466764+00:00,1020.0,062d92766875ae1d,C,0,clean
3cb5975b-b681-5054-91a5-673893de3460,061ea77d-35fc-5df7-98b7-aa7ea077f12c,d426786d-505b-5d1f-ad38-4aaa6a7d1f3b,Central Highlands,-1.212477,37.511912,-1.212957,37.515949,0.4512,2026-08-13T04:56:55.466764+00:00,2026-08-13T05:37:55.466764+00:00,2460.0,2ea73fc754783dae,D,0,clean
8f0e9ea6-bdd6-5385-bc0b-3fa32eb828d7,a69c0835-6604-55b0-a833-7964d1232aa4,be3c3a97-b9bd-599f-b945-1ee90325a85c,Central Highlands,-0.382796,37.602983,-0.383093,37.601862,0.1287,2026-07-29T07:56:55.466764+00:00,2026-07-29T09:52:55.466764+00:00,6960.0,9c114e2fa3c228aa,B,0,clean
92676f94-3636-570a-b2be-90be5d6a61d8,b6882e35-a6a6-5f4b-b03c-4c03b915a775,89832a16-158f-5b52-8799-8f1bba7b6bdb,Western Kenya,1.085391,34.134067,1.08463,34.136437,0.2763,2026-08-18T00:56:55.466764+00:00,2026-08-18T02:47:55.466764+00:00,6660.0,438c30877944edc1,D,0,clean
84c1ffac-d59a-572b-817e-771f1d544856,f19ace16-cbdf-5246-8232-0a50b174e402,3834e3c3-bfb3-5092-9b0c-decd8887165b,Eastern Semi-Arid,-0.451225,38.383832,-0.454294,38.389199,0.6863,2026-07-04T08:56:55.466764+00:00,2026-07-04T09:46:55.466764+00:00,3000.0,820f018a0fbc1b00,C,0,clean
6c7600c0-5939-5cc7-8fd7-0dabeedb097e,71721707-441a-5262-8e1d-2b4bd598348d,6f75819a-4977-5dd8-8baa-492ea1e06407,Central Highlands,-0.766098,36.867687,-0.765799,36.870088,0.2686,2026-07-14T11:56:55.466764+00:00,2026-07-14T13:32:55.466764+00:00,5760.0,8ddbca1db36e9c8d,B,0,clean
9d9f2589-bb2b-56b5-acbb-d0588959a819,92a01f1f-a0b7-5634-ae43-399b639e4ae0,18f03d26-f5a4-5775-9165-b297bfe6c3cf,Central Highlands,-0.825389,37.614426,-0.828118,37.607591,0.8169,2026-07-23T10:56:55.466764+00:00,2026-07-23T12:36:55.466764+00:00,6000.0,6315e2b8199cb8cd,C,0,clean
1ef35386-ee61-5732-b56c-01881433d390,3e49b955-1a8d-5d09-98b9-201f78d83d2d,48cd6b43-5bc8-56dd-bde8-7721df4cf5f3,Eastern Semi-Arid,-0.263942,37.564486,-0.261262,37.562892,0.3461,2026-07-11T01:56:55.466764+00:00,2026-07-11T03:52:55.466764+00:00,6960.0,2b4839f58c92546c,B,0,clean
133bfb2f-ffd6-53da-8132-e788fed7a8b1,c1c92e6c-d70c-5a2f-8183-16d4116fe315,ceeb26c5-721f-5b18-9be1-3ca3b3dc0d94,Coastal Lowlands,-2.074137,38.614329,-2.075033,38.618372,0.4598,2026-08-08T18:56:55.466764+00:00,2026-08-08T19:33:55.466764+00:00,2220.0,5e176428aad59ecd,C,0,clean
e3569f6e-1c6e-5f00-bb16-81f504dfe17a,bdd79302-3189-595c-97e1-06d33c458ede,abd23e73-6e5a-5565-885c-4cdd2f925fa2,Coastal Lowlands,-2.947297,38.798816,-2.943582,38.797894,0.4249,2026-08-18T16:56:55.466764+00:00,2026-08-18T18:44:55.466764+00:00,6480.0,8d256f47f6761103,C,0,clean
dc38b521-b911-55aa-b4b4-338efe53a2cf,dd6ae319-af4b-5ba0-893e-e61b6b4e49f3,e701e858-bd05-55bd-a2ec-aa8fa74492ef,Central Highlands,-0.014216,36.615376,-0.013899,36.613562,0.2044,2026-06-27T16:56:55.466764+00:00,2026-06-27T18:13:55.466764+00:00,4620.0,d39717b6e7a649a0,B,0,clean
eeaa3b20-6a6f-579b-95ab-ea79ab5f6112,cd3ac0d4-d6ac-532f-bf90-91e777b47039,6689e50d-a743-5005-9d14-08765f881802,Rift Valley,-0.55739,35.088853,-0.54772,35.085227,1.1464,2026-08-13T15:56:55.466764+00:00,2026-08-13T16:22:55.466764+00:00,1560.0,86b9a91a13361f3d,A,0,clean
8c80f369-e703-5b5b-be04-83bfa3de4739,15ab1e35-242d-5dd8-aeca-d800bbfb2f01,5d31215c-dc08-54f2-9761-30f0a53e9a17,Central Highlands,-0.980967,37.611244,-0.980618,37.609261,0.2234,2026-08-06T01:56:55.466764+00:00,2026-08-06T02:53:55.466764+00:00,3420.0,331039811cdfe671,A,0,clean
1cb9b8b4-2f5a-518d-980c-4c2bf92a72f9,9bfb402c-d696-5cf6-ab57-f4249301caa4,f9bb12d3-c33a-5b54-bbf9-a35c17f509f0,Western Kenya,0.001276,34.722297,0.006997,34.723431,0.6474,2026-07-04T06:56:55.466764+00:00,2026-07-04T07:41:55.466764+00:00,2700.0,894b09650b9c827e,B,0,clean
3b7a424a-e6dd-5325-abe8-85a23fa84888,47c80aa9-ebfc-579e-aeb5-ca8734c0a7e7,f9e765fa-c5d6-5aec-ae15-d0dff84bbd22,Central Highlands,-0.128323,37.379403,-0.129632,37.377336,0.2716,2026-07-11T01:56:55.466764+00:00,2026-07-11T03:37:55.466764+00:00,6060.0,f568fa4ef54689ae,B,0,clean
7abf82a3-2f2d-53a2-aaa8-701c5c935d28,3852bf5f-2779-583a-be1e-da698605e34a,4f360f66-9bae-52f7-8b0b-39127c11ce38,Coastal Lowlands,-3.244079,38.838665,-3.249113,38.842051,0.6734,2026-06-29T08:56:55.466764+00:00,2026-06-29T10:09:55.466764+00:00,4380.0,66ea13844d1f3cac,B,0,clean
e4abe53f-8632-51c5-b26e-d0fa1e156913,35493c94-e646-55b2-a651-a37f326138ad,86650f2d-8a6f-5a46-84ee-09aeb1b27f33,Eastern Semi-Arid,-0.327801,38.042027,-0.327627,38.044285,0.2514,2026-07-29T04:56:55.466764+00:00,2026-07-29T05:07:55.466764+00:00,660.0,a188bdeab4ad1ab6,B,0,clean
757f9e53-dbe1-5e84-afd5-9a95d7e0fe28,91c824f7-6980-56bd-ab4a-7c3d5435ab31,4fe15979-a7b3-5718-a13c-37ab8ab44810,Western Kenya,0.558862,34.57894,0.559307,34.576473,0.2783,2026-06-22T18:56:55.466764+00:00,2026-06-22T20:29:55.466764+00:00,5580.0,5cdc0b85da2ab392,A,0,clean
8f2e48b6-3dd9-5140-8f6a-5df8ca336552,d112c79f-7c69-5b0e-bebc-405549d46c74,f5027fdf-0315-5114-800d-39dcb4c41c83,Eastern Semi-Arid,-0.036423,38.470268,-0.041366,38.469228,0.5606,2026-07-11T06:56:55.466764+00:00,2026-07-11T07:31:55.466764+00:00,2100.0,779af0325371a0fa,C,0,clean
42576e6f-bed0-58a3-bd6c-9f757ebde207,bc0d9138-8d33-5082-8a7a-687325aa9e22,8fbbca95-f137-53a0-863a-933e2ba5b0ec,Eastern Semi-Arid,-1.8913,37.273418,-1.894735,37.273274,0.3817,2026-07-25T19:56:55.466764+00:00,2026-07-25T20:03:55.466764+00:00,420.0,95c3e6a59ad45be7,B,0,clean
94124948-74c9-5e01-b335-0360007cc658,2f6236c1-fa55-5e2f-8fa0-f501ae0e2a61,d042fdd9-ff7a-5e79-8bff-3ce6ffe18ff1,Central Highlands,-1.082831,37.316921,-1.082235,37.317461,0.0893,2026-06-27T04:56:55.466764+00:00,2026-06-27T06:31:55.466764+00:00,5700.0,6a254d9c3511f2d1,A,1,duplicate_image_hash
cd3394a8-5023-55a3-b822-a39d285ae1d2,4b06fd37-822b-5bfa-9b7c-03d5968a9020,4dca09ec-a9b9-53dd-9ae8-d339b779eaff,Rift Valley,1.378223,35.630598,1.384973,35.631222,0.7524,2026-06-28T15:56:55.466764+00:00,2026-06-28T16:31:55.466764+00:00,2100.0,d37dad6fe063e6c5,A,0,clean
b6624474-3eef-5620-a934-0f744571a765,2df3e506-ad09-5364-a089-5932d73c7478,acee0af4-fea8-5a96-a465-c0971dce7960,Coastal Lowlands,-2.010035,40.012544,-2.007929,40.014435,0.3142,2026-06-26T09:56:55.466764+00:00,2026-06-26T11:13:55.466764+00:00,4620.0,721d5341c5116c9e,A,0,clean
143d45ed-0e13-5c1d-babe-b098998062b8,23349ecf-5b07-5b85-aff4-bdff5fe1b740,efccd5f1-d17d-5bea-ba7c-f7a1be3908e4,Rift Valley,-0.393281,35.399033,-0.390952,35.400564,0.3094,2026-07-08T16:56:55.466764+00:00,2026-07-08T18:14:55.466764+00:00,4680.0,65269968ef328894,A,0,clean
8541cc8e-f371-5732-a43f-254a108a514b,9156f8b0-05bf-5f82-9241-b86d1ba6fa1e,dcaece4f-69c7-584b-993a-6f9a2b31ec9e,Western Kenya,-0.45753,34.180245,-0.460026,34.178164,0.3608,2026-07-14T11:56:55.466764+00:00,2026-07-14T12:57:55.466764+00:00,3660.0,f1b4ee15ed5ee8fd,C,0,clean
776e4f11-ee44-5ff7-af55-f04653c0609a,803aa2b5-3e22-531b-b6e6-907fefda5b5b,7b5d366b-5ae7-59a4-beb6-fefddedc52e4,Coastal Lowlands,-4.201187,38.585102,-4.20704,38.586535,0.6689,2026-08-06T11:56:55.466764+00:00,2026-08-06T13:34:55.466764+00:00,5880.0,9b481f407402f5f8,B,0,clean
50f0ed90-e234-5c7e-bfd1-5a113d0a0c02,6de19272-6ac6-59a7-ae56-5c3217977c64,f1aa45d3-17d2-5c9d-9e22-254edbbec837,Central Highlands,-0.386996,37.557237,-0.392884,37.55378,0.7579,2026-06-27T02:56:55.466764+00:00,2026-06-27T04:47:55.466764+00:00,6660.0,480f1f6ff65ed3cb,C,0,clean
ebd83a83-b38b-5227-89a7-7d12edaec356,d9fc1cf0-3fbd-538f-956e-cd60ce4b0ab8,77af65d3-1b33-522c-a733-75389c723d5f,Eastern Semi-Arid,-0.634029,38.666005,-0.634378,38.664571,0.1638,2026-07-28T02:56:55.466764+00:00,2026-07-28T03:42:55.466764+00:00,2760.0,6efbecfdf2d64459,C,0,clean
0d812e7a-3df3-57c9-875b-bbda2d002aba,2ea9a1aa-158d-5b31-9ba1-47f8255d613a,e8671222-cac4-5b1e-b196-2dca24036507,Rift Valley,-0.408866,35.209675,-0.406643,35.211123,0.2944,2026-06-22T00:56:55.466764+00:00,2026-06-22T02:08:55.466764+00:00,4320.0,d9f2b420ed6de77b,B,0,clean
8dc09974-66e9-5b24-928b-91e36389a7fd,88de3d63-2f13-56d7-9dee-fe32a524c990,572edfb4-e6f1-57bb-9869-25caf7831f3d,Eastern Semi-Arid,-2.372753,37.425386,-2.371609,37.421347,0.466,2026-08-15T18:56:55.466764+00:00,2026-08-15T20:16:55.466764+00:00,4800.0,ec9919fc3b241570,C,0,clean
8cbea4a4-0dee-5eea-98e1-72997dfafb9f,ba5f2275-69cc-5890-b2a5-d3e1a69ea622,98a361dc-bd44-5d48-a0dc-f6d8bb654981,Central Highlands,-0.482523,37.006068,-0.482575,37.003035,0.3368,2026-07-23T10:56:55.466764+00:00,2026-07-23T12:00:55.466764+00:00,3840.0,70290f089d114202,C,0,clean
98f695b1-8292-5042-8de3-fce0d222a1f5,4d1503a7-3429-5dd1-89b9-ded19435e602,a807fdc2-a540-5985-bef7-5715aee7a940,Western Kenya,0.298567,34.838539,0.300564,34.836671,0.3035,2026-07-26T06:56:55.466764+00:00,2026-07-26T08:36:55.466764+00:00,6000.0,a502330726c35339,B,0,clean
dd5be1e9-e3ba-579a-ae93-ecb47ecd600d,d785e037-7fd9-5bfb-8cfe-a8735904abc2,ffe82cd6-e7d0-5c4f-b2ca-a0ddee340407,Rift Valley,0.202637,35.780248,0.207069,35.780025,0.4926,2026-08-17T20:56:55.466764+00:00,2026-08-17T21:13:55.466764+00:00,1020.0,44607a4bab168174,B,0,clean
88fc4143-ff13-5fa0-a63a-262812e9a473,51e5f4b8-4b2b-5cf5-be19-f48a2d88edb0,e337538e-b120-5f63-b824-206586fd493f,Rift Valley,0.769579,36.249402,0.769566,36.254217,0.5345,2026-08-07T21:56:55.466764+00:00,2026-08-07T22:29:55.466764+00:00,1980.0,08b78c05bfa2eb69,B,0,clean
cd4f3c7b-1324-5663-8df0-467fb1b6ade7,505e8b81-1ecf-575f-b551-f37d3647eb23,4e97a0e5-35a5-5d8c-b422-83ed11196061,Eastern Semi-Arid,-0.650342,38.492431,-0.654971,38.491339,0.5279,2026-07-23T10:56:55.466764+00:00,2026-07-23T11:16:55.466764+00:00,1200.0,804f618fa7208fc2,A,0,clean
b349a07c-01bb-5e57-8f8d-1b5d6d5cf876,4efdbe30-aeff-5656-a231-7555ca2bba2d,61de3932-7df4-5ade-a13b-06c6a55694eb,Eastern Semi-Arid,-2.116422,37.598845,-2.11424,37.595567,0.4371,2026-07-05T10:56:55.466764+00:00,2026-07-05T12:27:55.466764+00:00,5460.0,135ee6f2b5816052,A,0,clean
f8f47e50-877a-548f-8652-3c5213354a53,557c44cc-2520-5139-a87f-4a4ef43868ce,f692a55f-4acf-5d9a-ab21-a4e04f23a121,Eastern Semi-Arid,-2.313237,38.059928,-2.318911,38.062494,0.6913,2026-08-05T02:56:55.466764+00:00,2026-08-05T03:18:55.466764+00:00,1320.0,6db538020229fedb,A,0,clean
796297e9-d196-5540-940c-9e99d4e5236e,4399c7b5-e2ad-5c0b-8b3f-1d9dbcf9b17a,6d681308-a049-5861-b924-8016b0c449fc,Western Kenya,0.037576,34.098128,0.039318,34.100585,0.3343,2026-07-06T05:56:55.466764+00:00,2026-07-06T06:31:55.466764+00:00,2100.0,e15be27b817518c3,A,0,clean
a77d5af6-1ce5-5877-a0bf-03192c15ccb1,6f697d36-a8ec-5a9d-afe7-8c9dc75f5cc6,a6e7b061-c7b4-5646-8384-f986c514446b,Coastal Lowlands,-4.077829,40.124571,-2.577829,42.124571,277.5,2026-08-12T18:56:55.466764+00:00,2026-08-12T20:38:55.466764+00:00,6120.0,46c21b9e4e83b6b4,A,1,gps_geofence_breach
19b1b2f6-4d11-5e09-8e58-36a21fddbae4,7c02bd22-0925-55dd-b19b-9121923b9733,40bdcec9-e11b-5279-b71f-e895f9d8e19d,Coastal Lowlands,-2.316277,39.267715,-2.316844,39.26188,0.6507,2026-07-05T20:56:55.466764+00:00,2026-07-05T21:28:55.466764+00:00,1920.0,ea96a1418924f2f1,B,0,clean
51e1fe0b-33fc-54eb-a99f-49e0079cd890,672c858e-c796-5e90-b013-a889a992d1d9,4a87f0b5-d819-59b9-ad00-23e2a8d9432c,Coastal Lowlands,-2.40154,39.801223,-2.396188,39.803703,0.6548,2026-07-11T15:56:55.466764+00:00,2026-07-11T16:53:55.466764+00:00,3420.0,8a6c2f06a4a698be,B,0,clean
48487dab-5b8c-57a9-a6b7-65c2cd7b89b2,189a9982-72c5-5f60-a698-c31e8f97d505,0708c4a5-c6d9-54cb-aece-600ceb750d7a,Central Highlands,-0.726941,37.068016,-0.731073,37.066367,0.4938,2026-07-26T19:56:55.466764+00:00,2026-07-26T20:46:55.466764+00:00,3000.0,2b5787b4ddb812a1,C,0,clean
b72ed673-8a13-5908-9ade-ddd412aca4b0,e9f4723f-7847-58c0-9035-886a9e180a8e,7a1fdfa3-74e7-5503-a60a-4615bd3ea106,Central Highlands,-0.934107,37.411334,-0.936491,37.405184,0.7323,2026-06-24T07:56:55.466764+00:00,2026-06-24T08:50:55.466764+00:00,3240.0,bf6d22692c32105d,B,0,clean
5baf96ea-c17a-58f3-a3c1-60cb7961a1bf,31c7b8d4-02de-521e-91d0-a35278ae807a,e6089d17-061a-5ad6-bfe4-f9af305124f2,Rift Valley,-0.225935,36.261417,-0.225897,36.261937,0.0579,2026-07-12T01:56:55.466764+00:00,2026-07-12T03:18:55.466764+00:00,4920.0,44407973f59eaeb9,B,0,clean
a1d6f76f-2583-5bcf-a4cd-68673ebc8085,f1445d35-9a7b-5c05-9b81-190f2df766a6,0ecfd359-a485-5729-8579-1f8d1bb9b5aa,Eastern Semi-Arid,-0.775778,37.421417,-0.775256,37.421957,0.0833,2026-08-11T11:56:55.466764+00:00,2026-08-11T13:53:55.466764+00:00,7020.0,82e433004b58b9fc,C,0,clean
5980e553-a0da-58df-aed3-7db2737d222e,ad2f4482-f0b8-5cba-940d-d6a6c0546e6a,9827b774-c613-527a-b3c6-221cfd13c2e0,Coastal Lowlands,-4.227178,38.796492,-4.22715,38.802638,0.6822,2026-07-10T09:56:55.466764+00:00,2026-07-10T10:41:55.466764+00:00,2700.0,9f1c92cfb547eae5,C,0,clean
69ff9c7f-e089-5fe2-9cca-41aef7ab5adc,6600bee8-9cb1-5d19-b654-baa59eea7396,bcba998d-5d1b-5b2d-809a-b232bb06c3c4,Western Kenya,0.863569,34.192922,0.867896,34.198574,0.7902,2026-06-22T10:56:55.466764+00:00,2026-06-22T12:47:55.466764+00:00,6660.0,a53c64f7cebc7615,E,1,invalid_classification_tier
4770b85c-e1fa-5b4f-917d-e62dace7d986,c1260dae-8dfa-534f-b298-e035a0ad4c8e,d0047bb9-95d3-512c-91b9-823b583f21e3,Rift Valley,1.181184,36.439358,1.179098,36.438728,0.2419,2026-06-23T19:56:55.466764+00:00,2026-06-23T20:54:55.466764+00:00,3480.0,82388118cde1cdef,C,0,clean
ab692a17-d46b-56eb-8b30-fc2b32b1e744,9a928e96-83ec-553b-ad5f-5d31c5a9cec9,e2f9c120-2d48-5554-bc6a-f12a76dc7325,Coastal Lowlands,-2.877598,39.449288,-2.884202,39.4465,0.7957,2026-06-24T14:56:55.466764+00:00,2026-06-24T15:44:55.466764+00:00,2880.0,d7a2351cbd4c83ab,C,0,clean
dd3e3de2-428a-53af-9e4a-2cf9f2015f4f,3af17c6e-ebbd-58ca-a832-055cc80d6ba8,81cf6f88-1ed0-5ac9-9bb2-15cbef109545,Eastern Semi-Arid,-1.652671,37.239814,-1.656242,37.242763,0.514,2026-07-31T17:56:55.466764+00:00,2026-07-31T18:02:55.466764+00:00,360.0,caf062c93e77b1a3,C,0,clean
db29a2bc-15b4-5310-891a-c9239163d3cb,c69b0c59-3861-59e0-ad1b-cb2f0cf3aac9,0cb60c45-4ecf-5a15-9e73-eb3281ea2080,Eastern Semi-Arid,-0.793177,38.146092,-0.793661,38.142216,0.4336,2026-07-05T16:56:55.466764+00:00,2026-07-05T17:33:55.466764+00:00,2220.0,e5aa3354cc11049b,A,0,clean
024e6891-cbc0-5720-9394-9a103230a3af,715f2b7a-ddb4-5ad5-9c31-cc90dd7055ff,b7a0375f-1078-564b-bacd-cda075bbc422,Western Kenya,-0.31704,34.109123,-0.317486,34.107437,0.1936,2026-07-24T17:56:55.466764+00:00,2026-07-24T18:51:55.466764+00:00,3300.0,b1d39416879c60be,B,0,clean
ed0c3311-1946-514e-9434-7e518f660b74,0511d859-3767-59ad-8450-1a57deefb944,36fa8a23-4be5-5bfd-8348-eb3b39e8b373,Western Kenya,0.507836,34.13706,0.503893,34.139136,0.4946,2026-06-23T01:56:55.466764+00:00,2026-06-23T03:36:55.466764+00:00,6000.0,1c0572b6d52176f6,A,0,clean
bbafe30d-6f19-5097-8ebd-571b2f8d7514,6b16b08b-74d3-5129-b8a1-99f844709ff6,422b39c8-0e7c-571e-aa9e-6ad42e17e296,Eastern Semi-Arid,-1.535362,37.437576,-1.540478,37.440891,0.6766,2026-07-06T12:56:55.466764+00:00,2026-07-06T14:47:55.466764+00:00,6660.0,3b1555aeadd4022f,C,0,clean
e5ec88e0-b804-5ef9-80b2-ad79133acad3,9d07b250-db03-5d0b-84fd-a90f5cc47c04,2a20bf5a-7ad1-5374-ad05-4bd48e55238c,Eastern Semi-Arid,-1.397541,37.391784,-1.397376,37.395501,0.4129,2026-06-29T18:56:55.466764+00:00,2026-06-29T15:04:55.466764+00:00,-13920.0,78a2b6cdbf651305,B,1,timestamp_monotonicity_violation
a6b49898-5d74-5d41-a4df-dd9720fb5df0,d153a805-0802-52e1-8083-72cd3ea3bd4e,3c594a02-fbd3-5e3b-8d91-1ff8d4cd47ff,Rift Valley,-0.245728,35.874103,-0.246432,35.866343,0.8649,2026-08-15T09:56:55.466764+00:00,2026-08-15T10:57:55.466764+00:00,3660.0,6fca6d9220d7acc9,B,0,clean
c85f934f-b213-57b3-83ed-4ba8487bb2b0,b5f82d3d-e5e6-58ae-b82c-8c4763b2b606,0ae3258f-bf04-5269-a281-3d9daadeeba7,Central Highlands,0.20422,37.545513,0.206544,37.548601,0.4289,2026-07-03T17:56:55.466764+00:00,2026-07-03T19:43:55.466764+00:00,6420.0,315e97fc2f2ee2c0,B,0,clean
e4dc0565-8d72-51df-92f1-804128843bb7,d7884f2e-fb46-5671-83f2-0a9ec5c7c015,b7eefd03-a3f4-5d0e-a624-33dedf778aa0,Eastern Semi-Arid,-0.957695,37.825615,-0.958152,37.826272,0.0888,2026-08-08T13:56:55.466764+00:00,2026-08-08T15:18:55.466764+00:00,4920.0,ea8c359570779bca,B,0,clean
edd6c546-8081-592a-bb83-94511bf6a7c5,54ac535b-cb49-51a1-9991-feff5641e8c8,dc3826f1-2a96-5aed-a293-46160f8e6a50,Eastern Semi-Arid,-1.543417,38.0345,-1.544402,38.037669,0.3683,2026-07-26T23:56:55.466764+00:00,2026-07-27T00:26:55.466764+00:00,1800.0,d47df95a327fa8e5,B,0,clean
f8d061bc-2ad8-5f48-aaf7-09c3caad9123,825ea43e-9de8-5c3e-b31f-96bf649b4e05,ec836136-92b2-5d52-8721-d433d6adea69,Western Kenya,0.753087,34.798907,0.752046,34.802772,0.4443,2026-08-16T15:56:55.466764+00:00,2026-08-16T17:47:55.466764+00:00,6660.0,e458ec0d886dcaa1,B,1,duplicate_image_hash
fe833ec2-67b6-5825-ac8a-37f534ca613e,039441db-f39e-5be4-abce-d9cb12955d87,4f5b6486-3704-57ab-984b-e6c129047f07,Western Kenya,1.013357,34.383961,1.010599,34.386474,0.4141,2026-08-01T09:56:55.466764+00:00,2026-08-01T10:42:55.466764+00:00,2760.0,4fc0cb5b54f02eb7,B,0,clean
16eff451-e195-5252-8f94-f4b9b88721c8,dffd927d-c25a-515b-b6e9-5c35f483314a,4d1ab816-93a0-5cd1-916a-822cbed90812,Coastal Lowlands,-3.986119,40.034796,-3.986534,40.03566,0.1064,2026-07-17T16:56:55.466764+00:00,2026-07-17T17:36:55.466764+00:00,2400.0,58f029068b5e3011,C,0,clean
e81f215b-d2b0-5529-a381-970421c92583,61a959b8-7806-5c5f-b1f9-7eb7182c2c8f,95df54db-d92a-5050-8fda-9df4e39bd12a,Western Kenya,-0.14667,34.421691,-0.14174,34.42186,0.5476,2026-08-04T10:56:55.466764+00:00,2026-08-04T11:53:55.466764+00:00,3420.0,e88148a4303b19b7,C,0,clean
434b446f-f9cd-5b48-9196-f7db085bc1ec,0f1fbdef-8951-51ee-aaae-eacbe6a39b0b,217fa27f-63c0-50a3-b8bb-5b8e615d6815,Rift Valley,0.239663,35.840162,0.244842,35.841607,0.5968,2026-07-16T17:56:55.466764+00:00,2026-07-16T19:18:55.466764+00:00,4920.0,13bcf475fd2f2d8a,C,0,clean
5b2f817f-abb4-52c4-b083-5d9f25c5b918,2f719397-83e7-5ded-8edf-b3ca9650bf9c,fbf0230f-bad0-51bd-875d-09034cadc746,Rift Valley,0.069198,35.980073,0.069248,35.979217,0.0952,2026-07-17T06:56:55.466764+00:00,2026-07-17T08:04:55.466764+00:00,4080.0,2616ee853937fd14,A,0,clean
a767a98a-0334-5e03-b1c7-7b1d47fb83a4,5aed89a3-dcde-5750-9228-1a45b66131b4,f6b3ebef-a32b-53f5-bf3c-cb26af8a983f,Western Kenya,-0.481765,34.662828,-0.483124,34.663294,0.1594,2026-08-17T00:56:55.466764+00:00,2026-08-17T02:25:55.466764+00:00,5340.0,17d2263b6351fb5f,C,0,clean
3189bf28-820f-5035-b16b-4be6c5bcd820,d778c914-cf6a-5b6b-b425-3ab81af57c99,27bb8213-e7f2-5c89-85cb-ead6f84d4ec3,Western Kenya,0.979707,35.182401,0.979768,35.186998,0.5104,2026-08-12T07:56:55.466764+00:00,2026-08-12T08:44:55.466764+00:00,2880.0,c6ece4ab3dfa6234,A,0,clean
500a13ff-7ca1-585b-8323-eeb1986c1b60,a7d86f4b-d627-5edf-be02-7fec43805a4f,5c494b24-f14c-50e2-983d-5fbf9ea32502,Coastal Lowlands,-2.594063,39.134761,-2.590542,39.133552,0.4133,2026-07-15T06:56:55.466764+00:00,2026-07-15T07:10:55.466764+00:00,840.0,57aa9f972c89706f,B,0,clean
0ac5aadb-f490-5867-956a-11cb2ed3bc71,ada6e9a4-70b5-5805-8829-29b566252d8b,f2c61563-a669-57cc-bf31-07c50718d8a1,Western Kenya,-0.211038,35.051367,-0.211823,35.051277,0.0877,2026-07-22T18:56:55.466764+00:00,2026-07-22T19:27:55.466764+00:00,1860.0,ffc4473e44955f98,B,0,clean
01b4da6d-eb31-5cc8-b1c5-5a63f857f9b3,c7db82e6-0df9-5f1c-aa1d-309ed7f81acf,4e4a1203-556a-518c-b14c-8a5113ca32a9,Eastern Semi-Arid,-0.453829,37.302808,-0.450704,37.303757,0.3625,2026-07-15T16:56:55.466764+00:00,2026-07-15T18:00:55.466764+00:00,3840.0,443ee6f68998893e,B,0,clean
edbc7ea8-165a-53cb-b350-c229aa2f78c6,8115aeb7-4515-5a74-8cc5-daff80856a19,c7e6f934-c5ce-5da2-8310-bd7239a57ec0,Eastern Semi-Arid,-1.826419,38.28538,-1.83016,38.288576,0.5462,2026-07-19T20:56:55.466764+00:00,2026-07-19T22:27:55.466764+00:00,5460.0,bf4f8d195c02c4a9,A,0,clean
d0e0bc4d-42a2-5832-93bc-8f851dd1ff11,6584df78-e565-5e39-b01e-b99f0bd78ac7,821be915-7af3-5d0c-9639-2393f0d2557c,Western Kenya,0.258291,34.47831,0.255497,34.481149,0.4421,2026-06-23T17:56:55.466764+00:00,2026-06-23T18:49:55.466764+00:00,3180.0,a80c824e927dc945,B,0,clean
dd3cd47e-7cf5-5ead-bb71-072c9af1e339,07023441-d229-5cd9-b246-8454f70af8db,39255c9d-7acb-5b72-b807-d415ed941be9,Eastern Semi-Arid,-2.031587,37.844804,-2.028558,37.851371,0.8027,2026-07-24T10:56:55.466764+00:00,2026-07-24T12:32:55.466764+00:00,5760.0,e4438a1484503f3a,B,0,clean
2536960f-3670-5779-8bce-5f5406569fa1,9989eaf4-6a49-5d3d-bc9e-33b9e79c0e09,f4a377a3-5ea0-57ec-ad6c-d962ecd9ebe8,Western Kenya,-0.355196,34.42138,-0.354893,34.416903,0.4981,2026-07-20T17:56:55.466764+00:00,2026-07-20T18:42:55.466764+00:00,2760.0,d9fd9f49f07d5bb7,B,0,clean
2c277847-aed1-5d19-b5b9-569349009ce7,69fb5c68-4c7c-5296-b8ab-8d0f4ada32ba,8caf969d-0cfa-5ad1-b121-54affef460bd,Central Highlands,0.212727,37.266621,0.210912,37.266759,0.202,2026-08-13T20:56:55.466764+00:00,2026-08-13T21:51:55.466764+00:00,3300.0,e9ba812a1a3ef9b1,B,0,clean
75102e8c-35bb-53f7-a6c3-f7753c002290,3c374fdc-bd7c-57d0-ba99-4b787d0f14f1,d5cad778-c8f4-5f39-8cd6-5160a5fa9229,Western Kenya,1.184052,35.020908,1.184423,35.027381,0.7197,2026-08-13T01:56:55.466764+00:00,2026-08-13T03:16:55.466764+00:00,4800.0,812c29af3fd4857c,D,0,clean
3d58e1fa-dbfe-5263-9d49-76a73a11a318,e66cf63c-2d34-5d32-b90f-e6867b68ff6d,fdf189d8-4ecc-54fd-a6ba-07b8434cf495,Central Highlands,-1.395075,37.02676,-1.395605,37.021729,0.5615,2026-08-09T23:56:55.466764+00:00,2026-08-10T00:20:55.466764+00:00,1440.0,590a7ededb3ae5a0,D,0,clean
f68aad19-2809-5640-abd3-561d050057d7,57087264-a687-5fb4-abf7-fce019416bd2,004a7542-b496-5333-982d-dd05cc4b29ed,Eastern Semi-Arid,-2.291175,38.169692,-2.292192,38.170073,0.1206,2026-06-25T18:56:55.466764+00:00,2026-06-25T18:35:55.466764+00:00,-1260.0,12fec7b24a61a07e,A,1,timestamp_monotonicity_violation
080366b6-82a9-57ed-b335-424fd41980aa,c3ad7f22-2e46-5109-a83f-c2642b1819c2,d3ac0648-0390-58ca-88ce-eec279988ceb,Western Kenya,0.153951,34.218056,0.154527,34.213733,0.4841,2026-07-19T19:56:55.466764+00:00,2026-07-19T21:26:55.466764+00:00,5400.0,581ffeca09ea405d,D,0,clean
1a47907d-7f84-5058-b973-1c63b7d0f635,80dd17c3-7d45-58bc-ab24-855fbd9df114,b4f89da9-bd64-58d4-815d-29070f95c632,Western Kenya,-0.113311,34.061698,-0.11746,34.058131,0.6073,2026-08-16T20:56:55.466764+00:00,2026-08-16T18:03:55.466764+00:00,-10380.0,67ad4c54c0c0dd4c,D,1,timestamp_monotonicity_violation
a2e3b127-b983-525e-9125-30df6efac8b4,eb3f8d6a-944e-5023-9fcb-24a44f4aaa49,96a9d0e1-b2cd-5de7-beb1-c43ddfb0d810,Western Kenya,0.198085,34.317327,0.196035,34.316651,0.2395,2026-07-02T17:56:55.466764+00:00,2026-07-02T15:50:55.466764+00:00,-7560.0,bd7bc783f94c82af,A,1,timestamp_monotonicity_violation
7ab7d96d-b7b3-55cd-abca-9ad886fc1841,2e3f6dee-a1ce-5759-8873-1953e83ca371,894e22dd-0129-53ca-8973-6936c4aa8db9,Eastern Semi-Arid,-0.398668,37.669915,-0.395407,37.66692,0.4915,2026-06-26T05:56:55.466764+00:00,2026-06-26T07:48:55.466764+00:00,6720.0,2a2d1a0c4e80eb93,A,0,clean
445f0a56-fc28-5ddf-a4d4-2b2e9bfb0926,3b2b6af8-6da9-5f66-b6d2-67a4f5b7d88b,751c7c61-d403-5a9c-9c94-600d948571fe,Western Kenya,0.574729,34.361802,0.575504,34.363077,0.1656,2026-08-14T14:56:55.466764+00:00,2026-08-14T15:33:55.466764+00:00,2220.0,ad004620aa086dd4,B,0,clean
d659f771-039b-5873-9351-8a80b4ae88d1,df671ec3-3cb6-5295-b93b-ca54fc9fcb73,eeb27c92-e571-57fc-8ede-cc628ec4b168,Eastern Semi-Arid,-0.404025,38.668932,-0.407115,38.662106,0.8318,2026-07-30T19:56:55.466764+00:00,2026-07-30T20:58:55.466764+00:00,3720.0,f121ede10604db87,D,0,clean
5262f212-8cf9-562c-a884-63e63134b43e,1f5ed889-c484-5fdb-8874-c419f9b47cb3,fbf1ebfa-cbdd-5745-82a4-782bd18a2e7e,Eastern Semi-Arid,-0.024433,37.237639,-0.019561,37.237885,0.5415,2026-07-15T13:56:55.466764+00:00,2026-07-15T15:38:55.466764+00:00,6120.0,dd0ec1bc4f4f1d34,C,0,clean
0ba57716-8ec2-59b7-a54b-dbbece2ec946,ea0bed25-8b3e-5695-9ff8-93c85a74bf26,7410256a-4e41-5693-a930-74611b486adc,Coastal Lowlands,-4.193831,38.990524,-4.194763,38.989656,0.1413,2026-06-27T09:56:55.466764+00:00,2026-06-27T10:59:55.466764+00:00,3780.0,8f0dcc6e35adf968,A,0,clean
09116692-d613-5f75-b685-c825688a09c4,2ae45651-59b0-52d3-a970-973ed7237eb6,5bf1779a-0281-57e9-81a1-8ee3e823aab2,Western Kenya,0.003094,35.107933,0.001562,35.106227,0.2544,2026-07-30T06:56:55.466764+00:00,2026-07-30T07:17:55.466764+00:00,1260.0,d075705a714f3087,A,0,clean
e18a0269-3af3-5160-a477-c9d57d9a9fc9,7ee698cb-a86a-54ef-9808-3c7d81c95bf5,c44b0520-33c5-52f3-bfc0-190e00276a75,Eastern Semi-Arid,-0.536687,37.993858,-0.539793,38.000004,0.7644,2026-06-27T02:56:55.466764+00:00,2026-06-27T04:55:55.466764+00:00,7140.0,40ea9bbda792c810,A,0,clean
9e1c4490-c8d4-5e48-be7b-75cb89af7d4b,ce4872af-ed9a-57f7-84a9-753b8efa6607,c5b25a97-b464-594b-a266-eb75d08e6157,Rift Valley,-0.476955,36.154626,-0.474895,36.152274,0.347,2026-08-03T10:56:55.466764+00:00,2026-08-03T12:28:55.466764+00:00,5520.0,548f21c32a6036b8,A,1,duplicate_image_hash
794d04e0-26dc-5215-8fe2-a8d88d3af415,c1f8af8a-ae55-52cd-931b-272cc4b0302b,ade12c46-3559-552f-b260-56052bc1afcd,Eastern Semi-Arid,-0.687495,37.289048,-0.683813,37.291046,0.465,2026-07-14T21:56:55.466764+00:00,2026-07-14T23:43:55.466764+00:00,6420.0,4205434c5e0520ec,C,0,clean
ce866331-e641-518a-bc84-4e0646d39e4e,966fa181-4c77-5088-8a9f-6410f0c7f820,2571d5ad-6730-5b6f-b9b9-b0395f2dd879,Eastern Semi-Arid,-2.4905,37.963566,-2.487869,37.967531,0.5282,2026-08-16T01:56:55.466764+00:00,2026-08-16T03:53:55.466764+00:00,7020.0,e9861b31760f287b,A,0,clean
87486523-b91a-5c3f-84c2-5b23a2e7034a,834b8e22-6240-5d29-a5a4-8c2558f72a82,8bea8cd0-f553-5735-8f1e-30b3405900ab,Eastern Semi-Arid,-1.666237,37.99484,-1.667628,37.994407,0.1617,2026-07-29T18:56:55.466764+00:00,2026-07-29T19:21:55.466764+00:00,1500.0,cb87ad2f83134788,C,0,clean
f4ee1f75-a8fd-50e5-a9ba-8efbc77b2cdb,fa4d5bd0-bc25-5f5e-bab7-15673f1d445f,3f20fc83-b8d2-503f-8db8-f8a787a76dd8,Central Highlands,-1.200308,37.515444,-1.200478,37.514196,0.1399,2026-07-25T08:56:55.466764+00:00,2026-07-25T09:08:55.466764+00:00,720.0,ecc9af679091e194,B,0,clean
26197408-2223-54da-af87-57c65b9438cd,16962690-62b8-5cd6-b46c-9e17ad2a8ceb,87c1d03a-43c7-5256-896d-ecca1b2fd0a1,Rift Valley,-0.443127,35.764918,-0.439649,35.766522,0.4251,2026-07-02T15:56:55.466764+00:00,2026-07-02T16:10:55.466764+00:00,840.0,e22a9822cde3ee81,D,0,clean
fb6855d3-9477-58ce-b453-58ddd8f016cb,6046c450-99a2-5d11-a632-ede9df9e1404,c9d81acd-94b0-550f-8736-63d7edc15b57,Central Highlands,-0.3485,37.35355,-0.34687,37.353469,0.1811,2026-07-30T18:56:55.466764+00:00,2026-07-30T19:21:55.466764+00:00,1500.0,8f6aebcd4b29350a,B,0,clean
92e17e2b-34c3-5941-a66d-e2880db70854,84430767-80b3-5a5a-ad7a-c2487a84873a,ce7970c5-40aa-524a-9992-d1f3bd5b136d,Central Highlands,-0.550756,36.980189,-0.55216,36.980249,0.156,2026-08-06T12:56:55.466764+00:00,2026-08-06T13:48:55.466764+00:00,3120.0,c89a5bf489e19b28,B,0,clean
6a9adf44-4f10-5fde-905d-e8c93c563628,6d12d3fd-68c8-5c9c-8cfe-c68be1f0fd9f,de9426e7-bfbe-59ca-b513-5adbd45ab742,Rift Valley,0.898085,35.544528,0.898924,35.544031,0.1082,2026-08-04T07:56:55.466764+00:00,2026-08-04T09:06:55.466764+00:00,4200.0,ce3e9e30fdf1b158,C,0,clean
779eebde-7caa-5242-afa8-728adadddf18,868cc4a9-d211-5302-a830-bedf6b5b2779,1c87b39f-8817-53e5-a7e5-e641fac663aa,Western Kenya,1.014169,34.772723,1.016609,34.772869,0.2714,2026-07-28T23:56:55.466764+00:00,2026-07-29T00:29:55.466764+00:00,1980.0,ed4eb8ec354a4790,D,0,clean
4cea0820-f2e6-55ee-b7a1-faaed689f76e,4cee188d-b80b-5852-b10f-020f38712f55,00347599-2a36-5662-bbc8-6fb87a2f3bff,Eastern Semi-Arid,-0.685853,38.416711,-0.687867,38.418973,0.3362,2026-07-19T14:56:55.466764+00:00,2026-07-19T15:10:55.466764+00:00,840.0,26108c4c0e24e500,D,0,clean
67811f1b-a2b1-53a4-abed-06f8e3c9485e,b8d1744c-c11c-5833-b37e-6a85b829fa36,a394aadd-67f7-5102-8b7e-c9fd39fedf4d,Rift Valley,-0.688239,36.226722,-0.692148,36.221475,0.7263,2026-08-19T05:56:55.466764+00:00,2026-08-19T06:44:55.466764+00:00,2880.0,33ff117f0ea71824,C,0,clean
ce9207f7-0eee-5f71-a2c1-002f9d20d7a5,eea0a648-12a5-5529-8cc3-c80193559e16,79c90679-eb62-5e78-9e35-1927be6ee6c1,Western Kenya,-0.18029,34.642009,-0.180581,34.637054,0.551,2026-08-03T17:56:55.466764+00:00,2026-08-03T18:54:55.466764+00:00,3480.0,28e04370e8177c16,B,0,clean
7340a41d-1898-591f-af0e-91a9605c652d,047bae5a-3016-5159-a6fc-11906e7f8bdc,286dfd71-e5ae-568e-8160-0f29bf84d134,Coastal Lowlands,-2.874608,38.738814,-2.878813,38.735724,0.5792,2026-08-05T15:56:55.466764+00:00,2026-08-05T17:11:55.466764+00:00,4500.0,a01d59ac650d0f95,C,0,clean
e248c5f8-4485-5784-96d7-7d2fb9877427,ed4ff0b2-746c-53d6-8a39-5c63e3e63fcb,c34c34aa-cf29-54f3-af40-3e121dbe1a96,Coastal Lowlands,-4.151578,38.632557,-4.152468,38.633623,0.1541,2026-07-07T15:56:55.466764+00:00,2026-07-07T16:03:55.466764+00:00,420.0,59b93dc60ed139e4,C,0,clean
d0aa385e-86e4-534b-858c-98f42189db53,42c3ae63-3ac1-5da1-839b-477f126d65e8,1c9755cd-0852-52c6-b4d7-c80610dff288,Central Highlands,-0.072723,37.602116,-0.073445,37.604919,0.3213,2026-06-26T09:56:55.466764+00:00,2026-06-26T11:34:55.466764+00:00,5880.0,9da53f81dde80235,B,0,clean
dbe6464c-3af6-5065-9c83-15de03fb7571,3717539b-5948-5b0d-a597-67ac7695d1b5,2b1b4988-09de-5eda-9758-5f81a2d6e6b2,Coastal Lowlands,-3.589845,38.634028,-3.588289,38.633173,0.1971,2026-07-04T19:56:55.466764+00:00,2026-07-04T21:20:55.466764+00:00,5040.0,877b64caa5121e36,C,0,clean
b518f664-bedc-5819-bc37-25bd4f58ddd1,df455ae6-8600-5b83-8566-29a4f9d8f7c2,b64d6829-fc3f-5cd2-8a99-21eb0133990d,Western Kenya,0.678513,34.527687,0.681058,34.526086,0.3338,2026-08-07T21:56:55.466764+00:00,2026-08-07T23:12:55.466764+00:00,4560.0,8a2c8acc7e5be29a,B,0,clean
8d4f4a6e-03c7-57c2-a4da-73d392c0bda3,b68f4caa-a5f7-50c7-8b88-89197188e8e6,5c600a04-b0d4-51f8-9d1b-ae36889f97bf,Coastal Lowlands,-4.336296,39.391491,-4.334424,39.389091,0.3379,2026-07-22T11:56:55.466764+00:00,2026-07-22T12:33:55.466764+00:00,2220.0,f80442ab8d4f006b,A,0,clean
85e0570d-542f-5d57-802b-3028a8175360,b79b5e59-269c-539d-982a-cefa710c0b33,cd5f801c-df5a-5aa5-940c-29ca8f16ba3f,Rift Valley,-0.622593,35.977039,-0.621672,35.979196,0.2603,2026-08-08T11:56:55.466764+00:00,2026-08-08T13:50:55.466764+00:00,6840.0,a726448a603081b1,A,0,clean
b13014d9-a5b5-5d5d-ba47-c4002f239e9c,eb32b93e-465d-5605-8100-71a39b3f6b47,ad013e90-b320-5f98-bcc6-ea2b5251cb4f,Coastal Lowlands,-3.317426,39.715845,-3.3131,39.715774,0.4802,2026-07-25T15:56:55.466764+00:00,2026-07-25T16:33:55.466764+00:00,2220.0,711df0186b842d31,C,0,clean
ea7367a4-0497-5451-b947-be4e2b852f47,10047739-2a33-5756-8504-e01a59e8d36c,8a98b936-3e78-5565-b288-8d18db5a66d1,Eastern Semi-Arid,-1.202491,38.075131,-1.204957,38.075422,0.2756,2026-08-16T21:56:55.466764+00:00,2026-08-16T23:38:55.466764+00:00,6120.0,22927901c25157bb,B,0,clean
049819ab-dc69-513d-8271-dfb52db7fdb6,8e4a6f0b-0e36-5083-b986-67946fd3e061,f8344afd-68cb-52c7-bf3d-d86023f9ce15,Western Kenya,-0.313464,34.872773,-0.312842,34.86928,0.3938,2026-08-03T16:56:55.466764+00:00,2026-08-03T17:45:55.466764+00:00,2940.0,c14ee4f7783af35a,C,0,clean
401bf568-a265-518b-af3f-7d4ab4ab8499,164f679b-01a7-53fb-bccc-4834f3225b30,6336d47e-7bb5-52ff-a311-fb7a079647c0,Central Highlands,-0.593034,36.833565,-0.595168,36.8308,0.3877,2026-08-09T12:56:55.466764+00:00,2026-08-09T14:29:55.466764+00:00,5580.0,baf92c2f8efbffe5,B,0,clean
0b7ba1c3-8754-59e4-83c7-311d69edcca2,16e48e4d-c189-5915-8b0e-f56456421cb2,a78a99de-0398-5f3f-a7e8-bcbdbfb767ac,Coastal Lowlands,-2.80146,40.035618,-2.804951,40.033242,0.4687,2026-08-05T18:56:55.466764+00:00,2026-08-05T19:40:55.466764+00:00,2640.0,2d531692dd18935f,A,0,clean
3f5193c9-ea2b-558b-9fc1-16dcb642e7a0,eee9edc1-f895-52f0-953b-60585a799f40,70865b9a-9405-5979-a1b5-bf0c68cb1ec6,Eastern Semi-Arid,-1.066463,38.155305,-1.065856,38.158072,0.3145,2026-08-06T17:56:55.466764+00:00,2026-08-06T19:10:55.466764+00:00,4440.0,5796464dc7c60cad,C,0,clean
95ddcf41-388a-551d-b1b5-97ea92228f71,7c8ec6ed-a1ec-5c67-ba6c-031bf2106574,fa81fa7d-585f-5f36-826d-54acc9822727,Central Highlands,-1.222028,36.819138,-1.220981,36.816673,0.2973,2026-07-03T04:56:55.466764+00:00,2026-07-03T06:31:55.466764+00:00,5700.0,604518defdd1e53e,B,0,clean
5438241f-43af-5344-9981-bf0c916f5fd6,60d9bd6e-aa2a-5fc9-b382-1efeae0e3971,ebede96f-41d4-5129-afd3-e0d2bc46bde8,Central Highlands,-0.03115,37.047138,-1.53115,39.047138,277.5,2026-07-01T02:56:55.466764+00:00,2026-07-01T04:01:55.466764+00:00,3900.0,9dec73450c93724d,B,1,gps_geofence_breach
27128144-d9a3-5ce5-85a5-7d1c5f41f113,343aaab0-3587-509e-9758-677e3e05fc2d,894bdea9-8ffd-5cbe-aa3b-378ecc956dea,Rift Valley,0.766693,35.532492,0.763767,35.531776,0.3343,2026-07-14T12:56:55.466764+00:00,2026-07-14T13:46:55.466764+00:00,3000.0,497c52e78d5f1450,A,0,clean
cf0d65d8-42c3-5abd-aeb9-741bd27fea7f,615d5003-d2a2-5a6c-b1eb-15f0b0904e01,679433d5-f78c-5cf5-ac7e-baab58f27f04,Western Kenya,-0.232693,34.0454,-0.237154,34.046039,0.5003,2026-07-08T02:56:55.466764+00:00,2026-07-08T04:28:55.466764+00:00,5520.0,a3819e304371e029,C,0,clean
8eeadd13-f4e2-54d6-b19d-153656675168,97ffb628-60df-5a52-be87-0bd9bc52cdec,e49a742e-22fe-5db0-9bb3-e7846af98da5,Eastern Semi-Arid,-1.759979,38.14664,-1.756198,38.148146,0.4517,2026-07-04T12:56:55.466764+00:00,2026-07-04T14:27:55.466764+00:00,5460.0,c88eb0f4fb1a80a4,D,0,clean
064dea85-9753-50ea-a36a-75fa3d269e34,fd971028-87fd-53f5-b332-fb290e940fb6,b196da5d-18f6-5465-85a2-9b90625425b5,Central Highlands,-1.301469,37.164621,-1.298717,37.166295,0.3576,2026-07-08T07:56:55.466764+00:00,2026-07-08T09:47:55.466764+00:00,6660.0,eaa1e0e4020970f5,C,1,duplicate_image_hash
18f918f7-d3c0-5999-a2c6-79b6411781f6,7f96299f-74f9-5467-8800-17c618694a8c,cbdf9748-866a-5126-91de-5a4386862dfd,Coastal Lowlands,-3.700511,40.167718,-3.700273,40.160636,0.7865,2026-08-14T00:56:55.466764+00:00,2026-08-14T01:09:55.466764+00:00,780.0,7202e266278c7eb3,B,0,clean
57c28a17-c88d-5b24-82d8-ae36eb2de5a4,11526bae-8b41-5251-a664-993ad89527b9,b4b449cc-559d-5ece-8a7b-c54d0f6177a9,Coastal Lowlands,-2.409971,39.488065,-2.415441,39.488891,0.6141,2026-08-06T17:56:55.466764+00:00,2026-08-06T18:44:55.466764+00:00,2880.0,175cec98b520cf03,C,0,clean
d47e85f3-e880-5581-a0a5-7b43d56c0f4b,11827cda-363e-5ace-a67f-98ea27f1dcd3,542d8710-3f4a-5245-9e5c-555130a4db07,Western Kenya,-0.273696,34.280444,-0.276431,34.282926,0.41,2026-07-15T10:56:55.466764+00:00,2026-07-15T11:36:55.466764+00:00,2400.0,7be6f369bc8cf6ab,A,0,clean
6b1f0995-8e71-59db-9cb3-27b5978eade4,e2c51447-1923-569d-8082-29952bdb55d8,3d361951-ac59-5f31-8c27-6fcf2d9f75d9,Western Kenya,1.103016,34.594227,1.106268,34.597427,0.5065,2026-07-17T08:56:55.466764+00:00,2026-07-17T09:04:55.466764+00:00,480.0,85be71003bafe7af,A,0,clean
9ee5df45-2e6e-52dd-8ec4-881323b1823c,79fa649e-46f9-5be7-981d-e6582bfb4e98,9f6d7780-4015-52a3-8f4d-f12d35c28c38,Coastal Lowlands,-3.644176,39.009142,-3.650038,39.006438,0.7166,2026-07-16T07:56:55.466764+00:00,2026-07-16T09:39:55.466764+00:00,6180.0,bf55efe936a9339c,B,0,clean
28ae84a5-0501-5d30-b305-51a3bf7151c1,f320bef7-ada5-58ec-91ff-14762917b5c8,5c64da6c-8909-5f61-baff-8eb265f20229,Central Highlands,-0.546062,37.504573,-0.544204,37.503663,0.2296,2026-06-25T20:56:55.466764+00:00,2026-06-25T21:30:55.466764+00:00,2040.0,ca08e226c0e79f98,A,0,clean
