farm_id,assessment_id,farm_name,region,county,crop_type,acreage,latitude,longitude,farmer_experience_years,is_coop_member,archetype,archetype_id,ffmi_score,tier,tier_classification,pillar_1_score,pillar_2_score,pillar_3_score,pillar_4_score,pillar_5_score,pillar_6_score,pillar_7_score,pillar_8_score,q_P1.1.1,q_P1.1.2,q_P1.1.3,q_P1.1.4,q_P1.1.5,q_P1.2.1,q_P1.2.2,q_P1.2.3,q_P1.2.4,q_P1.2.5,q_P1.3.1,q_P1.3.2,q_P1.3.3,q_P1.3.4,q_P1.3.5,q_P1.4.1,q_P1.4.2,q_P1.4.3,q_P1.4.4,q_P1.4.5,q_P1.5.1,q_P1.5.2,q_P1.5.3,q_P1.5.4,q_P1.5.5,q_P2.1.1,q_P2.1.2,q_P2.1.3,q_P2.1.4,q_P2.1.5,q_P2.2.1,q_P2.2.2,q_P2.2.3,q_P2.2.4,q_P2.2.5,q_P2.3.1,q_P2.3.2,q_P2.3.3,q_P2.3.4,q_P2.3.5,q_P2.4.1,q_P2.4.2,q_P2.4.3,q_P2.4.4,q_P2.4.5,q_P2.5.1,q_P2.5.2,q_P2.5.3,q_P2.5.4,q_P2.5.5,q_P3.1.1,q_P3.1.2,q_P3.1.3,q_P3.1.4,q_P3.1.5,q_P3.2.1,q_P3.2.2,q_P3.2.3,q_P3.2.4,q_P3.2.5,q_P3.3.1,q_P3.3.2,q_P3.3.3,q_P3.3.4,q_P3.3.5,q_P3.4.1,q_P3.4.2,q_P3.4.3,q_P3.4.4,q_P3.4.5,q_P3.5.1,q_P3.5.2,q_P3.5.3,q_P3.5.4,q_P3.5.5,q_P4.1.1,q_P4.1.2,q_P4.1.3,q_P4.1.4,q_P4.1.5,q_P4.2.1,q_P4.2.2,q_P4.2.3,q_P4.2.4,q_P4.2.5,q_P4.3.1,q_P4.3.2,q_P4.3.3,q_P4.3.4,q_P4.3.5,q_P4.4.1,q_P4.4.2,q_P4.4.3,q_P4.4.4,q_P4.4.5,q_P4.5.1,q_P4.5.2,q_P4.5.3,q_P4.5.4,q_P4.5.5,q_P5.1.1,q_P5.1.2,q_P5.1.3,q_P5.1.4,q_P5.1.5,q_P5.2.1,q_P5.2.2,q_P5.2.3,q_P5.2.4,q_P5.2.5,q_P5.3.1,q_P5.3.2,q_P5.3.3,q_P5.3.4,q_P5.3.5,q_P5.4.1,q_P5.4.2,q_P5.4.3,q_P5.4.4,q_P5.4.5,q_P5.5.1,q_P5.5.2,q_P5.5.3,q_P5.5.4,q_P5.5.5,q_P6.1.1,q_P6.1.2,q_P6.1.3,q_P6.1.4,q_P6.1.5,q_P6.2.1,q_P6.2.2,q_P6.2.3,q_P6.2.4,q_P6.2.5,q_P6.3.1,q_P6.3.2,q_P6.3.3,q_P6.3.4,q_P6.3.5,q_P6.4.1,q_P6.4.2,q_P6.4.3,q_P6.4.4,q_P6.4.5,q_P6.5.1,q_P6.5.2,q_P6.5.3,q_P6.5.4,q_P6.5.5,q_P7.1.1,q_P7.1.2,q_P7.1.3,q_P7.1.4,q_P7.1.5,q_P7.2.1,q_P7.2.2,q_P7.2.3,q_P7.2.4,q_P7.2.5,q_P7.3.1,q_P7.3.2,q_P7.3.3,q_P7.3.4,q_P7.3.5,q_P7.4.1,q_P7.4.2,q_P7.4.3,q_P7.4.4,q_P7.4.5,q_P7.5.1,q_P7.5.2,q_P7.5.3,q_P7.5.4,q_P7.5.5,q_P8.1.1,q_P8.1.2,q_P8.1.3,q_P8.1.4,q_P8.1.5,q_P8.2.1,q_P8.2.2,q_P8.2.3,q_P8.2.4,q_P8.2.5,q_P8.3.1,q_P8.3.2,q_P8.3.3,q_P8.3.4,q_P8.3.5,q_P8.4.1,q_P8.4.2,q_P8.4.3,q_P8.4.4,q_P8.4.5,q_P8.5.1,q_P8.5.2,q_P8.5.3,q_P8.5.4,q_P8.5.5
92b0517c-b047-5780-9959-ff1b7b61f471,871a1c9c-a75c-52fe-a33b-617d639da5de,Kilifi Coconut Farm #0001,Coastal Lowlands,Kilifi,Coconut,6.62,-4.203951,39.764566,13,False,Transitioning Agribusiness,1,13.32,3,Structured Farm,0.56,0.44,0.6,0.72,0.52,0.6,0.64,0.36,0,1,0,1,0,1,0,0,0,0,1,1,1,1,0,1,1,1,1,0,1,1,1,0,0,0,1,1,0,1,0,1,0,0,0,1,0,0,0,0,1,1,0,1,0,1,0,1,1,0,1,1,0,1,1,1,0,1,0,0,0,1,0,1,1,1,0,1,0,0,1,1,1,1,0,1,0,1,0,0,1,1,1,1,1,1,1,1,1,1,1,0,0,1,1,1,0,1,0,1,0,0,1,1,0,1,0,1,0,0,1,1,1,1,0,0,1,1,0,0,1,1,1,0,0,1,1,0,1,0,1,1,1,0,0,1,0,1,0,0,1,1,1,0,1,1,0,1,1,0,1,1,1,0,0,1,1,1,1,0,1,0,1,0,0,1,0,1,1,0,1,1,1,1,0,1,1,1,0,0,0,1,0,0,1,0,1,1,1,0,0,0,0,0,0,1,0,0,0,0
41c99529-6a7c-5946-83d6-9a68b7a2e328,b4dec551-8208-5453-912e-589bf3692782,Murang'a Macadamia Farm #0002,Central Highlands,Murang'a,Macadamia,2.17,-0.047159,37.254811,13,False,Informal Smallholder,0,4.92,5,Future Ready Farm,0.16,0.16,0.24,0.44,0.16,0.2,0.24,0.04,0,0,0,0,0,0,1,0,0,0,1,1,0,0,0,0,0,0,0,0,0,1,0,0,0,0,1,0,0,0,1,0,0,0,0,1,0,0,0,0,0,0,0,0,0,1,0,0,0,0,1,0,0,0,0,1,0,1,0,0,0,0,0,0,0,1,1,0,0,0,0,0,0,1,0,1,1,1,0,0,0,1,0,1,0,1,0,0,1,0,0,1,1,0,0,1,0,0,1,0,1,0,0,0,0,0,0,0,0,0,0,0,0,0,0,1,0,0,0,0,1,0,0,0,1,1,0,0,0,0,0,0,1,0,0,0,1,0,0,0,0,1,0,1,0,0,0,0,0,0,1,0,0,0,0,0,0,0,0,0,1,0,0,0,0,1,0,0,0,0,1,1,0,1,0,0,0,0,0,0,0,0,0,0,0,0,0,0,0,0,0,0,0,0,0,0,1,0,0,0
6fd01488-9fa8-54cf-90f6-a1940173f1ad,fa1c0ec5-b016-5038-a16d-42f9a22cd25d,Tharaka Nithi Green Grams Farm #0003,Eastern Semi-Arid,Tharaka Nithi,Green Grams,27.16,-0.995008,38.380024,16,True,Commercial Market Leader,2,20.04,5,Future Ready Farm,0.76,0.84,0.88,0.76,0.8,0.96,0.88,0.8,0,1,1,1,1,1,1,1,1,1,1,1,1,0,1,1,1,0,1,0,1,1,0,0,1,1,1,1,1,1,1,1,1,1,0,1,1,0,1,1,1,1,0,1,0,1,1,1,1,1,1,1,1,1,1,1,1,1,0,1,1,1,1,0,1,1,1,1,1,0,1,1,1,1,1,1,0,0,1,1,0,1,1,1,1,0,1,0,1,1,1,1,1,1,1,1,1,1,1,0,1,1,1,1,0,1,1,1,0,1,1,0,1,1,0,1,1,1,1,1,1,1,1,0,1,1,1,1,1,1,1,1,0,1,1,1,1,1,1,1,1,1,1,1,1,1,1,1,1,1,1,1,1,1,0,1,1,1,0,1,1,1,1,1,1,1,1,1,1,1,1,1,1,1,0,0,1,1,1,0,1,1,0,1,0,0,1,1,1,1,1,1,1,1,1,1,1,1,1,1
469f0080-90a5-518a-8922-d9ba63976053,107e75c6-e4b7-57d5-bd71-43c365265f8b,Murang'a Coffee Farm #0004,Central Highlands,Murang'a,Coffee,2.99,-0.127525,37.651521,11,True,Transitioning Agribusiness,1,12.36,3,Structured Farm,0.52,0.56,0.6,0.6,0.36,0.48,0.6,0.4,1,1,1,1,0,1,0,0,0,0,1,0,1,1,0,0,1,0,1,0,1,1,0,1,0,1,0,1,1,1,0,0,1,1,0,0,1,1,1,0,0,1,1,0,0,1,1,1,0,0,1,1,1,1,0,1,0,0,0,0,1,1,0,0,0,1,1,1,1,0,1,1,1,0,1,1,1,1,0,1,1,1,0,1,1,0,0,1,1,0,0,1,1,0,0,1,1,1,0,0,1,1,0,0,0,1,0,0,1,0,0,0,0,0,0,0,0,1,1,0,1,1,1,0,0,0,1,1,0,0,1,1,0,0,0,1,0,1,1,0,1,1,0,0,0,1,1,1,0,0,1,1,1,1,0,0,0,1,1,0,1,1,1,0,0,0,1,0,0,1,1,1,1,0,1,0,0,0,0,0,1,1,1,0,0,1,0,0,0,0,1,1,1,0,0,1,1,1,0,0
3f3edc20-bcb1-5687-8d69-a7cffeebb82e,afe97597-8da4-5f20-b50a-3c9b624d0652,Uasin Gishu Potatoes Farm #0005,Rift Valley,Uasin Gishu,Potatoes,3.89,0.87675,35.99687,7,False,Informal Smallholder,0,6.0,2,Emerging Agribusiness,0.04,0.4,0.12,0.6,0.2,0.28,0.16,0.2,0,0,0,0,0,0,0,0,0,0,0,0,0,0,0,1,0,0,0,0,0,0,0,0,0,1,0,0,1,0,1,0,0,1,0,1,1,0,0,1,0,1,1,0,0,1,0,0,0,0,0,0,0,0,0,1,1,0,0,0,0,0,0,0,0,0,1,0,0,0,0,0,0,0,0,1,1,1,1,1,1,1,0,0,0,0,0,1,0,0,0,1,1,1,0,1,1,1,1,0,0,0,0,0,0,0,0,0,0,0,1,0,1,0,0,1,0,0,0,0,1,1,0,0,0,0,1,0,0,0,1,0,0,1,0,0,0,0,0,0,1,1,1,0,0,1,0,0,0,0,0,1,0,0,0,1,0,0,0,0,0,0,0,0,0,0,0,0,0,0,1,1,0,0,0,1,0,0,0,0,1,0,0,0,0,0,0,1,0,0,1,0,0,0,0,0,1,0,0,0
ead843ac-7cb8-523b-8d81-e9c3eddd4c7e,00deb09c-46c6-527b-af0e-805bf621206f,Lamu Coconut Farm #0006,Coastal Lowlands,Lamu,Coconut,27.33,-3.045774,39.383802,21,False,Commercial Market Leader,2,19.56,4,Investment Ready Farm,0.68,0.76,0.88,0.84,0.88,0.84,0.84,0.8,1,1,1,0,0,0,1,1,1,0,1,1,0,0,1,1,0,0,1,1,1,1,1,1,1,1,1,1,1,1,1,1,1,1,0,1,1,0,0,0,1,1,1,1,1,0,0,1,1,1,1,0,1,1,0,1,1,1,1,1,1,1,1,1,1,1,1,1,0,1,1,1,1,1,1,1,1,1,0,1,1,1,1,1,1,1,1,1,1,0,1,1,1,0,1,1,1,1,1,0,1,1,1,0,1,1,1,1,1,1,1,1,1,0,1,1,1,0,1,1,1,1,1,1,1,1,1,1,0,0,1,1,1,1,0,1,1,1,1,1,1,1,1,1,1,1,1,1,1,0,1,1,1,1,0,1,1,1,1,0,1,1,1,0,1,1,1,1,1,1,1,1,1,1,0,1,1,1,1,0,1,1,1,1,1,1,1,1,1,0,1,1,1,0,0,1,1,1,0,1
7777540e-befc-5e18-83a6-83491da0993b,2037e8ce-2e4f-5a6b-8032-6ba251f292d3,Kiambu Horticulture Farm #0007,Central Highlands,Kiambu,Horticulture,3.72,-0.639887,37.262799,15,True,Transitioning Agribusiness,1,11.88,3,Structured Farm,0.32,0.36,0.48,0.8,0.52,0.52,0.6,0.36,0,0,1,0,0,1,0,1,0,0,1,1,0,0,0,0,0,0,0,0,1,1,0,1,0,1,1,0,1,0,0,0,1,0,1,0,1,1,0,0,0,0,0,0,0,0,1,1,0,0,1,1,0,0,0,1,0,1,0,0,1,1,0,1,0,1,1,0,1,0,1,1,0,0,0,1,1,1,0,0,1,1,1,1,1,1,1,1,1,1,0,1,1,1,0,1,1,0,1,1,1,1,1,0,0,1,1,1,1,0,1,0,1,0,0,1,0,0,0,0,1,1,0,1,0,0,1,0,0,0,1,1,0,0,1,1,0,1,1,1,1,1,0,1,0,0,0,1,1,0,0,1,0,1,0,1,1,0,0,0,1,1,1,0,0,1,1,1,1,0,1,1,1,1,0,1,1,0,1,0,1,0,0,1,0,1,0,0,0,0,0,0,0,0,0,1,0,1,1,0
280d3820-6aff-5deb-9de8-def150c2c841,f99db12b-8797-5bdd-b3ca-8301075b5950,Taita Taveta Fish Farming Farm #0008,Coastal Lowlands,Taita Taveta,Fish Farming,9.03,-3.394573,40.448884,15,False,Transitioning Agribusiness,1,12.96,3,Structured Farm,0.44,0.52,0.6,0.72,0.48,0.68,0.52,0.36,0,1,0,0,0,1,1,0,0,0,1,1,0,0,0,1,1,1,1,0,1,1,0,0,0,1,1,1,1,0,0,1,0,1,0,1,1,0,0,0,1,0,0,1,1,1,1,0,0,0,0,0,1,1,1,1,0,0,1,0,1,1,0,0,1,1,1,1,0,0,1,1,1,1,0,1,1,1,1,1,1,1,1,0,0,1,1,1,0,0,1,1,1,1,0,1,1,1,0,0,1,0,1,1,0,0,0,1,1,0,1,0,0,1,0,1,0,1,1,0,0,1,0,1,0,0,1,1,1,0,1,1,1,1,0,1,1,1,1,0,1,1,1,0,0,1,1,0,1,0,1,0,1,0,1,0,0,0,1,0,1,1,1,1,0,1,1,0,1,0,1,0,1,0,0,0,0,1,1,0,1,0,1,0,0,0,0,0,0,0,0,1,0,0,0,1,1,1,0,1
9b41820c-6c6b-5940-93fc-944e5b46c00d,38f4d602-dcd1-5876-9314-dab0bf28ee8c,Kakamega Horticulture Farm #0009,Western Kenya,Kakamega,Horticulture,1.19,0.185037,34.533803,1,False,Informal Smallholder,0,5.52,2,Emerging Agribusiness,0.24,0.12,0.32,0.44,0.16,0.28,0.16,0.12,0,0,1,0,0,0,1,0,0,0,0,1,0,0,0,0,0,1,1,0,1,0,0,0,0,1,1,0,0,0,0,0,0,0,0,0,0,0,0,0,1,0,0,0,0,0,0,0,0,0,1,0,0,0,0,0,1,1,0,0,1,0,0,1,0,1,0,1,0,0,0,0,0,1,0,1,1,0,0,0,0,1,0,1,0,1,0,1,0,0,1,1,1,0,0,1,1,0,0,0,0,0,0,0,0,1,1,0,0,0,0,0,0,0,0,0,1,0,0,1,0,0,0,0,0,0,0,0,0,0,0,0,1,0,0,1,1,1,1,0,0,0,0,0,0,1,0,1,0,0,0,0,0,0,0,0,0,0,0,0,0,0,0,0,0,1,1,0,0,1,1,0,0,0,0,1,0,0,0,0,1,0,0,0,0,1,0,0,0,0,0,0,0,0,0,0,0,0,0,0
f75f7adb-8a86-55ca-8406-53ef006009bf,8e4b4844-84a1-56de-8c8b-9d471e77ba8d,Embu Coffee Farm #0010,Central Highlands,Embu,Coffee,2.49,-1.115493,37.015688,14,True,Informal Smallholder,0,5.04,2,Emerging Agribusiness,0.2,0.16,0.2,0.56,0.04,0.32,0.16,0.04,0,1,0,0,0,0,0,0,0,0,1,0,1,0,0,1,1,0,0,0,0,0,0,0,0,0,0,0,0,0,0,1,1,0,0,0,0,0,0,1,0,1,0,0,0,0,0,0,0,0,0,1,0,0,0,0,0,0,0,0,0,0,1,0,0,1,1,0,0,0,1,0,0,0,0,0,1,1,0,1,1,1,0,1,0,1,0,0,0,1,1,1,0,0,1,0,1,1,1,0,0,0,0,0,0,0,0,0,0,0,0,0,0,0,0,0,0,0,0,0,1,0,0,0,0,1,1,1,0,0,1,0,0,0,0,1,0,0,1,0,0,1,0,0,0,1,0,0,0,0,1,0,0,0,0,0,0,0,1,0,0,0,0,0,0,1,0,1,0,0,0,0,0,0,0,0,0,0,0,0,0,0,0,0,0,0,0,0,0,0,0,0,0,0,1,0,0,0,0,0
5e7613b7-6d52-5ee5-b693-89b41183d41d,4f23c2af-e3de-5e5b-9f1b-504d6631f2e5,Nandi Maize Farm #0011,Rift Valley,Nandi,Maize,2.71,0.363816,36.150052,16,False,Informal Smallholder,0,6.24,2,Emerging Agribusiness,0.28,0.44,0.28,0.4,0.16,0.24,0.2,0.08,0,0,1,0,0,1,0,1,0,0,1,0,0,0,0,0,1,0,0,0,1,0,0,1,0,0,1,1,0,0,1,1,1,0,0,1,0,0,0,0,1,1,1,1,0,0,0,0,0,1,1,0,1,0,0,1,0,1,0,0,1,0,0,0,0,1,0,0,0,0,1,0,0,0,0,0,1,0,1,0,0,1,0,1,0,0,0,0,1,0,0,1,0,1,0,1,1,0,1,0,1,1,0,0,0,1,0,0,0,0,0,1,0,0,0,0,0,0,0,0,0,0,0,0,0,0,0,0,0,0,1,0,1,0,0,0,1,0,1,0,1,0,0,0,0,1,0,0,0,0,1,0,0,0,0,0,1,0,0,0,0,0,0,0,0,1,0,0,1,0,0,0,1,0,0,0,1,0,0,1,0,0,0,0,0,0,0,0,0,0,0,0,0,0,0,0,0,0,0,0
4c7de370-d11a-5439-b7f3-dc6cfad694db,92e30f15-5747-516f-b7ee-670e3cfa88c8,Kakamega Sugarcane Farm #0012,Western Kenya,Kakamega,Sugarcane,33.31,0.020789,34.237815,15,True,Commercial Market Leader,2,19.68,4,Investment Ready Farm,0.88,0.8,0.96,0.72,0.76,0.84,0.92,0.68,1,1,1,1,1,1,1,1,1,1,1,1,0,1,1,1,1,1,1,0,1,1,1,1,0,1,1,0,1,0,1,1,1,1,1,1,0,1,1,0,1,1,1,0,1,1,1,1,1,1,1,1,1,1,1,1,1,1,1,1,1,1,1,1,1,1,1,1,1,0,1,1,1,1,1,1,1,1,0,1,1,1,0,0,1,1,1,1,1,0,1,1,1,0,1,1,1,0,1,0,1,1,1,1,0,1,1,0,1,0,1,1,1,1,0,1,1,1,0,1,1,1,1,0,1,1,0,1,1,1,1,1,1,1,0,1,1,1,1,0,1,1,1,1,0,1,1,1,1,1,1,1,1,1,1,1,1,1,0,1,1,1,1,1,1,1,1,1,1,1,1,1,1,1,0,1,1,0,0,1,1,1,1,0,1,1,1,1,0,1,1,1,0,1,0,1,1,0,0,1
acfc4358-76b6-590c-a8ad-3204fd52c5ad,3e58cd6c-f177-5886-8616-0b826bc3939c,Kiambu Coffee Farm #0013,Central Highlands,Kiambu,Coffee,7.22,-0.992322,37.072526,9,True,Transitioning Agribusiness,1,12.96,3,Structured Farm,0.64,0.4,0.76,0.72,0.32,0.76,0.48,0.24,1,0,1,0,0,1,1,0,1,0,1,1,1,1,0,1,0,1,1,0,1,1,1,1,0,1,0,1,0,0,1,1,0,0,0,1,0,1,0,0,0,0,0,1,1,1,0,0,1,0,1,1,1,1,0,1,1,0,0,1,1,1,1,0,1,1,1,1,1,0,1,1,1,1,0,0,1,1,1,0,0,1,1,1,0,1,1,1,1,1,1,1,1,0,1,0,1,1,1,0,0,0,0,0,0,1,1,0,1,0,1,0,0,0,0,1,1,0,0,0,1,0,1,0,0,1,0,1,1,0,1,0,0,0,1,1,1,1,1,1,1,1,1,1,1,1,1,1,0,1,0,1,1,0,0,1,1,1,0,0,0,1,1,1,0,1,0,1,0,0,1,0,0,1,0,1,1,0,0,0,1,0,0,0,0,1,0,0,0,0,1,0,0,0,0,0,1,0,0,0
1724006f-e9ac-55d5-826d-1f2616f0d031,d0ec814a-ce21-55dd-a5b6-5212b627432d,Bomet Horticulture Farm #0014,Rift Valley,Bomet,Horticulture,6.01,-0.073705,35.41041,7,True,Transitioning Agribusiness,1,12.12,3,Structured Farm,0.6,0.36,0.52,0.8,0.48,0.52,0.52,0.24,1,1,0,1,0,0,1,1,1,0,1,1,1,0,1,1,1,0,0,0,1,1,0,0,1,1,1,1,0,0,0,1,1,0,0,1,1,0,0,0,0,1,0,0,0,1,0,0,0,0,1,1,1,0,0,0,1,1,1,0,1,0,0,0,0,1,1,1,0,0,0,1,1,0,1,1,1,1,1,0,1,0,1,1,0,1,1,1,0,1,1,0,1,1,1,1,1,1,1,1,0,0,0,0,0,1,0,0,0,0,1,1,0,0,0,0,1,1,1,1,1,1,1,1,1,1,0,1,1,0,0,1,0,1,0,1,1,1,0,0,1,1,1,0,0,1,0,1,0,0,1,1,0,1,0,1,0,1,0,0,1,0,1,1,0,1,1,0,0,0,1,1,1,0,0,0,0,0,0,0,1,1,0,0,0,0,0,0,0,1,1,0,0,0,0,1,0,1,0,0
326d6ba7-1e0a-5974-911e-8a7229a8f86d,330fe860-640a-5807-b343-2287d8800f6e,Makueni Livestock Farm #0015,Eastern Semi-Arid,Makueni,Livestock,0.99,-1.310425,38.511598,10,True,Informal Smallholder,0,4.8,5,Future Ready Farm,0.0,0.2,0.24,0.44,0.2,0.24,0.16,0.12,0,0,0,0,0,0,0,0,0,0,0,0,0,0,0,0,0,0,0,0,0,0,0,0,0,0,0,1,0,0,0,0,1,0,0,0,0,0,0,0,0,0,0,1,0,1,0,1,0,0,1,0,0,1,0,0,0,0,0,0,1,1,1,0,0,1,0,0,0,0,0,0,0,0,0,1,0,0,0,0,1,1,1,1,0,0,0,0,0,0,1,1,0,1,0,1,1,0,1,0,0,0,0,0,0,0,1,0,0,0,0,0,0,0,0,0,1,1,1,0,0,1,0,0,0,0,0,1,0,1,1,0,0,1,0,1,0,0,0,0,0,0,1,0,0,0,0,0,0,0,1,1,0,0,0,0,1,0,0,0,0,1,0,0,0,0,0,0,0,0,0,0,0,0,0,0,0,0,0,0,1,0,0,0,0,1,0,0,0,0,0,1,0,0,0,0,0,0,0,0
aab5cbaa-f6d6-54f8-9268-c472c9b99c62,2a0f3821-c11d-573a-86f0-556316064258,Machakos Mangoes Farm #0016,Eastern Semi-Arid,Machakos,Mangoes,2.76,-0.067348,38.675733,7,True,Informal Smallholder,0,5.52,2,Emerging Agribusiness,0.12,0.08,0.24,0.6,0.16,0.32,0.2,0.12,0,1,0,0,0,0,0,0,0,0,1,0,0,0,0,0,0,0,0,0,0,0,1,0,0,1,0,0,0,0,0,0,0,0,0,0,0,0,0,0,0,0,0,0,0,1,0,0,0,0,1,0,0,0,0,0,0,0,0,0,0,0,1,0,0,1,1,0,0,1,1,0,0,0,0,1,1,0,1,0,0,1,1,1,1,0,1,0,1,0,0,1,1,0,0,1,1,1,1,0,0,1,0,1,0,1,0,0,0,0,0,0,0,0,0,1,0,0,0,0,0,0,0,0,0,0,1,1,0,0,0,1,0,0,0,0,0,1,0,1,0,1,0,1,0,1,0,0,0,0,0,1,1,0,0,0,0,1,0,0,0,0,0,0,0,0,0,1,0,0,1,0,0,0,0,0,0,0,0,0,0,1,1,0,0,0,0,0,0,0,0,0,0,0,0,0,1,0,0,0
77127a86-05a3-5fe7-9a2a-db432dcf98c9,b4ece34a-afab-5cb2-9153-2ba4f747dd39,Kwale Cashew Farm #0017,Coastal Lowlands,Kwale,Cashew,11.91,-2.993236,39.378764,28,False,Transitioning Agribusiness,1,12.36,3,Structured Farm,0.32,0.48,0.6,0.76,0.44,0.72,0.44,0.36,0,0,0,0,0,1,0,1,0,0,1,0,0,0,0,1,1,0,0,0,1,1,0,1,0,1,1,1,0,0,1,0,1,0,0,1,0,0,0,0,1,1,0,0,0,1,1,1,1,0,1,1,1,1,0,1,1,1,1,0,1,1,0,1,1,0,1,0,0,0,1,0,1,0,0,1,1,1,0,0,1,1,1,1,1,1,1,0,1,1,1,1,1,0,0,1,1,1,0,1,1,1,1,1,0,1,0,0,1,0,1,0,0,0,0,0,0,0,0,1,1,1,0,0,1,1,1,1,0,0,1,1,0,0,1,1,1,1,1,0,1,0,1,1,1,1,1,1,1,0,1,0,1,0,0,1,1,0,0,0,0,0,0,0,0,1,1,1,1,0,1,1,1,0,0,1,0,0,0,0,1,1,0,1,0,1,0,0,0,0,0,1,0,0,0,0,1,1,1,0
8067886e-21c9-519c-93f0-ebad992b555d,0f694dbe-3703-54a8-acf6-d07e861e7ecf,Vihiga Poultry Farm #0018,Western Kenya,Vihiga,Poultry,0.69,1.026142,34.33367,14,False,Informal Smallholder,0,5.64,2,Emerging Agribusiness,0.24,0.24,0.12,0.64,0.04,0.2,0.24,0.16,0,0,0,0,1,0,1,0,0,0,1,0,0,0,1,0,1,1,0,0,0,0,0,0,0,0,0,0,0,0,1,1,0,0,0,1,0,0,0,0,0,0,0,0,1,1,0,1,0,0,1,0,0,0,1,0,0,0,0,0,0,0,0,0,0,0,0,0,0,0,1,0,0,0,0,0,1,1,1,0,1,1,0,0,1,1,1,1,0,0,1,1,0,1,0,1,1,1,1,0,0,0,0,0,0,0,0,0,0,0,0,0,0,0,0,0,0,0,0,0,1,0,0,0,0,0,0,0,0,0,0,0,0,0,0,0,0,0,1,0,1,1,0,0,1,0,1,0,0,0,0,1,0,0,0,1,1,0,0,0,1,1,0,0,0,1,0,0,0,0,0,0,0,0,0,1,0,0,1,0,0,0,0,0,0,0,1,0,0,0,0,0,1,0,0,0,0,0,0,0
30d6a9a5-ce22-5952-832a-4bdd601c73a9,0000ccc7-4b03-5bac-9e71-b80fbe2b5df6,Kitui Green Grams Farm #0019,Eastern Semi-Arid,Kitui,Green Grams,6.5,-0.907559,37.671009,5,True,Transitioning Agribusiness,1,11.88,3,Structured Farm,0.4,0.36,0.56,0.68,0.44,0.72,0.52,0.28,0,1,0,0,0,1,0,1,0,0,0,1,1,0,1,1,1,0,1,0,1,0,0,0,0,1,0,1,1,0,0,1,0,0,1,1,0,0,0,0,1,0,0,1,0,0,1,0,0,0,1,1,1,0,0,1,1,0,1,1,1,1,1,0,0,1,0,0,0,0,1,1,1,0,0,0,1,1,1,1,1,1,1,1,0,1,1,1,0,0,1,0,1,0,1,1,1,1,0,0,1,0,1,0,0,1,0,1,0,1,0,1,1,1,0,0,1,1,0,0,1,0,0,0,0,1,1,0,0,0,1,0,1,1,0,1,1,1,1,1,1,1,1,1,0,1,0,1,1,1,1,0,0,0,0,1,1,1,1,0,1,0,1,0,0,1,0,1,1,0,1,0,1,0,1,0,0,1,0,0,1,1,1,0,0,0,0,0,0,0,1,1,0,0,0,0,0,1,0,0
e66ee568-72c3-5839-a7ec-aeafae9c57ca,2aef30a6-4cdb-546b-bca4-298eb71593a3,Machakos Cowpeas Farm #0020,Eastern Semi-Arid,Machakos,Cowpeas,5.35,-0.899869,38.380487,12,False,Transitioning Agribusiness,1,10.8,3,Structured Farm,0.36,0.36,0.64,0.52,0.52,0.44,0.36,0.4,0,0,0,0,1,1,0,1,0,0,1,0,1,0,0,0,1,1,0,0,1,1,0,0,0,1,0,0,0,1,0,0,0,1,0,1,1,0,0,0,1,1,0,0,0,0,1,1,0,0,1,1,1,0,1,1,1,1,0,1,1,1,1,0,0,1,1,0,1,0,0,0,0,1,1,1,1,1,0,1,1,0,1,0,0,0,0,1,1,1,1,1,0,0,0,1,1,0,0,0,1,1,1,0,0,1,1,1,1,0,0,1,0,0,0,1,0,1,1,0,1,1,0,0,0,1,1,1,1,0,1,0,1,0,0,0,1,0,0,0,1,1,1,0,0,0,0,1,0,0,1,0,0,0,0,1,0,0,0,0,1,1,0,0,1,1,0,0,1,0,1,0,1,0,0,1,1,0,0,0,0,1,1,0,0,1,0,1,0,0,0,1,1,0,0,1,1,0,0,0
423d0e08-8aac-5c74-82e8-c741f4f0922d,b4e9f5bc-0e31-5f9f-9e56-f50d99574d00,Tharaka Nithi Sorghum Farm #0021,Eastern Semi-Arid,Tharaka Nithi,Sorghum,4.3,-0.518331,38.155453,13,True,Transitioning Agribusiness,1,11.04,3,Structured Farm,0.44,0.44,0.44,0.76,0.4,0.44,0.48,0.28,1,0,1,1,0,1,1,1,0,0,1,1,0,0,0,1,0,1,0,0,0,1,0,0,0,0,1,1,0,0,1,0,0,0,1,0,1,1,1,1,0,0,0,1,0,1,1,0,0,0,1,1,1,0,0,1,1,0,1,0,0,1,1,0,0,1,0,0,0,0,0,1,1,0,0,0,1,1,1,0,1,1,0,1,0,1,1,1,1,0,1,1,1,1,1,1,1,1,0,1,1,1,0,0,0,1,0,0,0,0,1,0,1,0,1,1,0,1,1,0,1,0,0,0,0,0,1,0,1,1,0,0,0,0,0,1,1,1,1,0,1,0,1,1,0,0,1,0,0,0,0,0,1,0,0,1,0,0,1,0,1,0,1,0,0,1,1,1,1,1,1,0,1,0,0,0,0,0,0,0,1,1,1,0,0,1,0,1,0,0,1,0,0,0,0,0,1,0,0,0
dc90a3bb-8741-5b47-ac53-2afdebd197a6,fc8a588a-cf44-5887-9c79-8995bcb125b8,Kericho Wheat Farm #0022,Rift Valley,Kericho,Wheat,1.21,-0.820318,36.34216,16,False,Informal Smallholder,0,6.36,2,Emerging Agribusiness,0.2,0.16,0.32,0.56,0.16,0.32,0.2,0.2,1,1,0,0,0,0,0,0,0,0,0,0,0,0,0,0,1,0,1,0,1,0,0,0,0,1,1,0,0,0,0,0,0,0,0,1,0,0,0,0,0,0,1,0,0,0,0,0,0,0,1,0,1,0,0,0,0,0,0,0,1,0,0,1,0,1,0,0,0,0,1,1,0,1,0,1,1,1,0,0,1,1,0,1,0,0,1,1,0,0,1,0,1,0,0,1,1,0,1,1,0,1,0,0,0,1,1,1,0,0,0,0,0,0,0,0,0,0,0,0,0,0,0,0,0,0,0,0,0,0,1,1,0,0,0,1,0,1,0,0,1,1,0,0,0,0,1,1,0,0,0,0,0,0,0,0,1,0,0,0,1,1,0,0,1,0,0,0,0,0,1,0,0,0,0,1,0,0,0,0,1,0,0,0,0,0,0,0,0,0,1,0,0,1,0,0,0,0,1,0
d91a72d9-cde1-52ae-8f09-e5b32c1ebd97,3f17762f-974e-58fc-bdf2-35bad4dfd2af,Lamu Cassava Farm #0023,Coastal Lowlands,Lamu,Cassava,25.33,-3.590986,39.972128,3,False,Commercial Market Leader,2,20.28,5,Future Ready Farm,0.88,0.76,0.88,0.72,0.84,0.88,0.92,0.88,1,1,1,1,1,1,1,1,1,1,1,1,1,1,0,1,1,1,1,0,1,1,1,0,1,1,1,0,1,1,1,1,1,1,0,1,1,1,1,0,1,0,1,1,0,1,1,0,1,1,1,0,1,1,1,1,1,1,1,0,1,1,1,1,1,1,1,1,1,0,1,1,1,1,1,1,1,1,1,0,1,1,1,1,0,1,1,1,1,1,1,0,1,0,0,1,1,1,0,0,1,1,1,1,0,1,1,1,0,0,1,1,0,1,1,1,1,1,1,1,1,1,1,1,1,1,1,0,0,1,1,1,1,1,1,1,1,1,0,1,1,1,1,1,1,1,1,1,1,1,1,1,1,1,0,1,1,1,1,0,1,1,1,1,1,1,1,1,1,1,1,1,1,1,1,1,1,1,1,1,1,1,1,1,0,1,1,1,1,1,1,1,1,0,1,1,1,1,0,1
d1634aa9-9231-5c14-a5f5-79d7f24cfb1d,3cd4c062-5183-5bc3-a05f-bdd0ba3cc96e,Bungoma Cassava Farm #0024,Western Kenya,Bungoma,Cassava,24.4,-0.099103,34.687914,13,True,Commercial Market Leader,2,19.68,4,Investment Ready Farm,0.84,0.76,0.84,0.76,0.8,0.88,0.92,0.76,1,1,0,1,1,1,1,1,1,1,1,1,1,1,0,1,1,1,1,1,1,1,0,0,1,1,1,1,1,0,1,1,0,1,0,1,1,1,1,1,0,1,0,1,1,1,1,0,1,1,1,1,1,1,1,1,1,1,0,1,1,1,0,0,1,0,1,1,1,1,1,1,1,1,1,1,1,1,1,1,1,1,1,0,1,0,1,1,1,1,1,1,1,0,0,1,1,0,0,1,1,1,0,0,1,1,0,1,1,1,1,1,1,1,1,1,1,1,1,0,1,1,1,0,1,1,1,0,1,1,1,1,1,1,0,1,1,1,1,1,1,1,0,1,1,1,1,1,1,1,1,1,1,1,1,1,1,0,1,1,1,1,1,1,1,1,1,1,1,0,1,1,1,1,1,1,1,1,1,0,1,1,0,0,1,1,1,1,1,0,1,1,1,1,1,0,1,1,1,0
6909e58e-4938-50c6-8b44-17a98562bf57,0faedfab-537c-5a7c-b778-ee891a483a8c,Busia Maize Farm #0025,Western Kenya,Busia,Maize,2.33,0.956905,34.920804,18,False,Transitioning Agribusiness,1,11.88,3,Structured Farm,0.4,0.48,0.32,0.68,0.48,0.52,0.68,0.4,1,1,1,0,0,1,1,1,0,0,1,0,0,0,0,1,0,0,0,0,1,0,1,0,0,1,0,1,0,0,1,1,1,0,0,1,1,0,0,0,1,1,0,0,0,1,1,1,0,0,0,1,1,0,0,0,1,0,1,0,0,0,1,0,0,1,0,0,0,0,0,1,1,0,0,1,1,1,0,0,1,1,1,0,1,1,1,1,1,0,1,1,1,1,0,1,1,0,0,0,1,1,1,0,0,1,1,0,1,0,1,1,0,0,0,1,1,1,0,0,0,1,0,0,0,1,1,1,0,1,1,1,0,1,0,1,1,0,0,0,0,1,0,0,0,1,1,0,1,0,1,1,0,1,1,1,1,1,0,0,1,1,1,0,0,1,1,1,1,0,1,1,0,1,0,0,0,0,0,0,0,1,1,0,0,0,1,1,0,0,1,1,0,1,0,1,1,1,0,0
ffe9520d-7a36-5089-bbb7-408052b8af2c,6c61ef95-3ad9-5a3e-94a5-f951986fca63,Makueni Green Grams Farm #0026,Eastern Semi-Arid,Makueni,Green Grams,1.09,-2.091123,38.082572,27,False,Informal Smallholder,0,6.0,2,Emerging Agribusiness,0.28,0.16,0.4,0.64,0.12,0.2,0.12,0.08,0,0,0,0,0,0,1,0,0,0,1,1,0,0,0,1,0,0,0,1,0,1,1,0,0,1,0,0,0,0,0,1,0,0,0,0,0,0,0,0,1,0,1,0,0,0,0,0,0,0,0,0,0,0,0,1,1,1,0,0,0,0,1,0,0,1,0,1,0,0,1,0,1,1,1,1,1,0,1,0,0,1,0,0,0,0,1,1,1,1,1,1,1,1,0,1,1,1,0,1,0,0,0,0,0,0,0,0,0,0,1,0,0,0,1,0,0,1,0,0,0,0,0,0,0,1,1,0,0,0,0,0,0,1,0,1,0,0,0,0,0,0,0,0,0,1,0,0,0,0,0,0,0,0,0,1,1,0,0,0,1,0,0,0,0,0,0,0,0,0,0,0,0,0,0,0,0,0,0,0,1,0,0,0,0,0,0,0,1,0,0,0,0,0,0,0,0,0,0,0
88295350-85bc-5f69-87a8-a0e6325b7b98,8ca49b64-82a7-535f-8b8d-90f1c634319d,Taita Taveta Cassava Farm #0027,Coastal Lowlands,Taita Taveta,Cassava,0.5,-3.586434,40.062875,18,False,Informal Smallholder,0,6.36,2,Emerging Agribusiness,0.16,0.28,0.24,0.64,0.08,0.4,0.28,0.04,0,1,0,0,0,0,0,0,0,0,1,0,0,0,0,0,0,0,0,0,1,0,1,0,0,0,0,0,0,0,0,1,0,0,0,1,0,0,0,1,1,1,0,0,0,1,1,0,0,0,1,0,0,0,0,1,0,0,0,0,1,1,0,0,0,0,0,0,0,0,1,1,0,0,0,1,0,1,1,1,1,0,1,0,1,1,1,1,0,0,1,1,1,1,0,1,1,0,0,0,0,1,0,0,0,0,0,0,0,0,0,0,0,0,0,0,1,0,0,0,0,0,0,0,0,1,1,1,0,0,1,1,1,0,0,1,1,0,0,0,1,0,0,0,0,1,0,0,0,0,1,1,1,0,0,0,1,0,0,0,0,1,0,0,0,0,1,0,0,0,1,0,0,0,0,0,0,0,0,0,0,0,0,0,0,0,0,0,0,0,0,0,0,0,0,0,0,0,0,1
ba5faa2b-8e0a-5a63-8570-f93535185615,88647fd1-0d9d-5487-9a1e-0ae03923bfa4,Lamu Cassava Farm #0028,Coastal Lowlands,Lamu,Cassava,2.77,-2.69075,38.834234,11,True,Informal Smallholder,0,4.92,5,Future Ready Farm,0.08,0.2,0.2,0.4,0.12,0.24,0.24,0.16,0,0,0,0,0,0,0,0,0,0,0,0,0,0,0,0,0,0,0,1,0,0,0,0,1,0,0,0,0,0,0,0,0,0,0,1,1,1,0,0,1,0,0,0,0,1,0,0,0,0,0,0,0,1,1,0,0,0,0,0,0,0,0,0,0,0,1,0,1,0,1,0,0,0,0,1,0,1,0,0,1,1,0,0,0,0,0,1,0,0,1,1,0,0,0,1,0,1,1,0,0,0,0,0,0,0,0,0,0,0,0,1,0,0,0,0,0,0,0,0,1,1,0,0,0,0,1,1,1,0,0,0,0,0,0,1,0,1,0,0,0,0,0,0,0,0,0,0,1,0,1,1,1,0,0,0,0,0,1,0,0,0,1,0,0,0,0,0,0,0,1,0,0,0,0,0,0,0,0,0,1,0,0,0,1,0,0,0,0,0,0,0,0,0,1,1,0,0,0,0
1174fed8-008e-5ff6-97a4-e595225fb3eb,ae004f04-ad72-51c1-a520-885e13532ceb,Taita Taveta Cassava Farm #0029,Coastal Lowlands,Taita Taveta,Cassava,1.09,-2.868179,38.805092,16,True,Informal Smallholder,0,4.8,5,Future Ready Farm,0.12,0.12,0.08,0.56,0.16,0.28,0.2,0.08,1,0,0,0,0,0,0,0,0,0,1,0,0,0,0,1,0,0,0,0,0,0,0,0,0,0,1,0,0,0,0,0,0,0,0,0,0,1,0,0,0,1,0,0,0,0,0,0,0,0,0,0,0,0,0,0,0,0,0,0,1,0,0,0,0,1,0,0,0,0,0,0,0,0,0,1,1,1,0,0,1,1,1,0,0,1,0,0,0,0,1,1,1,1,0,1,1,0,1,0,0,1,0,0,0,0,1,0,0,0,0,1,0,0,0,0,0,0,1,0,0,0,0,0,0,1,0,0,0,0,0,0,1,0,0,0,1,0,0,0,0,1,1,0,0,1,1,0,0,0,0,1,0,0,0,0,0,0,0,0,0,1,1,0,0,1,0,0,0,0,1,0,0,0,0,0,0,0,0,0,0,0,0,0,0,0,1,0,0,0,0,0,0,0,0,0,0,1,0,0
04924650-c80a-5d70-91a8-de2c96642d63,fe34abe2-65b0-596a-9dbb-dd34a9e1411e,Kwale Cassava Farm #0030,Coastal Lowlands,Kwale,Cassava,3.39,-2.02031,39.051562,9,True,Transitioning Agribusiness,1,11.88,3,Structured Farm,0.44,0.44,0.44,0.68,0.56,0.52,0.48,0.4,1,1,0,0,0,0,1,0,1,0,0,1,0,0,1,1,1,0,1,0,0,1,1,0,0,1,1,0,0,0,1,0,0,0,0,1,1,1,0,0,1,1,1,0,0,1,1,0,0,0,1,1,0,0,1,0,1,1,0,0,0,0,1,0,0,1,1,0,0,0,1,1,0,1,0,1,1,1,1,1,1,1,0,1,1,1,1,0,0,0,1,0,1,0,1,1,1,0,1,0,1,0,1,1,0,1,0,0,0,1,1,1,0,1,0,1,1,1,0,0,0,1,1,1,0,0,1,0,1,1,1,1,0,0,0,1,1,0,0,0,1,1,1,0,0,1,1,0,1,0,1,0,1,1,1,1,1,0,0,0,1,1,1,0,0,1,0,0,1,0,0,0,0,0,1,1,0,0,0,0,0,1,0,1,0,1,0,1,0,0,0,1,1,0,0,1,0,1,1,0
1b4dc038-79d3-5732-90e3-a5e965a7e96b,f6cbc742-27ef-56da-b0b9-9f8de0b7603b,Lamu Vegetables Farm #0031,Coastal Lowlands,Lamu,Vegetables,7.46,-3.001763,39.946987,7,False,Transitioning Agribusiness,1,12.12,3,Structured Farm,0.52,0.44,0.6,0.64,0.36,0.56,0.64,0.28,1,1,1,1,1,0,1,1,0,0,1,0,0,0,0,1,1,0,0,0,1,1,1,0,0,1,1,1,1,0,1,0,0,0,0,1,0,0,0,0,1,1,1,0,0,1,1,0,0,0,1,1,1,1,1,0,1,0,1,0,1,0,1,1,0,1,0,0,1,0,1,0,1,1,0,1,0,1,1,0,1,1,0,1,1,1,1,1,0,1,1,0,0,1,0,1,1,0,0,1,0,0,1,0,0,1,0,1,0,0,0,1,1,0,0,0,1,0,1,0,0,0,1,1,0,0,1,1,0,1,1,1,0,1,0,0,1,0,0,1,0,1,1,1,0,1,0,1,1,0,1,0,0,0,0,1,0,1,0,0,1,1,1,1,0,1,1,1,1,1,1,0,1,1,1,0,1,0,0,0,0,0,0,0,1,0,1,0,0,0,1,0,0,0,1,1,0,1,0,0
057bf5ec-f5fd-5332-9b9c-b8499d0b78d1,79afaa44-9b75-5253-8fa3-0c00e4969d1b,Kilifi Cassava Farm #0032,Coastal Lowlands,Kilifi,Cassava,5.0,-3.24912,39.048706,14,True,Commercial Market Leader,2,20.16,5,Future Ready Farm,0.92,0.88,0.84,0.76,0.76,0.84,0.88,0.84,1,1,1,1,0,1,1,1,1,0,1,1,1,1,1,1,1,1,1,1,1,1,1,1,1,1,1,0,1,1,1,1,1,1,0,1,1,1,1,1,1,1,1,1,1,1,1,0,1,1,1,1,1,0,1,1,1,1,1,1,0,1,1,1,0,1,1,1,1,0,1,1,1,1,1,0,1,0,1,1,1,1,1,1,1,1,1,1,0,1,1,1,0,1,1,1,1,1,0,0,1,1,1,0,0,0,1,1,1,0,1,1,1,1,1,1,1,1,1,0,1,1,0,1,1,1,1,1,1,1,1,1,1,0,1,1,1,0,1,1,1,1,1,1,1,1,1,0,1,0,1,1,1,1,1,1,1,1,1,1,1,1,1,0,1,1,1,1,1,0,1,1,0,1,1,1,1,1,0,0,1,1,1,1,1,1,1,1,1,1,1,1,1,1,1,1,1,0,0,1
0cbb86d7-ddd5-53dd-aaf6-75ca23909918,260a464d-98a3-50fa-8417-e943f89a63bd,Taita Taveta Cassava Farm #0033,Coastal Lowlands,Taita Taveta,Cassava,3.99,-3.326317,39.597137,8,False,Informal Smallholder,0,5.04,2,Emerging Agribusiness,0.12,0.2,0.28,0.52,0.12,0.16,0.12,0.16,0,0,0,0,0,1,0,0,0,0,0,0,0,0,0,0,1,0,0,0,0,0,0,1,0,0,0,1,0,0,1,0,0,0,1,0,0,0,1,0,0,1,0,0,0,0,0,0,0,0,1,0,1,1,0,1,0,0,0,0,0,1,0,0,0,1,0,1,0,0,0,0,0,0,0,1,1,1,0,0,1,1,1,0,0,1,1,0,0,0,1,1,0,0,0,1,1,1,0,0,0,1,0,0,0,0,0,0,0,0,1,0,0,0,0,1,0,0,0,0,0,0,0,0,0,0,0,0,0,0,0,1,0,0,0,0,0,0,0,0,0,1,0,0,0,1,1,0,0,0,0,1,0,0,0,0,0,0,0,0,0,0,0,1,0,0,0,0,0,0,1,0,0,0,0,0,0,0,0,0,0,1,0,0,0,0,0,1,0,0,0,0,0,0,0,1,0,0,1,0
d8c1926a-4560-5935-b3d5-29d32afe8775,914b9846-3ed1-5d28-bdb2-46b956b23281,Kiambu Tea Farm #0034,Central Highlands,Kiambu,Tea,3.14,-0.283743,37.546248,15,False,Informal Smallholder,0,5.76,2,Emerging Agribusiness,0.04,0.32,0.16,0.48,0.24,0.32,0.32,0.04,0,0,0,0,0,0,0,0,0,0,0,1,0,0,0,0,0,0,0,0,0,0,0,0,0,1,0,0,1,0,0,0,0,0,0,1,0,0,1,1,1,1,0,0,0,1,0,0,0,0,0,0,0,0,0,1,0,0,0,0,0,1,0,0,0,1,0,0,1,0,0,0,0,0,0,1,1,0,0,0,0,1,1,0,0,1,1,1,0,1,1,1,0,0,0,1,1,0,0,0,0,0,0,0,0,1,0,1,1,0,1,0,0,0,0,0,0,1,0,0,1,0,0,0,0,0,1,0,1,0,1,0,1,0,0,1,1,1,0,0,0,0,0,0,0,1,0,0,0,0,0,0,1,0,0,1,0,1,0,0,1,0,0,0,0,1,0,0,0,0,1,1,1,0,0,1,0,0,0,0,0,0,0,0,0,0,0,0,0,0,0,0,0,0,0,0,0,0,0,0
140638c9-c4e5-5282-9198-97f33094fcf9,190ec304-d3df-539a-9627-0cdb510cd000,Kiambu Dairy Farm #0035,Central Highlands,Kiambu,Dairy,2.56,0.087468,37.296288,6,True,Informal Smallholder,0,6.48,2,Emerging Agribusiness,0.28,0.28,0.28,0.64,0.12,0.36,0.16,0.04,1,1,0,0,0,1,0,0,0,1,0,0,0,0,0,0,1,0,0,0,0,1,0,1,0,0,0,0,0,0,1,0,0,0,1,1,1,0,0,0,1,0,1,0,0,1,0,0,0,0,0,0,0,0,0,0,1,1,0,0,1,0,0,0,0,0,0,1,0,1,1,0,0,1,0,1,1,0,1,0,1,1,1,1,1,1,1,0,0,0,1,1,1,1,0,0,1,1,0,0,0,0,0,0,0,0,1,0,0,0,0,0,0,0,0,0,0,0,0,0,0,1,0,1,0,1,0,1,1,0,1,0,0,0,0,0,1,0,1,0,1,1,0,0,0,0,0,1,0,0,0,0,0,0,0,0,0,0,0,0,0,1,0,0,0,1,0,0,0,0,1,0,0,1,0,0,0,0,0,0,0,0,0,0,0,1,0,0,0,0,0,0,0,0,0,0,0,0,0,0
95481682-ebb4-52ff-93ef-d2b4c6643802,37c9d78d-5522-5188-9ddd-3972e7d00532,Uasin Gishu Maize Farm #0036,Rift Valley,Uasin Gishu,Maize,3.64,0.665361,36.194287,29,True,Informal Smallholder,0,5.76,2,Emerging Agribusiness,0.08,0.28,0.16,0.64,0.16,0.28,0.08,0.24,0,0,0,0,0,0,1,0,0,0,1,0,0,0,0,0,0,0,0,0,0,0,0,0,0,0,1,0,0,0,1,1,1,0,0,1,0,0,0,0,0,0,0,0,0,0,1,1,0,0,0,0,0,0,0,0,1,0,0,0,1,0,0,0,0,1,0,0,0,0,1,0,0,0,0,1,1,0,0,0,1,1,1,1,0,1,0,1,0,1,1,0,1,1,0,1,1,1,1,0,1,0,0,0,0,0,0,0,0,0,1,0,0,1,0,0,1,0,0,0,0,0,0,0,0,0,0,1,0,0,1,0,0,0,0,1,0,1,0,0,1,1,0,0,0,0,1,0,0,0,0,0,1,0,0,0,0,0,0,0,0,0,0,0,0,0,0,0,0,0,1,0,0,0,0,0,1,0,0,0,0,0,0,1,0,0,0,0,1,1,0,0,0,0,0,0,0,1,0,1
db7e8a8c-ce1f-5060-bbf1-14a20acd197c,7bdf9e70-c730-5b1d-982d-e912af193f47,Kitui Mangoes Farm #0037,Eastern Semi-Arid,Kitui,Mangoes,2.83,-1.207593,38.170307,3,False,Informal Smallholder,0,5.76,2,Emerging Agribusiness,0.2,0.28,0.24,0.52,0.12,0.36,0.2,0.0,0,1,0,0,0,0,0,0,1,0,1,0,0,0,0,1,0,0,0,0,1,0,0,0,0,0,0,0,0,0,1,1,0,0,0,1,0,0,0,1,1,0,0,0,1,1,0,0,0,0,0,1,0,0,1,0,1,0,0,0,1,0,0,0,0,0,1,0,0,0,1,0,0,0,0,0,0,1,1,1,1,1,0,0,0,1,1,1,0,0,1,1,1,1,0,0,0,1,0,0,0,0,0,0,0,1,0,0,0,0,0,0,0,0,0,0,1,0,0,0,1,0,0,0,0,1,0,0,0,1,1,0,1,0,0,0,1,0,1,0,0,0,1,0,0,1,1,0,0,0,1,0,0,0,0,0,1,0,0,0,1,0,0,0,0,1,0,1,0,0,0,0,0,0,0,0,0,0,0,0,0,0,0,0,0,0,0,0,0,0,0,0,0,0,0,0,0,0,0,0
a36e1072-1d22-55bd-8973-ca86ded209bc,4f6d997b-fef1-5d7f-9045-c4159e4f7791,Makueni Green Grams Farm #0038,Eastern Semi-Arid,Makueni,Green Grams,1.92,-0.366522,37.493317,16,False,Informal Smallholder,0,5.64,2,Emerging Agribusiness,0.2,0.2,0.2,0.44,0.08,0.52,0.2,0.04,0,1,0,0,0,0,0,1,0,0,0,0,1,0,0,0,0,0,1,0,1,0,0,0,0,0,1,0,0,0,1,1,0,0,0,0,0,0,0,0,0,0,0,0,1,0,1,0,0,0,1,0,0,0,0,0,0,1,0,0,0,0,0,0,0,1,0,0,0,0,1,1,0,0,0,1,0,0,0,1,1,1,0,0,0,1,0,1,0,0,1,1,0,0,0,1,1,1,0,0,0,0,0,0,0,1,0,0,0,0,0,0,0,0,0,0,1,0,0,0,0,0,0,0,0,0,1,1,0,0,0,1,1,0,0,1,1,1,0,0,1,0,1,1,0,1,1,1,0,0,0,1,0,0,0,0,0,0,0,0,0,1,0,0,0,0,1,0,0,0,1,1,0,0,0,0,0,0,0,0,0,0,0,0,0,0,0,0,0,0,0,0,0,0,0,0,1,0,0,0
8f385f0c-9eda-58d5-be04-5719da33bd82,aab8a7a7-1426-5446-ad09-a59ad40a0a14,Siaya Dairy Farm #0039,Western Kenya,Siaya,Dairy,2.45,0.208542,34.517165,5,False,Informal Smallholder,0,5.4,2,Emerging Agribusiness,0.04,0.28,0.28,0.52,0.16,0.24,0.16,0.12,0,0,0,0,0,1,0,0,0,0,0,0,0,0,0,0,0,0,0,0,0,0,0,0,0,1,0,0,1,0,1,0,1,0,0,0,0,1,0,0,0,0,1,0,0,0,0,0,0,1,1,0,0,0,0,0,0,0,1,0,0,1,0,1,0,0,1,0,0,0,1,1,0,0,0,1,1,1,0,0,1,0,0,0,0,0,1,1,0,0,1,1,0,1,0,1,1,0,1,1,0,1,0,0,0,0,1,0,0,0,0,0,0,0,0,1,0,0,0,0,1,0,0,0,0,1,0,0,0,0,0,1,0,0,1,1,0,0,0,0,0,1,0,0,0,0,1,0,0,0,0,0,0,0,0,0,0,0,0,1,0,0,0,1,0,1,0,1,0,0,0,0,0,0,0,1,0,0,0,0,0,0,0,0,0,1,0,0,0,0,0,0,0,0,0,1,0,0,0,0
ec1f3f47-7081-5467-b843-89e2f94e64f0,6867d10a-4b76-57d2-b6ff-2cb3365a976c,Lamu Coconut Farm #0040,Coastal Lowlands,Lamu,Coconut,8.89,-3.85164,39.4634,19,True,Transitioning Agribusiness,1,11.28,3,Structured Farm,0.32,0.4,0.56,0.68,0.6,0.52,0.28,0.4,1,0,0,0,0,1,0,1,0,1,0,0,0,0,0,1,1,0,0,0,0,1,0,1,0,1,1,1,1,0,0,1,0,0,0,1,0,0,1,0,1,0,1,0,0,1,0,0,0,0,0,0,1,0,1,1,1,1,1,0,1,0,1,1,1,1,1,1,0,0,0,0,1,0,0,0,1,1,1,1,1,1,0,1,0,1,0,1,0,1,1,1,0,1,1,1,0,0,1,1,1,1,0,1,0,1,1,1,1,0,1,1,0,0,0,1,1,1,1,0,0,1,0,0,1,1,0,1,1,0,1,0,1,1,0,1,0,0,0,0,1,1,1,1,0,1,1,0,0,0,0,0,0,0,0,1,0,0,0,0,1,0,0,0,0,1,1,0,0,0,1,1,0,0,1,1,1,1,0,0,0,1,0,1,0,1,0,1,1,0,0,1,0,0,0,1,0,0,0,0
3de37f74-16be-5890-ab7b-8239dee8ab42,046b45af-ce47-5947-8ea3-8b672f4a88cb,Kiambu Horticulture Farm #0041,Central Highlands,Kiambu,Horticulture,1.55,-1.156725,37.035513,13,True,Informal Smallholder,0,5.28,2,Emerging Agribusiness,0.24,0.24,0.28,0.48,0.08,0.12,0.08,0.24,1,0,0,0,0,1,0,1,0,0,0,1,0,0,0,0,0,0,0,0,1,0,0,1,0,0,0,0,0,0,1,0,1,0,0,1,0,0,0,0,1,0,0,0,0,1,0,1,0,0,1,1,0,0,0,1,1,0,0,0,0,0,0,0,0,1,0,0,0,0,1,1,0,0,0,0,0,0,0,1,0,1,1,0,0,1,1,1,0,0,1,1,1,1,0,1,1,0,0,0,0,0,0,0,1,0,0,0,0,0,1,0,0,0,0,0,0,0,0,0,0,0,0,0,0,0,0,0,0,0,1,0,0,0,0,0,0,0,0,0,0,1,0,0,0,0,0,0,1,0,1,0,0,0,0,0,0,0,0,0,0,0,0,0,0,0,0,0,0,0,0,1,0,0,0,0,1,0,1,0,0,0,1,0,0,0,0,0,0,1,0,0,0,0,0,1,1,0,0,0
3b3268b5-07d6-583c-af5f-fd44514b690d,65c7b989-acb5-5702-bf29-6d0dd1f15557,Makueni Mangoes Farm #0042,Eastern Semi-Arid,Makueni,Mangoes,6.15,-1.30164,38.485287,15,True,Transitioning Agribusiness,1,11.64,3,Structured Farm,0.4,0.44,0.56,0.52,0.52,0.32,0.64,0.48,1,0,1,0,0,1,0,0,0,0,1,1,1,0,0,0,0,1,0,0,1,1,1,0,0,1,1,1,1,0,1,0,0,0,0,1,1,0,1,0,1,0,0,0,0,0,0,1,0,1,1,1,1,0,1,0,0,0,1,0,1,1,0,0,0,1,0,1,0,1,1,1,1,0,1,1,0,1,0,0,0,1,1,0,0,0,1,1,0,0,1,1,1,1,0,1,0,1,1,0,1,1,1,0,0,1,1,1,0,0,0,1,1,0,0,1,1,1,0,0,1,0,1,0,0,0,0,0,0,0,1,1,0,0,0,0,1,0,0,0,0,1,1,0,0,1,1,1,0,0,1,1,1,0,0,1,1,0,1,1,1,0,1,0,1,1,1,1,1,0,1,0,1,0,0,1,0,0,0,0,0,0,1,0,0,1,1,1,1,0,1,1,1,1,0,0,1,1,0,0
70089432-a0a2-52b2-a353-399fc5e66a84,27a114f1-c20e-5cd1-9aea-71cac56cce39,Busia Cassava Farm #0043,Western Kenya,Busia,Cassava,5.05,-0.044531,34.408723,15,True,Transitioning Agribusiness,1,11.76,3,Structured Farm,0.4,0.6,0.48,0.6,0.4,0.64,0.48,0.32,1,1,0,0,0,1,1,0,0,1,1,1,0,0,0,0,0,1,0,0,1,0,1,0,0,1,1,1,1,0,1,1,1,0,0,1,1,0,0,1,1,1,1,0,1,0,0,1,0,0,1,1,1,0,1,1,0,0,0,0,0,1,0,0,0,1,1,0,1,0,1,1,1,0,0,1,0,1,1,0,1,1,1,0,0,0,1,0,1,0,1,1,1,1,1,1,0,1,0,0,0,1,0,0,0,1,0,1,0,0,1,1,0,1,0,1,0,0,0,0,1,1,0,1,0,1,1,1,1,0,1,0,0,1,0,1,0,1,1,0,1,1,1,0,1,1,1,0,1,0,0,0,0,1,0,1,1,1,1,0,1,1,1,0,0,0,1,1,0,0,1,1,0,0,0,0,1,0,0,0,1,0,0,0,0,0,0,0,1,0,1,0,1,0,0,1,1,0,0,1
3f17eed4-2c28-5416-af5e-6a58f1b01f24,79904d06-757b-5401-a144-fb46af391d8f,Taita Taveta Cassava Farm #0044,Coastal Lowlands,Taita Taveta,Cassava,1.47,-4.007191,40.280992,10,False,Informal Smallholder,0,5.76,2,Emerging Agribusiness,0.16,0.24,0.2,0.52,0.12,0.28,0.28,0.12,1,0,0,0,0,0,1,0,0,0,0,0,0,0,0,0,0,0,1,0,0,1,0,0,0,0,0,0,0,0,1,0,0,1,0,1,1,0,0,0,0,1,0,0,0,1,0,0,0,0,0,0,0,0,0,0,1,0,0,0,0,1,1,1,0,1,0,0,0,0,0,0,0,0,0,0,1,1,1,0,1,1,1,0,0,1,1,0,1,0,0,0,0,0,0,1,1,1,1,0,0,0,1,0,0,1,0,0,0,0,0,1,0,0,0,0,0,0,0,0,0,0,0,0,0,0,0,0,0,0,0,1,1,0,0,0,1,0,0,0,1,0,0,1,0,0,0,1,1,0,1,0,1,0,0,0,1,1,0,0,0,1,0,0,0,1,0,0,0,0,1,0,0,0,0,0,0,0,0,0,0,0,1,0,0,0,0,0,0,1,0,0,0,0,0,1,0,0,0,0
9c7778ce-1a93-5c6a-890a-9b76e964e597,e29f1310-b948-51be-8a8f-167c2c0098c7,Murang'a Avocado Farm #0045,Central Highlands,Murang'a,Avocado,3.44,-0.247921,36.956362,8,True,Transitioning Agribusiness,1,11.76,3,Structured Farm,0.32,0.44,0.72,0.76,0.6,0.4,0.4,0.28,1,1,0,1,0,0,1,0,0,0,0,0,0,0,1,1,1,0,0,0,0,1,0,0,0,0,1,1,1,0,1,1,0,0,0,1,0,1,0,0,1,1,0,0,0,1,1,0,0,0,1,1,1,1,1,1,0,1,1,0,1,0,1,0,1,1,1,1,0,1,1,1,0,0,1,1,1,1,1,0,1,1,0,1,1,1,1,1,1,0,0,0,1,1,0,1,1,1,1,1,1,1,1,1,0,1,1,1,0,0,1,0,1,1,0,1,1,1,1,0,0,1,0,0,0,0,1,1,0,0,0,0,0,0,0,1,1,0,1,0,0,1,0,1,0,1,1,0,1,0,0,0,1,0,0,0,1,0,0,1,1,1,0,1,0,1,1,0,0,0,1,1,0,0,0,0,1,0,0,0,1,0,0,0,0,0,1,0,0,0,1,0,0,0,0,1,0,1,1,0
a364094b-0dc7-559f-a8a3-393be260ae34,a2c61ceb-d9ca-5cd5-924c-d41d18e30e2a,Kisumu Sugarcane Farm #0046,Western Kenya,Kisumu,Sugarcane,8.69,-0.4539,34.581,19,True,Transitioning Agribusiness,1,11.4,3,Structured Farm,0.48,0.48,0.64,0.68,0.28,0.56,0.4,0.28,1,0,0,0,0,1,1,0,0,0,1,1,1,1,1,0,1,0,0,0,0,1,1,1,0,1,1,1,0,0,1,0,1,0,0,1,0,0,0,0,1,0,1,1,0,1,0,1,1,0,1,0,1,0,0,0,1,0,1,1,1,0,0,1,1,0,1,1,1,1,1,1,1,0,1,0,1,1,1,0,0,1,1,1,0,1,1,1,0,0,1,1,1,0,1,1,1,1,1,0,1,0,0,0,0,0,1,0,0,0,1,0,0,0,0,1,0,0,0,1,1,0,1,0,0,1,1,1,0,0,1,1,1,1,0,1,1,0,0,0,0,1,1,1,0,1,0,0,1,0,1,0,1,1,0,1,1,0,0,0,0,1,0,1,0,0,1,1,0,0,1,0,0,0,0,1,1,0,1,0,1,0,0,0,0,1,0,1,0,0,0,0,0,0,0,1,0,0,0,0
7fb1de75-82c6-504d-a97c-8b76c169d754,9203fc15-6b57-5950-8724-fc20c1a5f4d8,Kakamega Maize Farm #0047,Western Kenya,Kakamega,Maize,3.71,1.169338,34.523266,16,True,Informal Smallholder,0,6.48,2,Emerging Agribusiness,0.2,0.16,0.44,0.6,0.2,0.2,0.28,0.08,0,1,1,0,0,0,0,0,1,0,0,0,1,0,0,0,0,0,0,0,1,0,0,0,0,0,0,0,0,0,0,1,0,0,1,0,0,0,0,0,0,1,0,0,0,0,1,0,0,0,1,1,0,0,0,0,1,1,0,0,1,1,0,0,1,0,1,0,0,1,0,1,0,1,0,1,1,1,1,0,0,0,1,0,1,1,1,1,1,0,0,1,1,1,0,0,0,1,0,1,0,1,0,0,0,0,0,1,0,0,0,0,1,0,0,0,0,0,0,0,1,1,0,0,0,0,0,0,0,0,0,0,0,0,1,0,0,0,1,0,0,0,0,1,0,1,1,0,0,0,0,0,1,0,0,1,0,1,0,0,0,1,1,0,1,0,0,1,0,0,0,0,0,0,0,1,0,0,0,0,0,0,0,0,0,0,0,0,0,0,0,0,0,0,0,1,0,0,0,0
844b4dd6-6f5b-5b12-abb1-f18a6b0a9cb7,7c70e474-ca9b-5d07-89ea-b25e1e87ec08,Kisumu Sugarcane Farm #0048,Western Kenya,Kisumu,Sugarcane,3.45,1.015988,34.728259,7,True,Informal Smallholder,0,5.16,2,Emerging Agribusiness,0.24,0.16,0.2,0.6,0.08,0.2,0.16,0.08,0,1,1,0,0,1,0,0,0,0,0,1,0,0,0,0,1,0,0,0,0,1,0,0,0,1,0,0,0,0,0,0,0,0,0,0,0,0,0,0,0,0,1,0,0,1,1,0,0,0,0,0,0,0,0,0,1,1,0,0,0,0,0,0,0,1,0,0,0,0,0,1,1,0,0,1,1,1,1,1,0,1,1,1,0,1,0,1,1,0,1,1,1,0,0,1,0,0,0,0,0,0,0,0,0,0,0,0,0,1,0,0,0,0,0,0,1,0,0,0,0,0,0,0,0,1,0,0,0,0,0,0,0,0,1,0,0,0,0,0,1,0,0,0,1,0,1,0,0,0,1,0,0,0,0,0,0,1,1,0,0,0,0,0,0,1,0,0,0,0,0,0,0,0,0,1,0,0,0,0,0,1,0,0,0,0,0,0,0,0,0,0,0,0,0,0,0,0,0,0
9757b6e4-95d7-5b4e-8949-0ed42784f290,113142fc-4453-5cf3-a1a7-2bb9ee352802,Tharaka Nithi Sorghum Farm #0049,Eastern Semi-Arid,Tharaka Nithi,Sorghum,1.5,-2.279104,37.37139,10,True,Transitioning Agribusiness,1,12.12,3,Structured Farm,0.52,0.52,0.64,0.6,0.36,0.56,0.6,0.24,1,0,1,1,0,0,1,1,0,0,1,1,0,0,0,1,1,0,1,0,1,1,1,0,0,1,0,0,0,0,0,1,1,1,1,0,0,0,1,0,1,1,1,0,0,1,1,1,1,0,1,1,1,0,0,0,1,0,0,0,1,1,1,1,0,1,1,1,1,0,1,1,1,1,0,1,1,1,0,0,1,1,0,1,1,1,1,0,0,0,1,0,0,1,1,1,1,1,0,0,1,0,0,0,1,1,0,0,0,0,1,1,1,0,0,0,1,0,0,0,1,1,0,0,0,1,0,0,1,0,0,0,1,0,0,1,1,0,0,1,1,1,1,1,1,1,1,0,1,0,1,0,1,1,0,1,0,1,1,0,0,0,1,0,0,1,1,1,0,1,1,1,1,1,0,0,0,0,0,0,0,1,1,0,0,0,1,0,0,0,0,1,0,0,0,1,1,0,0,0
7471688e-cb6d-56cb-afa3-3e9bbf3bf99a,5ad3e779-6cb6-56f3-a04d-4120e90bb300,Embu Macadamia Farm #0050,Central Highlands,Embu,Macadamia,1.7,0.169771,36.766572,6,True,Informal Smallholder,0,5.64,2,Emerging Agribusiness,0.2,0.28,0.32,0.48,0.24,0.24,0.08,0.04,0,0,0,0,0,0,0,0,0,0,1,0,0,0,0,0,1,0,0,0,1,1,0,0,1,1,1,0,0,0,1,1,0,0,0,1,0,0,1,0,0,1,0,0,0,0,0,0,0,0,1,1,1,0,0,0,1,0,0,0,1,0,0,0,0,0,1,0,0,0,1,1,0,0,0,0,0,1,0,0,0,0,0,1,1,1,1,0,1,1,1,1,1,0,0,0,1,0,1,0,1,0,0,0,0,1,0,1,0,0,0,1,0,0,0,0,0,0,0,0,1,0,1,0,0,1,0,0,0,0,1,0,1,0,0,0,0,0,0,1,1,1,0,0,0,0,0,0,0,0,1,0,0,0,0,0,1,0,0,0,0,0,0,0,0,0,0,0,0,0,0,0,0,0,0,0,0,0,0,0,1,0,0,0,0,0,0,0,0,0,0,0,0,0,0,0,0,0,0,0
0db603dd-2aab-5095-a530-2fdf46e8dcb2,d43e8b3f-8df8-5daa-a03f-4bf5e1abf0dc,Siaya Cassava Farm #0051,Western Kenya,Siaya,Cassava,3.99,0.122516,34.587908,5,False,Informal Smallholder,0,5.64,2,Emerging Agribusiness,0.2,0.24,0.28,0.48,0.12,0.2,0.28,0.08,0,1,0,0,0,0,0,0,0,0,1,0,0,1,0,0,1,0,0,0,1,0,0,0,0,0,0,1,0,0,0,1,1,0,0,0,0,0,0,0,0,1,0,0,1,1,0,0,0,0,1,0,0,0,0,1,0,1,0,0,0,0,0,0,0,0,1,1,0,0,0,0,0,1,1,1,1,1,0,0,0,0,0,0,0,1,1,0,1,0,0,1,1,1,0,1,1,0,1,0,0,0,0,0,0,0,0,0,0,0,0,0,0,0,0,1,0,0,1,0,1,0,0,0,0,0,0,0,1,0,0,0,0,0,0,0,1,1,0,0,0,0,0,1,0,1,0,0,0,0,0,1,0,0,0,1,0,0,0,1,0,0,1,0,0,1,0,1,0,0,0,1,0,0,0,0,0,0,0,0,0,0,0,0,0,0,1,0,0,0,1,0,0,0,0,0,0,0,0,0
47b9c4eb-b046-5375-ac49-198bbac76e20,ef710cd8-ce12-5c96-af54-d64afa0ac36b,Embu Coffee Farm #0052,Central Highlands,Embu,Coffee,2.99,-0.261997,36.62323,17,True,Informal Smallholder,0,5.28,2,Emerging Agribusiness,0.2,0.16,0.08,0.56,0.32,0.36,0.08,0.0,0,0,0,1,0,0,0,0,0,0,1,0,1,0,0,1,0,0,0,0,0,0,0,1,0,1,0,0,0,0,0,0,0,0,0,0,1,1,0,0,0,0,0,0,0,1,0,0,0,0,0,0,0,1,0,0,0,1,0,0,0,0,0,0,0,0,0,0,0,0,0,0,0,0,0,1,0,1,1,1,1,1,1,1,0,0,0,0,1,0,1,0,0,0,1,1,0,1,1,0,1,0,1,0,0,1,1,0,0,0,1,0,1,0,0,1,0,0,0,0,0,0,1,0,0,0,0,0,0,0,1,1,0,0,0,1,1,1,0,0,1,0,0,0,0,1,1,1,0,0,0,1,0,0,0,0,0,0,0,0,0,0,0,0,0,0,0,0,0,0,1,0,0,0,0,0,0,0,0,0,0,0,0,0,0,0,0,0,0,0,0,0,0,0,0,0,0,0,0,0
bc1b45e8-3cc4-5d07-b32c-44d63ad651b6,a74a60f6-3605-54f6-8a47-61304c758fe2,Taita Taveta Cashew Farm #0053,Coastal Lowlands,Taita Taveta,Cashew,6.73,-2.594317,39.892662,12,True,Transitioning Agribusiness,1,11.16,3,Structured Farm,0.4,0.4,0.48,0.6,0.48,0.56,0.4,0.4,0,0,0,1,1,1,1,0,0,0,0,0,1,1,0,0,0,1,0,0,1,1,0,1,0,1,0,0,1,0,1,1,1,0,0,1,0,1,0,0,1,1,0,0,0,1,0,0,0,0,0,0,1,0,0,0,1,0,0,1,1,1,1,1,0,1,1,0,1,0,1,0,1,0,0,1,1,1,1,0,1,1,1,0,0,0,0,1,0,0,1,1,1,0,0,1,1,1,0,1,1,0,0,0,0,1,1,1,0,0,0,1,1,1,0,1,0,0,1,0,1,1,0,1,0,1,1,0,0,0,1,0,1,1,0,1,1,0,0,0,1,1,0,1,0,1,1,0,1,1,0,1,0,0,0,1,1,0,0,0,0,1,1,1,0,1,0,1,0,0,1,1,0,0,0,1,0,0,0,1,1,1,0,0,1,1,0,1,0,0,1,1,0,0,0,0,1,0,0,0
9f05a59c-db5e-5afa-aa5e-2f863aa2341d,c8c0023b-ed55-5c56-97b2-522faab525a4,Embu Dairy Farm #0054,Central Highlands,Embu,Dairy,7.47,0.165668,37.220609,8,True,Transitioning Agribusiness,1,12.36,3,Structured Farm,0.44,0.6,0.56,0.72,0.36,0.64,0.52,0.28,1,1,0,0,1,1,0,0,0,1,1,0,0,0,0,1,1,1,1,0,0,0,1,0,0,0,0,1,1,0,1,1,1,1,0,1,1,1,0,0,1,1,1,0,0,1,1,0,0,1,0,0,1,1,0,1,1,1,1,0,1,1,0,1,0,0,0,1,0,0,1,1,1,0,1,1,1,0,1,1,0,1,0,1,1,1,1,0,1,1,1,1,1,0,0,1,1,1,1,0,0,0,1,1,0,0,1,0,0,1,1,1,0,1,0,0,0,0,0,0,1,0,0,1,0,0,1,0,0,1,1,1,1,0,0,1,1,0,1,0,1,0,1,1,1,1,1,0,1,1,1,0,1,1,0,1,0,1,1,1,1,1,0,0,0,0,0,1,1,0,1,1,0,0,0,1,0,0,0,0,0,1,0,0,0,1,1,1,0,0,1,0,0,0,0,0,0,1,0,0
b7edcd50-0bd7-5b9c-a0e4-3e1f2be5a65c,bf01ce6c-de7a-57ce-8776-3be0e22bb383,Machakos Mangoes Farm #0055,Eastern Semi-Arid,Machakos,Mangoes,6.76,-1.756912,38.670886,8,True,Transitioning Agribusiness,1,12.0,3,Structured Farm,0.4,0.64,0.48,0.72,0.48,0.4,0.56,0.32,0,0,0,0,0,1,1,0,0,0,1,1,1,0,0,1,1,0,0,1,1,1,0,0,0,1,1,1,1,0,0,1,1,0,0,1,1,0,0,1,1,0,1,1,0,1,1,0,1,1,1,1,0,0,0,1,1,1,1,0,1,0,0,0,0,0,1,0,0,1,1,1,0,1,0,1,0,1,1,0,1,1,1,1,1,1,1,0,0,0,1,1,1,1,1,1,0,1,1,0,0,0,1,0,0,0,1,1,0,0,1,1,0,1,0,1,1,0,0,0,0,1,1,1,1,0,1,1,0,0,1,1,1,0,0,1,0,0,0,0,1,1,1,0,0,1,0,0,0,0,1,0,1,0,0,0,0,1,0,1,1,1,0,1,0,1,0,1,1,0,1,1,0,1,1,1,1,1,0,0,1,0,0,0,0,1,0,0,0,0,0,0,0,0,0,1,1,1,0,0
51951e84-f675-5b2e-9d34-f67b189a619d,0b0da3b6-1d86-5656-975f-aa61588db531,Trans Nzoia Potatoes Farm #0056,Rift Valley,Trans Nzoia,Potatoes,12.05,-0.674606,35.398962,12,True,Transitioning Agribusiness,1,12.96,3,Structured Farm,0.44,0.52,0.56,0.88,0.48,0.52,0.48,0.44,1,1,0,0,0,1,1,0,0,0,0,1,1,0,0,1,0,1,0,1,0,1,1,0,0,0,1,0,0,0,1,1,0,1,0,1,0,1,0,0,0,1,1,1,1,1,1,0,0,1,1,1,0,1,0,1,1,0,1,0,1,1,0,1,0,1,1,1,0,0,1,0,0,0,1,1,1,1,1,1,1,1,1,1,0,1,1,1,1,0,1,1,1,1,1,1,1,1,0,1,1,0,0,1,0,1,1,1,0,0,1,0,0,1,0,0,1,0,0,0,1,1,1,0,1,1,1,1,0,1,1,0,1,0,0,0,1,0,0,0,1,1,0,0,0,1,1,1,1,0,0,1,1,0,0,1,0,1,0,0,1,0,0,0,0,1,1,1,1,0,1,0,1,1,0,0,0,1,0,0,1,1,1,0,0,1,1,0,0,0,1,1,1,0,0,1,0,1,0,0
bac50350-65e9-5ea0-881a-152819de634f,610d6345-5daa-534f-8467-f9749b44fd05,Murang'a Avocado Farm #0057,Central Highlands,Murang'a,Avocado,1.95,-1.081699,37.774456,6,False,Informal Smallholder,0,6.6,2,Emerging Agribusiness,0.24,0.28,0.24,0.64,0.04,0.28,0.32,0.16,0,0,0,0,1,0,1,0,0,0,1,0,0,1,0,0,0,0,0,0,1,1,0,0,0,0,1,0,0,0,0,0,0,1,0,1,1,1,0,0,1,0,0,0,0,1,0,0,0,0,1,0,0,0,0,0,1,1,0,0,1,0,0,1,0,0,0,0,1,0,0,0,0,0,0,1,0,1,1,0,1,1,1,0,0,1,1,0,0,1,1,1,1,1,0,1,0,1,1,0,0,0,0,0,0,0,0,0,0,0,0,0,0,0,0,0,1,0,0,0,0,0,0,0,0,1,0,0,1,0,0,0,0,0,1,1,0,1,0,0,0,0,1,0,0,0,1,0,0,0,0,0,0,1,0,1,0,1,0,0,0,0,1,0,0,0,1,0,0,0,1,1,0,0,1,0,1,0,1,0,0,0,0,0,0,0,0,0,0,0,0,1,0,0,0,1,0,0,0,0
3d7a65db-5338-545f-98e2-1c9469b64c48,b81cebc1-beae-58c8-9f69-7fc754024bea,Nandi Potatoes Farm #0058,Rift Valley,Nandi,Potatoes,5.73,1.215494,36.248775,10,True,Transitioning Agribusiness,1,12.12,3,Structured Farm,0.48,0.36,0.64,0.6,0.44,0.68,0.56,0.28,0,0,0,1,1,1,0,0,0,0,1,0,1,0,0,1,1,1,1,0,1,1,1,0,0,0,1,0,0,0,1,0,0,0,0,1,1,0,0,0,1,1,0,0,0,1,1,0,1,0,0,1,1,1,0,1,1,0,1,0,1,1,0,1,0,0,1,1,1,0,1,1,1,1,0,1,1,1,0,1,1,1,1,1,0,1,1,1,0,0,1,1,1,0,0,0,1,0,0,0,0,0,1,0,1,1,1,1,0,0,1,0,0,0,0,1,1,0,1,0,1,0,0,1,0,1,1,1,0,0,1,1,1,1,0,1,0,1,0,0,1,1,1,1,0,1,1,1,0,1,0,1,1,1,0,1,1,0,1,0,1,1,0,0,0,1,1,0,0,0,1,1,1,0,1,1,1,0,0,0,1,1,0,0,0,1,1,0,0,0,1,0,0,0,0,0,0,0,0,0
f0d24f80-ff59-5df1-ace4-20e2523eb1ae,103e13b6-0087-5b13-9bc1-ec7a9c786429,Lamu Cashew Farm #0059,Coastal Lowlands,Lamu,Cashew,2.3,-3.069144,38.964244,14,True,Informal Smallholder,0,5.64,2,Emerging Agribusiness,0.16,0.2,0.24,0.56,0.2,0.2,0.2,0.12,0,0,1,0,0,0,0,0,0,0,0,1,0,1,0,0,0,0,0,0,0,0,0,1,0,0,0,1,0,0,1,0,0,1,0,0,0,0,0,0,1,1,0,0,0,0,0,0,0,0,0,0,0,0,0,1,0,1,0,0,0,0,0,1,0,1,1,0,0,0,0,0,0,0,1,1,1,1,0,0,1,1,0,1,1,1,1,0,1,0,1,0,1,0,0,1,0,0,1,0,1,0,0,0,0,0,0,0,0,1,0,0,0,0,1,1,0,0,0,0,1,0,0,0,0,0,1,0,0,0,0,1,0,0,0,0,0,0,0,0,0,0,0,0,0,1,1,1,0,0,1,0,0,0,0,0,0,1,0,0,1,0,0,0,1,0,0,0,0,0,0,1,0,0,0,0,1,0,0,0,0,0,0,1,0,0,0,0,0,0,0,0,0,0,0,0,0,1,0,0
1894c2fa-25c5-59f1-8bfc-881d8044c705,2a6af7a3-5afb-52c8-bf60-2f289d3f27e8,Machakos Pigeon Peas Farm #0060,Eastern Semi-Arid,Machakos,Pigeon Peas,3.32,-1.480055,38.444252,1,False,Informal Smallholder,0,5.64,2,Emerging Agribusiness,0.2,0.24,0.12,0.6,0.16,0.36,0.2,0.0,0,1,0,0,0,0,0,1,0,0,0,0,0,0,1,0,0,1,0,0,0,0,1,0,0,1,0,1,0,0,0,0,0,0,0,1,1,0,0,0,0,1,0,0,0,1,0,0,0,0,0,1,0,0,0,1,0,1,0,0,0,0,0,0,0,0,0,0,0,0,0,0,0,0,0,1,1,1,1,0,1,1,0,0,1,1,1,1,0,0,1,1,1,0,1,0,0,0,1,0,0,0,0,0,0,0,1,1,0,1,0,0,0,1,0,0,0,0,0,0,0,0,0,0,0,1,0,0,1,0,1,1,0,0,0,0,0,1,0,0,0,1,1,0,0,1,1,0,0,0,1,0,0,0,0,0,1,1,0,0,1,0,0,0,0,0,1,0,0,0,0,0,0,0,0,0,0,0,0,0,0,0,0,0,0,0,0,0,0,0,0,0,0,0,0,0,0,0,0,0
720adb47-d238-5b6e-bbf5-39c0f70bea97,9cb1c569-4029-5902-b372-bc9281afa10d,Siaya Sugarcane Farm #0061,Western Kenya,Siaya,Sugarcane,10.64,1.164917,34.068205,16,True,Transitioning Agribusiness,1,11.4,3,Structured Farm,0.4,0.48,0.48,0.72,0.44,0.64,0.4,0.24,0,1,1,0,0,0,1,0,1,0,0,0,1,1,0,1,0,1,0,0,1,0,0,0,1,1,0,0,1,0,1,1,1,0,0,1,1,0,0,0,0,1,1,1,0,1,0,1,0,0,0,1,0,0,1,1,0,1,0,0,1,0,0,1,0,1,1,0,1,0,1,1,0,1,0,1,1,1,0,0,1,1,1,1,0,1,1,0,1,1,1,1,1,0,0,1,1,0,1,1,0,1,0,1,0,0,1,0,0,0,1,1,1,0,0,0,1,0,1,0,1,0,1,0,1,1,1,0,1,0,1,1,1,1,1,1,0,1,0,1,1,0,0,0,1,1,1,1,0,0,0,0,1,0,0,1,1,1,0,0,1,1,0,0,0,1,0,0,0,0,1,1,1,0,0,0,0,0,0,0,1,0,0,1,0,1,0,0,0,0,1,0,1,0,0,0,1,0,0,0
823bf789-483d-54ae-bab0-871a0204488f,b0079560-175e-5d52-a29c-08f2cfabdf27,Embu Coffee Farm #0062,Central Highlands,Embu,Coffee,0.5,-0.30021,37.166981,19,False,Informal Smallholder,0,6.84,2,Emerging Agribusiness,0.32,0.2,0.32,0.6,0.32,0.36,0.12,0.04,1,1,1,0,0,0,0,1,0,0,1,1,0,0,0,1,0,0,0,0,1,0,0,0,0,1,0,1,0,0,1,0,0,0,0,0,1,0,0,0,0,0,0,0,0,0,0,1,0,0,1,0,0,1,0,1,0,0,1,0,0,0,1,0,0,0,0,1,0,0,1,0,1,0,0,1,1,0,0,0,1,1,1,0,1,1,1,0,0,0,1,1,1,0,0,1,1,1,0,1,1,1,0,0,0,0,1,0,0,0,0,0,1,1,0,1,1,0,1,0,0,0,0,0,0,1,0,0,0,0,1,1,1,0,0,1,0,0,0,0,1,1,1,0,0,0,0,1,0,0,0,0,0,0,0,0,0,0,0,0,0,0,0,0,0,1,1,0,0,0,1,0,0,0,0,0,1,0,0,0,0,0,0,0,0,0,0,0,0,0,0,0,0,0,0,0,0,0,0,0
0c4fa962-656e-5c36-8230-65162a01698d,9be44dba-8c36-59c7-994b-8860a15a9522,Kisumu Maize Farm #0063,Western Kenya,Kisumu,Maize,6.32,-0.427697,34.585435,6,True,Transitioning Agribusiness,1,11.04,3,Structured Farm,0.4,0.36,0.52,0.6,0.44,0.52,0.56,0.28,1,0,0,0,1,0,1,0,0,0,1,1,0,0,0,1,0,1,1,0,1,0,1,0,0,1,0,0,0,0,1,0,0,1,0,1,0,1,1,0,0,0,0,0,1,0,1,0,1,0,1,1,0,1,0,1,1,0,1,1,0,1,0,0,1,1,0,1,0,1,0,1,0,0,0,1,1,1,1,0,0,0,1,0,0,1,1,1,0,1,1,0,1,1,1,0,1,1,0,0,1,0,1,1,0,1,0,0,0,0,1,0,1,1,0,1,1,0,0,0,0,1,0,0,1,1,1,0,1,0,0,1,0,0,0,1,0,1,1,0,1,1,1,0,0,1,1,0,1,0,1,0,1,0,1,1,0,1,1,1,1,1,0,0,1,0,0,0,1,1,0,1,1,0,0,0,1,1,0,0,1,0,0,0,0,0,0,0,0,0,1,1,0,0,0,1,0,0,1,0
8af18190-6a75-5bf7-aa39-17aef6061303,41002e5d-e8cc-5ba9-b92d-d5e76d5df037,Trans Nzoia Dairy Farm #0064,Rift Valley,Trans Nzoia,Dairy,1.5,-1.06383,35.261953,19,True,Transitioning Agribusiness,1,12.6,3,Structured Farm,0.48,0.48,0.48,0.56,0.52,0.68,0.48,0.52,1,0,0,1,0,1,0,1,0,0,1,0,0,1,0,1,0,1,0,0,1,1,1,1,0,1,0,1,0,0,1,1,0,0,0,1,1,1,0,0,0,1,1,0,0,0,0,1,1,1,1,1,1,0,0,0,1,0,0,0,1,1,1,0,1,1,1,0,0,0,0,0,1,1,0,1,0,1,0,1,1,0,0,0,1,1,1,0,1,0,0,1,1,0,1,1,1,1,0,0,1,0,1,0,0,0,1,0,0,0,1,0,1,0,1,1,1,1,0,0,1,0,1,1,1,1,1,1,1,1,1,1,1,0,0,0,1,1,0,1,0,1,1,0,0,1,1,1,1,0,1,0,0,0,0,1,1,1,1,0,0,1,1,1,0,1,1,0,0,0,0,1,0,1,0,1,1,1,1,0,1,1,0,0,0,1,0,1,0,0,0,1,0,0,0,1,1,1,1,0
0bab0f41-ca4a-5ad0-bf32-48066df6be6a,67915f47-e553-551b-a3cb-d242912fbc31,Tharaka Nithi Green Grams Farm #0065,Eastern Semi-Arid,Tharaka Nithi,Green Grams,12.04,-0.272078,38.299736,6,True,Transitioning Agribusiness,1,12.72,3,Structured Farm,0.24,0.52,0.6,0.76,0.6,0.68,0.48,0.36,0,0,1,0,0,1,0,0,0,0,1,0,0,0,0,1,0,0,1,0,0,0,0,0,1,1,1,0,0,0,0,1,1,1,0,0,1,1,0,1,1,0,1,0,0,1,0,1,1,0,1,1,0,0,0,1,1,1,1,0,1,1,1,0,0,0,1,1,0,1,0,1,1,1,0,1,1,1,0,1,1,1,1,0,1,1,1,1,1,0,1,1,1,0,0,1,1,0,1,1,0,0,0,1,1,1,1,1,1,0,0,1,0,1,0,1,1,1,1,0,1,1,1,0,0,1,0,1,1,0,1,1,1,0,0,0,0,0,1,1,1,1,1,1,1,1,1,1,1,0,0,1,1,0,0,1,0,0,0,0,1,1,0,0,0,1,1,1,1,0,1,1,0,1,0,1,1,0,1,0,0,1,1,0,0,0,0,0,0,0,1,0,0,1,0,1,0,1,0,0
c86a9977-b853-5ebe-acb0-9d84aefff94a,cce76dc4-b02a-5571-9de1-78768bd302d7,Uasin Gishu Dairy Farm #0066,Rift Valley,Uasin Gishu,Dairy,10.53,-1.107719,36.261522,21,True,Transitioning Agribusiness,1,12.84,3,Structured Farm,0.52,0.48,0.52,0.72,0.64,0.64,0.4,0.36,0,1,0,1,0,1,1,0,1,0,1,0,1,0,0,1,1,0,1,0,0,1,1,1,0,1,1,0,0,0,1,0,0,0,0,1,1,1,0,1,1,1,0,0,1,1,0,0,0,1,1,1,0,0,0,1,0,0,1,0,1,1,1,0,1,0,1,1,0,0,0,1,1,1,0,1,1,1,0,0,1,1,1,0,1,1,1,1,0,0,1,1,0,0,1,1,1,1,1,1,1,1,1,1,0,1,1,0,1,1,1,1,1,1,0,1,1,0,0,0,1,1,0,0,0,1,1,1,0,1,1,1,0,0,0,1,1,1,0,1,1,1,1,0,1,0,1,0,1,0,1,0,1,0,1,0,1,0,1,0,1,1,1,0,0,0,0,1,0,1,0,0,0,0,0,1,0,0,0,0,0,0,1,1,0,1,1,0,1,0,0,1,0,0,0,0,1,1,0,0
5fc2c3c6-e6f2-52c3-b7b2-3e9262533964,e46cbeb2-42c0-5c43-a64f-36034ccbbbf3,Makueni Sorghum Farm #0067,Eastern Semi-Arid,Makueni,Sorghum,5.95,-1.709872,38.254573,16,True,Transitioning Agribusiness,1,10.92,3,Structured Farm,0.52,0.28,0.4,0.64,0.44,0.56,0.52,0.28,1,1,0,0,0,1,1,1,0,0,1,1,1,0,1,1,1,0,1,0,1,0,0,0,0,1,0,0,0,0,0,0,1,0,0,0,0,1,0,0,1,1,0,0,0,0,1,1,0,0,1,1,0,1,0,1,1,0,0,0,1,0,0,0,0,0,0,1,1,0,1,0,1,0,0,1,1,1,1,0,1,0,1,0,1,1,1,1,0,1,0,1,1,0,0,1,1,0,0,1,1,1,0,0,0,1,0,1,1,0,0,1,0,0,0,1,1,0,0,0,1,1,1,0,0,0,1,1,1,0,0,0,1,0,1,1,1,1,0,1,1,1,0,0,0,1,1,1,0,0,1,1,1,1,0,1,1,1,0,0,0,1,0,1,0,1,0,0,1,0,1,0,1,0,0,0,0,0,0,0,1,1,0,0,0,1,1,0,0,0,1,0,0,0,0,1,1,0,0,0
61b3ba29-c971-56ae-bc38-1d6077552ea8,93a4b4f7-9a8c-5b46-a8be-ce0169aad086,Lamu Vegetables Farm #0068,Coastal Lowlands,Lamu,Vegetables,0.5,-4.151406,38.777567,11,False,Informal Smallholder,0,5.88,2,Emerging Agribusiness,0.12,0.28,0.12,0.68,0.16,0.24,0.16,0.2,1,0,0,0,0,0,0,0,1,0,0,0,0,0,0,0,1,0,0,0,0,0,0,0,0,0,0,0,0,0,0,1,0,0,0,1,0,0,0,0,0,1,1,1,0,1,0,0,0,1,1,0,0,0,0,0,0,0,0,0,0,1,0,0,0,1,0,0,0,0,0,0,0,0,0,1,0,1,1,0,1,1,1,0,0,1,1,1,1,0,1,1,1,1,1,1,1,0,0,0,1,0,0,0,0,1,0,0,0,0,0,0,0,0,0,0,1,0,0,0,1,0,0,0,0,0,1,1,0,0,0,0,0,0,0,0,1,0,1,0,1,0,0,0,0,0,1,0,0,0,1,0,0,0,0,0,1,0,0,0,0,0,0,0,0,1,0,0,0,0,1,0,0,0,0,0,1,1,0,0,0,0,0,0,0,0,1,0,0,0,0,0,1,0,0,0,0,0,0,1
e53d11b6-9fd3-54f2-9198-4cbebdd3a4a8,8022c451-b564-5bc9-96ef-6b9fc394c840,Meru Avocado Farm #0069,Central Highlands,Meru,Avocado,2.15,-0.500405,36.909989,12,False,Informal Smallholder,0,5.64,2,Emerging Agribusiness,0.12,0.28,0.28,0.48,0.16,0.28,0.2,0.08,0,1,0,0,0,0,0,0,0,0,0,1,0,0,0,1,0,0,0,0,0,0,0,0,0,0,1,0,0,1,0,0,0,0,0,0,1,0,0,0,1,0,0,1,0,0,1,0,1,0,1,0,0,0,0,1,1,0,1,0,0,0,0,0,0,1,0,0,0,0,1,1,0,0,0,1,0,1,0,0,1,0,0,1,0,1,1,0,0,0,1,1,0,1,0,1,0,1,0,1,1,0,0,0,0,1,0,1,0,0,0,0,0,0,0,0,0,0,0,0,0,0,1,0,0,0,0,1,1,0,1,0,0,0,0,1,0,1,1,0,0,0,0,0,0,0,1,0,0,0,0,0,1,0,0,0,1,0,0,0,1,0,0,0,0,0,1,0,1,0,0,0,0,0,0,0,0,0,0,0,0,0,0,0,1,1,0,0,0,0,0,0,0,0,0,0,0,0,0,0
21b918ec-fea5-5791-bddd-08f2bce5b45d,1af5cfd4-563c-5b77-97ce-12c7c063ca86,Embu Coffee Farm #0070,Central Highlands,Embu,Coffee,2.21,-0.624178,37.263695,14,True,Informal Smallholder,0,4.92,5,Future Ready Farm,0.08,0.2,0.24,0.6,0.24,0.12,0.08,0.08,0,0,0,0,0,0,0,0,0,0,0,0,0,0,0,0,0,1,0,0,0,0,0,0,1,0,1,0,0,0,0,0,0,0,0,0,0,0,1,0,0,1,0,1,0,0,1,0,0,0,1,0,0,0,0,0,1,1,0,0,1,0,0,0,0,1,0,0,0,0,1,0,0,0,0,1,1,1,1,1,1,1,1,0,0,1,1,1,0,0,1,0,0,1,0,0,1,1,0,0,0,0,0,0,0,1,0,0,0,0,0,0,0,0,0,1,1,0,0,0,1,0,1,0,1,1,0,0,0,0,0,1,0,0,0,0,0,0,0,0,1,0,0,0,0,0,0,0,0,0,0,0,0,0,0,0,0,0,1,0,0,1,0,0,0,0,0,0,0,0,0,0,0,0,0,0,0,0,0,0,0,0,0,0,0,0,0,0,0,0,0,1,0,0,0,1,0,0,0,0
11a1501d-ef84-5168-9e99-76b508058dbd,fa08b0d3-ae17-5e1d-a193-729cc113b9e6,Kiambu Coffee Farm #0071,Central Highlands,Kiambu,Coffee,2.04,-0.195772,37.026071,6,True,Informal Smallholder,0,5.88,2,Emerging Agribusiness,0.12,0.2,0.24,0.56,0.16,0.4,0.16,0.12,0,0,0,0,0,0,0,0,0,0,1,0,0,0,0,0,0,0,0,0,1,0,1,0,0,0,0,1,0,0,1,1,1,0,0,0,0,1,0,0,0,0,0,0,0,0,0,0,0,0,1,0,0,0,0,1,0,0,0,0,0,1,0,0,0,0,0,1,0,0,1,0,0,0,1,1,0,1,1,0,1,0,1,0,0,1,0,1,1,0,1,1,0,0,1,1,1,0,1,0,0,0,0,0,0,1,0,0,0,0,0,0,0,0,0,0,1,0,0,0,0,1,1,0,0,1,1,1,0,0,0,0,0,0,0,0,0,0,1,1,1,0,1,0,0,0,1,1,1,0,1,0,0,0,0,0,0,0,0,0,1,0,0,1,0,0,0,0,0,0,1,0,0,0,0,0,0,0,0,0,1,1,0,0,0,0,0,1,0,0,0,0,0,0,0,0,0,0,0,0
64811cfe-c53c-5391-a5b5-952324eb61e9,ef18cc6c-8352-50d9-a17b-d0d56e10d27f,Meru Macadamia Farm #0072,Central Highlands,Meru,Macadamia,0.56,-1.078662,37.721211,17,False,Informal Smallholder,0,5.16,2,Emerging Agribusiness,0.2,0.12,0.28,0.64,0.12,0.2,0.08,0.08,1,0,0,0,0,0,0,0,0,1,1,0,0,0,0,0,0,0,1,0,0,1,0,0,0,0,0,0,0,0,0,0,0,1,0,0,0,0,0,0,0,0,1,0,0,1,0,0,0,0,1,0,0,0,0,1,0,1,0,0,0,1,1,0,0,1,1,0,0,0,0,0,0,0,0,1,0,1,1,1,1,1,0,0,0,1,1,1,0,1,1,0,0,0,0,1,1,1,1,1,0,0,0,0,0,0,1,0,0,0,0,0,1,0,0,0,0,0,0,0,0,1,0,0,0,1,0,0,0,0,1,0,0,0,0,0,0,0,0,0,1,1,0,0,0,0,0,1,0,0,0,0,0,0,0,0,0,0,0,0,0,0,0,0,0,0,1,1,0,0,0,0,0,0,0,0,0,0,0,0,0,0,0,0,0,0,0,0,0,0,0,0,0,0,0,1,1,0,0,0
ecc2e9a8-1f50-54f5-885c-09fe6a19ace4,3d90c7f0-6817-5fac-8dbc-71b169c1d8e9,Meru Horticulture Farm #0073,Central Highlands,Meru,Horticulture,28.66,-0.258599,36.945731,12,True,Commercial Market Leader,2,19.8,4,Investment Ready Farm,0.72,0.84,1.0,0.64,0.76,0.92,0.92,0.8,0,1,0,1,1,1,0,1,1,0,1,1,1,1,0,1,1,0,0,1,1,1,1,1,1,1,1,1,1,0,1,1,1,1,1,0,1,1,1,1,1,1,0,1,1,1,1,1,0,1,1,1,1,1,1,1,1,1,1,1,1,1,1,1,1,1,1,1,1,1,1,1,1,1,1,1,1,0,1,0,1,1,0,1,1,1,0,0,1,1,1,1,0,0,0,1,1,0,1,1,1,0,1,0,0,1,1,0,0,1,1,1,1,0,1,1,1,1,1,1,1,1,1,1,1,1,1,1,1,1,1,1,1,1,0,1,1,1,1,1,1,1,1,1,0,1,1,1,1,1,1,1,1,0,1,1,1,1,1,1,1,1,1,1,1,1,1,1,1,0,1,1,1,1,1,1,1,1,1,0,1,1,1,1,1,1,1,1,1,1,1,1,1,0,0,1,1,0,0,1
0667c98b-c01b-5d9d-bc95-3703faeaf891,a9917025-cea4-507c-b165-60d7e5932066,Tharaka Nithi Sorghum Farm #0074,Eastern Semi-Arid,Tharaka Nithi,Sorghum,2.99,-2.46353,37.451831,26,False,Informal Smallholder,0,4.56,5,Future Ready Farm,0.12,0.16,0.28,0.44,0.08,0.2,0.08,0.16,0,0,0,0,0,0,0,0,0,0,0,0,1,0,0,0,0,0,0,0,1,1,0,0,0,0,0,0,0,0,0,1,0,0,0,0,0,1,0,0,1,0,0,0,0,0,0,0,0,1,1,0,0,1,0,0,0,1,0,1,1,0,0,0,0,1,0,0,0,0,0,1,0,0,0,1,0,0,0,0,0,1,1,0,0,1,1,0,1,0,0,1,1,1,0,0,1,1,0,0,0,0,0,0,0,0,0,0,0,0,1,0,0,0,0,1,0,0,0,0,0,0,0,0,0,0,0,0,0,0,0,0,0,0,0,1,0,1,0,1,1,0,0,0,0,1,0,0,0,0,0,0,0,0,0,0,0,0,0,0,1,0,0,0,0,0,0,0,1,0,0,0,0,0,0,0,0,0,0,0,0,0,0,0,0,1,0,1,0,0,1,0,0,0,1,0,0,0,0,0
63735fe0-280b-562e-b76b-42a3e57cad85,828af889-cf94-511f-91aa-eb62dfb81263,Siaya Maize Farm #0075,Western Kenya,Siaya,Maize,4.17,0.751297,34.343106,17,False,Informal Smallholder,0,6.84,2,Emerging Agribusiness,0.2,0.12,0.36,0.68,0.24,0.4,0.16,0.12,0,1,0,0,1,1,0,0,0,0,0,0,1,0,0,0,0,0,0,0,1,0,0,0,0,0,0,0,0,0,0,1,0,0,0,1,0,0,0,0,1,0,0,0,0,0,0,0,0,0,1,0,1,0,0,1,1,1,0,0,0,0,0,0,0,0,1,1,0,0,1,0,0,1,0,1,0,1,0,1,1,1,1,1,0,1,1,1,0,0,1,1,1,1,0,1,0,1,0,1,1,0,0,0,0,0,0,0,0,0,0,1,1,1,0,1,0,0,0,0,0,1,0,0,0,1,0,0,0,0,0,1,1,0,0,1,0,1,0,0,1,0,0,1,0,0,1,1,0,1,1,0,0,0,0,1,0,0,0,0,0,0,0,0,0,0,0,1,0,0,1,0,0,0,0,0,0,0,0,0,1,0,0,0,0,0,0,0,0,0,1,0,0,0,0,1,0,0,0,0
5bc37249-306d-578e-b528-c764e77fb90f,5841ab10-c02b-5202-97b2-26c0328ad879,Meru Tea Farm #0076,Central Highlands,Meru,Tea,2.9,0.103378,37.132637,6,False,Informal Smallholder,0,6.12,2,Emerging Agribusiness,0.2,0.16,0.32,0.6,0.16,0.32,0.2,0.08,0,0,0,0,0,0,1,1,0,0,0,1,0,0,0,1,1,0,0,0,0,0,0,0,0,1,1,0,0,0,0,0,1,0,0,0,0,0,0,0,0,0,0,0,0,1,0,0,0,0,1,0,0,0,0,1,0,1,0,0,1,0,0,0,0,0,1,0,0,0,1,1,1,0,0,1,0,1,1,0,1,0,1,0,1,1,1,0,0,0,1,1,1,1,0,1,1,0,1,0,0,1,0,0,0,1,0,0,0,0,0,0,0,0,0,1,0,0,0,0,1,0,0,0,0,1,1,1,0,0,1,0,1,0,0,0,0,1,0,0,0,0,1,0,0,0,0,0,1,0,0,0,0,1,0,1,0,0,0,0,0,0,0,0,0,1,0,0,0,0,0,1,0,0,1,0,0,0,0,0,0,0,0,0,0,0,0,0,0,0,0,0,0,0,0,0,1,0,1,0
a0edac43-e52a-5723-8b9b-832a031fbeea,8b3edec7-0896-52b7-ac4c-caa378c3aef9,Kilifi Vegetables Farm #0077,Coastal Lowlands,Kilifi,Vegetables,2.23,-2.597869,38.587019,23,True,Informal Smallholder,0,5.76,2,Emerging Agribusiness,0.28,0.2,0.4,0.44,0.08,0.24,0.24,0.04,0,1,0,0,0,1,1,1,0,0,0,0,0,0,0,1,0,0,0,0,1,0,0,1,0,0,0,0,0,0,1,0,0,0,0,1,1,0,0,0,0,1,1,0,0,0,0,0,0,0,0,1,0,0,0,1,1,0,0,1,1,1,0,1,0,0,1,0,0,0,1,1,0,0,0,1,1,1,0,0,0,0,1,0,1,1,0,1,0,0,0,0,0,1,1,1,1,0,0,0,0,0,0,0,0,1,0,0,0,0,0,0,0,0,0,0,0,0,0,0,1,0,0,0,0,0,1,0,0,0,0,0,0,0,0,1,1,1,0,0,0,0,1,0,0,0,0,1,0,0,1,0,1,0,1,0,0,0,0,0,1,0,0,0,0,1,1,0,0,0,0,0,0,0,0,0,0,0,0,0,0,0,0,0,0,0,0,0,0,0,0,0,0,0,0,0,0,0,0,1
cfdde529-725f-5624-9ee0-8566501b30ab,13d9f88e-63a2-5da7-8832-d6d2a754d652,Busia Horticulture Farm #0078,Western Kenya,Busia,Horticulture,7.11,0.667364,34.690209,22,True,Transitioning Agribusiness,1,13.2,3,Structured Farm,0.6,0.4,0.6,0.76,0.6,0.44,0.56,0.44,1,0,1,1,0,1,1,1,1,0,1,1,0,0,0,1,1,0,1,0,1,0,1,1,0,1,1,0,0,0,1,1,1,0,0,1,0,1,0,0,0,1,0,0,0,1,0,1,0,0,1,1,0,1,1,1,0,1,0,1,0,1,1,0,1,1,1,1,0,0,1,1,0,0,0,1,1,1,1,0,1,1,1,0,1,1,1,1,1,0,1,1,1,1,0,1,1,1,0,0,1,1,1,0,0,1,0,0,0,0,1,1,1,1,1,1,1,0,1,0,1,1,1,0,0,1,0,0,0,0,0,1,1,0,0,1,1,1,0,0,1,0,0,1,0,0,1,1,1,0,1,1,1,0,1,1,0,1,1,0,1,0,0,1,0,1,1,1,1,0,0,0,1,0,0,1,0,0,0,0,0,0,0,1,0,1,0,1,0,1,1,1,1,1,0,0,0,1,1,0
43ea3aea-f673-5511-890c-80cc896de8ea,8143cc25-218d-5268-a610-206f4082f2ef,Vihiga Poultry Farm #0079,Western Kenya,Vihiga,Poultry,3.44,0.656099,34.178299,7,True,Transitioning Agribusiness,1,12.48,3,Structured Farm,0.44,0.6,0.68,0.64,0.28,0.56,0.56,0.4,1,0,0,0,0,1,1,0,0,0,1,0,1,0,1,1,1,0,1,1,0,1,0,0,0,1,1,1,1,0,1,0,0,0,0,1,0,1,1,0,1,1,1,1,0,1,1,1,0,0,1,1,1,1,1,1,1,1,1,0,1,0,0,0,0,1,1,1,0,1,1,1,1,0,0,1,1,0,0,1,0,1,1,0,0,1,1,1,1,0,1,1,1,0,1,1,1,0,1,0,1,0,1,0,0,1,0,0,0,0,1,0,0,0,0,1,0,1,0,0,0,1,0,0,0,1,0,1,0,0,0,1,0,1,0,1,1,1,1,0,0,1,1,1,0,1,1,1,0,0,1,1,1,1,0,1,1,1,0,1,0,1,1,1,1,0,0,0,0,0,0,1,0,1,0,1,0,1,0,0,0,0,0,0,0,1,0,0,1,1,1,0,1,1,0,0,1,0,1,0
d7bda7d2-12d1-5aed-9a6b-defe1dc9109f,59f02c03-4ec8-5781-a4db-20b6c4263621,Lamu Cashew Farm #0080,Coastal Lowlands,Lamu,Cashew,5.7,-2.711102,39.292113,18,True,Transitioning Agribusiness,1,10.92,3,Structured Farm,0.6,0.36,0.4,0.52,0.44,0.36,0.44,0.52,1,1,1,1,0,1,0,1,0,0,1,0,0,0,0,1,1,1,1,1,1,0,1,1,0,1,0,0,1,0,1,1,0,0,0,0,1,0,0,0,1,1,0,0,0,1,1,0,0,0,0,0,1,1,0,0,0,0,0,0,0,0,0,0,0,1,1,1,0,1,1,1,0,1,1,1,1,0,0,0,0,1,1,1,1,1,1,1,0,0,0,0,1,1,0,1,1,0,0,0,1,1,0,0,0,0,1,1,0,0,1,0,0,0,0,1,1,1,0,0,1,1,0,0,1,0,0,1,0,1,0,0,0,0,0,1,0,0,1,0,1,1,0,0,0,1,1,1,0,0,1,0,0,0,0,1,1,1,0,0,0,0,1,0,0,1,0,0,0,1,1,1,1,0,1,0,1,1,0,0,0,1,1,1,1,0,1,0,1,0,1,1,1,0,0,1,0,0,1,0
37cabefd-6208-5cbc-8402-cff6689d42b1,5b2dd52e-d4a8-5a57-8e7a-587b9fe27f41,Tharaka Nithi Pigeon Peas Farm #0081,Eastern Semi-Arid,Tharaka Nithi,Pigeon Peas,3.77,-2.419704,38.688255,17,False,Transitioning Agribusiness,1,12.36,3,Structured Farm,0.52,0.36,0.6,0.68,0.56,0.48,0.64,0.28,1,1,0,1,0,1,0,0,0,0,0,1,1,0,1,1,1,1,0,0,1,1,0,1,0,1,0,0,0,0,1,0,0,0,0,1,0,0,0,0,1,0,1,1,0,1,0,1,0,1,0,1,0,1,0,1,1,1,1,0,0,1,1,1,0,1,1,0,1,0,0,1,1,0,1,1,0,0,0,1,1,1,1,1,0,1,1,1,1,0,0,1,1,0,1,1,1,1,0,1,1,1,0,1,0,1,0,1,1,0,1,1,1,0,0,1,1,0,1,1,1,0,0,0,0,1,1,0,0,0,0,1,1,1,0,0,1,1,1,0,1,0,0,1,0,0,0,0,1,1,1,0,1,0,0,1,1,1,1,0,1,1,1,0,0,1,1,1,1,0,1,1,1,0,0,1,0,1,0,0,0,0,0,0,0,0,1,0,0,0,0,0,0,0,1,1,1,0,1,0
9b3de8dd-cf11-5c89-bc68-b769f9c569a5,d9547e4a-8772-52ad-864c-a76ea913f1bb,Machakos Green Grams Farm #0082,Eastern Semi-Arid,Machakos,Green Grams,2.35,-0.642786,38.377494,15,True,Informal Smallholder,0,6.0,2,Emerging Agribusiness,0.2,0.16,0.2,0.56,0.28,0.24,0.28,0.08,1,1,1,1,0,0,0,0,0,0,0,0,0,0,0,1,0,0,0,0,0,0,0,0,0,1,0,0,0,0,0,0,0,0,0,1,0,0,0,0,0,1,0,0,0,0,1,0,0,0,1,0,0,0,0,0,1,0,0,0,1,0,0,0,0,1,0,0,0,0,1,0,0,0,0,1,0,0,1,0,1,1,1,0,0,1,1,0,1,0,1,1,1,0,1,1,0,1,0,0,1,0,0,0,0,1,0,0,0,0,0,0,0,1,0,1,0,0,0,0,0,0,1,1,1,0,0,1,0,0,1,1,0,0,0,0,0,0,0,0,1,0,0,0,0,1,0,1,0,0,1,0,1,0,0,1,0,0,0,0,1,1,0,0,1,0,0,0,0,0,1,0,0,0,0,0,0,0,0,0,0,0,0,0,0,0,0,0,0,0,0,0,0,0,0,0,1,0,1,0
9a5b4356-7fe8-5381-aa32-d6ee028f16cb,908c9197-e12d-5d31-a853-8ba7e593c5bf,Nandi Maize Farm #0083,Rift Valley,Nandi,Maize,3.89,0.016613,36.197411,3,True,Transitioning Agribusiness,1,11.4,3,Structured Farm,0.52,0.32,0.68,0.56,0.48,0.48,0.48,0.28,0,1,0,0,1,1,1,1,0,0,1,1,1,0,0,1,1,0,1,0,1,1,0,0,0,0,0,0,0,0,0,1,0,0,0,1,1,0,0,0,0,1,1,0,0,1,1,1,0,0,1,1,0,1,1,1,1,1,0,0,1,1,1,0,0,1,1,0,0,1,1,1,1,1,0,1,0,1,1,0,1,0,1,0,0,1,1,1,0,0,1,1,1,0,0,1,1,0,1,0,1,0,1,1,0,1,0,0,0,0,1,1,0,0,1,1,0,1,0,1,1,0,1,0,0,1,0,0,0,1,1,0,1,0,1,0,1,1,0,0,1,1,0,0,1,1,1,0,0,0,0,1,1,0,0,1,0,0,1,0,1,1,1,0,0,1,1,1,0,0,1,1,0,0,0,1,0,0,0,0,1,1,1,0,0,0,0,0,1,0,0,1,0,0,0,0,1,0,0,0
7773c976-5b86-5d22-97f5-3dc18f781b3a,e94aa09f-b1ff-532c-82d9-cc726868809e,Lamu Vegetables Farm #0084,Coastal Lowlands,Lamu,Vegetables,4.62,-3.546802,40.354998,14,True,Informal Smallholder,0,5.88,2,Emerging Agribusiness,0.2,0.24,0.28,0.52,0.08,0.36,0.2,0.08,0,1,0,0,0,1,1,0,0,0,0,0,0,0,0,0,1,0,0,0,0,0,1,0,0,0,0,1,0,0,0,0,0,0,0,1,0,0,0,0,1,0,0,1,0,1,1,0,0,0,1,0,0,1,0,0,0,0,1,0,0,0,0,0,0,1,1,0,0,0,0,1,0,1,0,1,1,1,0,1,0,1,0,1,1,1,0,0,0,0,1,0,1,0,1,1,1,0,0,0,0,0,0,0,0,1,1,0,0,0,0,0,0,0,0,0,0,0,0,0,0,0,0,0,0,1,1,1,0,0,1,0,1,0,0,1,0,0,0,0,0,0,1,0,0,1,0,0,1,0,0,0,0,0,0,1,0,0,0,1,0,0,0,0,0,1,0,0,0,0,1,0,1,0,0,0,0,0,0,0,0,0,0,0,0,0,0,1,0,0,0,0,1,0,0,0,0,0,0,0
2649dbfa-b263-5a05-88d2-8d205c530d17,795e12f5-d263-5d26-a59f-cbb735de4fb2,Nakuru Tea Farm #0085,Rift Valley,Nakuru,Tea,2.76,1.284565,35.753629,12,False,Informal Smallholder,0,5.28,2,Emerging Agribusiness,0.16,0.2,0.2,0.56,0.12,0.32,0.12,0.08,1,0,0,0,0,0,0,0,0,0,1,0,0,0,0,0,0,0,0,0,1,1,0,0,0,0,0,0,0,0,1,0,0,0,0,0,1,0,0,0,1,1,0,0,0,0,1,0,0,0,0,0,1,0,0,0,0,0,0,0,1,0,0,0,0,0,0,0,0,0,1,0,1,1,0,1,1,0,1,0,1,0,0,1,0,0,1,0,1,1,0,1,1,1,1,1,0,1,0,0,1,0,0,0,0,0,0,0,0,0,0,0,0,0,0,0,1,0,1,0,0,0,0,0,0,0,0,0,0,0,0,1,1,0,1,1,1,1,0,0,1,0,0,0,0,1,0,0,0,0,0,0,0,0,0,1,0,0,0,0,1,0,0,0,0,0,0,0,0,1,0,0,0,0,0,0,0,0,0,0,0,0,0,0,0,0,0,0,0,0,1,0,0,0,1,0,0,0,0,0
ddd95349-8077-5a77-bd45-ba4d6fc52bfe,5dd56f8c-26a8-5c53-b26e-5a5e595fcab9,Kwale Vegetables Farm #0086,Coastal Lowlands,Kwale,Vegetables,0.5,-2.483487,39.770308,11,False,Informal Smallholder,0,4.8,5,Future Ready Farm,0.24,0.2,0.24,0.36,0.04,0.16,0.28,0.08,0,1,0,0,0,0,0,0,1,1,1,0,0,0,0,1,0,0,0,0,0,0,0,1,0,1,1,0,0,0,1,0,0,0,0,0,1,0,0,0,0,0,0,0,0,0,1,0,0,0,0,0,1,0,0,0,0,1,0,0,0,1,0,0,0,0,0,1,0,0,0,1,1,0,0,1,0,1,0,0,1,0,0,0,0,1,0,0,1,0,1,1,0,0,0,1,1,0,0,0,0,0,0,0,0,0,0,0,0,0,0,1,0,0,0,0,0,0,0,0,0,0,0,0,0,0,0,1,0,0,1,0,0,0,1,0,0,0,0,0,0,1,0,0,0,0,0,0,0,0,1,0,0,1,0,0,1,0,0,0,1,0,0,0,0,1,1,0,1,0,0,0,0,0,0,0,0,0,0,1,0,0,0,0,0,0,0,1,0,0,0,0,0,0,0,0,0,0,0,0
fc172af0-92ce-5c16-a3d5-de67f1d412b7,cd3eee54-6820-5f60-ad32-e68c6ab26c34,Embu Horticulture Farm #0087,Central Highlands,Embu,Horticulture,4.81,-0.196528,37.166309,21,True,Transitioning Agribusiness,1,13.2,3,Structured Farm,0.52,0.6,0.6,0.76,0.52,0.44,0.56,0.4,1,1,0,0,0,1,0,1,0,0,1,1,1,0,0,0,1,0,1,1,1,1,1,0,0,1,1,1,0,0,1,1,1,0,0,1,0,1,1,0,1,1,1,0,0,1,1,0,1,0,1,1,1,1,1,1,0,0,1,0,1,0,1,0,0,1,1,0,0,0,1,1,1,1,0,1,1,1,1,0,1,1,0,1,0,1,1,1,1,0,0,1,1,0,1,1,1,1,1,1,0,1,1,0,0,0,1,1,1,0,1,1,1,0,0,1,0,1,1,0,1,0,1,0,0,1,0,0,0,0,1,1,1,0,0,0,1,0,0,0,1,0,1,0,0,1,1,1,0,1,1,1,1,0,0,1,1,1,0,0,1,0,1,0,0,1,1,1,0,0,0,1,1,0,1,1,0,0,0,0,0,1,0,0,0,1,0,1,0,1,1,1,1,0,0,1,0,0,1,0
87a336ee-c8a3-5e6c-af0a-467f62cc4408,78b55fa5-0e51-5c99-ab59-2aae017b07ac,Taita Taveta Cassava Farm #0088,Coastal Lowlands,Taita Taveta,Cassava,0.5,-4.263714,40.128279,19,False,Informal Smallholder,0,6.6,2,Emerging Agribusiness,0.2,0.36,0.2,0.6,0.2,0.28,0.24,0.12,0,1,1,0,0,0,0,0,0,0,0,0,0,0,1,0,1,0,0,0,1,0,0,0,0,1,0,1,0,0,0,1,0,1,1,0,0,0,0,0,1,0,1,0,0,0,1,0,1,0,1,0,0,1,1,0,0,0,0,0,0,0,0,0,0,1,0,0,0,0,0,0,0,1,0,1,1,0,0,0,0,1,1,1,0,1,1,1,1,0,1,1,1,1,0,1,0,0,1,0,0,1,0,0,0,0,0,0,0,0,1,0,1,0,0,1,0,0,0,0,0,1,0,0,0,0,0,0,1,0,0,1,0,1,0,1,0,1,0,0,1,1,0,0,0,0,0,0,0,0,0,0,0,0,0,0,0,1,1,0,1,1,0,0,0,0,1,0,0,0,0,0,1,0,0,0,1,0,0,0,1,0,0,0,0,0,0,0,0,0,0,0,0,0,0,1,0,0,0,0
1583c52c-7f9d-5ac7-849b-4626055494c6,9933cfab-7b3c-5961-8a27-b57d0e2f9353,Embu Macadamia Farm #0089,Central Highlands,Embu,Macadamia,0.5,-1.118249,37.302069,13,True,Informal Smallholder,0,5.28,2,Emerging Agribusiness,0.04,0.28,0.16,0.48,0.16,0.32,0.24,0.08,0,0,0,0,0,0,0,0,0,0,0,0,1,0,0,0,0,0,0,0,0,0,0,0,0,0,0,0,1,0,1,0,0,1,0,1,0,1,0,0,0,1,0,0,0,0,0,1,0,0,0,0,0,0,0,0,0,0,0,1,0,1,1,0,0,0,0,0,0,0,0,0,1,0,0,1,1,1,0,0,0,1,1,0,0,1,0,1,1,1,1,0,0,0,0,1,1,0,0,0,1,0,0,0,0,0,0,1,0,0,0,0,0,0,0,0,0,0,0,0,1,0,0,0,1,1,1,1,0,1,0,0,0,0,0,1,1,1,0,0,1,0,0,0,0,0,0,0,0,0,0,0,0,0,0,1,1,0,0,0,1,0,0,1,0,0,1,0,0,0,1,0,0,0,0,0,0,0,0,0,0,0,0,0,0,1,0,0,0,0,0,0,0,0,0,1,0,0,0,0
853fdd6f-30ab-5e34-b39d-dc05ad99190f,156717f1-a555-58e8-8127-7d98bf10b1d8,Kwale Fish Farming Farm #0090,Coastal Lowlands,Kwale,Fish Farming,10.09,-2.997352,38.791144,14,False,Transitioning Agribusiness,1,11.52,3,Structured Farm,0.64,0.32,0.48,0.48,0.44,0.56,0.48,0.44,0,1,1,1,1,1,1,1,1,0,1,0,1,0,0,1,0,1,0,0,1,1,0,1,1,1,0,0,0,0,1,1,0,0,0,1,1,0,0,0,0,0,1,0,0,1,1,0,0,0,1,0,1,1,0,1,1,0,1,0,1,1,0,0,1,0,0,1,0,0,0,1,0,1,0,1,1,0,0,0,1,1,1,1,0,1,1,0,0,0,1,0,1,0,0,0,0,1,1,0,0,0,0,0,0,1,0,1,0,0,1,1,0,0,0,1,1,0,0,1,1,1,1,1,0,1,1,0,0,0,1,1,0,1,0,0,1,0,1,0,1,1,1,1,0,1,0,1,0,1,1,1,0,0,0,1,1,0,0,0,1,1,0,1,0,1,0,0,1,0,1,1,0,1,0,1,0,0,0,0,0,1,1,0,1,1,1,1,1,0,1,1,0,0,0,1,0,0,0,0
803ad5b6-6214-5c07-94dd-ab24790049cc,2826582e-61ef-5edf-ac58-d4bd7d4d8356,Tharaka Nithi Sorghum Farm #0091,Eastern Semi-Arid,Tharaka Nithi,Sorghum,1.61,-0.024605,37.473742,3,False,Informal Smallholder,0,4.8,5,Future Ready Farm,0.16,0.2,0.16,0.56,0.16,0.2,0.12,0.04,0,1,0,0,0,1,0,0,0,0,0,0,0,0,0,0,1,0,0,0,0,1,0,0,0,0,0,0,0,0,0,1,0,0,0,0,0,0,0,0,1,0,1,0,0,1,1,0,0,0,1,0,0,0,0,0,0,0,0,0,0,1,0,0,0,0,0,0,0,1,0,1,0,0,0,1,1,0,1,0,1,1,0,0,0,1,0,1,1,1,0,1,1,1,0,1,0,0,0,1,1,0,0,0,0,1,0,0,0,0,0,0,0,0,0,0,0,0,1,0,1,0,0,0,0,1,0,0,0,0,0,0,0,0,0,0,0,0,0,0,0,1,1,0,0,1,1,0,0,0,0,0,0,1,0,0,0,0,0,0,0,0,0,0,0,1,0,0,0,0,1,0,0,0,0,0,0,0,0,0,0,0,0,0,0,0,0,0,0,0,0,0,0,0,0,1,0,0,0,0
7e608219-3ce4-559d-ac9f-56af6118ae0e,660e5717-1ca3-5eca-afdd-df3c3a703db8,Kwale Vegetables Farm #0092,Coastal Lowlands,Kwale,Vegetables,7.88,-3.713247,39.946859,17,True,Transitioning Agribusiness,1,10.92,3,Structured Farm,0.4,0.32,0.48,0.68,0.44,0.52,0.56,0.24,1,1,1,0,1,0,1,0,0,0,0,1,0,1,0,0,0,1,0,0,0,1,0,0,1,0,0,1,1,0,1,0,0,1,1,1,0,0,0,0,0,0,0,0,0,1,0,0,1,0,1,0,0,1,0,1,1,1,1,0,1,0,0,0,0,0,1,1,0,1,1,1,0,0,0,1,1,0,0,0,1,1,1,0,0,0,1,1,0,1,1,1,1,1,1,1,1,1,0,1,1,0,0,0,0,1,1,1,0,0,1,1,1,0,0,1,1,0,0,0,1,1,0,0,0,1,0,1,1,0,1,0,1,1,0,1,0,1,1,0,0,0,1,0,0,0,1,1,0,1,1,1,1,1,0,1,1,1,1,0,1,1,0,1,0,0,1,0,0,0,1,0,1,0,0,0,0,0,0,0,1,1,1,0,0,1,0,1,0,0,0,0,0,0,0,0,1,0,0,0
88a6ec55-3636-53d3-9d47-db0e25248842,4dc7f551-a6a2-51ea-aa65-b6166d9aab22,Trans Nzoia Tea Farm #0093,Rift Valley,Trans Nzoia,Tea,1.12,-0.548098,36.382774,7,False,Informal Smallholder,0,4.44,5,Future Ready Farm,0.08,0.16,0.16,0.48,0.16,0.32,0.04,0.08,0,0,0,0,0,1,0,0,0,0,1,0,0,0,0,0,0,0,0,0,0,0,0,0,0,1,0,0,0,0,0,0,0,1,0,1,0,0,0,0,0,0,1,0,0,0,0,0,0,0,0,1,0,0,0,1,1,0,0,0,0,0,0,0,0,0,0,0,0,0,0,0,0,1,0,1,1,0,1,0,1,1,0,0,0,1,1,0,0,0,1,1,1,1,0,0,1,0,0,0,1,0,0,0,0,0,0,0,0,0,0,0,1,1,0,0,0,0,0,1,0,0,0,0,0,1,0,0,0,0,1,1,0,0,0,1,0,0,0,0,0,1,0,0,0,0,1,1,1,0,0,0,0,0,0,1,0,0,0,0,0,0,0,0,0,0,0,0,0,0,0,0,0,0,0,0,0,0,0,0,0,0,0,0,0,1,0,0,0,0,0,0,1,0,0,0,0,0,0,0
33fac84f-4e59-55bc-880a-b4b3e4f6bf99,c06ca0fb-7da4-5b04-86a0-3bea777eb067,Bungoma Sugarcane Farm #0094,Western Kenya,Bungoma,Sugarcane,2.03,0.401731,34.57923,11,True,Informal Smallholder,0,5.52,2,Emerging Agribusiness,0.12,0.2,0.24,0.68,0.12,0.32,0.16,0.0,1,0,0,0,0,0,1,0,0,0,0,0,0,0,0,1,0,0,0,0,0,0,0,0,0,1,0,0,0,0,1,0,0,0,0,1,0,0,0,0,0,1,0,0,0,0,1,0,0,0,1,1,0,0,0,0,0,0,0,0,1,0,1,0,0,0,0,0,1,0,1,0,0,0,0,1,0,0,1,0,1,1,1,0,1,0,1,0,0,1,1,1,1,1,1,1,1,1,1,0,0,1,0,0,0,0,0,1,0,0,0,0,0,0,0,1,0,0,0,0,0,0,0,0,0,1,1,1,0,0,1,1,1,0,0,0,0,0,0,0,0,0,0,1,0,0,0,0,0,1,0,1,1,0,0,0,0,0,1,0,0,0,0,0,0,1,0,0,0,0,0,0,0,0,0,0,0,0,0,0,0,0,0,0,0,0,0,0,0,0,0,0,0,0,0,0,0,0,0,0
808ea3de-d98b-5b16-a08f-edee089ec49e,26077139-3bd7-5ae8-aa30-6fb3cefbe63f,Tharaka Nithi Livestock Farm #0095,Eastern Semi-Arid,Tharaka Nithi,Livestock,3.52,-0.918278,38.704028,4,False,Informal Smallholder,0,4.8,5,Future Ready Farm,0.08,0.28,0.2,0.56,0.12,0.28,0.08,0.0,0,0,0,0,0,0,0,0,0,0,1,0,0,0,0,0,0,0,0,0,1,0,0,0,0,1,1,0,0,0,1,0,0,0,0,1,0,0,0,0,0,1,0,0,0,1,1,0,0,0,0,0,1,0,0,1,1,0,0,0,0,0,0,1,0,0,0,0,0,0,1,0,0,0,0,1,1,1,0,1,0,1,1,0,1,1,0,0,1,1,1,0,1,0,0,0,1,0,1,0,0,0,0,0,0,0,0,0,0,1,0,1,0,0,0,0,0,0,0,0,1,0,0,0,0,0,1,0,0,0,1,1,0,0,0,0,0,0,0,0,1,0,0,1,0,1,1,0,0,0,0,0,1,0,0,0,0,0,0,0,0,0,0,0,0,0,0,0,0,0,0,1,0,0,0,0,0,0,0,0,0,0,0,0,0,0,0,0,0,0,0,0,0,0,0,0,0,0,0,0
ede91749-8b0a-50c2-a403-f42e87f96fec,b72265b6-2922-582b-948c-0151211ccd8f,Bungoma Cassava Farm #0096,Western Kenya,Bungoma,Cassava,5.77,0.869239,34.54323,21,True,Transitioning Agribusiness,1,12.72,3,Structured Farm,0.52,0.52,0.68,0.48,0.44,0.56,0.48,0.56,0,1,0,0,0,1,0,0,1,1,1,1,1,1,0,1,1,0,0,0,1,0,1,1,0,0,0,1,1,1,1,1,0,0,0,1,1,0,0,0,1,0,0,1,0,1,1,1,1,0,1,0,1,0,1,0,1,1,1,0,1,1,0,1,0,1,1,1,1,1,1,1,1,0,0,1,1,1,0,0,1,0,1,1,0,1,0,0,0,0,0,1,1,0,1,1,0,1,0,0,0,0,0,0,0,1,0,1,0,0,1,1,1,0,1,1,1,1,0,1,1,0,0,0,0,1,0,0,1,0,1,0,0,0,0,1,0,0,0,1,1,1,1,1,0,1,1,1,1,1,1,0,1,0,0,1,0,1,0,1,1,0,1,0,0,1,1,1,0,0,1,1,0,0,0,1,0,0,0,1,0,1,0,0,0,1,1,0,0,1,1,1,1,1,0,1,1,1,1,0
4c3cb467-2b01-588d-b2cc-8130772c7b39,45592ffd-a68d-5d9d-814f-107e16a07744,Bungoma Maize Farm #0097,Western Kenya,Bungoma,Maize,0.5,0.632968,34.502705,7,True,Informal Smallholder,0,4.8,5,Future Ready Farm,0.2,0.12,0.12,0.52,0.12,0.32,0.16,0.04,1,0,0,0,0,1,0,0,0,0,0,1,0,0,0,0,0,0,0,0,1,0,1,0,0,0,0,0,0,0,0,0,0,0,0,1,0,0,0,0,0,0,0,0,0,1,0,1,0,0,1,0,0,0,0,0,0,0,0,0,1,0,0,0,0,1,0,0,0,0,0,0,0,0,0,0,1,1,1,0,1,0,1,0,0,1,0,1,0,1,1,1,0,0,0,1,1,1,0,0,0,0,0,1,0,0,0,0,0,0,0,0,0,1,0,0,0,0,0,0,0,0,1,0,0,1,0,0,0,0,1,1,1,0,0,0,1,0,0,1,0,0,0,0,0,1,0,1,0,0,0,0,0,0,1,0,0,1,0,0,1,0,0,0,0,0,0,0,0,0,0,1,0,0,0,0,0,0,0,0,0,0,0,0,1,0,0,0,0,0,0,0,0,0,0,0,0,0,0,0
2659476b-967e-5a10-8f7a-17394979ffd5,2bcb0a6a-6af7-56dc-b5e5-2f4e8222db5b,Kirinyaga Macadamia Farm #0098,Central Highlands,Kirinyaga,Macadamia,3.64,-0.154424,37.033052,19,False,Informal Smallholder,0,5.4,2,Emerging Agribusiness,0.08,0.28,0.32,0.36,0.16,0.2,0.4,0.0,0,0,0,0,1,0,0,0,0,0,0,0,0,0,0,0,0,0,0,0,0,1,0,0,0,0,1,0,1,0,0,1,0,0,0,0,1,1,0,0,0,1,0,1,0,0,0,0,0,0,0,1,0,1,0,1,0,0,0,0,1,1,0,0,0,1,0,1,0,0,0,0,1,0,0,0,0,1,0,0,1,1,1,0,1,1,0,0,0,0,0,1,0,0,0,1,0,1,0,0,0,0,0,1,0,1,0,0,0,0,0,1,1,0,0,0,0,0,0,0,0,0,0,0,0,0,0,0,0,0,0,0,0,0,0,0,1,0,0,0,1,1,0,0,0,0,1,0,1,0,1,1,1,0,0,0,0,0,1,0,0,1,0,1,1,0,0,0,1,0,1,1,0,0,0,0,0,0,0,0,0,0,0,0,0,0,0,0,0,0,0,0,0,0,0,0,0,0,0,0
26d08bc9-3308-54e4-8ffb-443aa733f37c,bd8aea91-59b4-5528-96e6-4f2fce914018,Vihiga Maize Farm #0099,Western Kenya,Vihiga,Maize,2.03,-0.428811,35.166947,6,True,Informal Smallholder,0,5.88,2,Emerging Agribusiness,0.24,0.28,0.24,0.44,0.2,0.24,0.16,0.16,0,0,0,0,0,1,0,0,1,0,0,0,0,0,0,0,0,1,0,0,1,1,1,0,0,0,1,0,0,0,1,0,0,0,0,0,1,0,0,0,1,1,0,0,0,1,1,0,0,0,0,1,0,0,0,0,0,0,1,0,1,1,0,1,0,1,0,0,0,0,0,0,0,0,0,1,0,0,0,0,1,1,1,0,0,1,0,1,0,0,1,0,0,0,0,1,1,1,1,0,0,0,0,0,0,0,0,0,0,0,0,1,1,0,0,0,0,1,0,1,1,0,0,0,0,1,0,0,0,0,0,0,0,0,0,0,1,0,0,0,0,1,0,0,0,1,1,1,0,0,0,0,0,0,0,1,0,1,0,0,0,0,0,0,0,0,0,0,0,0,1,0,1,0,0,0,1,0,1,0,0,0,0,0,0,0,1,0,0,0,0,0,0,0,0,0,0,1,0,0
69debbed-73c3-5924-9553-9755a7f97382,e14f0729-27d1-5149-9bf2-c848fa38dc48,Taita Taveta Vegetables Farm #0100,Coastal Lowlands,Taita Taveta,Vegetables,19.9,-3.64143,38.973406,11,True,Commercial Market Leader,2,19.56,4,Investment Ready Farm,0.72,0.8,0.96,0.92,0.68,0.92,0.88,0.64,1,1,0,0,1,1,1,1,0,1,1,1,0,1,1,1,1,1,1,1,0,1,1,0,0,1,1,1,1,0,1,1,0,1,1,1,1,1,1,1,1,1,1,1,1,1,0,0,1,0,1,1,1,1,1,1,1,1,1,1,1,1,1,1,1,1,1,1,1,1,1,1,1,1,0,1,1,1,1,1,1,1,1,1,0,1,1,1,1,1,1,1,1,1,0,1,1,1,1,1,1,1,1,0,0,1,0,1,1,1,1,1,0,0,1,1,1,1,1,1,1,1,0,0,0,1,1,1,0,1,1,1,1,1,1,1,0,1,1,1,1,1,1,1,1,1,1,1,1,1,1,1,1,1,1,1,0,1,1,1,0,1,1,0,1,1,1,1,1,1,1,1,1,1,1,1,1,1,0,0,1,0,1,0,0,1,0,1,1,0,1,1,1,0,0,1,1,1,1,1
c7967544-4a7b-5993-8cee-8d365e412840,5936f36a-e514-57db-88cf-8d92de55a8dc,Meru Coffee Farm #0101,Central Highlands,Meru,Coffee,24.59,0.274531,37.369158,10,True,Commercial Market Leader,2,19.56,4,Investment Ready Farm,0.84,0.8,0.72,0.8,0.88,0.84,0.84,0.8,1,1,1,1,1,1,1,1,1,0,1,1,1,0,1,0,1,1,1,1,1,1,0,1,1,1,1,0,1,1,0,1,1,1,1,1,1,1,0,1,1,1,1,1,0,1,1,1,0,1,1,1,0,1,1,1,1,0,0,1,1,1,1,0,0,1,1,1,1,0,1,0,1,1,1,1,0,1,0,1,1,1,1,1,1,1,1,1,1,1,0,1,1,1,1,1,1,0,1,0,1,1,0,1,1,0,1,1,0,1,1,1,1,1,1,1,1,1,1,1,1,1,1,1,1,1,1,1,1,1,1,1,1,0,0,1,1,1,1,1,1,1,1,1,0,1,1,1,1,0,1,1,1,1,1,0,1,1,1,0,1,1,1,0,1,1,1,1,1,0,1,1,1,1,1,1,1,1,1,0,1,1,1,1,0,1,0,1,1,0,1,1,1,1,0,1,1,1,1,1
e362e9d5-a95a-57cc-9097-f1dc374d8874,2a078618-e78b-53f3-916c-1eace3a6e3cd,Vihiga Horticulture Farm #0102,Western Kenya,Vihiga,Horticulture,8.15,0.455716,34.036937,9,True,Transitioning Agribusiness,1,10.44,3,Structured Farm,0.28,0.32,0.6,0.68,0.48,0.44,0.4,0.28,0,0,1,1,0,0,0,1,0,0,0,1,0,0,0,1,0,1,0,0,0,0,1,0,0,0,0,0,0,0,0,0,0,0,0,1,0,0,1,1,1,1,1,0,0,1,0,1,0,0,1,0,1,1,0,1,1,1,0,1,0,1,0,1,1,1,1,1,0,0,1,1,0,0,0,1,0,1,0,1,1,1,1,1,1,0,1,1,1,1,1,0,1,0,0,1,0,1,1,0,1,1,1,0,0,1,0,1,0,1,1,1,0,0,0,1,1,0,0,0,1,1,0,0,0,0,1,0,0,1,1,0,0,1,0,0,1,0,1,0,1,1,1,0,0,1,0,0,1,0,1,1,1,0,0,1,0,0,0,0,1,0,0,0,1,1,0,0,1,0,1,1,0,0,0,0,0,0,1,0,1,0,0,0,0,0,0,0,1,0,1,1,1,0,0,0,0,0,0,1
b00f83d1-b9eb-52ec-b709-0fb937859127,a5b4b0bd-ecca-5ffe-91fd-2819decd5ef7,Kwale Coconut Farm #0103,Coastal Lowlands,Kwale,Coconut,3.26,-3.190479,39.89414,6,False,Informal Smallholder,0,6.84,2,Emerging Agribusiness,0.32,0.28,0.32,0.6,0.2,0.16,0.24,0.16,1,0,0,0,0,1,1,0,1,0,1,0,0,0,0,1,0,1,0,0,0,1,0,0,0,1,0,0,0,0,0,1,0,0,0,0,1,0,0,1,0,1,0,0,0,0,1,0,1,0,1,1,0,0,0,0,1,0,1,0,0,1,1,0,0,0,0,0,0,0,0,1,1,0,0,1,1,0,1,0,0,0,0,1,0,1,1,1,1,1,1,1,1,0,0,1,0,1,1,0,0,1,0,0,0,0,0,0,0,0,0,1,0,0,0,1,0,0,0,0,0,1,1,0,0,1,1,0,0,0,0,1,0,0,0,0,1,0,0,0,0,0,0,0,0,0,0,0,0,0,1,0,0,0,0,0,0,0,0,1,0,0,0,0,0,1,0,1,0,0,1,1,0,0,0,0,0,0,0,0,1,0,0,0,1,1,0,0,0,0,0,0,0,0,0,1,0,0,0,0
0f5ce9e8-a75c-55a6-bde9-4a3a551c8e09,38297bd3-debf-5fe1-8059-04cad9a0c14c,Kericho Wheat Farm #0104,Rift Valley,Kericho,Wheat,38.1,0.93108,36.389937,11,True,Commercial Market Leader,2,20.4,5,Future Ready Farm,0.76,0.92,0.92,0.8,0.92,0.92,0.88,0.68,1,1,1,0,0,1,1,1,0,1,1,1,1,1,1,1,1,1,1,0,1,0,1,0,1,1,1,1,1,1,1,0,1,1,1,1,1,1,0,1,1,1,1,1,1,1,1,1,1,1,1,1,1,1,1,1,1,0,1,1,1,1,1,1,1,1,1,1,1,1,1,0,1,1,1,0,1,1,1,1,1,1,1,1,1,1,1,1,1,1,0,1,1,0,0,1,1,1,0,1,1,0,1,1,1,1,1,1,1,1,1,1,1,1,0,1,1,1,1,1,1,1,1,1,1,1,1,1,0,1,1,1,1,0,1,1,1,1,1,1,1,1,1,1,1,1,1,1,1,1,1,1,1,1,1,1,1,1,0,1,1,1,1,1,1,1,1,1,0,1,1,0,1,1,1,1,1,1,0,1,1,1,1,1,0,1,0,0,1,0,1,1,1,0,1,0,1,0,1,1
4c1565b6-6199-54db-a894-c4abf0997132,f1cc6356-734c-535c-9cd8-b733c0973172,Lamu Vegetables Farm #0105,Coastal Lowlands,Lamu,Vegetables,2.13,-4.468523,38.593877,4,True,Transitioning Agribusiness,1,12.12,3,Structured Farm,0.44,0.6,0.52,0.72,0.48,0.52,0.36,0.4,1,1,0,0,0,1,1,0,0,0,1,0,0,1,0,1,1,0,1,0,1,1,0,0,0,1,1,0,0,0,1,1,1,1,0,1,1,0,1,0,1,1,1,1,0,0,1,0,0,1,1,0,1,0,0,1,1,1,0,0,0,0,1,0,1,1,1,1,0,0,1,1,1,0,0,1,1,0,1,1,1,0,1,1,0,1,1,1,0,0,1,1,0,1,0,1,1,1,1,1,1,1,0,0,0,1,0,1,0,1,1,0,0,0,0,1,1,1,0,0,1,0,1,1,0,0,1,0,0,0,0,1,0,1,0,1,0,0,0,0,1,1,1,1,1,1,1,0,1,1,0,0,1,0,0,1,1,0,0,0,1,0,1,1,0,0,1,1,0,0,1,0,0,0,0,0,1,0,0,0,1,1,0,0,1,1,0,0,0,0,1,1,1,0,0,1,1,0,0,0
70ae28cf-c522-5728-913f-371e129b5675,1d7bd5b6-f2f8-53f2-8b68-91e74f01dbb9,Kericho Horticulture Farm #0106,Rift Valley,Kericho,Horticulture,2.56,1.263176,36.418903,5,True,Transitioning Agribusiness,1,12.24,3,Structured Farm,0.36,0.36,0.6,0.68,0.44,0.64,0.68,0.32,1,1,0,0,0,0,0,0,0,0,1,1,0,0,0,1,1,1,0,0,1,0,0,1,0,1,1,0,0,0,0,1,0,1,0,0,0,0,0,0,0,1,1,0,0,1,1,0,1,0,0,1,0,1,0,1,1,1,1,0,1,0,1,1,0,1,1,1,1,0,1,1,0,0,0,1,0,1,0,1,1,1,1,1,0,1,1,0,0,1,1,1,0,1,0,1,1,1,0,1,0,1,0,1,1,1,0,0,0,1,1,1,0,1,0,1,0,0,0,0,1,0,1,0,0,0,1,1,0,1,1,1,1,0,1,1,0,1,1,1,1,1,0,1,0,1,1,0,0,0,1,1,1,0,1,1,1,0,1,0,1,1,0,1,0,1,1,1,0,0,1,1,1,0,1,1,0,0,1,0,0,1,0,0,0,1,0,1,0,0,1,1,0,1,0,0,0,0,0,0
ab770a9a-85d9-51bc-96e3-2fa539a62224,8c7912ea-fab2-5216-8f1c-ce448651966c,Nandi Wheat Farm #0107,Rift Valley,Nandi,Wheat,0.5,0.546668,36.023009,21,False,Informal Smallholder,0,4.8,5,Future Ready Farm,0.2,0.2,0.2,0.44,0.12,0.28,0.08,0.08,1,0,0,0,0,1,0,0,0,0,0,1,0,0,0,0,1,0,0,0,1,0,0,0,0,1,0,0,0,0,1,0,0,0,0,1,0,0,0,0,1,1,0,0,0,0,0,0,0,0,0,0,0,0,0,1,1,0,0,0,0,0,0,1,0,0,0,0,0,0,0,0,1,1,0,0,1,0,0,0,0,0,1,0,1,1,1,1,1,0,1,0,0,0,0,1,1,1,0,0,0,0,0,0,0,0,1,1,0,0,0,0,0,0,0,0,0,0,0,0,0,0,1,0,0,1,1,0,0,0,1,0,0,0,0,1,0,0,0,0,1,0,0,0,0,1,0,0,0,1,0,0,0,0,0,1,0,0,0,0,0,0,0,0,0,0,1,0,0,0,0,0,0,0,0,0,0,0,1,0,0,0,1,0,0,0,0,0,0,0,0,0,0,0,0,0,0,0,0,0
552fdd5d-91da-5cbd-8678-712fbaa7920d,dcb44e12-9e9c-5ac9-9310-6031fc01cbb8,Tharaka Nithi Sorghum Farm #0108,Eastern Semi-Arid,Tharaka Nithi,Sorghum,0.5,-0.48548,38.299553,11,True,Informal Smallholder,0,6.0,2,Emerging Agribusiness,0.24,0.24,0.16,0.76,0.08,0.32,0.08,0.12,0,1,0,0,0,1,0,1,0,0,1,0,0,0,0,1,0,0,0,0,0,0,0,0,1,1,0,0,0,0,0,0,0,0,0,0,1,1,0,0,1,1,0,0,0,0,0,0,1,0,0,1,0,0,0,1,0,0,0,0,1,0,0,0,0,0,1,0,0,0,0,0,0,0,0,1,1,1,0,1,1,1,1,1,0,1,1,1,1,0,1,1,1,0,0,1,0,1,1,1,0,0,0,0,0,0,1,0,0,0,1,0,0,0,0,0,0,0,0,0,0,0,0,0,0,1,0,0,1,1,0,1,0,0,0,1,0,1,0,0,1,0,0,0,0,1,0,0,0,0,0,0,0,0,0,1,0,0,0,0,0,0,0,0,0,1,0,0,0,0,0,0,0,0,0,0,1,0,0,0,0,0,0,0,1,0,0,0,0,0,1,0,0,0,0,0,0,0,0,0
cc3180cb-1fd6-5e63-95d4-363aacd26a24,2316bb42-e7f6-5cec-bac4-142b048fd1b0,Bomet Horticulture Farm #0109,Rift Valley,Bomet,Horticulture,2.83,-0.270614,35.711806,17,False,Informal Smallholder,0,6.12,2,Emerging Agribusiness,0.16,0.16,0.32,0.6,0.28,0.32,0.12,0.08,0,0,0,1,0,0,0,0,0,0,0,0,1,1,1,0,0,0,0,0,0,0,0,0,0,1,1,0,0,0,0,0,0,0,0,1,1,0,0,0,0,0,0,0,0,0,0,0,0,0,0,0,0,0,0,1,1,0,1,0,0,0,1,0,0,1,0,1,0,0,1,0,1,0,0,1,1,1,1,0,1,1,1,1,0,1,1,1,0,0,1,0,0,0,0,1,1,1,0,0,0,1,0,0,0,1,1,0,0,0,1,0,0,0,0,1,1,0,0,1,0,0,0,0,0,0,0,0,1,0,0,0,1,0,0,1,1,0,0,1,1,0,1,0,0,1,0,0,0,0,0,0,0,0,0,1,0,0,1,0,0,1,0,0,0,0,0,0,0,0,0,0,0,0,0,0,0,0,0,0,0,1,0,0,0,0,0,0,0,0,1,0,0,0,0,0,0,0,0,0
548ca0d0-350a-5b96-9ff7-d2dc21990732,57dcac5f-5913-5735-81ea-46a88d5757ec,Nyeri Avocado Farm #0110,Central Highlands,Nyeri,Avocado,46.35,-0.693594,37.752856,16,False,Commercial Market Leader,2,19.32,4,Investment Ready Farm,0.76,0.68,0.88,0.8,0.76,0.88,0.8,0.88,1,1,1,0,0,1,0,1,0,0,1,1,1,1,1,1,1,0,1,1,1,1,1,1,1,1,1,1,1,0,1,1,1,1,1,1,1,1,1,0,0,0,1,0,0,1,1,0,1,0,1,1,1,1,1,1,1,1,1,1,1,1,1,1,1,1,1,1,1,0,1,1,1,0,0,1,1,1,1,0,1,1,1,0,1,1,1,1,1,0,1,1,1,0,1,1,1,1,1,0,1,1,1,1,0,1,0,1,1,0,1,1,1,1,1,1,1,1,0,1,1,1,0,0,1,1,1,1,1,0,1,1,1,1,0,1,1,1,1,0,1,1,1,1,1,1,1,1,1,1,1,1,1,0,1,1,1,1,1,0,1,1,0,0,1,1,1,1,1,0,1,1,1,1,1,1,1,1,1,1,1,1,1,1,0,1,1,1,1,1,1,1,1,1,0,1,1,1,0,1
27db2805-6979-5ab7-826d-e157e9da6a6e,19f11051-f13d-58ae-97b8-48df4de0c800,Lamu Cassava Farm #0111,Coastal Lowlands,Lamu,Cassava,2.61,-4.227984,40.29779,10,True,Informal Smallholder,0,6.0,2,Emerging Agribusiness,0.2,0.12,0.24,0.6,0.16,0.4,0.2,0.08,1,0,0,0,0,0,0,0,0,0,0,0,1,0,0,1,1,0,0,0,0,1,0,0,0,0,0,1,1,0,0,1,0,0,0,0,0,0,0,0,0,0,0,0,0,0,0,0,0,0,1,0,0,1,0,0,0,0,1,0,0,1,0,0,0,1,0,0,0,0,1,0,0,0,0,1,0,1,0,1,1,1,1,1,0,0,1,0,1,0,1,1,1,0,0,1,1,0,1,0,1,1,0,0,0,1,0,0,0,0,1,0,0,0,0,0,0,0,0,0,0,0,0,0,0,0,1,0,0,0,1,1,0,0,0,1,1,1,0,0,1,0,1,0,0,1,1,0,0,0,0,0,0,0,0,0,0,0,0,0,1,1,0,0,0,0,1,0,0,0,1,1,0,0,0,0,0,0,0,0,1,0,0,0,0,0,0,0,0,0,0,0,0,0,0,1,0,0,0,0
e20b7bca-0a3d-5387-a7ce-7cf0d74ed8d2,daf78470-0ad5-51df-ab53-c0b5939b04f4,Nyeri Avocado Farm #0112,Central Highlands,Nyeri,Avocado,0.5,-0.361365,37.172716,6,True,Informal Smallholder,0,5.28,2,Emerging Agribusiness,0.16,0.28,0.16,0.44,0.08,0.32,0.2,0.12,0,1,0,0,0,0,1,0,0,0,0,0,0,0,0,1,1,0,0,0,0,0,0,0,0,0,1,0,0,0,1,0,0,0,0,1,1,0,0,0,0,0,0,0,0,0,1,1,0,1,1,0,1,0,0,1,0,0,0,0,0,0,0,0,0,1,0,0,0,0,0,0,0,0,0,1,0,0,0,0,1,1,0,0,1,1,0,0,0,1,1,0,0,0,0,1,1,1,0,1,0,0,0,1,0,0,0,0,0,0,0,0,1,0,0,0,0,0,0,0,0,0,0,0,0,1,1,0,0,0,1,0,0,0,0,1,0,0,0,0,1,0,0,1,0,1,1,0,0,0,0,0,0,1,0,0,0,0,0,0,1,0,0,1,0,0,1,0,0,0,0,1,0,0,0,1,0,0,0,0,0,0,0,0,0,0,0,0,0,0,0,1,0,0,0,0,0,0,0,1
c42995b4-cb01-50c1-ad3b-950d6426783c,f6cbbb92-351b-51ab-a6c7-7273aee348b4,Kilifi Cassava Farm #0113,Coastal Lowlands,Kilifi,Cassava,0.5,-4.004083,40.09925,19,True,Informal Smallholder,0,5.88,2,Emerging Agribusiness,0.16,0.2,0.24,0.56,0.2,0.32,0.2,0.08,0,0,0,0,0,0,0,0,0,0,0,1,1,1,0,0,0,0,0,0,0,0,0,0,1,0,1,0,0,0,0,1,1,0,0,0,0,0,0,1,1,0,0,0,0,0,0,0,0,0,1,0,1,0,1,1,0,0,0,0,0,0,0,0,0,1,0,0,0,0,0,0,1,0,0,1,0,1,1,0,1,1,0,0,0,1,1,1,0,0,1,1,0,0,0,0,1,1,1,1,0,1,0,0,1,0,0,1,0,0,0,0,1,0,0,1,0,0,0,0,0,0,0,0,0,1,0,1,0,0,0,1,0,0,0,1,1,0,0,0,0,0,0,0,0,1,1,1,0,0,0,0,1,0,0,0,1,0,0,0,0,1,0,0,0,1,0,0,0,0,1,0,0,0,0,1,0,0,0,0,0,0,0,0,0,0,0,0,0,0,0,0,0,0,0,0,0,1,0,0
b2d91f7a-c195-558c-8d79-a69f3a0d1dae,c877a1c5-0176-5907-84ed-64c86c4b1b16,Kirinyaga Coffee Farm #0114,Central Highlands,Kirinyaga,Coffee,7.21,-0.403794,37.051778,13,False,Transitioning Agribusiness,1,13.92,3,Structured Farm,0.56,0.44,0.52,0.72,0.56,0.68,0.64,0.52,1,1,0,0,1,1,0,0,0,0,0,1,1,1,0,1,1,1,0,0,1,1,1,1,0,0,1,0,0,0,1,0,1,1,0,0,1,1,1,1,1,1,0,0,0,0,1,0,0,0,1,1,1,0,0,1,1,0,0,1,1,0,0,0,0,0,1,0,1,0,1,0,1,1,1,1,1,1,1,1,1,1,1,0,0,1,1,0,1,0,1,1,0,1,1,1,1,0,0,1,1,1,1,1,0,0,1,0,1,0,1,1,0,0,1,1,1,0,0,0,1,1,1,0,0,1,1,0,1,1,0,1,1,1,0,1,1,1,1,0,1,1,1,1,0,0,1,0,0,1,1,1,1,0,1,1,1,0,1,0,1,1,1,0,1,1,1,0,0,0,1,0,1,0,1,1,1,0,0,0,0,0,1,0,0,1,1,0,0,0,1,1,1,1,0,1,1,1,1,0
70e06dfa-5e20-5eb9-b5cd-d53dabc452b8,d424ae98-6e6f-5e23-98f1-4ccebad76629,Kericho Horticulture Farm #0115,Rift Valley,Kericho,Horticulture,0.5,-0.031156,35.618479,3,True,Informal Smallholder,0,4.8,5,Future Ready Farm,0.08,0.16,0.2,0.68,0.04,0.24,0.12,0.08,1,0,1,0,0,0,0,0,0,0,0,0,0,0,0,0,0,0,0,0,0,0,0,0,0,0,0,0,0,0,0,0,0,0,0,0,0,1,0,0,0,1,0,0,0,1,1,0,0,0,1,0,0,1,0,1,1,0,0,0,0,0,0,0,0,1,0,0,0,0,0,0,0,0,0,1,1,1,0,0,0,1,1,1,0,1,0,1,1,0,1,1,1,1,1,1,1,1,0,0,0,0,0,0,0,0,0,0,0,0,0,0,0,0,0,0,0,1,0,0,0,0,0,0,0,1,1,0,0,0,1,0,0,0,0,1,0,0,0,0,0,0,0,0,0,0,1,0,1,0,1,0,0,0,0,0,0,1,0,0,0,0,0,0,0,0,1,0,0,0,0,0,0,0,0,0,0,0,0,0,1,0,0,0,0,1,0,0,0,0,0,0,0,0,0,0,0,0,0,0
a96b05fc-0ab1-58f0-97b4-4e15042265e0,74e2a5f2-a85e-5b77-9113-5956dfe1b57c,Nyeri Tea Farm #0116,Central Highlands,Nyeri,Tea,38.74,-0.660011,37.603432,12,True,Commercial Market Leader,2,19.08,4,Investment Ready Farm,0.6,0.76,0.92,0.8,0.84,0.76,0.88,0.8,0,1,1,0,1,1,1,1,0,0,1,0,1,0,0,1,0,1,1,0,1,1,1,0,1,1,1,1,0,1,1,1,1,1,1,1,0,0,0,1,1,1,1,0,1,1,1,0,1,1,1,1,1,1,1,1,1,1,1,1,1,1,1,1,0,1,1,1,1,1,1,0,1,1,1,1,1,1,1,1,1,1,1,0,1,1,1,1,0,1,1,1,1,1,0,1,1,0,1,0,1,1,0,1,1,1,1,1,1,1,1,0,1,0,1,1,1,1,1,1,1,1,1,1,0,1,1,1,1,1,1,1,1,1,0,1,1,1,0,0,1,1,0,0,1,1,1,0,1,1,1,1,1,1,0,1,1,1,1,0,1,1,1,1,0,1,1,1,1,1,1,1,1,1,1,1,1,1,1,1,1,1,0,1,1,1,1,1,1,0,1,1,0,1,1,1,1,0,1,0
35b5a623-6070-5d84-bb3f-abfad2288e35,44bf3276-9370-5521-bc29-3922f5cb7bfd,Uasin Gishu Dairy Farm #0117,Rift Valley,Uasin Gishu,Dairy,6.86,0.932222,36.371317,25,True,Transitioning Agribusiness,1,12.6,3,Structured Farm,0.64,0.56,0.44,0.68,0.48,0.56,0.48,0.36,1,1,1,0,1,1,1,1,0,0,1,1,0,0,0,0,1,1,1,0,1,1,1,1,0,1,1,1,0,0,1,0,1,1,0,1,1,1,1,1,1,0,0,0,0,1,1,0,0,0,1,1,0,0,0,1,1,1,0,0,1,0,0,0,1,0,1,1,0,0,1,1,0,0,0,1,0,0,1,0,1,0,0,1,1,1,1,1,0,1,1,1,1,1,0,1,1,1,1,0,1,1,1,0,0,1,1,0,0,0,1,1,0,1,0,1,1,1,0,0,0,1,0,0,0,0,1,1,1,0,1,1,0,1,0,1,0,0,1,0,1,0,0,0,1,1,1,1,1,0,1,0,1,0,0,1,1,0,0,0,1,0,1,0,1,1,1,0,0,0,1,1,1,0,0,0,0,0,0,1,1,0,0,0,0,1,1,0,1,0,1,1,0,0,0,1,0,1,0,0
046af8e5-fb7a-5d8d-8032-a316ef9e8054,1bc8b36a-2bd7-53f3-9b1c-5f6d57c5a4d2,Taita Taveta Cashew Farm #0118,Coastal Lowlands,Taita Taveta,Cashew,8.79,-2.683191,39.613341,1,True,Transitioning Agribusiness,1,11.52,3,Structured Farm,0.52,0.36,0.64,0.6,0.52,0.44,0.52,0.24,1,1,1,0,0,1,0,1,1,0,1,1,0,0,0,1,1,0,0,0,1,1,0,1,0,1,1,0,0,0,1,0,0,0,0,0,1,0,1,0,1,1,1,0,0,0,1,0,0,0,1,1,1,0,0,1,1,0,0,1,0,1,1,1,0,1,1,1,0,0,1,1,1,1,0,1,1,1,0,1,1,1,1,0,0,1,0,1,0,0,1,1,1,0,0,1,1,0,0,1,1,0,1,0,0,0,0,0,0,0,1,1,1,0,1,1,1,0,0,0,1,1,1,1,1,1,1,0,1,0,1,1,0,0,0,1,0,1,1,0,1,0,0,1,0,1,0,0,0,0,0,1,1,0,0,1,1,1,1,0,1,1,1,1,0,1,0,1,0,0,1,0,0,0,0,0,1,0,0,0,0,0,0,0,0,1,1,0,0,0,1,1,0,0,0,0,0,1,0,0
8246cbfd-9352-5c22-9ac7-e0d0f64d847e,8ab5b645-4ba3-595d-bfaa-54adcfdc456e,Kericho Tea Farm #0119,Rift Valley,Kericho,Tea,2.46,-0.038233,35.74324,12,False,Informal Smallholder,0,5.76,2,Emerging Agribusiness,0.08,0.16,0.24,0.64,0.16,0.32,0.24,0.08,0,0,0,0,0,0,0,0,0,0,0,0,0,0,0,1,0,0,0,0,0,0,1,0,0,0,0,0,0,0,0,0,0,0,0,1,1,0,0,0,1,0,0,0,0,0,0,1,0,0,1,0,1,0,0,1,0,0,0,0,1,1,0,0,0,1,0,0,0,0,0,0,0,0,0,1,1,0,1,0,1,1,0,0,1,1,1,0,1,0,1,1,1,0,0,1,1,1,1,0,1,0,0,0,0,0,0,0,0,0,0,1,0,0,0,0,1,0,0,0,1,0,0,0,0,1,0,0,1,0,0,0,1,0,0,0,1,1,1,0,0,0,0,0,0,0,1,0,1,0,1,0,1,0,1,0,0,0,0,0,0,0,0,0,0,0,0,0,0,1,0,1,0,0,1,0,0,0,0,0,1,0,0,0,0,0,0,0,0,0,0,0,0,0,0,1,0,0,0,0
96eb7acc-e2d0-5d90-a684-62d69928db1a,ffc377ee-588c-5fea-a252-c4df8a7a2236,Bomet Wheat Farm #0120,Rift Valley,Bomet,Wheat,6.07,0.951719,35.164693,21,True,Transitioning Agribusiness,1,13.08,3,Structured Farm,0.56,0.44,0.6,0.6,0.56,0.64,0.48,0.48,1,0,1,1,0,1,0,0,0,0,0,0,1,1,1,1,1,1,0,0,1,1,1,1,0,1,1,1,0,0,0,1,1,0,0,0,0,0,0,1,1,1,1,0,0,0,1,1,0,0,1,0,1,0,0,1,0,1,0,1,1,1,0,1,0,1,1,0,1,1,1,1,1,0,0,0,1,1,0,1,1,1,1,1,0,1,1,0,0,0,1,1,0,1,0,1,0,0,1,1,0,0,1,1,0,0,0,1,0,0,1,1,1,0,1,1,1,0,0,1,1,1,0,1,1,0,1,1,1,1,1,0,1,1,0,1,1,1,0,0,1,1,1,0,0,1,1,0,1,0,1,1,0,1,0,1,1,0,0,0,1,0,1,0,0,0,1,1,1,0,1,1,0,0,0,1,0,0,1,0,1,1,0,1,0,1,1,1,0,0,1,0,0,0,0,1,1,0,1,0
b570d393-f74d-50f1-93b4-6a4a37e564c4,083d48a6-aad2-57dc-8a07-4ee48f057a19,Taita Taveta Coconut Farm #0121,Coastal Lowlands,Taita Taveta,Coconut,3.13,-4.310746,40.072667,14,True,Transitioning Agribusiness,1,14.88,3,Structured Farm,0.56,0.44,0.68,0.72,0.56,0.88,0.72,0.4,0,0,1,0,0,1,1,1,0,1,1,1,0,0,1,1,1,1,1,0,1,0,0,1,0,0,1,0,0,0,1,0,1,0,0,1,0,0,1,0,1,1,0,1,0,1,0,1,1,0,1,1,1,1,0,1,1,1,0,1,1,0,1,0,0,1,1,0,1,0,1,1,1,1,0,1,0,1,0,1,1,1,0,1,0,1,0,1,1,1,1,1,1,1,0,1,1,1,0,1,1,1,0,0,0,1,0,1,1,0,1,0,0,0,1,1,1,1,1,0,1,0,0,1,1,1,1,1,0,1,1,1,0,1,1,1,1,1,1,1,1,1,1,1,1,1,1,0,1,1,1,0,0,1,0,1,1,1,1,1,1,1,0,0,1,1,1,1,0,1,1,1,1,1,0,0,1,1,0,0,1,1,0,0,0,1,1,0,0,0,1,0,1,1,0,1,0,0,0,0
f573f9fa-7ed7-57ac-bbfd-24618ebc3551,c9f87e33-13a9-5756-a433-1d4686d10497,Nandi Horticulture Farm #0122,Rift Valley,Nandi,Horticulture,1.5,-0.334263,35.678233,6,True,Transitioning Agribusiness,1,12.36,3,Structured Farm,0.4,0.56,0.48,0.76,0.56,0.56,0.4,0.4,0,1,1,0,0,1,1,1,0,0,0,0,0,0,0,1,1,1,0,0,1,0,1,0,0,1,1,1,0,1,0,1,0,0,0,1,1,0,0,1,1,1,1,1,0,1,1,0,0,0,1,1,1,1,0,1,1,0,0,0,1,0,0,0,0,0,1,0,1,0,1,1,1,0,0,1,1,0,1,0,1,1,0,1,1,0,1,1,1,1,1,1,1,0,0,1,1,1,1,1,1,1,1,1,0,1,0,0,1,0,1,1,1,1,0,0,1,1,0,0,1,1,0,0,0,0,0,1,0,1,0,1,1,1,0,1,1,1,1,0,1,1,0,1,0,1,0,0,0,1,0,1,0,1,0,1,1,0,1,0,1,0,1,0,0,1,1,0,1,0,0,0,0,0,0,1,1,0,0,0,1,0,1,1,0,1,0,0,0,0,0,1,0,1,0,1,0,1,0,0
45f35cdc-ac39-5ebb-b282-b4801183d0fc,8dc121f5-558e-5b1e-acfa-7e79d666b65b,Kitui Cowpeas Farm #0123,Eastern Semi-Arid,Kitui,Cowpeas,3.4,-1.384662,37.92488,7,False,Informal Smallholder,0,4.56,5,Future Ready Farm,0.12,0.2,0.2,0.52,0.12,0.2,0.04,0.12,0,0,0,0,0,0,0,1,0,0,0,0,0,0,0,1,0,0,0,0,1,0,0,0,0,0,1,0,0,0,1,0,0,0,0,1,0,1,0,0,0,0,0,0,0,0,0,1,0,0,0,1,0,0,0,0,1,0,0,0,0,0,1,0,1,0,0,0,0,0,1,0,0,0,0,1,1,1,0,1,1,0,0,0,0,1,1,0,0,1,0,0,1,1,0,0,1,1,1,0,0,0,0,0,0,0,0,1,0,0,0,0,0,0,1,1,0,0,0,0,0,0,0,0,0,0,1,0,0,0,1,1,0,0,0,0,0,0,0,0,0,0,0,1,0,1,0,0,0,0,0,0,0,0,0,0,1,0,0,0,0,0,0,0,0,0,0,0,0,0,0,0,0,0,0,1,0,0,0,0,0,0,0,0,0,0,0,0,0,1,0,0,0,0,0,1,0,0,0,0
931f48d6-6a7a-5416-841e-24a5bc731899,7c4bca4b-a836-5d2f-8603-6bb29504c0ff,Embu Avocado Farm #0124,Central Highlands,Embu,Avocado,1.51,0.05106,37.373908,11,True,Informal Smallholder,0,5.76,2,Emerging Agribusiness,0.28,0.16,0.24,0.6,0.12,0.28,0.16,0.08,1,0,1,0,0,0,0,1,0,1,0,1,0,0,0,0,1,0,0,0,1,0,0,0,0,0,1,0,0,0,0,0,0,0,0,0,0,0,1,0,0,0,0,1,0,0,0,0,0,1,0,0,1,0,0,0,0,0,0,0,0,0,0,1,0,0,1,0,0,1,1,1,0,0,0,1,0,0,0,0,1,0,1,0,0,1,1,1,1,0,1,1,1,0,0,1,1,1,1,1,0,0,0,0,0,1,0,0,0,0,1,0,0,0,0,0,0,0,0,0,1,0,0,0,0,0,0,1,0,0,1,1,0,0,0,1,0,0,0,0,1,0,0,1,0,1,0,0,0,0,0,0,0,0,0,0,0,0,0,1,0,0,0,0,1,0,0,0,0,1,0,0,1,0,0,0,0,0,0,0,0,1,0,0,0,0,1,0,0,0,0,0,0,0,0,0,0,0,0,0
3faed9f5-26f1-5831-b6a4-f77ee4589332,e970d55d-5211-5f32-9486-ee3ce3ea68b4,Bungoma Poultry Farm #0125,Western Kenya,Bungoma,Poultry,1.33,0.343013,34.712689,9,False,Informal Smallholder,0,4.32,5,Future Ready Farm,0.0,0.12,0.08,0.52,0.12,0.32,0.2,0.08,0,0,0,0,0,0,0,0,0,0,0,0,0,0,0,0,0,0,0,0,0,0,0,0,0,0,0,0,0,0,0,1,0,0,0,0,0,0,0,0,1,0,0,0,0,1,0,0,0,0,0,0,0,0,0,0,0,0,0,0,0,0,0,0,0,1,0,0,0,0,0,1,0,0,0,1,0,0,0,1,1,1,1,1,1,0,0,0,0,0,1,0,1,1,1,1,1,0,0,0,0,1,0,0,0,0,0,0,0,0,0,0,0,0,0,0,1,0,0,0,1,0,0,0,0,1,1,1,0,0,0,0,1,0,0,0,0,1,0,0,1,1,0,0,0,1,0,0,0,0,0,0,0,1,0,1,0,0,0,0,1,1,0,0,0,0,1,0,0,0,0,0,0,0,0,0,0,0,0,0,0,0,0,0,0,0,0,0,0,0,0,0,0,0,0,1,1,0,0,0
8e0ba323-d928-5232-ad87-c7ef72ed12fb,4577ad7f-50bd-5220-b5f2-833dea3a5b96,Makueni Sorghum Farm #0126,Eastern Semi-Arid,Makueni,Sorghum,3.17,-1.474601,38.697567,16,False,Informal Smallholder,0,5.4,2,Emerging Agribusiness,0.12,0.2,0.36,0.48,0.2,0.08,0.24,0.12,0,0,0,0,0,0,1,0,0,0,0,0,0,1,0,0,0,1,0,0,0,0,0,0,0,1,0,1,0,0,0,0,0,0,0,1,0,0,0,0,1,0,0,1,0,0,0,0,0,0,0,1,0,1,0,0,1,1,0,0,0,1,0,0,0,0,1,1,0,0,0,1,1,0,0,1,1,1,0,1,1,0,0,1,0,0,1,1,0,0,0,1,0,0,0,1,1,1,0,0,1,1,0,0,0,0,0,0,0,0,0,1,0,0,0,0,0,0,0,0,1,0,1,0,0,1,0,0,0,0,0,0,0,0,0,0,0,0,0,0,0,1,0,0,0,0,0,0,0,0,0,1,0,0,0,0,1,0,0,0,0,0,0,0,0,1,1,0,0,0,0,0,1,0,1,1,1,0,0,0,0,0,0,0,0,0,0,0,0,0,0,0,0,0,0,1,0,0,0,0
95e53ed5-481d-5cd9-a319-69a1e928c1e6,c93da6ac-8fe6-5252-8be1-0d769847aa31,Machakos Sorghum Farm #0127,Eastern Semi-Arid,Machakos,Sorghum,2.43,-0.478122,38.729701,5,True,Informal Smallholder,0,6.0,2,Emerging Agribusiness,0.08,0.28,0.28,0.6,0.16,0.4,0.12,0.08,0,0,0,0,0,0,0,0,0,0,1,0,0,0,0,0,0,0,0,0,0,1,0,0,0,1,1,0,1,0,0,1,1,0,0,0,0,0,0,1,0,0,1,0,0,0,0,0,0,0,1,1,0,0,0,0,0,0,0,0,1,0,1,0,0,0,0,0,0,0,1,0,1,1,0,1,1,0,0,1,1,1,0,1,0,1,1,1,0,0,1,1,1,1,0,1,1,0,0,0,0,0,0,0,0,0,1,0,0,0,1,0,0,0,0,0,0,0,0,0,0,1,0,1,0,1,0,1,0,0,0,0,0,0,0,1,1,1,0,0,0,1,0,1,0,1,1,1,0,0,0,1,0,0,0,0,0,1,0,0,0,0,0,0,0,0,0,0,0,0,1,0,0,0,0,0,0,0,0,0,0,0,0,0,0,0,0,0,0,0,0,0,0,0,0,1,0,0,0,1
fde8e2e3-f978-5ca2-90e1-57921ddf1f7e,ac68e4cb-7999-5edf-ae7e-1dce8e272f78,Vihiga Sugarcane Farm #0128,Western Kenya,Vihiga,Sugarcane,0.66,1.185238,34.158652,16,False,Informal Smallholder,0,6.12,2,Emerging Agribusiness,0.16,0.2,0.24,0.64,0.16,0.44,0.2,0.0,1,0,0,1,0,1,1,0,0,0,0,0,0,0,0,0,0,0,0,0,0,0,0,0,0,0,0,0,0,0,0,1,0,0,0,0,1,0,0,0,0,1,1,0,0,1,0,0,0,0,1,0,1,0,0,1,0,1,0,0,0,0,0,1,0,0,1,0,0,0,0,0,0,0,0,1,1,1,0,0,1,1,1,1,0,0,1,1,1,0,1,0,1,1,0,0,0,1,1,1,1,0,1,0,0,0,0,0,0,0,1,0,0,0,1,0,0,0,0,0,0,0,0,0,0,1,1,1,0,0,1,1,1,0,0,1,0,0,0,1,1,0,0,0,0,1,1,0,0,0,0,1,0,0,0,0,0,0,0,0,0,0,0,0,0,1,1,0,0,0,1,0,1,0,0,0,0,0,0,0,0,0,0,0,0,0,0,0,0,0,0,0,0,0,0,0,0,0,0,0
d16174e5-6b20-593b-bfec-44c2387590d7,64865056-8161-581f-b3eb-9995d1f6ae35,Tharaka Nithi Sorghum Farm #0129,Eastern Semi-Arid,Tharaka Nithi,Sorghum,2.96,-0.452928,37.831316,14,False,Informal Smallholder,0,5.52,2,Emerging Agribusiness,0.16,0.24,0.24,0.48,0.12,0.2,0.36,0.04,1,1,0,0,0,0,0,0,0,0,1,0,0,0,0,0,0,0,0,0,0,0,1,0,0,1,1,0,1,0,1,0,0,0,0,0,0,0,0,0,1,0,0,0,0,0,1,0,0,0,1,1,0,0,0,1,1,0,0,0,0,0,0,0,0,0,1,0,0,0,1,0,0,0,0,1,0,1,1,0,1,1,1,0,0,1,0,0,0,0,1,1,1,0,0,0,1,1,0,0,0,0,0,0,0,0,1,0,0,0,0,1,0,0,0,0,0,0,0,0,1,0,0,0,0,1,0,0,0,0,0,0,1,0,0,0,0,0,0,0,1,0,0,0,0,1,0,1,0,0,1,1,1,1,0,0,0,1,0,0,1,1,0,0,0,1,0,0,0,0,1,0,0,0,0,0,0,0,0,0,0,0,0,0,0,0,0,0,0,0,0,1,0,0,0,0,0,0,0,0
2d77858a-8dcd-543a-ac32-8c67ccd806b9,76d293d2-e719-572d-bc1d-c51aec37d172,Murang'a Horticulture Farm #0130,Central Highlands,Murang'a,Horticulture,7.24,-1.258292,37.306367,10,True,Transitioning Agribusiness,1,12.12,3,Structured Farm,0.44,0.4,0.52,0.76,0.56,0.52,0.56,0.28,0,1,0,1,0,1,1,0,0,1,1,0,0,0,0,0,0,1,0,1,1,1,0,0,1,1,1,0,1,0,1,1,0,0,0,0,1,1,0,0,1,0,0,0,0,1,1,0,0,0,1,1,0,0,0,1,1,1,1,0,1,0,0,0,0,1,1,1,0,0,1,1,1,0,0,1,1,1,1,0,1,1,1,1,1,1,1,0,1,0,1,0,1,1,0,1,1,1,1,0,1,1,1,0,0,1,1,0,1,0,1,1,0,0,0,1,1,0,0,0,1,1,1,0,1,1,1,1,0,0,1,1,1,1,0,1,1,0,0,0,0,1,1,1,0,0,1,0,0,0,1,0,1,0,0,1,1,0,1,0,0,1,1,1,0,1,1,0,1,0,1,0,1,1,0,1,1,0,0,0,1,1,0,0,0,0,1,0,0,0,1,1,0,0,0,0,0,0,0,0
e942c15e-ef26-5ac7-a038-0cee4a089fcc,27289081-65aa-58bd-93d7-ff62c2a3d61f,Meru Horticulture Farm #0131,Central Highlands,Meru,Horticulture,1.86,-1.361359,37.597767,9,True,Informal Smallholder,0,4.68,5,Future Ready Farm,0.24,0.04,0.16,0.32,0.16,0.28,0.28,0.08,0,0,1,0,0,1,0,0,0,0,0,1,0,0,0,0,0,0,1,0,0,0,1,1,0,0,0,0,0,0,0,0,0,0,0,0,0,0,0,0,0,0,1,0,0,0,0,0,0,0,0,0,0,0,0,0,1,0,0,0,1,0,0,0,0,1,0,0,1,0,0,0,0,0,0,1,0,0,0,0,0,1,0,0,0,1,1,0,1,0,1,1,0,0,0,0,1,0,0,0,1,0,0,0,0,0,0,0,0,0,1,0,0,1,0,1,0,0,0,0,0,0,0,0,0,1,0,1,0,0,1,0,0,0,0,0,0,0,1,0,1,0,0,0,0,1,0,1,0,0,1,1,0,0,0,0,1,0,0,0,0,1,1,0,0,1,0,1,0,0,0,0,0,0,0,1,0,0,0,0,0,0,0,0,0,0,0,0,0,1,0,0,0,0,0,0,0,0,0,0
d6aa6f62-cfb2-56d6-be37-be8aa5ef9c90,e501b756-b197-5738-a984-b079a6a71001,Uasin Gishu Tea Farm #0132,Rift Valley,Uasin Gishu,Tea,13.91,-0.075667,35.199267,17,True,Commercial Market Leader,2,19.92,4,Investment Ready Farm,0.92,0.72,0.96,0.76,0.76,0.8,0.96,0.76,1,1,1,1,1,1,1,1,1,1,1,1,1,1,1,1,1,1,1,1,1,1,0,0,1,1,1,1,1,0,1,1,1,0,1,1,1,1,0,0,1,1,1,0,1,0,1,1,0,1,1,1,1,1,0,1,1,1,1,1,1,1,1,1,1,1,1,1,1,1,1,1,1,1,1,1,1,1,1,0,1,1,1,1,1,1,1,1,0,0,1,1,1,0,0,1,1,1,1,0,1,1,1,1,0,1,1,1,1,0,1,0,1,1,0,1,1,1,1,1,1,1,0,0,1,1,1,0,1,1,1,1,1,1,0,1,1,0,1,1,1,1,1,1,1,1,1,0,0,1,1,1,1,1,1,1,1,1,1,1,1,1,1,1,1,1,1,0,1,1,1,1,1,1,1,1,1,0,0,1,1,1,1,1,1,0,1,1,1,0,1,1,1,1,0,1,1,1,1,0
27e36994-f83f-5829-b8ae-17b25ec9a747,9a9052f6-7696-5476-bda3-cf2e76f22d30,Murang'a Macadamia Farm #0133,Central Highlands,Murang'a,Macadamia,1.5,-0.557474,37.714193,14,True,Transitioning Agribusiness,1,11.28,3,Structured Farm,0.52,0.44,0.6,0.56,0.36,0.48,0.48,0.32,1,0,0,0,0,1,0,1,0,1,0,1,1,1,0,1,1,1,0,1,1,0,1,0,0,0,0,1,1,0,1,1,0,0,0,0,0,1,0,0,1,1,1,0,0,1,1,0,1,0,0,1,0,0,0,1,1,1,0,0,1,1,0,1,0,1,1,1,1,0,1,0,1,1,1,1,1,0,0,0,1,0,1,1,0,1,0,1,0,0,1,0,1,1,0,1,0,1,1,1,0,1,0,0,0,0,0,1,1,0,1,1,0,1,0,1,1,0,0,0,1,0,0,0,0,1,1,0,0,0,0,1,1,0,0,1,1,0,1,1,1,1,1,1,0,0,0,0,0,0,1,1,0,0,0,0,1,0,0,0,1,1,1,0,0,1,1,1,1,0,1,1,0,0,0,0,1,0,0,0,1,1,0,0,0,1,1,1,0,0,1,1,0,0,0,0,0,0,0,0
70f78c30-ecf5-582a-8ca9-9bc3abb92d76,3755bf00-affc-55c7-ae0a-50b4f7f952a4,Taita Taveta Coconut Farm #0134,Coastal Lowlands,Taita Taveta,Coconut,2.91,-3.679033,39.788234,12,True,Informal Smallholder,0,5.88,2,Emerging Agribusiness,0.28,0.04,0.32,0.52,0.04,0.32,0.28,0.16,1,0,1,0,0,0,0,0,0,0,1,1,1,0,0,0,0,1,0,0,0,1,0,0,0,0,0,0,0,0,0,0,0,0,0,0,0,0,0,0,1,0,0,0,0,0,0,0,0,0,0,1,0,0,0,1,0,0,0,0,1,1,1,1,0,1,0,0,0,0,1,0,0,0,0,1,1,1,1,0,1,1,0,1,0,1,1,0,0,1,1,0,1,0,0,1,0,0,0,0,0,0,0,0,0,0,0,0,0,0,0,0,0,0,0,1,0,0,0,0,0,0,0,0,0,1,1,0,0,1,1,1,0,0,0,1,0,0,0,0,1,0,0,0,0,1,0,0,0,0,1,1,0,0,0,1,1,0,0,0,0,0,0,1,0,1,0,0,0,0,1,0,0,0,0,0,0,0,0,0,0,1,1,0,0,0,0,0,0,0,0,0,0,0,0,1,1,0,0,0
e0fd6565-341b-5faf-862f-c8708408eeec,ea560b8d-6c5f-540c-a0c5-6f6f31f2e764,Kilifi Cassava Farm #0135,Coastal Lowlands,Kilifi,Cassava,1.5,-4.574047,39.287752,16,True,Transitioning Agribusiness,1,11.76,3,Structured Farm,0.36,0.52,0.52,0.64,0.44,0.64,0.64,0.16,0,1,0,0,0,1,0,0,0,0,1,1,1,1,0,0,1,0,1,0,0,0,0,1,0,1,1,1,0,0,1,0,1,0,0,1,1,1,0,0,1,1,1,0,0,1,1,0,0,0,1,1,1,1,0,1,1,1,0,0,1,0,1,1,0,1,0,1,0,0,1,0,0,0,0,1,0,1,1,0,1,0,0,1,0,1,1,1,0,0,1,1,1,1,0,1,1,1,0,1,1,1,0,0,0,0,0,0,0,1,1,1,1,0,0,1,0,1,0,1,0,0,1,1,0,1,1,1,1,1,1,1,0,0,1,1,1,1,0,0,1,1,0,0,0,1,1,1,0,0,1,0,1,1,0,1,1,1,1,0,1,0,1,1,0,1,1,1,1,0,1,0,0,0,1,0,1,0,0,0,0,0,0,0,0,0,0,0,0,0,1,1,0,0,0,0,1,0,0,0
0bdfc630-8b60-5edd-b256-5b00feb13144,0a81648c-6524-5f26-a1cb-43deeb4ebf91,Siaya Cassava Farm #0136,Western Kenya,Siaya,Cassava,1.15,0.142936,34.75434,11,False,Informal Smallholder,0,6.72,2,Emerging Agribusiness,0.32,0.2,0.28,0.68,0.2,0.24,0.12,0.2,1,0,0,1,0,1,0,0,0,0,0,0,0,0,0,1,1,0,0,1,1,1,0,0,0,0,1,0,0,0,1,0,0,0,0,0,0,0,0,0,1,1,0,0,0,1,0,0,0,0,0,0,0,0,1,0,0,0,0,1,0,1,0,0,0,1,1,1,0,0,0,0,1,0,0,1,1,1,1,1,1,1,1,1,0,1,1,0,0,1,1,1,0,1,0,1,1,0,0,0,1,1,1,0,0,0,0,0,0,0,0,0,0,1,0,0,0,0,0,0,1,0,0,0,0,1,1,0,0,0,0,0,0,0,0,1,0,0,0,0,0,1,0,0,0,0,0,1,1,0,1,0,0,0,0,0,0,0,0,0,0,1,0,0,0,0,0,0,0,0,1,0,0,0,0,0,0,0,0,0,1,1,0,0,0,1,0,0,0,0,1,0,0,0,0,1,0,0,0,0
785b4c0f-e5df-5789-89da-26fe6dda2bc2,06da65d6-4834-5859-b400-d1206b846f72,Kericho Wheat Farm #0137,Rift Valley,Kericho,Wheat,47.73,0.809626,35.096929,21,True,Commercial Market Leader,2,20.04,5,Future Ready Farm,0.96,0.76,0.76,0.76,0.84,0.84,0.92,0.84,1,1,1,1,0,1,1,1,1,1,1,1,1,1,1,1,1,1,1,1,1,1,1,1,1,1,1,1,0,1,1,1,0,1,0,1,1,1,0,1,1,1,1,1,0,1,0,1,1,1,1,1,1,1,0,1,1,1,0,0,1,1,1,1,1,1,1,0,0,1,1,1,1,1,0,1,1,0,1,0,1,1,1,1,1,1,1,1,1,1,1,1,0,0,1,0,1,1,1,0,1,1,0,1,1,1,1,1,1,0,1,1,1,1,1,1,1,1,1,0,1,1,1,1,0,1,1,1,1,0,1,1,1,1,1,0,1,1,1,0,1,1,1,0,1,1,1,1,1,1,1,1,0,1,1,1,1,1,1,1,1,1,1,1,1,1,1,1,1,0,1,1,1,1,1,1,1,1,1,0,1,1,1,1,1,1,1,1,0,1,1,0,1,0,1,1,1,1,1,1
772eb3aa-afce-565d-8191-48767df1365b,22199b9f-afbe-5346-ad58-a56c585010a0,Bomet Wheat Farm #0138,Rift Valley,Bomet,Wheat,1.18,0.215037,36.110138,15,False,Informal Smallholder,0,4.44,5,Future Ready Farm,0.2,0.16,0.08,0.44,0.2,0.12,0.2,0.08,0,0,0,0,0,1,1,0,0,0,0,1,0,0,0,1,0,0,0,0,0,0,0,1,0,0,0,0,0,0,1,0,0,0,0,0,1,0,0,0,1,0,1,0,0,0,0,0,0,0,0,0,0,0,0,0,0,0,0,0,0,1,0,0,1,0,0,0,0,0,0,0,0,0,0,1,1,1,0,0,1,0,0,0,0,1,1,1,0,0,1,0,0,0,0,1,1,0,1,0,1,0,0,0,0,0,1,1,0,0,1,0,0,0,0,0,0,0,0,0,1,0,0,0,0,0,0,0,0,0,0,0,0,0,0,0,0,1,0,0,1,0,0,0,0,0,1,0,0,0,0,1,0,0,1,1,0,1,0,0,0,0,0,0,0,0,0,0,0,0,1,0,0,0,0,0,0,0,0,0,0,1,0,0,0,0,0,0,0,0,0,0,0,0,0,0,0,0,0,1
3116b465-a722-5915-916f-c658fbefe066,270c72a0-6979-5330-ac85-1e2d0da20250,Uasin Gishu Dairy Farm #0139,Rift Valley,Uasin Gishu,Dairy,1.5,-0.845366,35.243855,11,True,Transitioning Agribusiness,1,12.48,3,Structured Farm,0.6,0.48,0.6,0.68,0.48,0.6,0.48,0.24,0,1,1,1,1,1,1,1,0,1,1,0,0,1,0,1,1,0,0,0,1,0,1,1,0,1,1,0,0,0,1,1,0,0,0,1,1,0,0,0,1,1,0,1,0,1,1,0,1,0,1,0,1,1,0,1,1,0,0,0,1,1,1,0,0,1,1,0,1,0,1,1,1,1,0,1,1,1,1,1,0,1,0,1,0,1,1,1,0,0,1,1,0,0,1,1,1,1,0,1,1,1,1,0,0,1,1,1,1,0,1,0,0,0,0,1,1,0,0,0,0,1,1,0,0,0,1,1,0,0,1,1,1,0,1,0,1,1,0,0,1,0,1,1,0,1,1,1,1,0,1,0,1,0,0,0,1,1,1,0,1,0,1,0,0,1,1,0,0,0,1,0,1,1,0,1,0,0,1,0,0,1,0,0,0,1,0,0,0,0,0,1,0,1,0,0,0,0,0,0
5ed3fc90-e0f5-5f94-9066-84ac5ce9de09,1a4e94cb-8fec-52e0-be6f-8a046ab7a910,Uasin Gishu Potatoes Farm #0140,Rift Valley,Uasin Gishu,Potatoes,3.84,-0.4956,35.815204,11,True,Informal Smallholder,0,5.52,2,Emerging Agribusiness,0.28,0.2,0.24,0.56,0.04,0.32,0.08,0.12,0,1,0,0,0,1,1,0,1,0,1,0,0,0,0,0,1,0,0,0,0,0,1,0,0,1,0,0,0,0,1,0,0,0,0,0,0,0,0,0,0,0,1,0,0,0,1,1,0,0,1,0,1,0,0,0,0,0,0,0,0,0,1,0,0,0,0,1,0,0,1,0,1,0,0,0,1,0,1,1,1,1,1,1,0,0,1,1,0,0,1,1,0,0,0,1,1,0,1,0,0,0,0,0,0,0,0,0,0,0,0,0,0,0,0,0,0,1,0,0,0,0,0,0,0,0,0,0,0,0,1,1,1,0,0,0,0,1,0,0,1,0,1,0,1,1,0,0,0,0,0,1,0,0,0,0,0,0,0,0,0,0,1,0,0,0,0,0,0,0,0,0,0,0,0,0,0,0,0,0,1,0,0,0,0,1,0,0,0,0,0,1,0,0,0,0,0,0,0,0
10defaf7-c342-5033-8329-e8ee36fa922d,27ca6af9-a345-50cc-babe-b4b9170da3c3,Kericho Tea Farm #0141,Rift Valley,Kericho,Tea,4.56,0.161999,36.155688,8,False,Informal Smallholder,0,5.04,2,Emerging Agribusiness,0.12,0.16,0.24,0.64,0.08,0.24,0.08,0.12,0,0,0,0,0,0,0,1,0,0,0,0,1,0,0,1,0,0,0,0,0,0,0,0,0,0,0,1,0,0,0,0,0,0,0,0,0,0,0,1,0,0,1,0,0,0,1,0,0,0,0,1,0,0,0,0,0,0,1,0,1,0,1,0,0,1,0,0,0,0,1,0,0,0,0,1,0,1,0,0,1,1,1,1,1,1,1,1,1,0,0,0,0,1,0,1,1,1,0,1,0,0,0,0,0,0,0,1,0,0,0,0,0,0,0,0,0,0,0,0,1,0,0,0,0,1,1,0,0,0,0,1,0,0,0,0,0,0,0,0,1,1,1,0,0,0,0,0,0,0,0,0,0,0,0,1,0,0,0,0,1,0,0,0,0,0,0,0,0,0,0,0,0,0,0,0,0,0,0,0,0,0,0,0,0,1,0,0,0,0,1,0,0,0,0,1,0,0,0,0
a7cd92e1-bfad-55eb-98b3-06195194a2db,f208dcaf-2888-582d-b62a-989bda42efe2,Murang'a Coffee Farm #0142,Central Highlands,Murang'a,Coffee,1.8,0.013727,36.9729,16,True,Informal Smallholder,0,4.32,5,Future Ready Farm,0.24,0.16,0.2,0.32,0.08,0.16,0.12,0.16,1,0,0,0,0,0,0,0,0,0,0,1,1,0,0,1,0,0,0,0,1,0,1,0,0,0,0,1,0,0,1,0,0,0,0,0,0,0,0,0,1,0,0,1,0,0,0,0,0,0,1,0,0,0,0,0,0,0,0,0,0,0,0,0,0,1,1,0,0,0,1,0,1,0,0,1,1,0,0,0,0,0,0,1,0,1,0,1,0,0,0,0,0,1,0,1,0,1,0,0,0,0,0,0,0,0,1,0,0,0,0,0,0,0,0,0,0,1,0,0,0,0,0,0,0,0,0,0,0,0,0,0,1,0,0,0,1,0,0,0,0,1,0,0,0,0,1,0,0,0,0,0,0,0,0,0,0,0,0,0,0,0,0,0,0,0,0,1,0,1,0,1,0,0,0,1,0,0,0,0,0,0,0,0,0,0,1,0,0,0,1,0,0,0,1,0,0,0,0,0
79f26a26-a851-5a9b-8814-b1c8c899833b,56f97752-2c34-5d2e-b5f5-48c76307fdca,Lamu Fish Farming Farm #0143,Coastal Lowlands,Lamu,Fish Farming,26.4,-4.046201,39.988082,10,True,Commercial Market Leader,2,20.04,5,Future Ready Farm,0.72,0.64,0.84,0.88,0.96,0.92,0.84,0.88,1,0,1,1,0,1,1,1,0,1,1,1,1,1,0,0,1,1,1,1,1,1,1,0,0,1,1,1,1,1,0,1,0,1,0,0,0,1,1,1,0,0,1,1,1,1,1,1,0,0,1,0,1,1,1,1,1,1,1,0,1,1,1,1,1,1,1,1,0,1,1,1,1,1,0,1,1,1,1,1,1,1,0,1,1,1,1,1,0,1,1,1,1,1,1,0,1,1,1,1,1,1,1,1,1,1,1,1,1,1,1,1,0,1,1,1,1,1,1,1,1,1,1,1,1,1,1,1,1,1,1,1,0,1,1,1,1,1,1,1,1,1,1,1,1,1,1,1,1,0,1,1,1,1,1,1,1,0,1,0,1,1,1,1,1,1,1,1,1,0,1,1,1,1,0,1,1,1,0,1,1,1,1,1,1,1,1,1,1,1,1,1,0,1,0,1,1,1,1,1
4a4e2044-cb89-5192-80a2-60b50b9ee098,47891609-6092-5b97-beb2-40601f207614,Murang'a Dairy Farm #0144,Central Highlands,Murang'a,Dairy,5.93,-0.727688,36.790649,14,True,Transitioning Agribusiness,1,12.48,3,Structured Farm,0.4,0.52,0.56,0.72,0.52,0.52,0.52,0.4,1,0,0,0,0,0,0,1,0,0,1,0,1,0,0,1,0,0,1,1,1,1,1,0,0,1,0,1,1,0,0,0,1,0,0,1,1,1,0,0,1,1,1,0,0,1,1,0,1,0,0,1,1,0,0,1,0,1,1,0,0,1,0,0,1,1,1,0,0,0,1,1,1,1,1,1,0,0,1,0,1,1,1,1,1,1,1,0,1,1,1,1,1,1,1,0,0,1,1,0,1,0,1,1,1,1,0,1,0,0,1,1,1,1,0,0,0,1,0,1,1,0,0,0,0,1,0,0,1,0,1,1,0,0,1,1,0,1,0,0,0,1,1,1,0,1,1,0,1,0,0,1,1,0,0,0,0,0,1,0,1,1,1,0,0,1,1,1,0,1,1,1,0,1,0,0,1,0,0,1,0,1,1,0,0,0,0,0,1,0,1,1,0,1,0,1,0,1,0,0
7efc102f-ef4b-5fed-91cc-801e75d305d0,91b83431-b454-5b99-83f0-e1bc16b797dc,Makueni Livestock Farm #0145,Eastern Semi-Arid,Makueni,Livestock,6.4,-2.465696,38.185979,8,True,Informal Smallholder,0,5.4,2,Emerging Agribusiness,0.08,0.2,0.28,0.56,0.12,0.28,0.2,0.08,0,0,0,0,0,0,0,0,0,0,0,0,0,0,0,0,1,0,0,0,1,0,0,0,0,0,1,0,0,0,0,0,0,0,0,1,0,0,0,0,1,0,0,1,0,1,0,0,0,0,1,0,0,0,0,1,0,1,0,0,1,0,1,0,0,0,0,1,0,0,1,0,0,0,0,0,1,0,1,0,1,1,1,1,0,1,1,0,0,0,1,1,1,0,0,1,1,0,1,0,0,0,0,0,0,1,0,0,0,0,1,0,0,0,0,1,0,0,0,0,0,0,0,0,0,0,0,0,0,0,1,1,0,0,0,1,0,0,0,1,1,0,1,1,0,0,0,0,0,0,0,1,0,0,0,0,0,1,0,0,0,0,0,0,0,0,0,0,0,1,0,1,1,0,0,0,0,0,0,0,0,0,0,0,0,0,0,0,0,0,1,0,0,0,0,0,1,0,0,0
950ef01a-c848-58c1-80c9-413cdf8a559c,9e32f5be-0ebf-5712-9024-520fa18a1c4c,Tharaka Nithi Livestock Farm #0146,Eastern Semi-Arid,Tharaka Nithi,Livestock,4.1,-0.913072,38.348706,6,True,Informal Smallholder,0,5.52,2,Emerging Agribusiness,0.08,0.16,0.32,0.48,0.2,0.32,0.16,0.12,0,0,0,0,0,1,0,0,0,0,1,0,0,0,0,0,0,0,0,0,0,0,0,0,0,0,0,0,0,0,0,0,0,0,0,1,0,0,0,0,1,0,0,0,0,0,1,0,1,0,0,0,0,0,0,1,1,0,0,0,0,0,0,0,0,0,1,0,0,1,1,1,1,0,1,1,0,1,0,0,1,0,0,1,0,0,1,1,0,0,0,1,1,1,0,0,1,1,1,0,0,0,0,0,0,1,0,0,0,0,1,1,0,0,0,0,0,1,0,0,0,1,0,0,0,0,1,0,0,0,1,0,0,0,0,0,0,0,1,0,1,0,1,0,1,0,1,1,0,0,1,0,1,0,0,0,0,0,0,0,0,0,0,0,0,1,0,0,0,0,1,0,0,0,0,0,0,0,0,0,0,0,0,0,0,1,0,0,0,0,0,1,0,0,0,1,0,0,0,0
c9cc0ac5-d3e8-57a6-a121-bcd365ff7a37,28626c1c-c113-5ef9-a3b9-c71d9271293b,Machakos Pigeon Peas Farm #0147,Eastern Semi-Arid,Machakos,Pigeon Peas,0.5,-2.498394,38.303642,6,False,Informal Smallholder,0,4.68,5,Future Ready Farm,0.16,0.2,0.28,0.36,0.16,0.2,0.08,0.12,0,0,0,0,0,1,0,0,0,0,0,0,0,1,0,0,0,0,0,0,1,1,0,0,0,1,0,1,0,0,0,0,0,0,0,0,1,0,0,0,0,1,0,0,0,1,0,0,0,0,0,1,1,0,0,0,1,0,0,0,1,0,0,0,0,0,1,0,1,0,0,0,1,0,0,1,0,0,0,0,1,0,0,1,0,1,1,0,0,0,1,1,0,0,0,1,0,0,1,0,0,0,0,0,0,0,1,0,0,0,0,0,0,1,0,0,0,0,1,0,1,0,0,0,0,0,1,0,0,0,0,0,0,0,0,0,0,1,0,0,1,0,0,1,0,0,0,1,0,0,0,0,0,0,0,0,0,0,0,0,0,0,0,1,0,0,0,0,0,0,0,0,0,1,0,0,0,0,0,0,0,0,1,1,0,0,0,0,0,0,0,0,0,0,0,0,1,0,0,0
68e1d28b-aa4e-5bac-9ec8-4a6f0ee74efa,2401c73c-d3cb-51d8-b352-87d91ec5ef8d,Nandi Horticulture Farm #0148,Rift Valley,Nandi,Horticulture,2.29,0.306976,35.987073,2,True,Transitioning Agribusiness,1,12.72,3,Structured Farm,0.52,0.44,0.56,0.72,0.56,0.52,0.64,0.28,1,0,1,0,0,1,0,0,0,0,1,1,0,0,0,1,1,0,1,0,1,1,1,1,1,1,0,0,0,0,1,1,1,0,0,1,0,0,1,0,1,0,1,0,1,0,0,1,0,1,1,1,0,0,1,0,1,1,0,0,1,1,0,0,0,1,1,1,0,0,1,1,1,1,0,1,1,0,1,0,1,1,1,0,0,1,1,1,1,0,1,1,1,1,0,1,1,1,1,0,1,0,0,0,0,1,1,0,1,1,1,1,1,0,0,0,0,1,0,1,1,1,1,0,1,1,1,0,0,0,1,0,0,0,0,1,1,0,0,0,1,1,0,1,1,1,1,1,0,1,1,0,1,1,1,1,1,1,1,0,1,1,0,1,1,1,1,0,0,0,0,0,1,1,0,1,1,0,0,0,0,0,1,0,1,0,0,0,0,0,1,0,1,0,0,0,0,0,0,1
506e961b-c8b5-5175-9543-17d51f6d8bed,47a5e4ce-4929-50e6-95e9-4f3e59a1d573,Kirinyaga Avocado Farm #0149,Central Highlands,Kirinyaga,Avocado,3.09,-0.589568,37.083043,14,True,Informal Smallholder,0,4.92,5,Future Ready Farm,0.12,0.24,0.24,0.44,0.08,0.24,0.2,0.08,0,0,0,0,0,0,0,0,1,0,0,0,0,0,0,0,1,0,0,0,0,1,0,0,0,1,0,0,0,0,0,0,0,0,0,1,0,0,1,1,1,0,0,0,0,0,0,1,0,0,0,1,0,0,0,0,1,1,0,0,0,0,0,0,0,1,0,1,0,0,1,0,0,0,0,1,1,0,0,0,1,1,0,0,0,0,0,0,1,0,1,1,1,1,0,0,1,1,0,0,0,0,0,0,0,0,0,0,0,0,1,0,0,0,0,0,0,0,0,0,0,1,0,0,0,0,0,0,0,0,1,0,0,0,0,1,0,1,0,0,1,0,0,0,0,1,1,0,0,0,1,0,0,0,0,0,1,0,0,0,1,0,0,0,0,1,0,0,0,0,1,0,0,0,0,0,0,0,0,1,1,0,0,0,0,0,0,0,0,0,0,0,0,0,0,0,0,0,0,0
ba68c7c7-0e46-557d-965c-ab42adb34b4a,76e8e073-0306-5b3d-8285-c575617550ca,Taita Taveta Vegetables Farm #0150,Coastal Lowlands,Taita Taveta,Vegetables,3.45,-2.371588,39.324887,8,False,Informal Smallholder,0,5.4,2,Emerging Agribusiness,0.08,0.2,0.24,0.64,0.08,0.24,0.12,0.2,0,0,0,0,0,0,0,1,1,0,0,0,0,0,0,0,0,0,0,0,0,0,0,0,0,0,0,0,0,0,1,0,0,0,0,1,0,1,0,0,0,0,0,1,0,0,0,1,0,0,0,0,0,0,1,0,0,0,0,0,1,0,0,0,0,1,1,0,0,0,0,1,0,1,0,1,1,0,1,0,0,1,1,0,0,1,0,1,0,0,1,1,1,1,1,1,1,1,0,1,0,0,0,1,0,1,0,0,0,0,0,0,0,0,0,0,0,0,0,0,0,0,0,0,0,1,1,0,0,0,0,0,0,0,0,1,0,0,0,0,0,1,1,0,0,0,0,1,0,0,0,0,0,0,0,0,1,0,0,0,0,0,1,0,0,0,0,0,0,0,1,0,0,0,0,0,0,0,0,0,0,0,0,0,0,1,0,0,0,0,1,1,0,0,1,0,0,0,1,0
52e6b138-d6f7-528a-8fa3-b84da2cd0cc9,d0d46a99-2bc6-53d0-9361-359b27dd8d7f,Kwale Cashew Farm #0151,Coastal Lowlands,Kwale,Cashew,7.3,-4.136336,39.887502,12,False,Transitioning Agribusiness,1,12.6,3,Structured Farm,0.52,0.44,0.52,0.68,0.4,0.68,0.56,0.4,0,1,0,1,0,0,0,1,1,1,1,1,0,0,0,1,1,1,0,0,1,0,1,0,1,1,0,1,1,0,1,1,0,0,0,1,0,1,1,0,1,0,0,0,0,0,0,1,1,0,0,1,1,0,0,1,1,1,1,0,0,1,0,0,0,1,0,1,0,0,1,0,1,1,1,1,1,1,1,0,1,0,0,0,0,0,1,1,1,0,1,1,1,1,1,1,1,1,1,0,1,1,1,0,0,1,1,0,0,0,1,0,1,0,0,0,1,0,0,0,1,1,0,0,0,1,1,0,0,0,1,1,1,1,1,0,0,1,1,1,1,0,1,1,0,1,1,1,1,0,1,1,0,0,0,1,1,1,0,1,1,1,1,0,0,1,1,0,1,0,0,0,0,1,1,0,1,0,0,0,0,0,0,1,0,1,1,0,1,0,1,1,0,1,0,1,1,0,0,0
87c33ae9-e9ee-57fd-9129-147484c79e1f,3261a00d-a0e3-5b46-b128-d96eed45b89d,Uasin Gishu Dairy Farm #0152,Rift Valley,Uasin Gishu,Dairy,26.15,1.160712,35.917964,7,True,Commercial Market Leader,2,19.8,4,Investment Ready Farm,0.88,0.68,0.84,0.84,0.84,0.88,0.88,0.76,1,1,1,1,1,1,1,1,1,0,1,1,1,1,0,1,1,1,1,0,1,1,1,1,1,1,1,1,1,1,1,1,1,1,0,1,1,1,1,0,1,1,0,1,0,0,0,0,0,1,1,1,1,1,0,1,1,1,1,1,1,0,1,0,1,1,1,1,1,0,1,1,1,1,1,1,1,1,1,1,1,1,1,0,1,1,1,1,1,0,1,1,1,1,1,0,1,1,1,0,1,1,1,1,1,1,1,1,1,0,0,1,1,1,1,1,1,1,1,1,1,1,0,1,0,1,1,1,1,0,1,1,1,1,0,1,1,1,1,0,1,1,1,1,1,1,1,1,1,1,1,1,1,0,1,1,1,1,1,1,1,1,1,1,1,1,1,1,1,1,1,1,1,0,0,1,1,1,1,1,1,1,1,1,0,1,1,0,1,0,1,0,1,1,0,1,1,1,1,0
b316ad12-1865-5c24-9eb8-0850147e8b4c,134488d9-b023-5d9e-942a-65e46470a332,Kwale Vegetables Farm #0153,Coastal Lowlands,Kwale,Vegetables,3.16,-2.757908,38.969658,22,False,Informal Smallholder,0,5.04,2,Emerging Agribusiness,0.0,0.24,0.32,0.52,0.04,0.36,0.12,0.08,0,0,0,0,0,0,0,0,0,0,0,0,0,0,0,0,0,0,0,0,0,0,0,0,0,0,0,1,0,0,0,1,1,0,0,1,1,0,0,0,1,0,0,0,0,0,0,0,0,0,1,0,0,0,0,1,1,0,0,1,1,1,1,0,0,0,0,1,0,0,0,0,0,0,0,1,1,0,1,0,0,1,1,1,0,1,1,0,0,0,0,1,1,0,0,1,1,0,0,1,0,0,0,0,0,0,0,0,0,0,0,0,0,0,0,1,0,0,0,0,0,0,0,0,0,0,1,1,0,0,0,1,0,0,0,0,1,0,1,1,0,0,1,0,0,1,1,0,0,0,0,1,0,0,0,0,1,0,0,0,0,0,0,0,0,0,0,0,1,0,0,0,0,0,0,0,0,0,0,0,0,0,0,0,0,1,0,0,0,0,0,0,0,1,0,0,0,0,0,0
fa88084b-392c-5f03-8c61-f1718b01c8b4,518ff90d-4247-5a83-95ed-b480b599a49d,Uasin Gishu Maize Farm #0154,Rift Valley,Uasin Gishu,Maize,4.49,-0.615342,36.031588,5,True,Transitioning Agribusiness,1,13.08,3,Structured Farm,0.48,0.52,0.48,0.8,0.44,0.64,0.52,0.48,0,1,0,0,1,1,0,1,0,0,1,1,1,1,1,0,1,1,0,0,1,0,0,0,0,1,0,1,0,0,1,1,0,1,0,0,1,1,1,0,1,0,1,0,0,0,1,0,1,1,1,0,0,1,0,0,0,1,1,1,1,0,1,0,0,1,1,1,0,0,1,0,0,0,1,1,1,1,1,1,1,1,1,1,0,1,0,1,1,0,1,0,1,1,1,1,0,1,1,1,1,0,1,0,0,1,1,1,0,0,0,1,0,0,0,1,1,0,1,0,1,1,0,0,0,0,0,0,1,1,1,1,1,1,1,1,1,0,1,1,1,0,0,0,0,1,1,1,0,1,0,0,0,0,1,1,1,1,1,0,1,1,1,0,1,0,1,0,0,0,1,1,1,0,0,1,1,1,0,1,1,0,0,0,0,1,1,0,0,0,0,1,1,1,0,1,0,0,1,0
92734301-3e1f-581f-b40d-2149ba810277,810d09c2-515b-5fe2-b887-7ed833891008,Taita Taveta Cassava Farm #0155,Coastal Lowlands,Taita Taveta,Cassava,2.42,-3.280313,39.104476,2,False,Informal Smallholder,0,4.92,5,Future Ready Farm,0.12,0.2,0.16,0.48,0.2,0.24,0.12,0.12,0,0,0,0,0,0,0,1,0,0,1,0,0,0,0,0,0,0,0,0,1,0,0,0,0,0,0,0,0,0,0,0,0,0,0,0,1,0,0,0,0,1,0,0,0,1,1,0,0,1,1,1,1,0,0,0,0,0,0,0,0,0,0,0,0,1,0,0,0,0,0,0,0,0,0,0,1,0,1,0,1,0,0,0,1,1,1,1,0,0,1,0,1,0,0,0,1,1,1,0,0,1,0,1,0,0,1,0,0,0,1,0,0,0,0,0,0,0,1,0,0,0,0,0,0,1,0,1,0,0,1,1,0,0,0,0,1,1,0,0,0,0,0,0,0,0,0,0,0,0,0,0,0,0,0,0,0,0,0,0,0,0,0,0,0,1,0,0,1,0,0,0,0,1,0,0,0,1,0,0,1,0,0,0,0,0,0,0,0,0,0,0,0,0,0,1,0,0,0,0
0faab241-3ea2-578e-97a0-740822d7c452,9838b18a-1d92-57b1-9310-b4f66c28587b,Machakos Cowpeas Farm #0156,Eastern Semi-Arid,Machakos,Cowpeas,12.25,-0.393245,38.124814,22,True,Transitioning Agribusiness,1,10.8,3,Structured Farm,0.44,0.48,0.52,0.36,0.48,0.56,0.4,0.36,1,0,0,0,0,1,1,1,0,0,0,1,1,1,0,1,0,0,0,0,1,1,0,1,0,0,1,0,0,0,1,1,1,0,1,1,1,1,0,0,0,1,0,1,0,0,1,0,0,1,1,0,1,1,0,0,1,1,0,0,1,1,1,1,0,1,0,1,0,0,0,1,0,1,0,0,1,1,0,0,1,0,1,1,1,0,0,0,0,0,1,0,0,0,0,1,1,0,0,0,1,1,0,0,1,1,0,0,0,0,1,1,0,1,0,0,1,1,0,0,1,0,1,1,0,1,1,1,1,1,0,0,1,0,0,0,1,1,0,0,1,0,0,0,1,1,1,1,1,0,1,0,0,0,0,0,0,1,1,0,1,0,0,1,0,1,0,1,0,0,0,1,1,1,0,1,0,0,1,1,0,0,0,0,0,0,1,1,0,0,1,1,1,0,0,0,1,0,0,0
4f3f5096-b785-5fe7-a6b5-03be737fb1c4,224308b9-c1cb-5fa1-a225-06cc02dbe83f,Meru Avocado Farm #0157,Central Highlands,Meru,Avocado,2.51,-0.216752,37.210221,6,True,Informal Smallholder,0,4.8,5,Future Ready Farm,0.04,0.32,0.16,0.48,0.16,0.24,0.12,0.08,0,0,0,0,0,0,1,0,0,0,0,0,0,0,0,0,0,0,0,0,0,0,0,0,0,0,1,0,0,0,0,0,0,0,1,1,1,1,0,1,0,1,0,0,0,0,1,0,0,0,0,1,0,0,0,1,0,0,0,0,0,0,1,0,0,0,0,1,0,0,0,0,0,0,0,1,0,1,0,0,1,1,0,0,0,0,1,1,0,0,1,0,1,1,1,0,1,0,0,1,0,0,0,0,0,1,0,0,0,0,0,1,0,0,0,0,0,1,0,0,1,0,0,0,0,1,0,0,0,0,1,0,0,0,0,0,1,0,0,0,1,0,0,1,0,0,1,0,0,0,1,0,0,0,0,1,0,0,0,0,1,0,0,0,0,0,0,0,0,0,0,0,0,0,0,0,0,0,0,0,0,0,1,0,0,0,1,0,0,0,0,0,0,0,0,0,0,0,0,0
84122626-c8c7-5b7e-9fb7-835ec1a7fcad,3ca140aa-76a8-5379-a3b1-933f2d44f2c6,Nakuru Tea Farm #0158,Rift Valley,Nakuru,Tea,4.42,-0.992449,36.40718,14,True,Transitioning Agribusiness,1,11.52,3,Structured Farm,0.44,0.44,0.52,0.64,0.44,0.6,0.48,0.28,1,1,0,0,1,0,1,0,0,0,1,0,1,0,1,0,1,1,0,0,0,1,0,1,0,1,1,0,1,0,1,0,0,1,0,1,1,1,1,0,1,1,0,0,0,0,0,0,0,0,1,1,1,0,1,0,1,1,1,0,1,1,1,0,0,1,0,1,0,0,1,0,0,0,0,1,1,1,0,1,1,1,1,1,0,1,1,0,0,0,0,1,1,0,0,1,1,0,1,1,1,1,1,0,0,1,0,1,0,1,0,1,0,1,0,1,0,1,0,0,1,0,0,0,0,1,1,0,1,0,1,0,0,1,0,1,1,1,0,0,1,1,1,0,0,1,1,0,1,1,1,1,1,1,0,1,1,0,0,1,1,0,0,0,0,0,1,0,0,0,1,0,1,1,0,1,0,0,0,0,0,0,0,0,0,1,1,1,1,0,0,0,0,0,0,1,0,0,1,0
7864dde6-0b10-5a00-88c6-019df87f2bb3,7134cf0f-ab69-5add-929a-64176b46a515,Nyeri Avocado Farm #0159,Central Highlands,Nyeri,Avocado,1.5,-1.003882,37.479914,3,False,Transitioning Agribusiness,1,12.72,3,Structured Farm,0.56,0.6,0.48,0.72,0.44,0.6,0.48,0.36,1,0,0,1,0,1,1,0,1,0,0,1,1,1,0,1,1,1,0,0,1,1,1,0,0,0,1,1,0,0,0,1,1,1,0,1,1,1,1,1,1,0,1,0,0,0,1,1,1,0,1,0,1,0,0,1,1,1,0,0,1,1,1,0,0,1,1,1,0,0,1,0,0,0,0,0,1,0,1,0,1,1,1,1,1,1,1,1,1,0,1,1,1,1,0,0,1,0,1,1,1,0,0,0,0,1,0,1,0,0,1,1,0,0,0,1,0,1,0,0,1,1,1,0,1,1,0,1,1,1,1,1,1,0,0,1,1,1,1,0,1,1,0,0,0,0,1,1,0,0,0,1,1,1,0,1,1,0,0,0,1,0,0,0,0,1,1,1,0,0,1,0,1,0,1,0,1,0,1,0,0,0,1,1,0,1,0,0,1,0,1,0,1,0,0,0,0,0,1,0
a5b93dc1-cef0-5d2f-9b76-9cfccb94de12,2fbb3344-a052-5d06-b8eb-063e511174d6,Bungoma Horticulture Farm #0160,Western Kenya,Bungoma,Horticulture,2.44,0.796225,35.167909,7,True,Transitioning Agribusiness,1,13.08,3,Structured Farm,0.56,0.6,0.4,0.72,0.48,0.52,0.68,0.4,1,1,1,0,1,1,0,1,0,0,1,0,1,0,0,1,0,1,1,0,1,1,0,0,1,1,0,0,0,0,1,0,0,0,0,1,1,0,1,1,1,0,1,1,1,1,1,1,1,1,1,1,1,1,0,0,0,1,0,0,0,1,1,0,0,1,1,0,1,0,0,0,0,0,0,1,1,1,0,0,1,1,0,0,0,1,1,1,1,1,1,1,1,0,1,1,1,1,1,0,1,1,0,0,0,1,1,0,0,0,1,1,0,0,0,0,1,0,0,1,1,1,1,1,0,0,1,1,1,0,0,1,1,0,0,1,1,0,0,0,1,1,0,0,0,1,1,1,0,1,1,1,1,0,0,1,1,1,1,0,1,1,1,1,0,1,1,1,0,0,1,1,1,0,0,1,1,0,0,0,0,1,1,0,0,1,0,0,0,0,1,1,0,1,0,1,1,0,0,0
dbeb8ed0-1ca7-5cb4-adc7-b61f3c0e6125,a9566d6b-8e78-522b-a781-95ac7b54f382,Kilifi Cashew Farm #0161,Coastal Lowlands,Kilifi,Cashew,0.98,-3.398961,38.879268,13,True,Informal Smallholder,0,5.76,2,Emerging Agribusiness,0.2,0.16,0.32,0.48,0.28,0.32,0.08,0.08,0,0,1,0,0,1,0,0,0,0,1,1,0,0,0,0,1,0,0,0,0,0,0,0,0,0,0,1,0,0,1,1,0,0,0,0,0,0,0,0,0,0,1,0,0,0,0,0,0,0,0,0,1,0,0,1,1,0,1,0,1,0,0,0,0,1,1,0,1,0,0,0,0,0,0,0,1,1,0,1,1,0,1,0,0,1,1,1,0,0,0,0,1,0,1,0,1,0,1,0,0,0,0,0,0,1,1,0,1,0,1,1,0,0,0,0,1,0,0,0,0,0,0,1,0,0,0,0,0,1,1,1,0,0,0,0,1,0,0,1,1,0,1,0,0,1,0,0,0,0,1,0,0,0,0,0,1,0,0,0,0,0,0,0,0,0,0,0,0,0,0,0,0,0,0,0,0,0,0,0,1,1,0,0,0,0,0,0,0,0,0,0,0,0,0,0,0,0,0,0
b18cc86a-52fa-5ab6-8e1c-ecc44757764e,57e30b16-536f-5317-b796-99721a6e9215,Kisumu Poultry Farm #0162,Western Kenya,Kisumu,Poultry,19.17,0.457295,35.158588,14,False,Commercial Market Leader,2,20.88,5,Future Ready Farm,0.88,0.92,0.88,0.8,0.88,0.84,0.88,0.88,1,1,1,1,0,1,1,1,1,0,1,1,1,1,1,1,1,1,1,1,1,1,1,0,1,1,1,1,1,1,1,1,1,0,0,1,1,1,1,1,1,1,1,1,1,1,1,1,1,1,1,1,1,1,0,1,1,1,1,1,1,0,1,1,1,1,1,1,1,1,1,0,1,1,1,1,1,1,1,1,1,1,1,1,0,1,1,0,1,0,1,1,0,1,1,0,1,1,1,1,1,1,1,1,1,1,1,0,1,1,1,1,1,1,0,1,1,1,1,0,1,1,1,1,1,1,1,1,0,1,1,1,1,1,1,1,1,1,1,1,1,1,1,0,0,1,1,1,1,0,1,1,1,1,0,1,1,1,1,1,1,1,1,1,0,0,1,1,1,1,1,1,1,1,1,1,1,1,1,0,1,1,1,1,1,1,1,0,1,1,1,1,1,1,1,1,1,1,0,1
d36f1ca3-f56c-55f6-9f18-6c2aa5989bc0,99c59e5f-969b-5751-a208-b8ac6de9f50f,Lamu Vegetables Farm #0163,Coastal Lowlands,Lamu,Vegetables,2.74,-4.103434,38.915743,10,False,Informal Smallholder,0,6.72,2,Emerging Agribusiness,0.24,0.24,0.4,0.52,0.2,0.28,0.2,0.16,0,0,1,0,0,1,1,0,0,0,1,0,0,0,0,1,0,0,0,0,0,1,0,0,0,1,0,0,0,0,1,0,0,1,0,1,0,0,0,0,0,0,0,0,0,1,1,0,0,0,0,1,0,0,0,1,1,1,0,0,1,0,0,1,1,1,0,1,0,0,0,0,1,0,0,1,0,1,0,1,1,1,1,0,1,1,1,0,0,0,0,1,0,0,1,1,1,0,0,0,0,0,0,0,0,0,0,0,0,1,0,1,0,0,1,0,1,0,0,0,1,0,0,0,0,0,0,0,0,0,1,1,1,0,0,1,1,0,0,0,1,1,0,0,0,0,0,0,0,0,0,0,1,0,0,0,0,0,0,0,0,1,0,1,0,0,1,0,0,0,1,0,0,0,0,0,0,0,1,0,0,0,0,0,0,1,0,0,0,0,0,0,0,1,1,0,0,0,0,0
ef7dd7a9-a82d-5a96-88e8-6799842d9637,4dc0b1d5-2552-58a6-a4a5-b1acdac4853d,Kericho Maize Farm #0164,Rift Valley,Kericho,Maize,4.57,-1.106066,36.364634,19,False,Informal Smallholder,0,6.36,2,Emerging Agribusiness,0.2,0.2,0.16,0.52,0.2,0.44,0.28,0.12,1,0,0,0,0,0,1,0,0,0,0,0,1,0,0,0,0,0,0,0,0,1,0,1,0,1,0,0,0,0,1,0,0,0,1,0,1,0,0,0,0,0,0,0,0,1,0,0,0,0,0,0,0,0,0,0,1,0,0,0,0,0,0,0,0,1,1,0,0,0,0,1,0,0,0,1,1,1,1,0,1,1,1,0,0,1,0,0,0,1,1,0,1,1,0,0,0,1,0,0,1,0,0,0,0,1,0,0,0,0,0,1,1,0,0,0,0,0,0,0,1,0,0,0,0,1,1,0,1,0,1,1,1,0,0,1,1,0,0,0,1,0,0,0,0,1,0,1,0,0,0,0,0,1,0,0,1,0,0,0,1,0,0,1,0,1,1,0,0,0,1,0,0,0,0,1,0,0,0,0,0,0,0,0,0,1,0,0,0,0,0,1,0,0,0,0,0,0,0,0
f52c5f91-8224-59a6-99c8-d5bd731abf0c,141bc35a-b2c2-5aec-9626-5233bb69a3c8,Makueni Mangoes Farm #0165,Eastern Semi-Arid,Makueni,Mangoes,8.61,-2.110314,37.743555,4,True,Transitioning Agribusiness,1,11.88,3,Structured Farm,0.52,0.52,0.56,0.6,0.4,0.68,0.4,0.28,1,1,1,0,0,1,1,0,1,0,0,1,0,0,0,1,1,1,0,0,1,1,0,0,1,1,0,0,1,0,1,0,1,1,0,0,1,0,0,0,1,1,1,1,0,1,1,0,1,0,1,1,1,1,0,1,1,1,0,0,0,0,1,0,0,1,0,1,1,1,0,1,0,1,0,1,0,0,0,1,1,1,1,1,1,1,1,0,0,0,1,1,0,1,0,1,0,1,1,0,0,0,0,0,0,1,1,0,0,1,1,1,1,0,1,0,0,1,0,1,0,1,0,0,0,1,1,1,1,1,1,1,0,1,0,1,1,1,0,0,0,1,0,1,0,1,1,0,1,1,1,1,0,0,0,0,1,0,0,1,1,1,0,0,0,1,0,0,1,0,1,0,1,0,0,0,0,0,0,0,1,0,1,0,0,0,0,0,1,0,1,1,0,0,0,1,1,0,0,0
42e861f7-a13f-5908-bba6-954a1cc273aa,c0204c22-1635-51dc-b139-dbcf44518bf4,Kwale Coconut Farm #0166,Coastal Lowlands,Kwale,Coconut,2.98,-4.416051,39.187138,3,False,Informal Smallholder,0,5.28,2,Emerging Agribusiness,0.32,0.28,0.32,0.4,0.04,0.2,0.08,0.12,1,0,1,0,0,1,0,0,0,0,0,0,0,0,0,0,1,1,1,0,1,0,1,0,0,1,1,0,0,0,1,0,0,0,0,0,1,0,0,0,0,1,0,0,0,0,1,1,0,0,1,0,0,0,0,1,1,0,0,0,1,0,0,0,0,1,1,0,0,0,1,1,0,0,0,1,1,0,0,0,0,1,1,0,0,0,0,0,0,0,1,1,1,0,1,1,0,1,0,0,0,0,0,0,0,0,0,0,0,0,0,0,0,0,0,0,0,0,0,1,0,0,0,0,0,1,0,0,1,0,0,0,1,0,0,0,0,0,0,0,1,0,1,0,0,0,0,0,0,0,0,0,0,0,0,1,0,0,0,0,0,0,1,0,0,0,0,0,0,0,0,0,0,0,0,0,0,0,0,0,0,0,0,0,1,0,0,0,1,0,0,0,0,0,0,0,0,0,0,1
36fdb6ad-b04a-5685-9ead-4cfdf121dfe9,88fac185-1168-5726-bb5f-cce3ca3621e2,Kiambu Dairy Farm #0167,Central Highlands,Kiambu,Dairy,7.92,0.063597,37.646366,13,True,Transitioning Agribusiness,1,12.12,3,Structured Farm,0.48,0.56,0.48,0.56,0.36,0.6,0.64,0.36,1,1,1,0,0,1,1,1,0,0,1,0,1,1,0,1,0,0,0,0,0,1,1,0,0,0,1,1,1,0,1,0,1,1,0,0,1,1,1,0,1,1,0,0,1,0,1,1,0,0,0,1,1,1,0,1,1,1,0,0,1,1,1,0,0,0,1,0,0,0,1,1,0,0,0,0,1,0,1,0,0,0,1,1,0,1,0,1,0,0,1,1,1,0,1,1,1,1,1,0,1,0,1,0,0,1,1,0,0,0,0,0,1,0,0,1,1,0,0,0,0,1,0,1,0,1,0,0,1,0,1,0,1,0,1,1,1,1,0,0,1,1,0,0,0,1,1,1,1,1,1,1,1,1,0,1,0,0,0,1,1,1,1,0,0,1,0,1,1,0,1,1,0,1,1,0,0,1,0,0,0,1,0,0,0,1,1,0,0,0,1,1,1,1,0,1,0,0,0,0
820e982e-221b-535b-8f9a-76604375632b,5a3db2f6-7d50-5034-9698-64b4c68ac0a0,Taita Taveta Coconut Farm #0168,Coastal Lowlands,Taita Taveta,Coconut,4.58,-3.404535,39.119699,9,True,Transitioning Agribusiness,1,12.0,3,Structured Farm,0.48,0.48,0.68,0.6,0.32,0.48,0.44,0.52,1,1,1,0,0,1,1,0,0,0,1,1,0,1,0,1,0,0,0,0,1,1,1,0,0,0,0,1,1,0,0,1,1,0,0,0,0,1,0,0,1,1,1,0,0,1,1,1,1,0,1,1,1,0,0,1,1,1,1,1,1,0,1,1,0,1,1,0,0,0,1,1,1,1,0,1,1,1,0,1,1,1,1,1,0,1,1,1,0,0,0,1,0,0,0,1,1,0,1,0,1,0,0,1,0,1,0,1,0,0,1,0,0,0,0,0,1,0,0,0,1,1,0,0,0,1,0,0,0,0,1,1,0,0,1,1,1,0,1,0,0,1,1,1,0,1,0,1,0,0,1,1,0,0,0,0,1,0,0,1,1,1,0,0,0,0,1,0,1,0,1,1,1,0,0,1,1,0,1,0,1,1,1,0,0,1,1,0,0,0,1,1,1,0,0,0,1,1,0,0
3ce478f4-c8f1-59e2-b3f9-1cdd222276f1,97729f49-630b-5809-9077-bdbd0ccc5096,Kwale Cassava Farm #0169,Coastal Lowlands,Kwale,Cassava,0.71,-3.284454,38.807283,19,False,Informal Smallholder,0,5.04,2,Emerging Agribusiness,0.16,0.16,0.24,0.44,0.12,0.32,0.12,0.12,0,0,0,0,0,0,1,0,0,0,0,0,0,0,1,0,0,0,0,0,1,1,0,0,0,0,0,0,0,0,0,0,0,0,0,1,1,0,1,0,0,1,0,0,0,0,0,0,0,0,0,0,0,0,0,1,0,0,1,0,0,0,0,0,0,1,0,0,0,1,1,1,0,0,0,0,0,1,0,0,1,1,1,1,0,1,0,0,0,1,1,0,0,0,1,0,1,0,1,0,1,0,0,0,0,0,0,0,0,0,0,1,0,0,0,0,0,0,0,0,0,0,1,0,0,1,0,0,0,0,0,1,0,0,0,1,1,0,0,0,1,1,1,0,0,0,0,0,1,0,0,0,0,0,0,0,1,1,0,0,0,0,0,0,0,0,0,1,0,0,0,0,0,0,0,1,0,0,0,1,0,0,1,0,0,0,0,0,0,0,0,0,0,0,0,0,0,0,0,0
f060c5a5-19da-553e-a621-3097b0bbad6e,9f43b3cd-aa31-58d9-b3af-f85af29dd001,Kilifi Fish Farming Farm #0170,Coastal Lowlands,Kilifi,Fish Farming,12.25,-3.159648,39.751567,7,True,Commercial Market Leader,2,20.52,5,Future Ready Farm,0.92,0.8,0.88,0.8,0.96,0.88,0.84,0.76,1,1,1,1,0,1,1,1,1,0,1,1,1,1,1,1,1,1,1,1,1,1,1,1,1,1,1,1,0,1,1,0,1,0,1,1,1,1,1,0,1,1,1,1,1,1,1,0,1,1,1,1,0,1,1,1,0,1,1,0,1,1,1,1,1,1,1,1,1,1,1,1,1,1,1,1,1,1,1,0,1,1,1,1,1,1,1,1,1,0,0,1,1,1,0,1,1,1,1,0,1,1,1,1,1,1,1,1,1,1,1,1,1,1,1,1,1,1,1,0,1,1,1,1,1,0,1,1,1,1,1,1,1,1,1,1,1,1,0,1,1,1,1,1,0,1,1,1,1,1,1,1,0,1,1,1,1,1,1,1,1,1,1,1,0,1,1,1,1,0,1,1,1,0,1,1,1,1,0,0,1,1,1,1,1,1,1,1,1,1,1,1,0,0,0,1,1,1,1,0
2ea3383a-aa4e-5c00-afa9-69fa5190c582,28033a07-3093-5b22-ae5c-326a873f1cab,Kisumu Dairy Farm #0171,Western Kenya,Kisumu,Dairy,4.51,0.581244,34.744733,11,True,Informal Smallholder,0,5.4,2,Emerging Agribusiness,0.16,0.04,0.24,0.68,0.28,0.24,0.12,0.04,0,0,0,0,0,1,1,0,0,0,0,0,0,0,0,0,0,0,0,0,0,1,0,1,0,0,0,1,0,0,0,0,0,0,0,0,0,0,0,0,0,0,0,0,0,0,0,0,0,0,0,0,0,0,0,1,1,0,0,0,1,1,0,0,0,0,1,0,0,0,0,0,1,0,0,1,1,1,1,0,0,1,1,1,1,1,0,1,1,0,1,0,1,0,0,1,1,1,1,0,0,1,1,0,0,0,0,0,0,0,1,0,0,0,1,0,0,0,0,0,1,1,1,0,0,0,1,1,0,0,0,1,0,0,0,0,1,0,0,0,0,1,0,0,0,1,0,0,0,0,0,0,0,0,0,1,0,0,0,0,0,0,0,0,0,1,0,0,0,0,1,0,0,0,0,0,0,0,0,0,0,0,0,1,0,0,0,0,0,0,0,0,0,0,0,0,0,0,0,0
8a1f1edf-043e-5fcd-a0a3-9274aa2f0d5b,0703127c-e71d-5dfc-a730-e456737f1639,Murang'a Horticulture Farm #0172,Central Highlands,Murang'a,Horticulture,4.22,-0.584801,37.702833,8,True,Transitioning Agribusiness,1,11.52,3,Structured Farm,0.56,0.4,0.48,0.68,0.52,0.36,0.52,0.32,0,1,1,1,1,0,0,1,1,0,1,1,1,0,1,1,1,1,0,0,0,1,0,0,0,1,0,1,0,0,1,1,0,0,1,0,0,0,0,0,1,1,0,0,0,1,1,1,0,0,1,1,0,1,0,1,1,1,0,0,1,1,0,0,0,1,1,0,0,0,1,0,0,1,0,1,1,1,0,1,1,1,1,0,0,0,1,0,0,0,1,1,1,1,1,0,1,1,1,1,0,1,0,1,0,1,0,0,1,1,1,1,1,0,0,1,1,0,1,0,1,0,1,0,0,1,1,0,0,0,0,0,0,0,1,1,0,0,1,0,1,0,0,1,0,1,1,0,0,0,1,1,0,0,0,1,0,1,0,0,0,1,0,0,0,1,1,1,1,0,1,1,1,1,0,0,1,1,0,0,0,0,0,1,0,0,1,0,0,0,0,1,0,0,0,1,1,0,0,1
29d6b6f1-4222-5ba8-8ad4-1cf9d7c84249,66fedf0b-b509-53b3-868f-7c562a7964bb,Makueni Livestock Farm #0173,Eastern Semi-Arid,Makueni,Livestock,1.95,-0.938628,37.446376,19,False,Informal Smallholder,0,7.08,2,Emerging Agribusiness,0.4,0.28,0.32,0.6,0.24,0.24,0.16,0.12,0,1,0,1,0,0,1,0,0,0,0,1,1,0,1,0,1,0,0,0,1,1,1,0,0,1,0,0,0,0,1,0,0,0,0,1,1,0,0,0,1,0,0,0,0,1,1,0,0,0,1,0,0,0,0,0,1,0,0,0,1,1,1,1,0,1,0,0,0,0,1,0,0,0,0,1,1,0,0,1,1,1,0,1,0,1,0,1,1,0,0,1,1,0,0,1,0,1,1,1,1,0,0,0,0,0,0,0,1,0,1,0,0,0,0,1,1,0,0,0,1,0,0,0,0,1,1,0,0,0,1,1,0,0,0,0,0,0,0,0,0,0,1,0,0,1,0,0,0,0,0,0,0,0,0,1,1,0,0,0,1,0,0,0,0,0,0,1,0,0,0,0,0,0,0,0,0,0,0,0,0,0,0,0,0,0,0,0,0,0,0,0,0,0,0,1,0,1,1,0
934777b7-2572-5847-9336-f4b3ecdbce22,28e9860c-c64b-57dc-865b-cbd6b21358e8,Embu Dairy Farm #0174,Central Highlands,Embu,Dairy,36.85,-0.029627,36.748984,15,True,Commercial Market Leader,2,19.56,4,Investment Ready Farm,0.84,0.72,0.92,0.72,0.84,0.8,0.96,0.72,1,1,1,1,1,1,1,1,1,0,1,1,0,1,1,1,1,1,1,1,0,1,1,1,0,0,1,1,1,0,1,1,0,1,1,1,0,0,0,1,1,1,1,1,1,0,1,1,1,1,1,1,1,1,1,1,1,1,1,0,1,1,1,1,0,1,1,1,1,1,1,1,1,1,1,0,1,0,1,1,0,1,1,0,1,1,1,1,1,1,0,1,1,1,1,0,1,1,1,0,1,1,0,1,1,1,0,1,1,0,1,1,1,1,1,1,1,1,1,0,1,1,1,1,1,1,0,1,1,1,1,1,1,1,1,1,1,1,1,0,0,1,1,1,0,1,1,1,1,0,1,1,1,1,0,1,1,1,1,1,1,1,1,1,1,1,1,1,1,1,1,1,1,1,1,1,0,1,0,1,0,1,1,0,1,1,1,1,0,0,1,1,1,1,0,1,1,1,1,1
0cbaac27-d408-5697-87e6-eab064628af0,c0038352-c2e1-54fc-adb0-e64547938931,Murang'a Macadamia Farm #0175,Central Highlands,Murang'a,Macadamia,3.67,-0.737587,36.707138,8,False,Informal Smallholder,0,6.36,2,Emerging Agribusiness,0.16,0.24,0.32,0.6,0.16,0.52,0.04,0.08,0,0,0,0,1,0,0,0,0,0,0,0,0,0,0,0,1,0,1,0,1,0,0,0,0,0,1,0,0,0,1,1,0,0,0,0,1,0,0,0,1,0,0,0,0,0,1,0,0,0,1,1,0,0,0,1,1,0,0,0,1,0,0,0,0,1,0,1,0,0,1,0,0,0,0,1,0,1,1,0,1,1,1,1,0,1,0,0,1,0,1,1,0,0,1,1,1,1,0,0,1,0,0,0,0,0,0,1,0,0,0,0,0,0,0,1,0,0,0,0,1,0,0,0,0,1,1,0,0,0,1,1,1,0,0,1,1,0,0,1,1,1,1,1,0,0,1,0,0,0,0,0,0,0,0,0,0,0,1,0,0,0,0,0,0,0,0,0,0,0,0,0,0,0,0,0,0,0,0,0,0,0,0,0,0,0,0,0,0,0,0,1,0,0,0,0,0,1,0,0
9a64b4be-a06e-5e1c-8bca-4494fa5b7d0c,8b983d23-10a7-5387-a42e-b3325c93bda7,Murang'a Tea Farm #0176,Central Highlands,Murang'a,Tea,2.08,-0.790136,36.766875,7,False,Informal Smallholder,0,3.84,1,Informal Farm,0.04,0.04,0.16,0.6,0.12,0.04,0.16,0.12,0,0,0,0,0,0,0,0,0,0,0,0,0,0,0,0,0,0,0,0,1,0,0,0,0,0,0,0,0,0,0,0,0,0,0,0,0,0,0,0,0,1,0,0,0,0,0,0,0,0,0,0,0,0,0,0,1,0,0,1,0,0,0,1,0,0,1,0,0,0,0,0,0,0,0,0,1,1,0,0,0,1,1,1,1,1,0,0,1,0,1,1,0,1,0,1,1,1,1,0,0,0,0,0,0,0,1,0,1,0,0,0,0,0,0,1,0,0,0,0,0,0,0,0,0,0,0,0,0,0,1,0,0,0,0,0,0,0,0,0,0,0,0,0,0,0,0,0,0,0,0,0,0,0,0,0,0,0,0,0,0,1,1,0,0,0,1,0,0,0,1,0,0,0,0,0,0,0,0,0,0,0,1,0,0,0,0,0,0,1,0,1,0,0,0,0,0,0,0,0
ece669d3-c548-5130-9ccd-5825753657a3,9e5c8dfc-9222-5c7d-b6dd-00d498583f81,Bomet Maize Farm #0177,Rift Valley,Bomet,Maize,3.26,0.099411,36.221331,5,True,Informal Smallholder,0,5.4,2,Emerging Agribusiness,0.16,0.32,0.16,0.56,0.08,0.16,0.28,0.08,0,1,0,0,0,1,0,0,0,0,0,0,0,0,0,1,0,0,0,0,1,0,0,0,0,0,0,0,1,0,0,0,0,0,0,1,1,0,1,0,1,1,0,0,0,1,0,0,1,0,0,0,0,1,0,1,0,0,0,0,1,0,0,0,0,0,0,0,0,0,1,0,0,0,0,1,1,1,0,0,1,1,0,0,0,0,0,1,1,1,1,1,1,0,1,1,0,1,0,0,0,0,0,0,0,0,1,0,0,0,1,0,0,0,0,0,0,0,0,0,0,0,0,0,0,1,1,0,1,0,0,0,0,0,0,0,1,0,0,0,0,0,0,0,0,0,0,0,0,0,0,0,1,1,0,1,0,0,0,0,1,0,0,0,0,1,1,0,0,0,0,0,1,0,0,0,0,0,0,0,0,1,0,0,0,0,0,0,0,0,0,0,0,0,0,1,0,0,0,0
d3afa609-d27c-54d0-9e7f-094ec310f17f,a8565427-7ded-557c-826e-b536dc8b6b8d,Kisumu Dairy Farm #0178,Western Kenya,Kisumu,Dairy,28.46,0.41384,35.003369,11,True,Commercial Market Leader,2,18.96,4,Investment Ready Farm,0.88,0.64,0.88,0.84,0.68,0.76,0.96,0.68,1,1,1,1,0,1,1,1,1,0,1,1,0,1,1,1,1,1,1,1,1,1,1,1,1,1,1,1,1,0,0,0,0,0,0,1,1,1,1,1,1,0,1,1,1,1,1,1,0,0,1,1,1,1,1,1,1,1,1,1,1,1,0,1,1,1,1,1,1,0,1,1,1,1,0,1,1,1,1,0,1,1,0,1,1,1,1,1,1,1,1,1,1,0,1,1,1,0,1,1,1,0,1,1,0,1,0,1,1,1,1,1,1,1,0,0,1,1,0,0,1,1,1,1,0,1,1,0,1,0,1,1,0,0,0,1,1,1,1,1,1,1,1,1,1,1,1,1,1,0,1,1,1,0,1,1,1,1,1,1,1,1,1,1,1,1,1,1,1,1,1,1,1,1,1,1,0,1,0,1,1,1,1,1,0,1,0,1,1,1,1,1,0,1,0,1,1,0,1,0
f4e6b7ae-c0ff-533e-818c-dcb0fc0a0962,49fc4618-410e-5e6a-bee4-7f3ab80fd95b,Makueni Mangoes Farm #0179,Eastern Semi-Arid,Makueni,Mangoes,20.75,-0.458303,37.763391,8,True,Commercial Market Leader,2,19.08,4,Investment Ready Farm,0.8,0.72,0.96,0.8,0.76,0.8,0.84,0.68,1,1,1,0,0,1,0,1,1,1,1,1,1,0,0,1,1,1,1,1,1,1,1,1,1,1,1,1,1,0,1,1,1,0,0,1,1,1,1,0,1,1,0,1,1,1,1,1,0,0,1,1,1,1,1,1,1,1,1,1,1,1,1,1,1,1,1,1,1,1,1,0,1,1,1,0,1,1,0,1,1,0,1,0,1,0,1,1,1,1,1,1,1,1,1,1,1,1,1,1,1,1,1,1,0,1,1,1,1,0,1,1,0,1,1,1,0,0,1,1,1,1,1,0,1,1,1,1,1,1,1,1,0,1,1,1,1,0,0,1,1,1,0,1,0,1,1,1,1,1,1,0,1,1,1,1,1,1,1,0,1,1,1,1,1,1,1,0,1,0,1,1,1,1,1,1,1,0,0,0,1,1,1,0,1,1,1,1,1,0,1,1,1,0,0,1,1,1,0,1
fd791216-9785-5830-b79a-45ec8c7c9ca0,a23afedd-a162-59df-a5e1-5c60b4fa8ae3,Kirinyaga Macadamia Farm #0180,Central Highlands,Kirinyaga,Macadamia,9.85,-0.313123,37.164371,22,True,Transitioning Agribusiness,1,11.4,3,Structured Farm,0.36,0.52,0.48,0.56,0.44,0.6,0.4,0.44,1,1,0,1,0,1,1,0,0,0,1,1,0,0,0,0,0,1,0,0,0,0,0,1,0,0,1,0,1,1,1,0,0,0,1,1,1,1,0,0,1,0,1,0,0,1,1,1,0,0,0,0,1,0,0,1,1,1,1,0,1,1,0,0,0,0,0,1,0,1,1,1,0,1,0,1,1,0,0,0,0,1,0,1,0,1,1,1,0,0,1,0,1,1,0,1,0,1,1,1,0,1,0,1,0,1,1,1,0,1,1,0,1,0,0,1,0,1,0,0,1,0,0,0,0,1,1,1,0,0,0,1,1,1,0,1,1,1,0,0,0,0,1,1,0,1,1,1,0,1,0,1,0,0,1,1,0,1,0,1,1,0,0,0,0,1,0,0,0,0,1,1,1,0,0,0,0,0,1,0,1,1,1,0,0,1,1,1,0,0,1,0,1,0,0,0,1,0,1,0
429ed824-cc50-5448-a78c-3c9c7c57a89a,214cc0a7-ec3a-5a1c-9c84-2d568df4a962,Embu Tea Farm #0181,Central Highlands,Embu,Tea,38.08,-0.84544,37.223554,3,True,Commercial Market Leader,2,19.8,4,Investment Ready Farm,0.88,0.88,0.8,0.72,0.76,0.84,0.88,0.84,1,1,1,1,1,1,0,1,1,1,1,1,1,1,1,1,1,1,1,1,1,1,1,0,0,1,1,1,0,1,1,0,1,1,1,1,1,1,1,1,1,1,1,1,0,1,1,1,1,1,1,1,1,1,0,1,1,1,1,1,1,1,0,1,1,1,1,1,0,1,1,1,0,0,1,0,1,1,1,0,1,1,1,0,0,1,1,1,1,1,1,1,1,0,0,0,1,1,1,1,1,1,1,1,1,1,1,0,1,1,1,1,0,0,1,1,1,1,0,1,1,1,0,1,0,1,1,0,1,1,0,1,1,1,0,1,1,1,1,1,1,1,1,1,0,1,1,1,1,1,1,1,1,1,0,1,1,1,1,1,1,1,1,1,1,1,1,1,0,0,1,1,1,1,1,1,1,1,0,1,1,1,1,1,0,0,1,1,1,0,1,1,1,1,1,1,1,1,1,1
ff813166-e5bc-5d66-b26b-b9e8336bde7a,d08e95e6-4362-5aea-b7e7-3c3db2520327,Murang'a Macadamia Farm #0182,Central Highlands,Murang'a,Macadamia,13.43,-0.726072,36.831275,11,True,Commercial Market Leader,2,19.68,4,Investment Ready Farm,0.92,0.8,0.88,0.8,0.88,0.8,0.8,0.68,1,1,1,1,1,1,1,1,1,1,1,1,1,1,0,1,1,1,1,1,1,1,0,1,1,1,1,0,1,1,1,1,1,1,0,1,1,1,0,0,1,1,1,1,0,1,1,1,1,1,1,1,1,1,1,1,1,0,1,1,1,1,0,1,1,1,1,1,1,0,1,1,1,1,1,1,1,1,0,1,1,1,1,1,0,1,1,1,1,1,1,1,1,1,0,1,0,1,0,1,1,1,1,1,1,1,1,1,0,0,1,1,0,1,1,1,1,1,1,1,1,1,1,1,1,1,1,1,0,0,1,1,1,0,1,1,1,1,1,1,1,1,1,0,0,1,1,1,1,1,1,0,1,1,1,1,1,1,1,1,1,1,1,0,1,1,1,1,1,1,1,1,0,0,0,1,1,0,0,1,1,1,1,1,0,1,1,1,0,0,1,1,0,1,1,1,0,1,1,0
6a41889f-4816-54c5-955a-02c4636179dd,2e74a938-41e9-58ab-b91e-4eaf34de068b,Kirinyaga Tea Farm #0183,Central Highlands,Kirinyaga,Tea,1.53,-0.898941,37.579633,22,False,Transitioning Agribusiness,1,11.28,3,Structured Farm,0.52,0.44,0.44,0.52,0.48,0.56,0.48,0.32,0,0,1,1,0,1,1,0,1,0,1,1,0,1,0,1,1,0,0,0,1,1,0,1,0,1,1,1,0,0,1,1,1,0,0,1,1,0,0,0,1,0,0,1,0,0,1,0,0,0,1,1,0,0,0,0,0,1,0,0,0,1,1,1,0,1,0,1,1,0,1,0,1,0,0,0,0,1,0,0,0,0,1,0,1,1,1,1,1,0,1,1,0,1,1,1,0,1,0,0,1,1,1,0,0,1,1,0,0,0,1,1,1,0,0,1,1,1,0,0,1,0,0,0,0,1,1,1,0,0,1,0,0,1,1,1,1,0,1,0,0,1,0,1,1,1,0,0,1,0,1,0,1,0,0,1,1,0,1,0,0,0,0,1,0,1,1,0,0,1,1,1,1,0,0,1,0,0,0,0,1,1,0,0,1,0,0,1,0,0,0,1,0,1,0,0,1,0,0,0
9436b2da-6141-5d5c-9e64-0632c069fecf,feba36b1-7339-5e51-b7b5-f0436627d6ac,Bomet Potatoes Farm #0184,Rift Valley,Bomet,Potatoes,3.15,-0.834959,35.073231,15,False,Informal Smallholder,0,5.16,2,Emerging Agribusiness,0.16,0.2,0.2,0.6,0.2,0.12,0.16,0.08,1,0,0,0,0,0,1,0,0,0,0,0,0,0,0,1,0,1,0,0,0,0,0,0,0,0,0,0,0,0,1,1,0,0,0,0,1,0,0,0,0,0,0,0,0,1,1,0,0,0,1,0,0,0,0,0,1,0,1,0,0,0,1,0,0,0,0,0,0,0,1,0,0,0,0,0,1,0,1,1,1,1,0,1,0,1,0,1,0,1,1,0,1,1,0,1,0,1,0,1,0,0,0,1,0,1,0,0,0,0,0,1,1,0,0,0,1,0,0,0,0,0,0,0,0,1,1,0,0,0,0,0,0,0,0,0,0,0,0,0,1,0,0,0,0,0,0,0,0,0,0,0,1,0,0,1,0,0,0,0,0,0,0,0,0,1,0,0,1,0,0,0,0,0,0,0,0,0,1,0,0,0,0,0,0,0,0,0,0,0,0,0,1,0,0,0,0,0,0,0
111c7a61-ebb9-5412-8ecf-c7e8310ce5bc,f31731ba-7878-55f6-b40c-bde9884b488d,Trans Nzoia Potatoes Farm #0185,Rift Valley,Trans Nzoia,Potatoes,1.71,1.034214,36.422364,1,True,Transitioning Agribusiness,1,13.2,3,Structured Farm,0.56,0.4,0.68,0.64,0.44,0.56,0.68,0.44,1,1,0,0,1,0,1,1,0,1,0,1,0,0,0,1,0,1,1,0,1,1,1,0,1,1,0,0,0,1,1,1,0,1,0,1,1,0,0,0,0,0,0,1,0,1,0,0,1,0,1,1,0,0,1,1,1,0,0,0,0,1,0,1,1,1,1,1,1,1,1,1,1,0,1,1,0,1,0,1,0,1,1,1,0,1,1,1,0,0,1,1,1,1,0,1,1,0,1,0,1,0,1,1,0,1,0,0,1,0,1,0,0,0,1,1,0,0,1,0,1,1,0,0,0,1,1,1,1,0,1,0,1,0,0,1,1,1,1,0,1,0,0,0,1,0,1,1,0,0,1,1,1,0,1,1,1,0,1,1,0,1,1,1,0,1,1,0,1,0,1,1,0,1,0,1,1,0,0,0,1,1,1,1,0,0,1,0,0,0,1,0,0,0,0,1,1,1,0,0
82def4b3-014c-5cf4-8631-c3012532ffe0,701cda1b-65a3-5763-9900-f70170dfd06b,Vihiga Horticulture Farm #0186,Western Kenya,Vihiga,Horticulture,6.13,0.506461,34.064226,8,True,Transitioning Agribusiness,1,11.64,3,Structured Farm,0.44,0.4,0.52,0.68,0.52,0.56,0.32,0.44,1,0,0,0,1,1,1,1,0,0,1,0,0,0,0,1,1,1,0,0,0,1,1,0,0,0,1,0,1,0,1,0,0,0,0,0,1,0,0,0,1,1,1,1,0,1,0,1,0,0,1,1,0,0,0,1,1,1,0,0,1,1,0,0,0,1,0,0,1,0,1,1,0,1,1,1,0,0,0,1,0,1,0,1,0,1,1,0,1,1,1,1,0,1,1,1,1,1,1,1,1,0,0,0,0,1,1,1,1,0,1,0,0,0,1,1,1,0,0,1,1,1,1,0,0,0,1,1,0,0,1,1,0,0,0,1,1,1,0,0,1,1,1,0,1,1,1,0,0,1,0,1,0,0,1,1,1,0,0,0,0,0,0,0,0,0,1,0,0,0,1,1,0,1,0,0,0,1,0,1,1,0,0,1,0,0,1,0,0,0,1,1,1,0,0,1,1,1,0,0
e7aa63d4-ac4b-528b-8a59-5ebec00bd803,b4dc14e6-0a85-51a7-812e-91a6900f23c2,Siaya Dairy Farm #0187,Western Kenya,Siaya,Dairy,1.91,-0.348362,35.009891,4,False,Informal Smallholder,0,4.8,5,Future Ready Farm,0.04,0.12,0.2,0.6,0.2,0.2,0.12,0.12,0,0,0,0,0,0,0,0,0,0,1,0,0,0,0,0,0,0,0,0,0,0,0,0,0,0,0,0,0,0,0,0,0,0,0,0,0,1,0,0,0,0,0,1,0,1,0,0,0,0,0,1,0,0,0,0,0,0,0,0,0,0,1,1,0,1,0,1,0,0,0,0,0,0,0,1,1,0,0,0,1,1,1,1,0,1,0,1,0,0,1,1,1,1,0,1,1,1,0,0,1,0,1,0,0,0,0,0,0,0,0,1,0,0,0,1,0,0,0,0,0,0,0,1,0,0,0,0,0,0,1,0,0,0,0,0,0,0,0,0,1,1,0,0,0,1,0,1,0,0,0,0,0,1,0,0,0,1,0,0,0,0,0,0,0,0,0,0,0,0,0,0,1,0,0,0,0,0,1,0,0,0,0,0,1,0,1,0,0,0,0,0,0,0,0,0,0,0,0,0
791962d6-269d-5a4d-b4c4-90293420d91a,68d3f166-76d7-5a8d-b9e8-70430421876b,Nyeri Avocado Farm #0188,Central Highlands,Nyeri,Avocado,0.91,-0.238247,37.554489,15,True,Informal Smallholder,0,5.4,2,Emerging Agribusiness,0.16,0.28,0.16,0.4,0.2,0.28,0.24,0.08,0,0,0,0,0,0,0,0,1,0,1,0,0,0,0,0,0,1,0,0,1,0,0,0,0,0,1,0,0,0,0,0,0,0,0,1,1,0,0,0,1,0,1,0,0,1,0,1,0,0,1,0,1,0,0,0,0,0,0,0,0,0,0,0,0,1,0,0,0,0,0,0,1,0,0,0,0,0,1,0,0,1,1,1,0,1,0,1,0,0,1,0,0,0,0,1,0,1,0,1,0,0,1,0,0,0,1,1,0,0,1,1,0,0,0,0,0,0,0,0,0,0,0,0,0,1,0,0,0,0,0,0,0,0,0,1,0,1,0,0,1,0,1,1,0,1,0,0,0,0,1,0,0,0,0,0,0,0,0,0,1,1,1,0,0,0,0,1,1,0,0,0,0,0,0,0,0,0,0,0,0,0,0,0,1,0,0,0,0,0,0,0,0,0,0,0,1,0,0,0
ca49fac6-82f1-58ba-a097-2401a36af906,8fdc0c23-5763-5b8d-b47b-4b7c63f6d04c,Tharaka Nithi Pigeon Peas Farm #0189,Eastern Semi-Arid,Tharaka Nithi,Pigeon Peas,8.64,-0.841112,38.487083,20,False,Transitioning Agribusiness,1,11.76,3,Structured Farm,0.28,0.4,0.56,0.72,0.52,0.64,0.44,0.36,1,1,0,0,0,1,0,0,0,0,0,1,1,0,0,1,0,0,0,1,0,0,0,0,0,1,1,0,0,0,0,0,1,0,0,1,1,1,0,1,0,0,0,0,0,0,1,1,1,0,1,1,1,0,0,0,1,0,0,0,1,1,0,1,1,1,1,1,0,0,1,1,1,0,0,0,1,1,0,1,1,0,1,1,1,1,1,0,1,0,1,1,0,0,1,1,1,1,1,1,1,1,0,1,1,1,1,1,0,0,0,0,0,1,0,0,1,0,0,0,1,0,1,1,1,1,1,1,0,0,1,0,1,1,0,1,1,1,1,0,0,1,1,0,0,1,1,1,1,0,0,0,1,0,0,1,1,0,1,0,0,1,0,1,1,1,0,1,0,0,0,1,1,0,0,0,1,1,0,0,0,1,0,1,0,1,0,1,0,0,1,0,1,0,0,1,0,0,0,0
6493022c-bad9-5a85-9d20-249d70927971,f362c396-8f91-5f9b-b2cb-5e2fe71b5782,Murang'a Coffee Farm #0190,Central Highlands,Murang'a,Coffee,1.02,-0.367608,37.115617,23,False,Informal Smallholder,0,5.16,2,Emerging Agribusiness,0.16,0.28,0.12,0.4,0.2,0.32,0.16,0.08,1,0,0,0,0,0,1,0,0,0,0,0,0,0,0,0,0,1,0,0,1,0,0,0,0,0,1,0,0,0,0,0,0,0,0,0,1,0,0,0,0,1,1,0,0,1,1,1,0,0,1,0,0,0,0,0,0,0,0,0,0,0,0,0,0,0,1,0,0,0,0,1,0,0,0,1,1,1,0,0,0,0,0,0,1,1,1,0,0,0,1,1,0,1,0,0,1,0,0,0,0,1,1,0,0,1,0,1,0,0,0,1,0,0,0,0,0,0,0,0,0,0,0,0,0,1,1,0,0,0,0,1,0,0,0,0,1,0,0,0,1,0,0,1,0,1,1,0,0,0,1,0,0,0,0,0,1,0,0,0,0,1,0,0,0,0,0,1,0,0,0,0,0,0,0,0,0,0,0,0,0,0,0,0,1,0,0,0,0,0,0,1,0,0,0,0,0,0,0,0
847831bf-d59b-5852-ae2b-2c3e113412bf,41f563a3-adb3-5be3-9ed7-979334a9dad8,Kakamega Cassava Farm #0191,Western Kenya,Kakamega,Cassava,12.14,0.652857,34.610195,19,False,Commercial Market Leader,2,18.6,4,Investment Ready Farm,0.88,0.76,0.72,0.72,0.84,0.68,0.92,0.68,1,1,1,1,1,1,1,1,1,0,1,1,1,1,0,1,1,1,1,0,1,1,1,1,1,1,1,0,1,0,1,1,1,1,0,1,0,0,1,1,1,1,1,0,1,1,1,1,1,1,1,1,1,0,0,1,1,0,0,0,0,1,1,1,1,1,1,1,1,0,1,1,1,1,1,1,1,0,1,0,1,1,1,1,1,1,1,0,1,0,1,1,0,0,1,0,1,1,1,1,0,1,1,1,0,1,1,1,1,1,1,1,1,1,0,1,1,1,1,1,1,1,1,1,0,1,1,1,1,1,0,0,0,0,0,0,1,1,0,0,1,1,1,1,1,1,1,1,1,1,1,1,0,1,1,1,1,1,1,0,1,1,1,1,1,1,1,1,1,1,1,1,1,1,1,1,1,0,1,0,1,1,1,0,0,1,1,1,1,1,1,0,1,0,0,1,1,1,1,0
6cf4cdd3-ebc6-5a96-8067-05a20ca3bcb9,c2962e78-879a-5d03-9264-e491be4d35d8,Trans Nzoia Dairy Farm #0192,Rift Valley,Trans Nzoia,Dairy,0.5,-0.797746,35.448158,15,True,Informal Smallholder,0,5.16,2,Emerging Agribusiness,0.12,0.12,0.24,0.64,0.12,0.16,0.24,0.08,0,0,0,0,0,1,0,0,0,0,0,0,0,0,0,0,0,0,0,0,1,0,0,1,0,0,0,0,0,0,1,0,0,0,0,0,1,0,0,0,0,0,0,0,0,0,1,0,0,0,1,0,0,0,0,0,0,0,0,0,1,1,1,0,0,1,0,0,1,0,0,0,0,0,0,1,1,1,0,0,1,1,1,0,0,1,1,0,1,0,1,1,1,1,0,1,1,1,0,0,1,1,0,0,0,0,0,0,0,0,0,0,0,0,0,0,1,0,0,0,0,0,0,0,0,1,0,0,1,0,0,0,0,0,0,0,0,0,1,0,1,0,0,0,0,0,0,0,0,0,0,1,0,0,0,0,1,0,0,0,1,1,0,0,0,1,1,0,0,0,0,0,0,0,0,1,1,0,0,0,0,0,0,0,0,0,0,0,0,0,0,0,0,0,0,0,0,0,0,0
3e3b7304-9238-5e6e-b0eb-b77a781483ad,bcc37083-15fc-5372-983d-4a332b0dafda,Bungoma Sugarcane Farm #0193,Western Kenya,Bungoma,Sugarcane,2.75,0.948366,35.189492,6,False,Informal Smallholder,0,5.16,2,Emerging Agribusiness,0.24,0.24,0.2,0.44,0.16,0.16,0.2,0.08,1,0,1,0,0,1,0,0,0,0,0,0,0,0,0,1,0,0,1,0,0,0,1,0,0,0,0,1,0,0,1,0,1,0,0,1,0,1,0,0,0,0,0,1,0,0,0,0,0,0,1,0,0,0,0,0,1,0,0,0,0,0,1,0,0,1,0,0,0,0,1,0,0,0,0,1,1,0,1,0,0,0,1,1,0,1,0,0,0,0,1,0,1,1,0,1,1,0,0,0,1,1,0,0,0,0,0,0,0,0,0,0,0,0,0,1,1,0,0,0,0,0,0,0,0,1,0,0,0,0,0,0,0,0,0,0,0,0,0,0,0,1,0,0,0,1,1,0,0,0,0,1,1,0,0,1,0,0,0,0,0,0,0,0,0,0,0,1,0,0,1,0,0,0,0,0,0,0,0,0,0,0,0,0,0,0,0,0,0,0,0,0,0,0,0,0,1,1,0,0
fc932c68-1ecc-5c7e-8bbe-25152b53dec8,dd7160a0-b1b9-5d3c-a5dd-b2a431bf4938,Murang'a Macadamia Farm #0194,Central Highlands,Murang'a,Macadamia,6.2,-0.302877,36.879388,18,True,Transitioning Agribusiness,1,12.12,3,Structured Farm,0.48,0.44,0.56,0.64,0.44,0.52,0.48,0.48,1,0,1,1,1,1,1,0,0,0,0,1,1,0,0,1,1,0,1,0,1,0,0,0,0,0,1,1,0,0,0,1,1,1,0,1,0,1,0,0,1,1,0,0,0,0,1,1,0,0,0,0,1,0,0,0,1,1,1,0,1,1,1,0,0,1,1,1,1,0,1,1,0,1,0,1,1,1,0,1,1,1,1,0,0,0,1,1,0,0,1,1,1,0,0,1,1,1,1,0,1,0,0,1,0,0,1,1,1,0,1,0,0,0,0,0,0,1,0,0,1,1,1,1,0,1,1,0,0,1,0,1,0,1,1,1,1,1,0,0,1,0,1,1,0,0,0,1,0,0,1,0,0,0,1,1,1,0,0,0,1,1,0,0,0,1,1,1,0,0,1,1,1,0,0,1,0,1,0,0,1,1,0,0,0,1,1,0,0,1,1,1,0,0,0,1,1,0,0,1
4c0c5a89-08d6-51b2-b7d6-1b6e416a709d,f2cfbfdd-483e-5b78-a789-7aeed798fec6,Machakos Green Grams Farm #0195,Eastern Semi-Arid,Machakos,Green Grams,0.5,-1.546321,38.578453,1,False,Informal Smallholder,0,6.24,2,Emerging Agribusiness,0.24,0.32,0.32,0.52,0.08,0.36,0.12,0.12,1,0,0,1,0,0,1,0,0,0,0,0,0,0,0,1,0,0,1,0,0,1,0,0,0,0,1,0,0,1,0,0,0,0,0,0,1,1,0,0,1,0,0,0,0,1,0,1,1,0,1,1,0,0,0,1,0,0,1,0,1,1,0,0,0,0,1,0,0,0,0,0,0,1,0,1,1,0,0,0,1,1,0,1,0,0,0,0,1,0,1,1,1,1,0,1,0,1,0,1,0,0,0,0,0,0,1,0,0,0,0,0,0,0,0,0,0,0,0,0,0,1,0,0,0,1,0,0,1,0,1,1,1,0,0,0,1,0,0,0,0,1,0,0,0,1,0,1,0,0,0,0,0,0,0,0,0,0,0,0,1,0,0,0,0,0,0,0,0,0,1,1,0,0,0,0,0,0,0,0,0,0,0,0,0,0,0,0,0,0,0,1,0,0,0,1,1,0,0,0
995a55a3-d146-585a-87c9-5118d0b77f3c,eba3666a-659a-5bdb-8af6-499919a42334,Bungoma Maize Farm #0196,Western Kenya,Bungoma,Maize,1.08,0.395512,35.091316,1,True,Informal Smallholder,0,5.4,2,Emerging Agribusiness,0.12,0.12,0.32,0.44,0.08,0.44,0.16,0.12,1,1,0,0,0,0,0,0,0,0,0,1,0,0,0,0,0,0,0,0,0,0,0,0,0,1,0,0,0,0,0,0,0,0,0,0,1,0,0,0,0,0,1,0,0,0,0,0,0,0,0,0,0,1,0,0,1,0,0,0,1,1,0,1,0,0,0,0,1,0,1,0,1,0,0,0,1,0,0,0,0,1,1,1,0,0,1,1,1,0,1,0,1,0,0,0,0,1,1,0,0,0,0,0,0,0,0,0,0,0,0,0,0,1,0,0,0,1,0,0,0,0,0,0,0,0,1,0,1,0,1,0,1,0,1,0,0,1,0,0,1,0,1,0,0,1,1,0,1,0,0,0,0,0,0,0,0,1,0,0,0,0,1,0,0,0,0,1,0,0,1,0,0,0,0,0,0,1,0,0,0,0,0,0,0,0,0,0,0,0,1,0,0,0,0,0,1,0,0,0
575833be-de97-5eed-adcd-fcc2f47f04cb,e9dfe96f-c423-53d1-b16d-25471542e379,Busia Cassava Farm #0197,Western Kenya,Busia,Cassava,5.62,0.060906,35.153061,4,True,Transitioning Agribusiness,1,12.12,3,Structured Farm,0.56,0.68,0.36,0.8,0.4,0.56,0.36,0.32,0,1,0,0,0,1,1,1,1,0,1,1,1,1,0,1,1,1,0,0,1,0,0,0,1,1,0,1,1,0,1,1,1,0,1,1,1,1,1,1,1,1,0,0,0,1,0,1,0,1,0,0,1,0,0,1,1,1,0,0,0,1,1,0,0,1,1,0,0,0,0,0,0,1,0,1,1,1,1,0,1,1,1,1,0,1,0,1,1,1,1,1,1,0,0,1,1,1,1,1,1,0,0,1,1,1,1,1,0,0,1,0,0,0,0,0,0,0,0,0,1,1,1,0,0,1,1,0,1,1,1,0,0,0,0,1,1,0,1,0,1,1,1,1,0,1,0,1,0,0,0,1,0,0,0,1,0,0,0,0,1,1,0,1,0,1,0,0,1,0,1,1,0,0,0,1,0,0,1,0,1,1,0,1,0,1,0,1,0,0,0,0,0,0,0,1,0,0,0,0
3f9b2066-fd06-5b2f-8c04-36a331bb38dd,b09238d6-8078-56bd-adf3-a46dbf1c4ff5,Kirinyaga Macadamia Farm #0198,Central Highlands,Kirinyaga,Macadamia,15.79,-1.204754,36.707747,24,True,Commercial Market Leader,2,20.04,5,Future Ready Farm,0.8,0.76,0.84,0.8,0.88,0.96,0.8,0.84,1,1,1,0,0,1,1,1,0,0,1,1,1,1,0,1,1,1,1,1,1,1,1,1,1,1,1,1,1,0,1,1,0,1,0,1,1,1,0,0,1,1,0,1,1,1,1,1,1,1,1,1,1,0,1,1,1,1,1,0,1,1,0,1,0,1,1,1,1,1,1,1,1,1,1,0,1,1,1,1,1,1,1,1,0,1,1,0,1,1,1,1,1,1,1,1,1,0,1,0,1,1,1,1,0,1,1,1,1,1,0,1,1,1,0,1,1,1,1,1,1,1,1,1,1,1,1,1,0,1,1,1,1,1,1,1,1,1,1,1,1,1,1,1,1,1,1,1,1,1,1,1,1,0,1,1,1,1,1,0,1,1,1,1,1,1,1,1,1,1,1,0,0,1,0,1,1,1,1,1,1,0,1,1,1,1,1,1,1,0,1,1,1,0,0,1,1,1,1,1
5104ff55-1c2e-5569-9140-5bc6a2942e3f,83db8b34-a58a-55b0-8174-3ef2b1648bc7,Machakos Livestock Farm #0199,Eastern Semi-Arid,Machakos,Livestock,1.71,-2.090001,37.382267,6,False,Informal Smallholder,0,4.44,5,Future Ready Farm,0.12,0.28,0.16,0.44,0.04,0.28,0.08,0.08,1,0,0,1,0,0,0,0,0,0,0,0,0,0,0,1,0,0,0,0,0,0,0,0,0,1,0,0,1,0,1,0,1,0,1,0,1,0,0,0,0,0,0,0,0,1,0,0,0,0,0,0,0,0,0,0,0,0,0,0,1,0,0,0,0,0,0,0,1,0,0,1,0,1,0,1,0,0,1,0,1,0,0,1,1,1,0,1,0,0,1,1,0,0,0,0,1,1,0,0,0,0,0,0,0,0,0,0,0,0,0,0,0,0,0,0,1,0,0,0,0,0,0,0,0,0,1,1,0,0,0,0,1,0,0,1,1,0,0,0,1,0,0,0,0,0,1,0,0,0,0,0,0,0,0,0,1,0,0,0,0,0,0,0,0,0,0,0,0,0,0,1,0,0,0,1,0,0,1,0,0,0,0,0,0,0,0,0,0,0,0,0,0,0,0,0,0,0,0,0
5b948dd8-0f12-5a36-bc2d-30f3a5de3027,62746fc6-de02-5e15-88f8-e2f01c162ba4,Makueni Cowpeas Farm #0200,Eastern Semi-Arid,Makueni,Cowpeas,3.1,-0.139393,37.833166,1,False,Informal Smallholder,0,5.76,2,Emerging Agribusiness,0.2,0.16,0.28,0.6,0.16,0.24,0.12,0.16,0,1,1,0,0,1,0,0,0,0,0,1,0,0,0,1,0,0,0,0,0,0,0,0,0,0,1,0,0,0,0,0,0,0,0,0,1,1,0,0,0,0,0,0,0,1,0,0,0,0,0,1,0,0,0,1,0,0,0,0,1,0,0,0,0,1,0,0,1,0,0,0,1,1,0,1,1,1,1,0,0,1,0,0,0,1,1,1,1,1,1,1,1,0,1,0,1,0,0,0,1,0,0,0,0,0,0,0,0,0,1,0,0,0,0,0,1,0,0,0,1,0,0,0,0,0,0,0,0,0,1,0,0,0,0,0,1,0,0,0,0,1,0,0,0,1,1,1,0,0,0,0,0,0,0,1,0,0,0,0,1,0,0,0,0,0,0,0,0,0,0,1,0,0,0,1,1,0,0,0,0,0,0,0,0,0,0,0,1,0,0,0,1,0,0,0,0,0,0,0
677f7e39-1428-57b0-b686-8c03f355e468,872538b8-6a17-5360-b991-cbcebb2c5936,Bungoma Sugarcane Farm #0201,Western Kenya,Bungoma,Sugarcane,3.19,0.549316,34.478565,4,True,Transitioning Agribusiness,1,12.12,3,Structured Farm,0.56,0.32,0.6,0.68,0.6,0.64,0.32,0.32,1,0,1,0,0,1,1,0,0,0,1,1,1,1,0,1,1,1,1,0,0,1,1,0,0,1,0,0,0,0,1,1,0,0,0,0,0,0,0,0,0,0,0,0,1,1,1,1,0,1,1,1,1,0,0,1,1,1,0,0,1,0,1,0,0,1,1,1,0,0,1,1,1,0,1,1,1,1,0,0,1,1,1,1,0,1,0,1,1,0,1,1,0,1,0,1,1,1,0,1,1,1,1,1,0,1,1,0,1,1,1,0,1,0,0,1,1,0,0,0,1,0,1,0,1,1,1,1,0,1,1,1,1,0,0,1,1,1,0,0,1,1,1,0,0,1,1,1,0,0,1,1,0,0,0,0,1,0,0,0,1,1,0,1,0,0,0,1,0,0,0,1,0,0,0,0,1,0,1,0,0,1,0,0,0,0,0,1,0,0,0,1,0,0,0,1,1,0,1,0
62745e2d-1128-5c44-b299-2928e6652093,3c7f96bc-023e-5844-b116-ce8d9b03a18b,Nakuru Dairy Farm #0202,Rift Valley,Nakuru,Dairy,24.87,1.344907,36.41585,1,False,Commercial Market Leader,2,19.32,4,Investment Ready Farm,0.68,0.92,0.8,0.76,0.84,0.8,0.92,0.72,1,0,1,1,0,0,1,1,0,1,1,0,1,1,1,1,0,1,1,0,1,1,1,0,1,1,1,0,1,1,1,1,1,1,1,1,1,1,1,1,1,1,1,1,0,1,1,1,1,1,1,1,1,1,1,1,1,0,1,1,1,1,1,0,1,1,0,1,1,0,1,1,1,1,0,1,1,1,0,0,1,1,1,1,1,1,1,1,1,1,1,1,1,1,1,0,0,1,0,0,1,1,1,0,1,1,1,1,1,0,1,1,1,1,0,1,1,1,1,1,1,1,1,0,1,1,1,0,1,0,1,1,1,1,1,1,1,0,0,1,1,1,1,1,1,1,1,1,0,1,1,1,1,1,1,1,1,0,1,1,1,1,1,0,1,1,1,1,1,1,1,1,1,1,1,1,0,0,0,1,1,1,0,1,1,1,1,1,1,0,1,1,1,1,0,0,1,1,1,1
e3a76b96-96cc-5639-9d66-eb109c1abe38,e1817b36-5264-5d8e-828a-aabc230f7ddb,Nyeri Horticulture Farm #0203,Central Highlands,Nyeri,Horticulture,5.43,0.232929,37.493182,15,True,Transitioning Agribusiness,1,13.56,3,Structured Farm,0.56,0.36,0.6,0.64,0.44,0.68,0.68,0.56,0,0,1,1,1,1,1,0,1,0,0,1,1,0,0,0,1,1,0,1,1,1,0,1,0,0,0,0,0,0,1,0,1,0,0,1,0,1,0,0,1,0,1,1,0,1,1,0,0,0,1,0,0,1,0,1,0,1,0,0,1,0,1,0,0,1,1,1,0,1,1,1,1,1,1,1,1,1,1,0,1,1,1,1,1,1,1,1,1,1,0,1,0,0,0,0,1,0,0,0,1,0,1,0,0,0,1,1,1,0,1,0,1,0,0,0,1,1,0,0,1,0,0,1,0,1,1,1,1,0,1,1,1,0,0,1,1,1,0,0,0,1,1,1,0,1,1,1,0,1,1,1,1,0,1,1,1,1,0,1,0,1,1,1,0,0,1,1,1,1,1,1,0,0,0,1,0,1,0,0,1,1,1,0,0,1,0,0,1,1,1,1,0,0,0,1,0,1,1,1
fd50398b-72dc-5086-9ccf-bc6b6bb79b9c,06b6af51-88f7-51dc-946e-b1cb8fa859e4,Makueni Pigeon Peas Farm #0204,Eastern Semi-Arid,Makueni,Pigeon Peas,2.58,-2.121978,37.358393,7,True,Informal Smallholder,0,4.08,5,Future Ready Farm,0.16,0.2,0.08,0.36,0.16,0.08,0.28,0.04,1,1,0,0,0,1,0,0,0,0,0,0,0,0,0,0,0,0,0,0,1,0,0,0,0,0,0,0,0,0,0,1,0,0,0,0,0,0,0,0,1,0,1,0,0,1,0,1,0,0,0,0,0,0,0,0,0,0,0,0,0,0,0,0,0,0,0,0,0,0,0,1,1,0,0,1,1,0,0,0,1,1,1,0,0,0,1,0,0,1,1,0,1,0,0,0,0,0,0,0,0,0,0,1,0,0,0,0,0,0,0,1,0,0,0,0,1,0,0,0,1,0,0,0,0,0,0,0,0,0,0,0,0,0,0,0,0,0,1,0,0,0,0,0,0,1,0,0,0,0,1,1,0,0,0,1,0,1,0,0,0,0,1,0,0,1,0,0,0,0,0,1,0,0,0,0,0,0,0,0,0,0,0,0,0,0,0,0,0,0,0,0,0,0,0,0,1,0,0,0
270aaae6-000b-5993-a607-748960bf0c78,015c8a6e-2a1b-5ea7-a359-3f74782a6d17,Lamu Cassava Farm #0205,Coastal Lowlands,Lamu,Cassava,2.98,-4.201942,40.243168,17,True,Informal Smallholder,0,5.88,2,Emerging Agribusiness,0.28,0.28,0.24,0.6,0.04,0.28,0.12,0.12,1,0,0,1,0,0,0,0,1,0,0,1,0,0,0,0,0,0,1,0,1,1,0,0,0,1,0,0,0,0,0,1,0,0,0,1,0,1,1,0,1,1,0,0,0,0,0,0,0,0,1,1,0,0,0,0,1,0,1,0,0,0,0,0,0,1,1,0,0,0,0,0,0,0,0,1,1,0,0,0,1,1,1,1,0,1,1,0,1,0,1,1,1,0,1,0,0,1,1,0,0,0,0,0,0,0,0,0,0,0,0,0,0,0,0,1,0,0,0,0,0,0,0,0,0,1,0,1,0,1,0,0,0,0,0,1,0,1,0,0,0,0,0,0,0,0,1,1,0,0,0,0,0,0,0,0,0,0,0,0,0,1,0,0,0,1,1,0,0,0,0,0,0,0,0,1,0,0,0,0,0,0,0,0,0,0,0,0,0,0,0,0,1,0,0,1,0,0,0,0
8ec468db-0022-5d96-ac4a-2bd19b238b0f,417dad3b-02e9-5b02-9e8d-722b3901c517,Bomet Wheat Farm #0206,Rift Valley,Bomet,Wheat,3.1,-0.744353,35.774317,7,False,Informal Smallholder,0,5.64,2,Emerging Agribusiness,0.2,0.28,0.36,0.52,0.12,0.2,0.08,0.12,0,0,0,0,0,1,0,0,1,0,1,0,0,1,0,1,0,0,0,0,0,0,0,0,0,1,0,0,0,0,1,0,0,0,0,0,0,0,0,0,1,0,1,1,0,1,0,1,0,0,1,0,1,1,0,1,1,0,0,0,1,0,0,0,0,1,0,0,1,0,1,0,0,0,0,0,1,0,0,0,1,1,1,1,1,0,0,0,1,0,1,1,0,0,0,1,1,1,1,0,0,0,1,0,0,0,0,0,0,0,1,0,0,0,0,1,0,0,0,0,0,0,0,0,0,0,1,0,0,1,1,0,0,1,0,0,0,0,0,0,0,1,0,0,0,0,0,0,0,0,0,1,0,0,0,0,0,1,0,0,0,0,0,0,0,0,0,0,0,0,0,0,0,0,0,0,0,0,0,0,0,1,0,0,0,0,0,0,0,0,0,0,0,0,0,1,1,0,0,0
339740f4-70c6-5cad-b9d7-78c4f68a49ef,5f908dd4-9fd0-5fe1-919d-22322db7b598,Bomet Potatoes Farm #0207,Rift Valley,Bomet,Potatoes,3.34,-0.855418,36.016837,8,False,Informal Smallholder,0,5.04,2,Emerging Agribusiness,0.12,0.28,0.16,0.52,0.12,0.32,0.08,0.08,0,0,0,0,0,1,1,0,0,0,0,0,0,0,0,0,0,1,0,0,0,0,0,0,0,0,0,1,0,0,0,1,0,0,0,0,1,0,0,0,1,1,1,0,0,0,1,0,0,0,0,0,0,0,0,0,1,0,0,0,0,0,1,0,0,0,0,1,0,0,1,0,0,0,0,1,1,1,0,0,1,0,1,0,0,1,0,0,1,0,1,1,0,0,1,1,1,1,0,0,0,1,0,0,0,0,1,0,0,0,0,0,0,0,0,0,0,0,0,0,0,0,1,0,0,1,1,1,0,0,0,0,0,0,0,1,1,0,0,0,0,1,0,0,0,1,0,1,0,0,0,0,0,0,0,0,0,0,0,0,0,0,0,0,0,1,0,0,0,0,0,1,0,0,0,0,0,0,0,0,0,0,1,0,0,0,1,0,0,0,0,0,0,0,0,0,0,0,0,0
fd3d3ace-78eb-5825-b921-c6681b8613d9,290be4b9-6ce0-5ba2-9f4f-849f22795e70,Kwale Coconut Farm #0208,Coastal Lowlands,Kwale,Coconut,4.75,-3.113045,38.676199,11,True,Transitioning Agribusiness,1,11.88,3,Structured Farm,0.4,0.64,0.64,0.8,0.36,0.48,0.52,0.12,1,0,0,0,0,0,0,0,1,0,1,1,1,0,0,1,0,0,0,0,1,1,1,1,0,1,1,1,1,1,1,0,1,1,0,0,1,1,0,0,1,1,1,0,0,1,0,1,0,1,1,1,1,0,1,1,1,0,0,0,1,0,1,1,0,1,0,1,1,0,1,1,1,1,0,1,1,1,0,1,1,1,1,1,1,1,0,1,1,1,1,1,1,0,1,1,1,1,0,0,1,1,0,0,0,1,0,1,0,0,1,1,0,0,0,1,0,0,0,0,0,1,0,1,0,1,0,1,1,0,0,1,1,0,0,1,1,0,1,0,1,0,1,0,0,1,1,0,0,0,0,1,1,0,1,1,1,1,1,0,1,1,0,0,0,1,0,0,0,0,1,1,1,0,0,1,0,0,1,0,0,0,0,1,0,0,0,0,0,0,0,0,0,0,0,0,0,0,0,0
409ba0aa-4af9-55f0-971c-10f56c81c860,fc043f4f-b987-5ff1-8f54-75ebdf4bd2ea,Kitui Cowpeas Farm #0209,Eastern Semi-Arid,Kitui,Cowpeas,1.07,-1.247156,37.963477,10,False,Informal Smallholder,0,4.44,5,Future Ready Farm,0.12,0.12,0.28,0.4,0.2,0.24,0.04,0.08,0,0,1,0,0,0,0,0,0,0,0,1,0,0,0,0,0,0,0,0,0,0,1,0,0,0,0,1,1,0,1,0,0,0,0,0,0,0,0,0,0,0,0,0,0,0,0,0,0,0,0,1,1,0,0,0,1,1,0,0,0,0,0,0,0,0,1,0,0,0,1,0,0,1,0,0,1,0,0,1,1,1,1,0,0,0,0,0,1,0,1,1,1,0,0,1,0,0,0,0,0,0,0,0,0,0,1,0,0,0,1,0,0,0,0,0,0,0,0,0,1,0,0,1,1,1,0,0,0,0,1,0,1,1,0,0,0,0,0,0,1,0,0,0,0,0,0,0,1,0,0,0,1,0,0,0,0,0,0,0,0,0,0,0,0,0,0,0,0,0,0,0,0,0,0,1,0,0,0,0,0,0,0,0,0,0,0,0,0,0,0,0,0,0,0,0,0,0,0,1
a5d41f19-a7ca-55c8-94da-f9ca2aafe8a0,60610b4d-445a-547c-9894-d98c99453733,Kiambu Tea Farm #0210,Central Highlands,Kiambu,Tea,2.06,-0.53335,37.08464,14,True,Transitioning Agribusiness,1,12.6,3,Structured Farm,0.44,0.4,0.6,0.64,0.44,0.72,0.52,0.44,1,0,1,1,0,1,1,1,0,0,0,1,0,0,0,1,1,0,1,0,1,0,0,0,0,1,1,0,0,0,1,0,1,0,0,1,0,0,1,0,1,1,0,1,0,1,0,0,0,0,1,0,1,0,1,1,0,0,1,1,1,1,1,1,0,1,0,0,0,0,1,1,0,1,1,1,1,0,0,1,1,1,1,1,0,1,1,1,1,0,0,1,1,0,1,0,1,1,0,0,0,1,1,0,0,1,0,0,1,1,0,1,0,1,0,0,1,1,0,0,1,0,0,0,1,1,1,1,1,1,1,1,1,0,0,0,1,1,0,0,1,1,1,0,1,1,1,1,0,1,0,1,1,1,0,1,1,1,0,1,0,1,1,0,0,1,1,0,0,0,1,1,0,0,0,1,1,1,0,0,0,1,0,1,0,1,0,1,0,0,0,1,0,0,0,1,1,0,0,1
a21ae073-4f4a-5a1b-b73a-4bcdb031200b,3a0f965e-f712-5c99-ac55-d01211f9c27b,Nakuru Horticulture Farm #0211,Rift Valley,Nakuru,Horticulture,12.55,-0.243421,36.242734,11,True,Transitioning Agribusiness,1,12.24,3,Structured Farm,0.36,0.44,0.52,0.56,0.6,0.56,0.52,0.52,1,0,0,0,1,1,1,0,0,0,1,1,0,0,0,1,1,0,0,0,1,0,0,0,0,1,0,1,0,1,1,0,0,0,0,0,0,1,1,0,1,1,0,0,1,1,1,0,0,0,0,1,1,0,0,0,1,1,0,0,1,1,1,1,0,1,0,0,0,0,1,1,1,1,0,1,0,0,0,1,1,1,0,0,1,1,0,1,1,0,1,1,1,0,0,1,1,0,0,1,1,1,0,1,0,1,1,0,1,0,0,1,1,1,0,1,1,1,0,0,0,1,1,1,0,1,0,1,1,0,1,0,1,0,0,1,1,1,0,0,1,1,0,1,0,1,1,1,0,0,1,1,1,0,0,1,1,0,1,0,0,1,0,0,0,1,1,0,0,0,1,1,0,1,1,1,0,0,1,0,1,1,0,0,0,1,1,1,0,0,1,1,0,0,0,1,1,1,0,1
80acd08d-0910-5c12-adb2-d677d1151df3,a743f6a0-0509-5e2b-9866-9ba8c586e740,Uasin Gishu Tea Farm #0212,Rift Valley,Uasin Gishu,Tea,3.86,-0.446893,36.086534,1,True,Transitioning Agribusiness,1,13.2,3,Structured Farm,0.48,0.56,0.72,0.64,0.44,0.64,0.64,0.28,0,0,0,0,0,1,1,1,1,0,1,1,1,1,0,1,0,0,0,0,1,1,0,1,0,1,0,0,1,0,1,0,0,1,1,1,1,1,0,1,1,1,1,0,0,1,0,1,0,0,1,1,1,1,0,1,1,1,1,1,1,0,1,0,0,1,1,1,1,0,1,1,1,0,0,1,1,0,1,0,1,0,1,1,1,1,1,0,1,0,1,1,1,0,1,1,1,0,0,0,1,1,1,0,0,0,0,0,1,0,1,1,0,1,0,1,1,0,0,1,0,0,1,0,0,1,1,1,0,0,1,0,1,1,0,1,1,0,1,0,1,1,0,1,1,1,1,1,0,0,1,1,0,0,0,1,1,0,0,0,1,1,1,1,0,1,1,1,1,0,1,1,1,0,1,1,1,0,0,0,1,1,0,0,0,1,0,0,0,0,0,0,0,0,0,0,1,0,0,1
62ce5c42-7417-5522-bb8f-191e519c679b,36713c30-682f-57cf-89a3-4e0bf40b2d93,Machakos Livestock Farm #0213,Eastern Semi-Arid,Machakos,Livestock,3.0,-0.387917,37.987148,7,True,Informal Smallholder,0,5.64,2,Emerging Agribusiness,0.16,0.12,0.44,0.48,0.08,0.32,0.2,0.08,0,0,0,0,0,0,1,0,0,0,0,1,0,0,0,1,0,0,0,0,1,0,0,0,0,0,0,0,0,0,1,0,0,0,0,0,0,0,0,0,1,0,1,0,0,0,0,0,0,0,1,0,1,0,0,1,1,0,0,1,0,1,0,0,0,1,1,1,0,0,0,1,0,1,0,1,0,1,0,0,1,1,0,1,1,1,0,1,1,0,1,1,0,0,0,1,0,0,0,0,1,0,0,0,0,0,0,0,0,0,0,0,0,0,0,1,0,0,0,0,0,0,0,0,0,0,1,0,0,1,0,1,0,0,0,0,1,1,0,0,1,0,1,0,0,0,1,0,0,0,1,0,0,0,0,0,0,0,0,0,1,1,0,0,1,0,0,0,0,0,0,0,1,0,0,0,0,0,0,0,0,0,1,0,0,0,0,0,0,1,0,0,0,0,0,0,0,0,0,0
593fe80c-f9b1-5f91-9762-73fbcdfcc5a9,9b48e69b-0a95-5583-9bd9-c62d513edc76,Lamu Cashew Farm #0214,Coastal Lowlands,Lamu,Cashew,8.36,-2.161194,38.565302,10,True,Transitioning Agribusiness,1,11.4,3,Structured Farm,0.48,0.48,0.6,0.6,0.44,0.48,0.4,0.32,0,1,0,0,0,1,1,0,1,0,1,0,1,0,0,1,1,1,0,0,1,1,0,1,0,1,1,0,0,0,1,0,0,1,0,0,1,1,1,0,1,1,0,0,0,1,1,1,0,0,0,1,1,1,0,1,1,1,0,0,0,0,1,1,0,1,1,1,1,1,1,1,0,0,0,1,0,1,1,0,1,1,0,0,1,1,0,0,0,0,0,1,1,1,1,0,1,1,1,1,1,1,1,0,0,0,1,1,0,0,0,0,0,0,0,1,1,0,1,0,1,0,1,0,1,1,1,1,0,0,0,0,1,1,0,1,1,1,0,0,0,1,1,1,0,1,0,0,0,0,1,1,1,0,0,1,1,0,0,0,0,0,1,0,0,1,0,0,0,0,1,1,1,0,0,0,1,0,0,0,0,1,1,0,0,0,0,1,0,0,1,1,1,0,0,1,0,0,0,0
20197ce0-fb40-5a49-b537-a12ea1ec4653,0893fc51-be5e-5a31-a832-06691fa46286,Kirinyaga Coffee Farm #0215,Central Highlands,Kirinyaga,Coffee,5.19,-1.367073,37.661528,5,True,Transitioning Agribusiness,1,12.12,3,Structured Farm,0.48,0.52,0.48,0.56,0.56,0.56,0.48,0.4,0,1,0,0,1,0,1,1,0,0,1,1,1,1,1,0,0,0,0,0,1,1,0,0,1,1,1,0,1,0,0,1,1,1,0,1,1,1,1,0,1,0,1,0,0,0,0,1,0,0,0,1,1,0,0,1,0,0,0,0,0,0,1,1,0,1,0,1,0,0,1,1,1,1,1,0,1,0,0,0,1,0,1,0,1,1,1,1,1,0,1,1,1,0,0,1,0,1,1,0,1,1,1,0,0,1,1,0,1,0,1,1,0,0,1,1,1,0,0,0,1,0,1,0,1,1,0,0,0,0,1,1,0,1,1,1,1,0,0,1,1,0,1,1,0,1,1,1,0,0,1,0,0,0,0,1,1,1,0,0,1,1,1,0,1,0,0,1,1,0,1,0,0,1,0,0,1,0,0,0,1,0,0,0,1,1,0,0,0,0,1,1,0,1,0,1,1,1,0,0
85fff2c3-eead-5005-88a1-d71f740f7436,a6c7dd14-bb86-5914-a54a-57edac4143cf,Kiambu Horticulture Farm #0216,Central Highlands,Kiambu,Horticulture,3.92,0.268733,37.672806,21,True,Transitioning Agribusiness,1,11.4,3,Structured Farm,0.48,0.4,0.6,0.6,0.36,0.6,0.52,0.24,0,1,1,1,1,1,1,1,0,0,1,1,0,1,0,1,0,0,0,0,1,0,0,0,0,1,1,1,0,0,1,0,0,0,0,0,1,0,0,0,1,1,0,0,1,1,0,0,1,0,1,0,1,0,0,1,1,0,0,0,1,1,1,1,1,1,1,1,0,1,0,1,1,0,0,1,1,1,1,0,1,1,1,1,0,1,1,1,0,0,1,1,0,0,0,0,1,0,0,1,1,1,0,0,0,1,0,0,1,0,1,0,0,0,1,0,0,0,0,0,1,1,0,1,0,1,1,0,0,0,1,1,1,0,0,0,1,1,1,1,1,1,0,0,0,1,1,1,0,1,1,1,0,0,0,1,1,1,1,0,1,0,1,0,0,0,1,1,1,0,0,0,0,1,1,1,0,0,0,0,1,0,0,1,0,0,0,0,0,0,1,0,0,0,0,1,0,1,0,0
f065b8d6-e5de-5afe-a42e-2971d90fafd1,2d072d4c-66e9-5ca4-8a7c-883d240647d9,Machakos Mangoes Farm #0217,Eastern Semi-Arid,Machakos,Mangoes,2.13,-0.725211,37.833311,11,False,Informal Smallholder,0,4.68,5,Future Ready Farm,0.08,0.28,0.12,0.6,0.08,0.2,0.16,0.04,0,1,0,0,0,0,0,0,0,0,0,0,0,0,0,0,0,0,0,0,1,0,0,0,0,0,1,0,0,0,1,0,0,0,0,0,1,0,0,0,1,0,0,0,0,1,1,0,0,1,0,1,0,0,0,0,1,0,0,0,0,0,0,0,0,0,0,0,0,0,1,0,0,0,0,0,1,0,0,0,1,0,1,1,1,1,0,0,1,0,1,1,1,1,0,1,1,0,1,1,0,0,0,0,0,0,0,0,0,0,0,0,0,0,0,0,0,0,0,0,0,1,1,0,0,0,0,0,1,0,1,1,0,0,0,1,1,0,0,0,0,0,0,0,0,0,0,0,0,0,0,0,0,0,0,1,0,1,0,0,0,0,0,0,0,0,1,0,0,0,0,0,0,1,0,0,0,0,0,0,0,0,0,0,0,1,0,0,0,0,0,0,0,0,0,0,0,0,0,0
f739acd5-35d6-5adc-9f2d-1e724c5a1179,9d224ac1-2063-552a-8196-49caa3454e25,Meru Tea Farm #0218,Central Highlands,Meru,Tea,2.26,-0.137271,36.924884,12,False,Informal Smallholder,0,6.0,2,Emerging Agribusiness,0.24,0.16,0.24,0.56,0.16,0.36,0.2,0.08,0,0,0,1,0,1,1,1,0,0,0,0,0,0,0,1,0,0,0,0,1,0,0,0,0,0,1,0,0,0,1,0,0,0,0,1,0,0,0,0,0,0,0,0,0,1,0,0,0,0,0,0,0,0,0,0,0,0,1,0,1,0,1,0,0,1,1,0,0,0,0,1,0,0,0,0,1,0,0,0,1,0,0,1,0,1,1,1,0,1,0,1,0,1,1,1,1,0,1,1,0,0,0,0,0,1,0,0,0,0,0,0,0,1,0,0,0,0,0,0,1,0,1,0,0,1,0,0,0,0,1,1,1,0,0,1,1,0,1,0,0,0,1,0,0,0,1,0,0,0,0,0,0,1,0,1,0,0,0,0,0,0,0,0,0,0,1,0,0,0,1,1,0,0,0,1,0,0,0,0,0,0,0,0,0,1,0,0,0,0,0,0,0,0,0,0,0,0,0,0
ae9d6665-073a-543d-9eb3-a518d8a00915,a96c5f6b-0bbe-5049-b5dd-d9dbad2ac5ed,Tharaka Nithi Livestock Farm #0219,Eastern Semi-Arid,Tharaka Nithi,Livestock,49.91,-0.879336,37.905789,24,True,Commercial Market Leader,2,20.28,5,Future Ready Farm,0.88,0.84,0.92,0.84,0.84,0.88,0.8,0.76,1,1,1,1,1,1,1,1,1,1,1,1,1,0,0,1,1,1,0,1,1,1,1,1,1,1,0,1,1,0,1,1,1,1,1,1,0,1,1,0,1,1,1,1,1,1,1,1,1,1,1,1,1,1,1,1,1,1,1,0,1,1,1,1,1,1,1,1,1,1,1,1,1,1,0,0,1,0,1,0,1,1,1,0,1,1,1,1,1,1,1,1,1,1,1,1,1,1,1,1,1,1,1,1,1,1,1,1,0,1,1,1,1,1,0,1,1,1,1,0,1,1,1,0,1,1,1,1,1,1,1,0,0,1,1,1,1,1,1,0,1,1,1,1,1,1,1,1,1,1,1,0,1,1,1,1,1,1,1,0,1,0,1,1,0,1,1,1,0,1,1,1,1,1,1,1,1,0,0,1,1,1,1,1,0,1,1,0,1,0,1,1,0,1,1,1,1,1,1,1
6d77e744-ec5a-5992-a7e1-e4d13f11cd13,e79ec80a-367d-5151-a2b4-bf9f7dfb0c10,Makueni Green Grams Farm #0220,Eastern Semi-Arid,Makueni,Green Grams,2.74,-1.940374,38.617074,1,True,Informal Smallholder,0,4.2,5,Future Ready Farm,0.12,0.2,0.12,0.4,0.08,0.2,0.24,0.04,0,0,0,0,0,0,0,1,0,0,0,0,0,1,0,0,0,0,0,0,0,1,0,0,0,0,0,0,0,0,1,1,0,0,0,1,0,1,0,0,0,1,0,0,0,0,0,0,0,0,0,0,0,0,0,1,0,0,0,0,0,0,0,0,0,0,0,0,0,1,1,0,0,0,0,0,1,0,0,0,1,1,0,1,1,1,0,0,0,0,1,1,0,0,1,0,1,0,0,0,0,0,0,0,1,0,0,0,0,0,1,0,0,0,0,0,0,0,0,0,0,0,0,0,0,0,0,1,0,0,1,0,0,0,0,0,0,0,0,0,1,1,0,0,0,0,1,0,0,0,0,0,0,0,0,0,1,0,0,0,1,0,0,0,0,1,0,0,0,0,1,0,1,1,0,0,0,0,0,0,0,1,0,0,0,0,0,0,0,0,0,0,0,0,0,0,0,0,0,0
e23d521e-c62b-54c6-9ca2-aa5375ddc29f,45af1b4c-5c21-57e0-9ee9-b6fc8ccd8168,Taita Taveta Fish Farming Farm #0221,Coastal Lowlands,Taita Taveta,Fish Farming,2.52,-2.54983,38.77753,2,False,Informal Smallholder,0,6.36,2,Emerging Agribusiness,0.2,0.32,0.32,0.52,0.2,0.28,0.28,0.0,0,1,0,0,0,1,0,1,0,0,1,1,0,0,0,0,0,0,0,0,0,0,0,0,0,1,1,0,0,0,1,0,0,1,0,1,0,0,0,0,0,1,0,0,0,1,1,0,0,0,1,1,0,1,0,1,0,0,0,0,0,1,0,0,0,1,0,0,0,0,1,0,0,1,0,0,1,0,0,0,1,1,0,1,0,1,1,1,1,0,1,0,1,0,0,1,1,1,0,0,0,1,0,0,0,0,0,1,0,0,1,1,0,0,0,0,0,1,0,0,0,0,0,0,0,0,1,0,1,0,0,0,0,0,0,1,0,1,0,0,1,1,0,0,0,1,0,0,0,0,0,0,1,0,0,1,1,0,0,0,0,1,0,0,0,0,0,0,1,0,1,0,0,1,0,0,0,0,0,0,0,0,0,0,0,0,0,0,0,0,0,0,0,0,0,0,0,0,0,0
251a8bc6-489e-5b43-b802-49aad839028a,fe56e581-43c0-5dfb-9ac3-f8b353a4d3e6,Uasin Gishu Maize Farm #0222,Rift Valley,Uasin Gishu,Maize,1.08,0.169041,35.007709,16,False,Informal Smallholder,0,6.96,2,Emerging Agribusiness,0.36,0.16,0.44,0.72,0.12,0.24,0.28,0.0,1,0,0,0,0,1,0,0,0,0,1,1,1,0,0,1,0,1,1,0,1,0,0,0,0,1,0,0,0,0,1,1,0,0,0,0,0,0,0,0,0,0,0,0,0,0,1,0,0,0,0,0,1,1,0,0,0,0,0,0,1,1,1,1,0,1,0,0,0,1,1,1,1,0,0,0,1,1,1,1,1,1,1,1,1,1,1,1,1,0,0,1,0,0,0,1,1,1,0,1,0,0,0,0,0,0,0,0,0,0,1,1,0,0,0,0,0,0,0,1,0,0,0,0,0,1,0,0,0,0,0,0,0,0,0,1,0,0,0,0,1,1,0,0,0,1,0,0,0,1,1,0,1,0,0,1,1,0,0,0,0,1,0,1,0,0,1,0,0,0,0,0,0,0,0,0,0,0,0,0,0,0,0,0,0,0,0,0,0,0,0,0,0,0,0,0,0,0,0,0
369a61c6-bf35-5c4b-ade8-47a954c2e092,5cf95b42-744d-5a96-a242-5adcd4064eae,Kirinyaga Coffee Farm #0223,Central Highlands,Kirinyaga,Coffee,6.72,0.051178,37.717958,13,True,Transitioning Agribusiness,1,11.04,3,Structured Farm,0.44,0.56,0.72,0.48,0.32,0.52,0.44,0.2,1,0,0,1,0,1,0,1,0,0,1,1,0,1,0,1,0,1,0,0,1,0,0,1,0,1,1,1,0,0,1,1,1,0,0,1,1,1,0,0,1,1,0,0,0,1,1,1,0,0,1,1,1,1,1,1,1,1,1,0,1,0,0,0,0,1,1,0,0,1,1,1,1,1,1,1,1,0,1,1,0,1,1,0,0,1,0,1,0,0,0,1,1,0,0,1,0,0,0,1,1,1,1,0,0,0,0,0,1,0,0,0,0,0,0,0,1,1,0,0,1,1,0,0,0,0,0,0,1,0,1,1,1,1,0,0,1,1,0,0,1,0,0,0,1,1,1,1,1,0,0,0,1,0,1,1,1,0,0,0,1,0,0,1,0,1,1,0,0,0,1,1,1,0,0,1,0,1,0,0,1,0,0,0,0,0,0,0,0,0,1,0,0,0,0,0,1,0,0,0
f459649c-fe0c-5c1a-b4ec-e865adaa6191,e54779c2-ecf8-5ca6-a7e9-f2194a648b3d,Taita Taveta Cashew Farm #0224,Coastal Lowlands,Taita Taveta,Cashew,36.6,-4.039207,40.151863,10,True,Commercial Market Leader,2,20.64,5,Future Ready Farm,0.84,0.8,0.88,0.88,0.88,0.96,0.88,0.76,1,1,0,1,1,1,1,1,1,0,1,1,1,1,1,1,1,1,0,1,1,1,1,1,0,1,1,1,0,1,1,1,0,1,0,1,0,1,1,1,1,1,1,1,1,1,1,1,1,0,1,1,1,1,0,1,1,1,1,1,1,1,1,0,1,1,1,1,1,1,1,1,1,0,1,1,1,1,1,1,1,1,1,1,0,1,1,0,1,1,1,1,1,0,1,1,1,1,1,1,1,1,1,1,1,1,1,1,1,0,1,1,1,1,0,1,1,1,0,1,1,1,1,1,1,1,1,1,1,1,1,1,1,1,1,1,1,1,1,1,1,0,1,1,1,1,1,1,1,1,1,1,1,0,1,1,1,1,1,1,0,1,1,1,1,1,1,1,1,1,1,1,1,1,0,1,1,1,1,1,1,1,1,1,1,1,1,1,0,1,1,1,1,0,0,1,0,0,0,1
1612a12c-3cc1-58c1-9c45-6b47a0605104,95e0631f-d403-5bd3-ac9d-69472ac1dcb9,Kilifi Fish Farming Farm #0225,Coastal Lowlands,Kilifi,Fish Farming,3.13,-3.406501,40.414419,2,True,Informal Smallholder,0,4.8,5,Future Ready Farm,0.04,0.24,0.28,0.36,0.16,0.2,0.2,0.12,0,0,0,0,0,0,1,0,0,0,0,0,0,0,0,0,0,0,0,0,0,0,0,0,0,0,0,0,0,0,0,0,0,1,0,0,0,1,0,0,1,1,0,0,0,1,1,0,0,0,1,0,1,0,0,1,0,0,0,0,0,0,0,0,0,1,0,0,0,0,1,1,1,0,0,1,1,0,0,0,0,0,1,0,0,1,0,0,0,1,0,1,1,0,0,0,1,1,0,0,1,1,0,0,0,0,0,0,0,0,0,0,0,0,0,1,1,0,0,0,0,0,0,0,0,0,0,0,0,0,0,1,1,0,0,0,0,1,0,0,0,0,0,1,0,1,0,0,0,0,1,1,0,0,0,0,0,0,0,0,1,0,0,1,0,0,1,0,0,0,0,0,0,0,0,0,1,0,0,0,0,0,1,0,0,0,0,0,0,0,0,0,0,0,0,0,1,0,0,0
0ac9c68b-5147-57ec-8815-927a87a819a3,a47d6af6-b6ba-5bf5-8d68-ef671e0ca453,Kericho Dairy Farm #0226,Rift Valley,Kericho,Dairy,35.45,0.459881,35.551493,9,False,Commercial Market Leader,2,20.76,5,Future Ready Farm,0.96,0.72,0.88,0.96,0.88,0.88,0.92,0.72,1,1,1,1,1,1,1,1,1,1,1,1,1,1,1,1,1,1,1,1,1,1,1,0,1,1,1,1,1,0,1,1,1,0,0,1,1,0,1,0,1,0,1,1,1,1,1,1,1,0,1,1,1,0,1,1,1,1,1,1,1,1,1,1,0,1,1,0,1,1,1,1,1,1,1,1,0,1,1,1,1,1,1,1,1,1,1,1,1,1,1,1,1,1,1,1,1,1,1,1,1,1,1,1,1,1,1,1,1,1,1,1,1,0,0,1,1,1,1,1,1,1,1,1,0,1,1,1,1,1,1,1,1,1,1,1,1,1,1,1,1,1,1,1,0,1,1,1,0,0,1,1,1,1,1,1,1,0,1,1,1,1,1,1,1,1,1,1,1,1,1,1,0,1,1,1,1,1,0,0,1,1,1,1,1,1,0,1,0,0,1,1,1,1,0,1,1,1,1,0
21cebda7-6202-5da8-882b-9a0d125897e6,23044eeb-3ef5-57f9-8eef-f1717cbdb0a7,Nakuru Tea Farm #0227,Rift Valley,Nakuru,Tea,0.5,-0.046411,36.070001,10,False,Informal Smallholder,0,5.88,2,Emerging Agribusiness,0.16,0.24,0.28,0.48,0.2,0.36,0.12,0.12,0,0,0,0,0,0,1,0,0,0,0,1,0,0,0,1,0,0,0,0,1,0,0,0,0,1,1,0,1,0,0,0,0,0,0,1,0,0,0,0,1,0,0,0,0,1,0,0,0,0,0,0,0,0,0,1,1,0,0,1,1,1,0,0,0,0,0,0,0,0,1,1,0,0,0,0,1,1,0,0,1,1,1,0,0,1,1,0,1,0,1,0,0,0,0,1,1,1,0,0,1,0,0,0,0,0,1,0,0,1,1,0,0,0,0,0,0,0,0,0,1,0,0,0,0,1,1,0,0,0,1,0,1,0,0,1,1,1,0,0,1,0,0,0,1,0,0,0,0,0,1,0,0,0,0,0,0,0,0,0,1,0,0,0,0,0,1,0,0,0,0,0,0,0,0,0,0,0,0,0,1,1,0,1,0,0,0,0,0,0,0,0,0,0,0,0,0,0,0,0
bd96ec3d-3e5f-539a-bb7d-e2b707b1ebce,d72c33ce-dae5-5f5c-95c4-864487f27cc9,Kisumu Dairy Farm #0228,Western Kenya,Kisumu,Dairy,1.56,-0.080257,34.061426,17,True,Transitioning Agribusiness,1,11.16,3,Structured Farm,0.48,0.36,0.48,0.72,0.36,0.4,0.56,0.36,1,1,0,0,0,1,1,1,0,0,1,1,0,1,0,1,0,0,0,0,1,1,1,0,0,1,1,0,1,0,1,1,1,0,0,0,1,0,0,0,0,1,0,0,0,0,0,1,0,0,1,1,0,0,0,1,1,1,0,1,1,1,0,1,0,1,0,1,0,0,0,1,0,0,0,0,1,1,0,1,1,0,1,1,0,1,1,1,1,1,1,1,0,1,0,1,1,1,0,1,1,0,0,1,0,0,1,0,0,0,0,0,1,0,0,1,0,0,0,1,1,0,1,1,0,1,1,1,0,0,1,0,0,0,0,1,0,0,0,0,1,0,1,0,0,0,0,1,1,1,1,1,0,0,0,1,1,0,0,1,1,0,1,1,0,1,1,1,0,0,0,1,1,1,0,0,1,0,0,0,1,1,1,0,0,1,1,1,0,0,0,0,0,1,0,1,0,0,0,0
72d4ff5e-1129-5d48-ada0-501cb6d31ce8,4e171e09-26f0-5108-ac13-dc52a7305afe,Machakos Pigeon Peas Farm #0229,Eastern Semi-Arid,Machakos,Pigeon Peas,8.95,-1.806335,37.466203,12,True,Transitioning Agribusiness,1,12.12,3,Structured Farm,0.56,0.32,0.48,0.68,0.4,0.64,0.64,0.32,1,1,1,0,1,0,1,1,1,0,1,1,0,0,0,1,1,1,1,0,0,0,0,1,0,1,0,0,0,0,1,1,1,0,0,0,0,0,1,0,0,0,0,1,0,1,1,0,0,0,1,1,1,0,0,0,0,0,1,1,1,0,1,0,0,1,1,0,0,0,1,1,0,1,0,1,1,1,0,1,1,1,0,0,0,1,1,1,0,0,1,1,1,1,0,1,1,1,0,1,1,0,1,0,0,1,0,0,1,0,1,0,1,0,0,1,0,0,0,0,1,0,1,0,1,1,1,1,0,0,0,1,1,0,1,1,1,0,0,0,1,1,1,1,0,1,1,0,1,1,1,1,1,1,1,1,0,1,1,0,1,0,1,0,0,1,1,1,0,0,1,1,1,0,0,1,1,0,0,0,0,0,1,1,0,1,0,0,0,1,1,0,0,0,0,0,0,0,1,0
75b88d89-58b3-5e7f-8d20-606fb70b12c9,c27bbc26-cc91-56dd-8303-8b3bac7a2926,Trans Nzoia Maize Farm #0230,Rift Valley,Trans Nzoia,Maize,3.56,1.226932,35.385195,9,False,Informal Smallholder,0,4.92,5,Future Ready Farm,0.08,0.12,0.24,0.52,0.2,0.24,0.16,0.08,1,0,0,0,0,0,0,0,0,0,0,0,1,0,0,0,0,0,0,0,0,0,0,0,0,0,0,0,0,0,0,1,0,0,0,1,0,0,0,0,0,1,0,0,0,0,0,0,0,0,1,0,0,1,0,0,1,0,0,0,0,0,0,0,0,0,1,0,0,0,1,0,1,0,0,1,1,0,0,0,1,1,0,0,0,1,1,1,1,1,1,1,0,1,0,0,0,0,1,0,0,1,0,0,0,1,0,1,0,0,1,0,0,0,0,0,0,1,0,0,0,0,0,0,0,1,1,0,0,0,1,0,0,0,0,0,0,1,0,0,1,0,0,0,0,0,1,0,0,0,1,0,1,0,1,1,0,0,0,0,0,0,0,0,0,0,0,0,0,0,0,0,0,0,0,0,0,0,0,1,0,0,0,0,0,0,0,0,0,0,0,0,0,0,0,0,1,0,0,0
a3443671-cb43-5351-a27c-4ca75777a431,ecdcf8bc-35e9-5c51-a623-7cb05011a52d,Taita Taveta Fish Farming Farm #0231,Coastal Lowlands,Taita Taveta,Fish Farming,1.55,-3.693096,38.856442,12,False,Informal Smallholder,0,5.04,2,Emerging Agribusiness,0.24,0.12,0.2,0.52,0.04,0.28,0.12,0.16,1,0,0,0,0,1,0,0,0,0,0,0,0,0,0,1,0,0,1,0,0,1,1,0,0,0,0,0,0,0,0,1,0,0,0,0,0,0,0,0,1,0,0,0,0,0,0,0,1,0,1,1,0,0,0,1,0,1,0,0,0,0,0,0,0,0,0,0,0,0,0,0,0,0,1,0,1,1,1,0,0,0,0,1,1,1,1,0,0,1,1,1,0,1,0,0,0,1,1,0,0,0,0,0,0,0,0,0,0,0,1,0,0,0,0,0,0,0,0,0,0,0,0,0,0,0,1,0,0,0,1,0,0,0,0,0,1,0,1,0,0,1,0,0,0,0,0,1,1,0,0,0,1,0,0,0,1,0,0,0,0,0,0,0,0,0,0,0,0,0,0,1,0,0,0,0,1,0,0,0,0,0,0,0,0,0,1,0,0,0,1,0,0,0,1,0,0,0,0,0
007362a9-9127-5709-9b3f-0aa9efdab8c0,9f1105fc-ba9f-579e-b79a-9ea238605820,Kakamega Dairy Farm #0232,Western Kenya,Kakamega,Dairy,2.45,-0.203584,34.921738,17,False,Informal Smallholder,0,7.2,2,Emerging Agribusiness,0.24,0.16,0.32,0.64,0.24,0.4,0.2,0.2,0,1,0,0,0,1,1,0,0,0,1,0,0,0,0,1,1,0,0,0,0,0,0,0,0,0,0,0,1,0,1,0,0,0,0,0,1,0,0,0,0,1,0,0,0,0,0,0,0,0,1,0,0,0,0,0,0,1,0,0,1,0,1,1,1,0,1,0,1,0,0,0,0,0,0,1,1,0,0,0,1,0,1,1,0,1,1,0,1,0,1,1,1,1,1,1,0,1,1,0,0,1,0,0,0,1,1,1,0,0,0,0,0,0,0,0,0,0,0,0,0,0,1,1,0,1,0,1,1,0,1,1,0,0,0,0,0,0,0,0,1,1,1,1,0,0,1,0,0,0,1,0,1,0,0,0,0,0,0,0,1,1,0,0,0,0,0,0,0,0,1,0,0,0,0,0,1,0,0,0,1,0,0,1,0,0,0,0,0,0,0,0,0,0,0,1,1,0,0,0
23dccb67-d0a2-5cf5-9425-2bf30f4f6e68,ef85c172-5b1d-5c36-b4ce-983b1755f126,Nyeri Horticulture Farm #0233,Central Highlands,Nyeri,Horticulture,5.0,-1.286686,37.045005,12,True,Commercial Market Leader,2,20.64,5,Future Ready Farm,0.88,0.88,0.88,0.92,0.88,0.72,0.92,0.8,1,1,1,1,1,1,1,1,1,1,1,1,1,0,1,1,1,1,1,1,1,1,0,1,0,1,1,1,1,1,1,1,1,1,1,1,0,1,1,0,1,1,1,1,1,1,1,1,0,1,1,0,1,1,1,1,1,1,1,1,1,1,1,1,1,1,1,0,1,1,1,1,1,1,0,1,0,1,1,1,1,1,1,1,1,1,1,1,1,1,1,1,1,1,1,1,0,1,1,1,1,1,1,1,0,1,1,1,1,1,1,1,1,1,0,1,1,1,1,0,1,1,1,1,1,1,1,0,1,1,1,1,0,1,0,1,1,1,1,0,1,1,1,1,0,1,1,0,0,1,1,1,1,1,1,1,1,1,1,1,1,1,1,1,0,1,1,1,1,1,1,1,1,1,0,1,1,1,0,1,1,1,1,0,1,1,1,0,1,1,1,1,1,1,1,1,1,0,1,0
2433cd43-92d9-530e-967e-a7e81d83bcbf,40d658eb-2eba-5215-9b56-843e01650e8c,Kilifi Cassava Farm #0234,Coastal Lowlands,Kilifi,Cassava,4.8,-2.641719,38.958497,4,True,Transitioning Agribusiness,1,11.64,3,Structured Farm,0.36,0.56,0.6,0.64,0.48,0.4,0.56,0.28,0,1,0,1,0,0,0,0,1,0,0,1,1,1,0,1,1,0,0,0,0,0,0,1,0,1,1,1,1,0,0,0,0,0,0,0,1,1,1,1,0,0,1,1,0,1,1,1,1,0,1,1,1,1,0,0,1,1,0,0,0,1,1,1,0,1,1,0,0,1,1,1,0,1,0,1,1,0,0,1,1,1,0,0,1,1,1,1,0,0,0,1,1,1,1,1,1,1,0,0,1,1,0,1,1,1,0,0,0,1,1,1,1,0,0,1,0,0,0,0,0,1,0,1,0,0,1,0,0,0,1,1,0,0,0,1,0,1,1,0,1,1,1,0,0,0,1,0,0,0,0,0,1,1,1,1,0,1,1,0,1,1,0,1,1,1,0,0,0,1,1,0,0,1,0,0,0,1,0,1,0,1,0,0,0,0,0,0,0,0,1,0,0,0,0,1,1,1,0,0
0743abea-9ee6-5380-9b77-b7a24b6523c5,4a7e5ab6-3f2d-5556-91d2-bcadc8027576,Kwale Cassava Farm #0235,Coastal Lowlands,Kwale,Cassava,12.93,-3.385207,38.569345,8,True,Commercial Market Leader,2,19.8,4,Investment Ready Farm,0.68,0.88,0.92,0.76,0.88,0.8,0.96,0.72,1,1,1,1,0,1,1,1,1,1,0,1,0,1,0,0,0,1,1,1,1,1,0,0,1,1,1,1,0,1,1,1,1,1,0,1,1,1,1,1,0,1,1,1,1,1,1,1,1,1,1,1,0,1,1,1,1,1,1,1,1,1,1,1,1,1,1,1,0,1,1,1,1,1,1,1,1,0,1,1,1,1,1,0,0,1,1,1,1,0,1,1,1,0,1,1,1,0,1,1,1,1,1,1,1,1,1,1,1,0,1,1,1,1,0,1,1,1,0,1,1,1,1,1,1,1,1,1,1,0,1,1,1,1,0,1,1,0,0,0,1,1,1,1,1,1,1,1,1,1,1,1,1,1,1,1,1,1,1,1,1,1,1,1,1,1,1,1,0,1,1,1,1,1,1,1,1,1,0,0,1,1,0,1,1,0,1,0,1,1,1,1,1,1,0,1,1,1,1,0
4ae36f3e-0533-58b8-b566-bb277f022c75,675d9d03-80dc-52b4-8ec8-8efe783b0a16,Nyeri Coffee Farm #0236,Central Highlands,Nyeri,Coffee,3.26,0.110142,37.405161,19,True,Transitioning Agribusiness,1,12.0,3,Structured Farm,0.36,0.68,0.52,0.8,0.4,0.4,0.44,0.4,0,0,1,1,0,0,1,0,0,0,0,1,1,0,0,0,1,1,1,0,0,0,0,1,0,0,1,1,1,0,1,1,1,1,0,1,1,1,0,0,0,1,1,0,0,1,1,1,1,1,1,1,1,0,0,0,0,1,0,0,0,1,0,1,0,0,1,0,1,0,1,1,1,1,1,0,1,1,1,1,1,1,1,1,1,1,0,1,1,1,1,1,1,0,1,1,1,1,0,0,1,1,1,0,0,1,1,1,0,0,1,0,1,0,0,1,0,0,0,0,1,0,0,0,0,1,0,1,0,0,1,1,1,0,0,1,0,0,1,0,0,1,0,1,0,1,0,0,0,0,1,1,0,1,0,1,1,0,0,0,1,0,1,1,0,0,1,0,0,0,1,0,1,0,0,0,1,0,1,0,1,0,0,0,0,1,1,1,0,0,0,1,1,0,0,1,1,0,0,0
7af32a6e-405d-5a69-93b0-ff5774ac71ab,6db16390-f6ca-50bc-b478-7f9aa4384edb,Kwale Fish Farming Farm #0237,Coastal Lowlands,Kwale,Fish Farming,2.25,-2.004509,39.103615,1,True,Informal Smallholder,0,5.16,2,Emerging Agribusiness,0.04,0.16,0.36,0.4,0.24,0.24,0.12,0.16,0,0,0,0,0,0,0,0,0,0,1,0,0,0,0,0,0,0,0,0,0,0,0,0,0,0,0,0,0,0,0,0,1,0,0,1,1,0,0,0,0,0,0,0,0,0,0,1,0,0,1,0,1,0,0,1,1,0,0,0,1,1,1,0,0,0,1,0,0,1,0,0,0,0,0,0,1,0,0,1,0,1,0,0,0,1,0,1,1,0,1,1,0,0,0,0,1,1,0,0,1,1,0,1,0,1,1,0,0,0,1,0,0,0,0,0,0,0,0,0,0,0,0,0,0,0,0,1,0,0,0,0,1,0,0,1,0,0,0,0,1,0,0,0,1,0,0,1,0,0,1,0,0,0,0,0,0,0,0,0,1,0,0,0,1,0,0,0,0,0,0,0,0,0,0,0,1,0,0,1,0,0,0,0,0,0,0,1,0,0,0,0,0,0,0,0,1,0,0,0
343f8120-2d77-58f9-9d8d-50b2dcd79b6c,22e3f85e-4e78-5f36-b493-25c34c423cee,Trans Nzoia Tea Farm #0238,Rift Valley,Trans Nzoia,Tea,2.5,0.315307,35.599592,1,True,Transitioning Agribusiness,1,11.16,3,Structured Farm,0.4,0.28,0.64,0.8,0.28,0.6,0.44,0.28,1,0,1,0,0,0,1,0,0,0,0,1,1,0,0,1,1,0,0,1,1,1,0,0,0,1,0,1,1,0,0,0,1,0,1,1,0,0,0,0,1,0,0,0,0,0,0,0,0,0,1,1,0,0,0,1,1,1,1,0,1,1,0,0,1,1,1,1,1,0,0,1,0,1,1,1,1,1,1,0,1,1,1,0,1,1,1,1,1,1,1,0,1,1,0,1,1,1,1,0,0,1,0,0,0,1,1,1,0,0,0,1,0,0,0,1,0,0,0,0,0,0,1,0,0,1,1,1,0,0,1,1,0,1,1,0,0,1,0,0,1,1,1,0,0,1,1,1,1,0,1,0,0,1,0,1,1,1,0,0,1,0,0,1,0,1,1,0,1,0,1,0,0,0,0,1,0,0,0,0,1,0,0,1,1,0,1,0,0,0,0,1,0,0,0,0,1,0,0,0
8310e16f-8f7c-50a0-ac11-fa4b4c17437e,b9e11187-c47f-5ed7-929b-182df0cb998a,Kakamega Dairy Farm #0239,Western Kenya,Kakamega,Dairy,3.58,0.388366,34.267877,4,False,Informal Smallholder,0,4.92,5,Future Ready Farm,0.16,0.08,0.16,0.48,0.28,0.16,0.24,0.08,0,0,1,0,0,0,1,0,1,0,1,0,0,0,0,0,0,0,0,0,0,0,0,0,0,0,1,0,0,0,0,0,0,0,0,0,0,0,0,1,0,0,0,0,0,0,0,0,0,0,0,0,0,0,0,0,1,0,0,0,1,0,0,0,0,1,0,0,0,0,0,0,0,1,0,1,1,0,1,1,0,1,0,0,1,0,0,1,0,0,1,0,1,1,0,0,1,0,1,0,1,1,0,0,0,1,1,0,0,0,1,0,0,0,1,0,1,0,0,0,0,0,0,0,0,0,0,0,0,0,0,0,1,1,0,0,0,0,1,0,1,0,0,0,0,0,0,0,0,0,0,0,1,0,0,1,0,0,0,0,1,0,0,0,0,0,0,0,0,0,0,1,1,1,0,0,0,0,0,0,0,0,0,0,0,0,0,0,0,0,0,0,1,0,0,0,0,1,0,0
79221b52-2669-5631-810e-68ef3fe3b42b,93b3065f-01fd-51c5-9f11-bbb8af5acad4,Nyeri Tea Farm #0240,Central Highlands,Nyeri,Tea,1.23,-0.332508,36.987183,15,True,Informal Smallholder,0,4.92,5,Future Ready Farm,0.24,0.2,0.24,0.48,0.2,0.08,0.16,0.04,0,1,1,0,0,1,0,0,0,0,1,0,0,0,0,0,1,0,0,0,1,0,0,0,0,0,0,0,0,0,0,1,0,0,0,0,1,0,0,0,1,0,0,0,0,1,1,0,0,0,0,0,1,0,0,1,1,0,0,0,1,0,1,0,0,0,0,0,0,0,0,1,0,0,0,1,0,1,0,1,1,1,0,0,0,1,1,0,0,0,1,1,1,0,0,1,1,0,0,0,0,0,0,0,0,1,1,0,0,0,0,1,0,0,0,0,0,0,0,0,0,1,1,0,0,0,0,0,0,0,0,0,0,0,0,0,0,0,0,0,0,1,0,0,0,0,1,0,0,0,1,1,0,0,0,1,0,0,0,0,0,0,0,0,0,0,1,0,0,0,0,0,0,0,0,0,0,0,0,0,0,1,0,0,0,0,0,0,0,0,0,0,0,0,0,0,0,0,0,0
d829d6f2-c21e-529f-80bb-8a33765065f7,4c3a2884-d3a6-50f0-bf19-82297711ff92,Machakos Mangoes Farm #0241,Eastern Semi-Arid,Machakos,Mangoes,10.94,-2.023251,37.75897,16,True,Transitioning Agribusiness,1,11.76,3,Structured Farm,0.36,0.36,0.52,0.8,0.44,0.4,0.64,0.4,1,0,1,0,1,0,1,0,0,0,1,1,0,0,0,1,0,0,0,0,1,1,0,0,0,1,0,0,0,0,0,1,1,0,1,0,0,0,0,0,0,1,1,0,0,0,1,1,1,0,1,0,1,0,0,0,1,1,1,1,1,0,0,0,0,1,0,0,1,0,1,1,1,1,0,1,1,1,0,1,1,1,1,0,1,1,1,1,1,1,1,1,1,0,0,1,1,0,1,1,1,1,0,0,0,0,1,0,0,1,1,0,0,1,0,0,1,1,1,1,0,1,0,0,0,1,1,0,0,0,1,1,1,0,0,0,1,0,0,0,0,1,0,1,0,0,1,1,0,0,0,1,1,0,1,1,1,1,1,0,1,0,0,1,0,1,1,1,1,1,1,0,1,0,0,1,1,0,0,0,1,0,0,0,0,1,1,0,1,0,0,1,0,1,0,1,1,0,0,0
c77cc8bb-6564-5b3f-927a-ef0bd0a437a7,4812622e-2b55-519f-9901-dac41a8b41aa,Vihiga Maize Farm #0242,Western Kenya,Vihiga,Maize,6.89,-0.235269,34.638455,4,True,Transitioning Agribusiness,1,12.0,3,Structured Farm,0.32,0.52,0.64,0.64,0.48,0.56,0.64,0.2,1,1,0,0,0,1,0,0,0,0,1,1,0,0,0,1,1,0,0,0,0,1,0,0,0,0,0,1,0,0,1,1,1,0,0,1,1,1,0,0,1,1,1,0,0,1,1,1,0,0,1,1,1,1,0,1,1,1,1,1,1,1,1,1,1,1,0,0,0,1,0,0,0,0,0,1,0,1,0,0,0,0,1,1,0,1,1,1,1,0,1,1,0,1,1,1,1,0,1,1,1,1,0,0,0,1,0,0,0,0,0,0,1,1,0,0,1,1,1,1,1,1,1,0,0,1,1,1,0,0,0,0,1,0,1,1,1,1,0,0,1,1,0,0,1,0,1,1,1,0,1,1,0,0,0,1,1,1,0,0,0,0,1,0,1,1,1,1,1,1,1,1,1,1,0,0,1,0,0,0,1,0,0,0,0,0,1,0,1,0,0,0,0,0,0,1,0,0,0,0
386ef9b2-b588-5480-836d-0f0ece223005,79b749d8-b692-572f-93bd-11f8f61b8cf0,Kwale Cassava Farm #0243,Coastal Lowlands,Kwale,Cassava,1.36,-4.517386,39.228349,15,False,Informal Smallholder,0,5.4,2,Emerging Agribusiness,0.12,0.24,0.24,0.56,0.16,0.28,0.12,0.08,0,0,1,0,0,0,0,0,0,0,0,0,1,0,0,0,1,0,0,0,0,0,0,0,0,0,1,0,0,0,1,0,1,0,0,0,1,0,0,0,0,0,0,0,0,1,0,0,1,0,1,0,0,0,0,0,0,0,0,1,0,0,0,0,0,0,1,1,0,0,1,0,0,0,1,1,1,1,1,0,1,0,0,0,0,1,1,1,0,0,1,1,0,1,0,1,0,1,0,1,0,1,0,0,0,0,0,0,0,0,0,0,1,0,0,1,0,0,0,0,0,1,0,0,0,1,1,1,0,0,0,1,0,0,0,1,0,0,0,0,1,0,0,0,0,0,1,0,0,0,0,0,0,0,0,0,1,0,1,0,0,0,0,0,1,0,0,0,0,0,0,0,0,0,0,1,0,0,0,0,0,1,0,0,0,0,0,0,0,0,0,0,0,0,0,0,0,0,0,0
bc5cb581-38a9-5aa8-a811-9c557c866c97,6ed43cb1-2978-52c7-a4e4-7c3eb82a3953,Bungoma Cassava Farm #0244,Western Kenya,Bungoma,Cassava,4.49,0.881452,34.749865,6,True,Transitioning Agribusiness,1,10.68,3,Structured Farm,0.36,0.52,0.36,0.68,0.36,0.56,0.4,0.32,1,1,0,0,1,0,1,0,0,0,0,1,0,0,0,1,0,1,0,0,1,0,0,0,1,1,0,1,0,1,1,1,0,0,0,1,1,1,1,0,0,0,1,0,1,0,1,1,0,0,0,1,0,0,0,1,1,1,0,0,1,0,0,0,0,1,1,1,0,0,1,0,0,0,0,1,1,1,1,0,1,1,1,0,0,1,1,0,1,1,1,1,0,1,0,1,1,0,1,0,1,0,0,0,1,0,0,1,0,0,1,0,1,0,0,0,1,1,1,0,0,1,0,0,0,1,1,1,1,0,1,1,0,0,0,1,0,1,0,0,1,0,1,1,0,1,1,0,1,0,1,1,0,0,0,1,0,0,0,0,1,1,0,1,0,1,0,0,0,1,1,0,1,0,0,1,0,0,0,0,1,0,1,0,0,0,1,0,0,0,1,0,0,0,0,1,1,0,1,0
fb17c044-109e-58c7-a050-47bd217a430c,947ca5cd-a474-5a1e-8f4e-15bea0ea5d70,Kwale Fish Farming Farm #0245,Coastal Lowlands,Kwale,Fish Farming,6.15,-3.284665,40.261646,7,True,Transitioning Agribusiness,1,12.72,3,Structured Farm,0.52,0.48,0.6,0.72,0.4,0.56,0.52,0.44,1,0,0,1,0,1,1,1,1,0,0,1,1,0,0,1,1,1,0,0,0,0,1,1,0,1,1,0,0,0,0,1,0,1,0,0,1,1,1,0,1,1,0,0,0,1,0,0,1,1,1,1,1,0,1,1,0,0,0,1,1,0,1,1,0,1,1,1,0,0,1,0,1,0,1,0,1,1,1,1,1,1,0,0,1,1,1,1,1,0,1,1,0,1,0,1,0,1,1,1,1,0,0,0,0,1,1,0,0,0,1,1,0,0,0,1,1,0,1,0,1,1,0,0,0,1,1,1,1,0,1,0,0,0,0,1,1,1,0,0,1,1,0,1,0,1,1,1,0,0,1,1,1,0,1,1,1,1,1,0,1,1,0,0,0,1,0,0,0,0,1,1,0,0,0,0,0,0,0,0,1,1,1,1,0,0,1,1,0,0,1,0,0,1,0,1,1,1,0,0
ed2adc50-df1b-5545-9c06-7cb6e4e32dde,efeed262-299e-5de8-a7bd-6c749e672803,Kilifi Cashew Farm #0246,Coastal Lowlands,Kilifi,Cashew,61.68,-2.137874,39.469936,17,True,Commercial Market Leader,2,20.16,5,Future Ready Farm,0.84,0.72,0.96,0.88,0.84,0.8,0.92,0.76,1,1,1,1,1,1,1,1,1,0,1,1,1,1,0,1,1,0,1,0,1,1,1,1,1,1,1,1,0,0,1,0,1,1,1,1,1,0,1,1,1,1,1,0,0,1,1,1,1,0,1,1,1,1,1,1,1,1,0,1,1,1,1,1,1,1,1,1,1,1,1,1,1,1,1,1,0,1,1,1,1,1,1,1,0,1,1,1,1,1,1,0,1,1,1,1,1,1,1,1,1,0,1,1,1,1,1,1,1,0,1,1,1,1,1,1,1,1,1,1,1,1,0,1,0,1,0,1,1,1,1,1,1,1,0,1,1,0,1,1,1,1,1,0,1,1,1,1,1,0,1,1,1,1,1,1,1,1,1,1,1,1,1,1,1,1,1,1,1,0,1,1,0,1,1,1,1,1,1,0,1,1,1,1,0,1,1,1,0,0,1,1,1,1,0,1,1,1,1,0
409d6199-7dda-509e-9979-3cb67ae3c690,5df2f508-d6ed-5969-8e9a-94075eaa4aa3,Bomet Wheat Farm #0247,Rift Valley,Bomet,Wheat,6.7,-0.610349,35.375084,3,True,Transitioning Agribusiness,1,13.08,3,Structured Farm,0.56,0.36,0.68,0.76,0.52,0.56,0.48,0.44,1,1,0,1,0,1,0,1,0,1,1,1,0,0,0,1,1,0,1,0,1,1,1,0,0,1,0,0,0,0,1,0,0,0,0,1,1,1,1,0,1,0,0,0,0,1,1,0,0,0,1,1,0,1,0,0,1,0,1,1,0,1,1,1,0,1,1,1,0,1,1,1,1,1,0,1,1,0,0,1,1,1,0,0,1,1,1,1,1,1,1,1,1,1,0,1,1,1,1,0,1,1,0,1,0,1,0,1,0,0,1,1,1,1,0,1,1,1,0,0,0,1,0,0,0,1,1,0,0,0,0,1,1,0,0,1,1,1,0,0,1,1,0,1,0,1,1,1,1,0,1,0,0,1,0,1,0,0,1,0,0,0,0,0,1,1,1,1,1,0,1,0,1,1,0,1,1,1,0,0,1,1,0,0,0,0,1,1,0,0,1,1,0,0,0,1,0,0,0,1
9b487a94-8fe8-5330-a110-820392d6e9bf,1c3f0276-4d3a-5cb6-b9af-3b0819d92e58,Lamu Vegetables Farm #0248,Coastal Lowlands,Lamu,Vegetables,2.34,-4.179856,40.342735,6,True,Informal Smallholder,0,6.24,2,Emerging Agribusiness,0.16,0.28,0.16,0.64,0.12,0.36,0.24,0.12,0,0,1,0,0,0,0,0,0,0,0,0,0,0,0,1,1,0,0,0,1,0,0,0,0,1,0,0,0,0,0,0,0,0,0,1,1,1,1,0,0,0,1,0,0,0,0,0,1,0,0,0,0,0,0,0,0,1,0,0,0,0,1,0,0,0,0,0,0,0,1,1,0,0,0,1,1,1,1,1,0,0,1,1,1,0,1,1,0,1,1,1,1,0,0,1,0,0,1,0,1,0,0,0,0,0,0,0,0,0,0,0,0,1,0,0,0,0,0,0,1,0,0,0,0,0,1,0,0,0,1,0,0,1,0,1,0,1,0,0,0,1,0,0,0,1,1,1,0,0,0,0,0,0,0,1,0,1,0,0,1,0,1,0,0,0,0,0,1,0,0,0,1,0,0,1,0,0,0,0,0,0,0,0,0,0,0,1,0,0,1,0,0,0,0,0,0,0,0,0
701d7788-25cd-56da-946f-898f86384c8e,169323f4-3c16-5695-a1b0-3768c7615b80,Nandi Horticulture Farm #0249,Rift Valley,Nandi,Horticulture,1.96,0.252239,35.187357,10,False,Informal Smallholder,0,4.8,5,Future Ready Farm,0.12,0.08,0.36,0.44,0.16,0.32,0.12,0.0,1,0,0,0,0,0,0,0,0,0,1,0,1,0,0,0,0,0,0,0,0,0,0,0,0,0,0,0,0,0,1,0,0,0,0,1,0,0,0,0,0,0,0,0,0,0,0,0,0,0,1,0,0,0,0,1,0,0,0,0,0,1,0,0,0,1,1,1,0,0,1,1,1,0,0,1,1,0,0,0,1,1,1,0,0,0,1,1,0,0,1,1,0,0,0,1,1,0,0,0,0,0,0,0,0,0,0,1,0,0,1,0,0,0,1,0,0,0,0,0,1,0,0,0,0,1,1,0,0,0,1,0,0,0,0,0,1,0,0,0,1,1,1,1,0,0,0,0,0,0,0,0,0,0,0,1,0,0,0,0,0,0,1,0,0,0,0,0,0,1,0,0,0,0,0,0,0,0,0,0,0,0,0,0,0,0,0,0,0,0,0,0,0,0,0,0,0,0,0,0
53c3679f-f17c-5d3c-9e2f-cde2dc0eba96,508b831a-6831-5336-9159-b0acb93a9a4e,Lamu Vegetables Farm #0250,Coastal Lowlands,Lamu,Vegetables,0.5,-4.446674,40.139982,20,False,Informal Smallholder,0,6.0,2,Emerging Agribusiness,0.16,0.24,0.2,0.68,0.2,0.24,0.16,0.12,0,0,0,0,1,0,1,0,0,0,0,0,0,0,0,0,0,0,0,0,1,0,1,0,0,1,0,1,0,0,0,1,0,0,0,1,0,0,0,0,1,0,0,0,0,0,0,1,0,0,0,0,0,0,0,1,0,0,0,1,0,0,1,0,0,1,0,0,0,0,0,1,0,0,0,1,0,1,1,1,1,1,0,1,0,1,1,1,0,0,1,0,1,1,0,1,1,1,1,0,1,0,0,0,1,0,0,0,0,0,0,0,0,0,0,0,0,0,0,0,1,0,1,1,0,1,0,0,0,0,1,1,0,0,0,0,1,0,0,0,0,1,0,0,0,1,0,0,0,0,0,1,0,0,1,0,0,0,0,0,0,0,0,0,0,1,0,0,1,0,0,0,0,0,0,0,1,0,0,0,1,0,0,0,0,0,0,0,0,0,0,0,1,0,0,0,0,0,0,0
7f1e9fe3-9cb3-5b6a-8927-b5e2678d1ce5,3fc04c54-283c-53bb-b793-9b8f4ad9a6f3,Kitui Sorghum Farm #0251,Eastern Semi-Arid,Kitui,Sorghum,5.46,-2.430822,38.5546,8,True,Transitioning Agribusiness,1,12.72,3,Structured Farm,0.48,0.6,0.48,0.8,0.44,0.48,0.64,0.32,1,1,1,0,0,0,0,1,0,0,0,1,1,0,0,0,0,0,1,1,1,1,0,1,1,1,1,1,0,0,1,1,1,1,1,1,1,1,1,1,0,0,1,0,0,1,0,0,0,0,0,1,1,1,0,1,1,1,0,0,1,1,1,0,0,1,0,0,1,0,1,0,0,0,0,1,1,0,1,1,0,1,1,1,1,1,1,0,1,1,1,1,1,0,1,1,1,1,0,1,1,0,1,1,0,1,1,0,0,0,1,1,1,0,0,1,0,0,0,0,0,1,0,1,0,0,1,0,0,1,1,1,1,0,0,0,1,1,0,0,1,1,1,0,0,1,1,0,0,0,1,1,1,0,1,1,0,0,0,1,0,1,0,1,0,1,0,1,0,1,1,1,1,1,1,1,0,0,0,0,0,0,0,1,0,1,0,0,0,0,1,0,1,0,0,1,1,0,1,0
eca310a3-ff29-5a55-b339-552827e73cff,f0598f25-08d8-5901-8bbd-1262ea30b8ef,Lamu Cashew Farm #0252,Coastal Lowlands,Lamu,Cashew,7.28,-3.679201,38.963281,1,False,Commercial Market Leader,2,20.4,5,Future Ready Farm,0.92,0.76,0.96,0.84,0.92,0.84,0.84,0.72,1,1,1,1,1,1,0,1,1,1,1,1,1,0,1,1,1,1,1,1,1,1,1,1,1,1,1,1,0,0,1,1,1,1,0,1,1,1,1,1,1,1,0,1,0,1,1,1,1,0,1,1,1,1,1,1,1,0,1,1,1,1,1,1,1,1,1,1,1,1,1,1,1,1,1,1,1,1,1,1,1,1,1,0,1,1,1,1,1,0,1,1,1,1,0,1,1,1,0,1,1,1,1,1,1,1,1,1,1,0,1,1,1,1,1,1,1,1,1,0,1,1,1,1,1,1,1,1,0,0,1,1,1,1,0,1,1,1,0,1,1,1,1,1,1,1,1,1,1,1,1,0,1,1,0,1,1,1,1,1,1,1,1,1,0,1,0,1,1,1,1,1,1,1,1,1,1,1,1,0,1,1,0,1,1,1,1,0,0,1,1,1,0,1,0,1,1,1,1,0
52fb5962-7e69-5f84-8f75-a122466a9f72,4761f192-a4cc-5d5a-a1ab-fa1be8c5dfaa,Busia Cassava Farm #0253,Western Kenya,Busia,Cassava,1.96,1.017543,34.14541,19,True,Informal Smallholder,0,5.28,2,Emerging Agribusiness,0.16,0.2,0.2,0.68,0.04,0.16,0.2,0.12,0,0,0,1,0,0,0,0,0,0,0,1,0,0,0,0,1,0,0,0,0,0,0,0,1,0,0,0,0,0,1,0,0,0,0,0,1,1,0,0,0,1,0,0,0,0,0,1,0,0,1,0,0,0,0,1,0,0,0,0,0,1,0,0,0,0,0,0,1,0,0,1,0,0,0,1,1,0,0,0,1,1,0,1,1,1,1,1,1,1,0,1,0,0,1,1,1,1,1,0,0,1,0,0,0,0,0,0,0,0,0,0,0,0,0,0,0,0,0,0,0,0,0,0,0,0,1,0,0,0,1,0,1,0,0,0,0,0,0,0,0,0,0,0,0,1,0,0,0,0,0,0,0,0,1,0,0,0,0,0,1,0,0,0,1,0,0,0,0,0,1,0,1,0,0,0,0,0,0,0,1,0,0,0,0,0,0,0,0,0,1,0,0,0,0,0,0,0,0,1
c3bb0794-91bc-5f6b-9b90-bcc50fdd1f47,81a4c727-c1da-5317-a2ea-d4c17545b036,Machakos Sorghum Farm #0254,Eastern Semi-Arid,Machakos,Sorghum,0.81,-1.311984,38.784863,15,False,Informal Smallholder,0,7.2,2,Emerging Agribusiness,0.12,0.24,0.44,0.64,0.28,0.28,0.36,0.04,0,1,0,0,0,0,0,0,0,0,0,1,1,0,0,0,0,0,0,0,0,0,0,0,0,1,0,0,0,0,0,1,0,1,0,0,0,0,1,0,1,0,0,1,0,0,0,0,0,0,1,1,0,0,0,1,1,0,0,1,0,0,0,0,1,1,1,0,0,0,0,1,1,1,0,1,0,0,1,1,1,1,1,1,1,0,0,0,1,0,1,1,0,0,1,1,1,1,1,0,1,0,0,0,0,0,1,0,0,0,0,1,1,0,0,1,0,0,0,0,1,0,0,1,0,0,0,1,0,0,0,0,0,0,0,1,1,0,1,0,1,0,0,0,0,1,0,0,1,0,0,1,0,0,0,0,1,1,0,0,1,1,0,0,0,0,1,0,0,0,1,1,0,1,0,0,0,0,0,0,0,0,0,0,0,0,0,0,0,0,0,0,0,0,0,0,0,1,0,0
29f37c17-16ac-5079-a9ae-3970177f8b20,8edf6cec-1655-539f-af7d-7683ec916590,Uasin Gishu Tea Farm #0255,Rift Valley,Uasin Gishu,Tea,1.62,0.970474,35.456998,15,False,Informal Smallholder,0,5.4,2,Emerging Agribusiness,0.16,0.12,0.4,0.52,0.04,0.32,0.16,0.08,1,1,0,0,0,0,0,0,0,0,0,0,0,0,0,1,0,0,0,0,0,1,0,0,0,0,1,0,0,0,0,0,0,0,0,0,1,0,0,0,0,0,1,0,0,0,0,0,0,0,1,0,0,0,1,0,1,1,0,0,0,1,0,0,0,0,1,0,0,1,1,1,0,1,0,0,1,1,0,0,1,1,1,0,0,1,0,0,1,0,1,1,0,1,0,1,1,1,0,0,0,0,0,0,0,1,0,0,0,0,0,0,0,0,0,0,0,0,0,0,0,0,0,0,0,0,0,0,1,0,1,0,1,0,0,1,1,1,0,0,1,0,0,0,0,1,0,0,0,0,1,0,0,0,0,0,1,0,0,0,0,0,0,0,0,1,0,0,1,0,0,0,0,0,0,0,0,0,0,0,0,0,0,0,0,0,0,0,0,0,0,1,0,0,0,0,1,0,0,0
6960b77e-0394-521a-8c25-0b1a43186619,828c4169-9bc0-5107-9135-70bbfefd9fb0,Busia Poultry Farm #0256,Western Kenya,Busia,Poultry,5.34,1.125702,34.007646,16,True,Transitioning Agribusiness,1,11.4,3,Structured Farm,0.52,0.4,0.56,0.64,0.44,0.44,0.36,0.44,1,0,0,1,1,1,0,0,0,0,1,0,1,1,0,1,1,0,0,0,1,0,1,1,1,1,1,0,1,0,0,0,0,0,1,0,0,1,0,0,1,1,1,0,0,1,0,1,0,0,1,1,1,1,1,1,0,0,1,0,0,1,1,0,0,1,0,1,0,1,0,1,0,0,1,0,1,0,1,0,1,1,1,1,0,1,1,1,0,0,1,1,1,0,0,1,1,1,1,0,0,0,0,1,0,1,1,1,0,1,1,0,0,1,0,1,1,0,0,0,1,1,0,0,0,1,1,0,0,0,1,1,0,0,0,0,1,0,0,1,1,0,0,0,0,1,1,1,0,1,0,0,0,0,0,0,0,0,1,0,1,1,0,0,0,1,1,1,0,0,1,1,1,0,0,1,1,0,0,1,1,1,0,1,0,1,1,0,0,0,0,1,0,0,0,1,0,1,0,0
e394806b-9d7e-5f4f-8c03-130c46466537,e3742f3a-d7c6-52ac-89a9-96e706528e05,Kilifi Vegetables Farm #0257,Coastal Lowlands,Kilifi,Vegetables,5.25,-4.520685,39.870529,4,False,Transitioning Agribusiness,1,12.96,3,Structured Farm,0.52,0.56,0.52,0.76,0.44,0.56,0.56,0.4,1,1,1,0,1,1,0,1,1,0,0,1,1,1,0,1,0,0,0,0,0,1,0,0,1,1,1,1,1,0,1,1,1,0,0,1,0,1,0,0,1,1,1,0,0,0,1,1,0,0,1,1,1,1,0,1,1,1,1,0,0,0,1,0,0,1,1,1,0,0,0,0,1,0,0,1,1,1,0,1,0,1,0,1,0,1,1,1,1,1,1,1,1,1,1,1,1,1,0,0,1,0,1,1,0,0,1,0,1,0,0,1,0,0,0,1,1,1,0,0,0,0,1,0,1,1,1,1,1,0,1,0,0,1,0,0,1,0,0,0,1,1,1,0,0,0,1,1,1,1,1,1,0,1,0,1,0,0,1,1,0,1,1,0,0,1,1,1,0,0,1,1,0,1,0,0,1,1,0,0,0,1,1,0,0,1,1,1,0,0,1,0,0,0,0,1,0,1,0,0
4b4e29ab-c1fa-542f-8122-f41af7e816bf,510d0bcb-881d-58f6-a24a-8383169b3fb4,Kisumu Poultry Farm #0258,Western Kenya,Kisumu,Poultry,1.01,-0.164416,34.764049,15,False,Informal Smallholder,0,5.52,2,Emerging Agribusiness,0.08,0.2,0.32,0.52,0.08,0.36,0.16,0.12,1,0,0,0,0,0,0,0,0,0,0,0,0,0,0,0,0,0,0,0,1,0,0,0,0,0,0,1,0,0,1,0,1,0,0,0,0,1,0,0,0,0,0,0,0,0,0,0,0,1,0,1,1,0,0,0,1,0,1,0,0,1,0,0,0,1,0,0,0,0,1,1,0,0,0,1,0,1,0,0,0,0,1,1,1,1,0,0,0,1,0,1,1,1,0,1,1,0,1,0,0,0,0,0,0,1,0,0,0,0,0,0,0,0,0,0,0,0,0,0,1,0,0,0,0,1,1,0,0,0,0,0,0,0,0,1,1,0,0,0,1,0,0,0,0,1,1,1,1,0,0,0,1,0,0,0,0,1,0,0,1,0,0,0,0,0,0,1,0,0,0,0,0,0,0,0,0,0,0,0,0,0,0,0,0,1,0,0,0,0,0,0,0,0,0,1,0,1,0,0
7880f6d1-1da2-5113-b657-8b307ac062d7,6ef47461-c1f7-57ba-8995-b0ceeb02fdbe,Uasin Gishu Wheat Farm #0259,Rift Valley,Uasin Gishu,Wheat,2.91,-0.615015,35.396296,6,False,Informal Smallholder,0,5.28,2,Emerging Agribusiness,0.2,0.24,0.24,0.52,0.08,0.28,0.08,0.12,1,1,0,0,0,0,0,0,0,0,1,0,1,0,0,0,0,0,0,0,0,0,0,0,1,0,0,1,0,1,1,0,0,1,0,0,0,0,0,0,0,1,0,0,0,0,1,0,0,0,0,1,0,0,0,0,1,0,0,0,0,0,1,0,0,1,1,0,0,0,0,1,0,0,0,1,0,1,1,1,1,1,0,0,1,1,1,0,0,0,1,0,1,0,1,0,1,0,0,0,1,0,0,0,0,0,0,0,0,0,0,1,0,0,0,0,0,0,0,0,0,0,0,0,0,1,0,0,0,0,0,1,1,0,0,0,1,1,0,0,1,1,0,0,0,0,0,0,0,0,0,0,0,0,0,1,0,0,0,0,0,0,0,0,0,0,0,1,0,0,0,0,0,0,0,1,0,0,0,0,0,0,1,0,0,0,0,0,0,0,0,0,0,0,1,0,0,0,0,0
0b3270d4-ab2e-53aa-8cc0-87b431863abd,81c375f9-dbd7-5b18-a4ae-5b2744b5a1cb,Trans Nzoia Wheat Farm #0260,Rift Valley,Trans Nzoia,Wheat,9.67,0.613328,36.272604,8,True,Transitioning Agribusiness,1,12.0,3,Structured Farm,0.4,0.56,0.6,0.8,0.52,0.36,0.52,0.24,1,0,0,1,0,1,1,0,0,0,0,0,1,0,0,1,0,0,0,1,1,1,0,1,0,1,1,1,1,0,1,1,1,1,0,1,0,1,1,0,0,0,1,0,0,1,0,1,0,0,1,1,1,0,0,1,1,1,1,0,1,0,1,0,0,1,1,0,0,0,1,1,1,0,1,1,0,1,1,1,1,1,1,1,0,1,0,1,0,1,1,1,1,1,1,1,0,1,1,1,1,0,0,1,0,0,1,0,1,0,1,1,0,0,0,1,0,1,1,0,1,1,1,1,0,0,0,0,1,0,1,1,0,0,0,1,1,1,0,0,1,0,0,0,0,1,0,1,0,0,1,1,1,1,0,1,0,0,0,0,0,1,0,0,1,1,1,1,1,0,1,0,1,0,0,1,1,1,0,1,0,0,0,0,0,1,0,0,0,0,0,0,0,0,0,0,0,0,0,1
6b137c83-94d9-5d48-9e30-89bda24c077b,0b489f3d-8ff3-58be-be30-9624915582cc,Siaya Dairy Farm #0261,Western Kenya,Siaya,Dairy,1.36,0.234293,34.429423,7,False,Informal Smallholder,0,5.64,2,Emerging Agribusiness,0.28,0.24,0.24,0.48,0.2,0.24,0.16,0.04,1,1,0,0,0,1,0,1,0,0,0,0,0,0,1,0,0,0,0,0,1,0,0,1,0,0,0,1,0,0,0,0,0,0,0,1,1,0,0,0,1,0,0,1,0,0,0,1,0,0,1,1,0,1,0,0,0,0,0,0,0,1,0,1,0,0,0,0,0,0,1,0,0,0,0,1,0,1,0,0,0,0,1,1,0,1,1,1,0,1,0,1,0,1,0,0,1,0,0,1,1,0,0,0,0,0,0,0,0,0,1,0,0,1,0,0,0,1,0,0,0,1,0,0,0,0,0,0,0,0,0,1,0,0,0,0,0,0,0,0,1,1,0,0,0,1,1,1,0,0,1,0,0,0,0,0,0,0,0,0,1,0,1,0,0,1,0,0,0,0,0,0,0,0,0,0,0,0,0,0,0,0,0,0,0,0,0,0,0,0,1,0,0,0,0,0,0,0,0,0
4f5afacc-3ec4-5c96-b228-2507aade08c1,f3c00f8c-d872-5745-a152-fc6ee5223b7a,Kiambu Macadamia Farm #0262,Central Highlands,Kiambu,Macadamia,6.5,-0.738451,37.26953,12,False,Transitioning Agribusiness,1,12.36,3,Structured Farm,0.48,0.32,0.64,0.68,0.44,0.56,0.52,0.48,0,1,0,0,1,1,1,1,0,0,1,0,0,0,0,1,1,0,1,0,1,1,0,1,0,1,0,0,0,1,1,1,0,0,0,1,0,1,0,0,0,1,0,0,0,0,0,1,0,0,1,1,0,1,1,1,1,1,0,0,0,0,1,0,0,1,1,1,1,0,1,1,1,1,0,1,1,1,0,0,1,1,1,1,1,0,1,1,1,0,0,1,1,0,1,1,1,0,0,1,1,1,1,0,0,1,1,0,0,0,1,0,1,0,0,1,1,0,0,0,0,1,1,0,0,1,0,1,1,0,1,1,1,1,0,1,0,1,1,0,1,0,1,1,1,0,0,0,0,0,1,1,0,0,0,1,1,1,0,0,0,1,1,1,0,1,1,1,1,0,0,1,0,0,0,1,1,1,0,0,1,1,1,1,0,0,1,0,0,0,0,1,1,0,1,1,0,0,0,0
c69f40fc-e355-5bfe-b083-52a506926ac1,7ae53505-6bc1-5426-854b-cc142eb7618b,Kilifi Cashew Farm #0263,Coastal Lowlands,Kilifi,Cashew,2.57,-3.264245,39.600413,10,False,Informal Smallholder,0,5.76,2,Emerging Agribusiness,0.2,0.16,0.36,0.52,0.12,0.36,0.16,0.04,0,0,0,0,0,1,0,0,0,0,1,0,0,0,0,0,1,0,0,0,1,1,0,0,0,0,1,0,0,0,0,0,0,0,0,0,0,1,0,0,0,0,1,0,0,0,1,0,0,0,0,0,1,0,0,0,1,0,0,0,0,1,0,0,0,1,1,0,1,0,1,1,1,0,0,1,1,0,0,0,1,0,1,0,1,1,1,1,0,0,1,1,1,0,0,0,1,0,1,0,0,0,0,0,0,0,1,0,0,0,0,1,0,0,0,0,0,0,0,0,1,0,0,0,0,1,1,1,0,0,1,0,0,0,0,1,0,1,0,0,1,1,0,0,0,1,0,0,0,0,0,1,0,0,0,0,1,0,0,0,0,0,0,0,0,0,0,0,1,0,0,0,1,0,0,0,0,0,0,0,1,0,0,0,0,0,0,0,0,0,0,0,0,0,0,0,0,0,0,0
92d12425-b5f3-5636-aa25-40f8e01e957c,d11e0b47-4793-5ccb-abe1-5c22d85d933b,Taita Taveta Fish Farming Farm #0264,Coastal Lowlands,Taita Taveta,Fish Farming,2.55,-4.237948,40.020992,9,True,Informal Smallholder,0,4.8,5,Future Ready Farm,0.12,0.2,0.28,0.48,0.08,0.32,0.04,0.08,1,0,0,1,0,0,0,0,0,0,0,1,0,0,0,0,0,0,0,0,0,0,0,0,0,0,1,0,0,0,1,0,0,0,0,1,1,1,0,0,0,0,0,0,0,0,0,0,0,0,1,1,0,0,0,1,0,0,0,0,0,1,1,0,0,1,0,0,0,0,1,0,0,0,0,1,1,1,0,0,1,1,0,0,1,0,1,0,1,0,0,0,1,0,1,0,0,1,1,0,0,0,0,0,0,1,0,0,0,0,0,0,0,0,0,0,0,0,0,0,0,1,0,0,0,1,1,0,1,0,0,0,0,0,0,1,0,0,0,0,1,1,0,0,0,1,0,0,1,0,0,0,0,0,1,0,0,0,0,0,0,0,0,0,0,0,0,0,0,0,0,0,0,0,0,0,0,0,0,0,1,0,0,0,0,0,0,0,0,0,1,0,0,0,0,0,0,0,0,0
940f2504-f461-5500-8686-264d5b954feb,809f9cb9-cb4b-5b3f-be6d-b0705488d85d,Trans Nzoia Dairy Farm #0265,Rift Valley,Trans Nzoia,Dairy,6.74,-1.141717,35.633101,7,True,Commercial Market Leader,2,19.68,4,Investment Ready Farm,0.84,0.76,0.88,0.84,0.8,0.8,0.88,0.76,1,1,0,1,1,0,0,1,1,1,1,1,1,1,1,1,1,1,1,1,1,1,1,1,0,0,1,1,0,0,1,1,1,1,1,1,1,1,1,0,1,1,1,0,1,1,1,1,0,1,1,1,1,1,0,1,1,1,1,1,1,1,1,1,0,1,1,1,1,1,1,1,1,0,1,1,1,1,1,1,0,1,1,1,0,1,1,1,0,1,1,1,1,1,0,1,1,1,1,1,1,1,1,0,0,1,0,1,1,1,1,1,1,1,0,1,1,0,1,1,1,1,1,1,1,1,1,1,1,1,1,1,1,0,1,0,1,1,0,0,1,1,1,1,1,1,1,1,1,0,1,1,1,1,1,1,1,1,1,1,1,1,1,1,0,1,1,0,1,0,1,1,1,1,1,1,1,0,0,0,1,1,1,1,1,1,1,1,1,1,1,0,1,0,1,1,1,1,1,0
4b311b83-2b71-5068-9402-b9552ba216f6,4da335bf-6757-553e-ab81-c7c97d2ad169,Trans Nzoia Wheat Farm #0266,Rift Valley,Trans Nzoia,Wheat,3.73,0.489073,35.616122,6,False,Informal Smallholder,0,6.48,2,Emerging Agribusiness,0.32,0.24,0.28,0.44,0.16,0.4,0.16,0.16,1,1,1,0,0,1,1,0,0,0,1,0,0,0,0,0,0,1,0,0,0,0,0,1,0,0,0,0,0,0,1,0,0,0,0,0,1,0,0,0,0,1,1,0,0,1,0,0,1,0,0,1,1,0,0,1,0,0,0,1,0,0,0,0,0,0,1,1,1,0,0,0,0,0,0,1,1,1,0,0,1,1,0,0,0,1,0,1,0,0,0,1,0,0,0,1,0,1,1,0,1,0,0,0,0,1,0,0,0,0,0,1,0,0,0,0,0,0,0,0,1,0,0,0,0,0,0,0,0,0,0,1,0,0,0,1,1,1,1,0,1,1,0,0,0,1,1,1,0,0,0,0,0,0,0,1,1,0,0,0,1,0,1,0,0,0,0,0,0,0,0,0,0,0,0,0,0,0,0,0,0,1,1,0,0,0,1,0,0,0,0,0,0,0,0,1,0,0,0,0
eff05dec-860f-5967-8213-7426bebda5bc,17dd81f7-9583-5988-98dc-d46229ca6c5e,Bomet Potatoes Farm #0267,Rift Valley,Bomet,Potatoes,4.15,0.354905,35.292412,5,True,Informal Smallholder,0,5.52,2,Emerging Agribusiness,0.08,0.12,0.32,0.52,0.16,0.36,0.16,0.12,0,0,0,0,0,0,0,0,0,0,0,0,0,0,0,1,1,0,0,0,0,0,0,0,0,0,0,0,0,0,0,0,0,0,0,0,0,0,0,0,1,0,1,0,0,1,0,0,0,0,0,1,0,0,0,0,1,1,0,0,1,1,1,0,0,1,0,0,0,0,1,0,0,0,0,1,1,1,0,0,0,1,1,1,0,1,1,1,0,1,0,0,0,0,0,1,1,0,1,0,1,0,0,0,0,0,1,0,0,0,0,1,0,0,0,1,0,0,0,0,0,0,0,0,0,1,1,0,0,0,1,1,0,1,0,1,0,1,0,0,0,0,1,0,0,0,1,0,0,0,1,0,0,1,0,0,0,0,0,0,0,1,0,0,0,0,0,0,0,0,1,0,0,0,0,0,0,0,0,0,0,1,0,0,0,1,0,0,0,0,1,0,0,0,0,0,0,0,0,0
b3c5075b-51d5-54d5-a133-18c884dfac15,9df20c70-ac73-501b-b924-5f943f58efd7,Busia Maize Farm #0268,Western Kenya,Busia,Maize,3.45,-0.191979,34.037367,11,True,Informal Smallholder,0,6.0,2,Emerging Agribusiness,0.08,0.32,0.2,0.64,0.2,0.28,0.16,0.12,0,0,0,0,0,0,0,0,0,0,1,0,0,0,0,1,0,0,0,0,0,0,0,0,0,1,1,1,0,0,1,1,1,0,0,0,0,0,0,0,0,0,0,0,0,1,1,0,0,0,1,0,0,0,0,0,1,1,0,0,0,0,0,0,0,1,1,0,0,0,0,0,0,0,0,1,0,0,1,0,1,1,0,1,1,1,0,1,1,0,1,1,1,1,0,0,1,0,1,1,0,1,0,0,0,1,0,0,0,0,1,0,0,0,0,0,1,0,0,0,1,0,0,0,0,1,0,1,0,0,1,0,0,0,0,1,0,0,0,0,0,1,1,1,0,0,0,0,0,0,0,0,0,0,0,1,0,0,0,0,0,0,0,0,0,1,0,0,0,1,1,0,0,0,0,0,0,0,0,0,0,1,0,0,0,0,0,0,0,0,0,0,0,0,0,1,0,1,0,0
2ed5fb90-db79-5883-b51c-7bb24d1e7889,8c8d8ae1-c2ab-5a04-b48d-1bfb403a5a10,Murang'a Coffee Farm #0269,Central Highlands,Murang'a,Coffee,4.34,-1.002566,37.635658,5,False,Informal Smallholder,0,6.6,2,Emerging Agribusiness,0.2,0.36,0.4,0.32,0.16,0.32,0.32,0.12,1,0,0,0,0,0,0,0,0,0,1,0,0,0,0,1,1,0,0,0,0,1,0,0,0,1,0,0,0,1,1,0,1,0,0,1,1,0,0,0,1,0,1,0,0,0,1,0,0,0,1,1,0,0,0,1,1,1,0,0,1,0,1,0,0,0,0,1,0,0,1,0,0,1,0,0,0,0,0,1,1,1,0,0,0,1,1,1,0,0,0,0,0,0,0,1,0,1,0,0,0,1,0,0,0,0,0,0,0,0,1,0,0,0,0,0,1,0,0,0,0,0,1,0,0,0,0,0,1,0,1,0,1,0,0,1,0,0,0,0,1,0,1,0,0,1,1,0,0,0,1,0,0,0,0,1,0,1,0,0,1,0,0,1,0,1,0,0,0,0,1,1,0,0,0,1,0,0,0,0,0,0,1,0,0,1,0,0,0,0,0,0,0,0,0,0,0,0,0,0
ba68fa7f-5f35-5011-a91d-045282c8b8bf,f14de7b6-4a55-54d8-8af1-4537f1af747f,Machakos Sorghum Farm #0270,Eastern Semi-Arid,Machakos,Sorghum,1.79,-2.479412,37.307578,10,False,Informal Smallholder,0,6.72,2,Emerging Agribusiness,0.28,0.2,0.28,0.76,0.12,0.32,0.2,0.08,0,0,0,0,0,0,0,0,0,0,1,1,1,0,0,1,1,1,0,0,0,1,0,0,0,1,0,0,0,0,0,0,0,0,0,0,1,1,0,0,1,0,0,0,0,0,1,0,0,0,1,0,0,0,0,1,1,0,1,0,0,0,0,0,0,1,0,0,0,0,0,1,0,0,1,1,1,0,0,0,1,1,1,0,1,1,1,1,1,0,1,1,1,1,1,1,1,1,1,0,1,0,0,0,0,0,0,0,0,0,0,1,0,0,0,0,0,0,1,0,0,0,0,0,0,0,1,1,0,0,1,1,0,0,0,1,0,0,1,0,1,0,1,0,0,0,0,0,0,0,1,0,0,0,0,0,0,0,0,0,1,0,0,0,0,1,0,0,0,0,1,1,0,0,0,0,0,0,0,0,0,0,0,0,0,0,0,0,0,0,1,1,0,0,0,0,0,0,0,0
a8e03211-57e0-5cfc-a5d0-78793c47da7c,6a044a08-cf1e-592f-bb3c-5477ef4659ee,Lamu Fish Farming Farm #0271,Coastal Lowlands,Lamu,Fish Farming,1.34,-3.424016,39.57387,12,False,Informal Smallholder,0,5.52,2,Emerging Agribusiness,0.2,0.28,0.2,0.52,0.08,0.16,0.28,0.12,0,0,1,0,0,1,0,0,0,0,0,0,0,0,0,1,0,1,0,0,1,0,0,0,0,0,0,1,0,0,1,0,0,0,0,1,0,0,0,0,1,0,0,1,1,1,0,0,0,0,0,1,0,0,0,0,0,0,0,0,0,1,0,0,0,1,0,1,0,0,1,0,0,0,0,1,0,1,0,0,1,1,1,0,1,0,1,1,0,0,1,0,0,0,1,1,0,0,1,1,1,0,1,0,0,0,0,0,0,0,0,0,0,0,0,0,0,0,0,0,0,0,0,0,0,1,1,0,0,0,1,1,0,0,0,0,0,0,0,0,0,0,0,0,0,0,0,0,0,0,0,1,0,0,0,0,0,0,0,0,1,1,0,0,0,1,1,0,0,0,1,0,0,0,1,1,0,0,0,0,0,0,0,0,0,0,0,0,0,0,1,0,0,0,0,1,0,0,0,0
a3605e14-9d9e-5c94-9838-cf10bbf1b185,b82b24f8-930d-5b48-9e1b-45d6deebf798,Nandi Dairy Farm #0272,Rift Valley,Nandi,Dairy,3.5,-0.4418,35.876684,18,True,Informal Smallholder,0,5.28,2,Emerging Agribusiness,0.08,0.2,0.24,0.44,0.12,0.2,0.4,0.08,0,0,0,0,0,1,0,0,0,0,1,0,0,0,0,0,0,0,0,0,0,0,0,0,0,0,0,1,0,0,0,0,1,0,0,0,1,0,0,0,1,0,0,0,0,1,0,0,0,0,1,0,0,0,0,0,0,0,0,0,1,1,1,0,0,0,1,0,0,0,1,0,0,0,0,0,1,0,0,0,1,1,0,1,1,1,1,0,0,0,1,1,1,0,0,0,0,0,1,0,0,0,0,0,0,1,0,0,0,0,0,0,0,0,1,0,0,0,0,0,1,0,0,0,0,1,1,0,0,0,0,0,1,0,0,0,0,0,0,0,1,0,0,0,0,1,0,0,0,0,0,1,0,0,0,0,1,0,0,1,0,1,0,0,0,1,0,0,1,0,1,1,1,1,0,0,0,0,1,0,0,0,1,0,0,0,0,0,0,0,0,0,0,0,0,0,0,0,0,0
9698e9f8-1ec6-5c75-b810-f165c4c51cec,43e65a80-b1fd-5e34-bc03-3cbba1e39dda,Kiambu Macadamia Farm #0273,Central Highlands,Kiambu,Macadamia,0.94,0.216941,37.412561,12,False,Informal Smallholder,0,5.16,2,Emerging Agribusiness,0.2,0.2,0.12,0.52,0.16,0.24,0.24,0.04,0,0,0,0,0,1,1,0,0,1,0,0,1,0,0,0,1,0,0,0,0,0,0,0,0,0,0,0,0,0,0,1,0,0,0,0,0,1,0,0,1,0,0,0,0,1,1,0,0,0,1,0,0,0,0,0,0,0,0,0,0,0,1,0,0,0,0,0,0,0,1,0,0,0,0,0,1,0,1,0,1,0,0,0,0,1,0,1,0,1,1,1,1,0,1,1,1,0,0,1,1,0,0,0,0,1,0,0,0,0,1,0,0,0,0,0,0,0,0,0,0,1,0,0,0,0,0,0,0,0,0,0,1,0,0,0,1,1,1,0,0,0,1,0,0,1,0,0,0,0,0,0,1,0,0,1,0,0,0,0,0,0,1,0,1,0,1,0,1,0,0,0,0,0,0,0,0,0,0,0,0,0,0,0,0,1,0,0,0,0,0,0,0,0,0,0,0,0,0,0
8c46b8e9-c48f-51ed-989b-0c09871f3ccc,759f81af-9cdf-59b3-928e-dc2445e8ac3e,Lamu Cassava Farm #0274,Coastal Lowlands,Lamu,Cassava,8.25,-3.749036,39.886573,15,True,Transitioning Agribusiness,1,11.88,3,Structured Farm,0.64,0.48,0.36,0.68,0.44,0.56,0.36,0.44,1,1,1,1,0,1,1,0,1,0,1,1,0,0,1,1,1,0,0,0,1,0,1,1,1,1,0,0,0,1,1,1,1,1,1,0,1,1,0,0,1,1,0,0,0,0,1,0,0,0,0,1,0,0,0,0,1,1,0,0,1,1,1,0,0,1,0,0,0,0,1,0,0,1,0,1,0,1,0,1,1,0,1,1,1,1,1,0,1,0,1,1,0,1,0,1,0,1,1,1,0,0,0,0,0,1,1,0,0,0,1,1,0,0,0,1,0,1,1,1,1,1,1,0,0,1,0,0,0,0,1,1,1,0,0,1,0,1,0,1,1,1,1,0,0,1,1,1,1,0,1,1,1,0,0,1,1,0,0,0,0,1,0,0,0,0,0,0,0,0,1,0,1,1,0,1,0,1,0,0,1,1,1,0,0,0,0,0,0,0,1,1,1,1,0,1,1,0,0,0
43566b71-1403-5d14-8a0b-b04fee8e8df9,90edd55f-b407-5c24-af21-39cead568bd0,Kitui Sorghum Farm #0275,Eastern Semi-Arid,Kitui,Sorghum,8.07,-1.61075,37.579387,22,True,Transitioning Agribusiness,1,11.64,3,Structured Farm,0.48,0.52,0.44,0.68,0.56,0.52,0.44,0.24,1,0,1,0,0,1,0,1,0,1,1,0,0,0,0,1,1,0,1,1,1,0,0,1,0,1,1,1,0,1,1,1,1,0,0,1,0,1,1,1,1,0,0,0,0,0,0,1,0,0,1,1,0,0,0,1,1,0,0,0,1,1,0,0,0,1,1,0,0,1,1,1,0,0,0,1,1,1,0,1,1,1,1,1,0,1,0,1,1,0,1,1,1,0,0,1,1,0,1,0,1,1,1,0,0,1,1,0,0,1,1,0,1,1,0,1,1,1,0,0,1,0,0,0,1,1,0,0,0,0,1,1,1,1,0,1,0,1,1,0,1,1,1,1,0,0,0,0,1,0,0,1,0,0,0,1,1,0,1,0,1,0,0,1,0,0,1,0,1,0,1,1,1,0,0,1,0,1,0,0,1,0,0,0,0,1,0,0,0,0,0,0,1,0,0,1,0,0,0,0
a7e16839-9d12-5ada-9831-98d59a4359b1,a7db4357-c855-5633-81e4-ed7247635075,Lamu Cashew Farm #0276,Coastal Lowlands,Lamu,Cashew,4.04,-2.599966,38.82295,9,True,Informal Smallholder,0,6.0,2,Emerging Agribusiness,0.08,0.2,0.24,0.64,0.08,0.28,0.36,0.12,1,0,0,0,0,1,0,0,0,0,0,0,0,0,0,0,0,0,0,0,0,0,0,0,0,0,0,0,0,0,1,0,1,0,0,0,0,0,0,0,1,0,0,0,0,1,1,0,0,0,1,1,0,0,0,1,0,0,0,0,0,1,0,0,0,0,0,0,0,0,1,1,0,0,0,1,1,0,1,0,1,0,1,0,0,1,1,1,1,1,1,0,1,1,0,1,0,1,1,0,0,0,0,0,0,1,0,0,0,0,0,0,1,0,0,0,0,0,0,0,0,0,0,0,0,0,1,0,0,0,0,1,0,0,0,1,0,0,0,0,1,0,0,1,0,0,1,0,0,1,0,1,1,0,0,1,1,0,1,1,1,0,0,0,0,0,1,1,0,0,0,0,0,0,0,0,0,0,0,0,0,0,1,0,0,0,0,0,1,0,0,0,0,0,0,0,1,0,0,0
b6e5f0f0-93c4-570c-b065-745faebeb97d,18e0ff07-e127-5962-b3a5-1b25380e53b7,Murang'a Tea Farm #0277,Central Highlands,Murang'a,Tea,0.5,-0.553348,37.519174,10,False,Informal Smallholder,0,6.24,2,Emerging Agribusiness,0.24,0.16,0.2,0.6,0.16,0.44,0.16,0.12,1,0,0,0,0,1,1,0,0,0,0,0,1,0,0,1,1,0,0,0,0,0,0,0,0,0,0,0,0,1,0,0,0,0,0,0,1,0,0,0,0,0,0,0,1,1,0,0,0,0,1,0,1,0,0,0,0,0,0,0,0,0,0,0,0,0,0,1,0,0,1,0,1,0,0,1,1,0,1,0,1,1,0,0,0,0,1,0,0,1,1,1,1,1,0,1,1,1,0,1,0,0,0,0,0,1,0,0,0,0,0,1,0,0,0,0,0,0,0,0,0,1,1,0,0,1,0,1,0,0,1,1,1,0,0,1,1,1,0,0,1,0,1,0,0,1,0,0,0,0,1,0,0,0,0,1,0,0,0,0,1,0,0,0,0,1,0,0,0,0,0,0,0,0,0,0,0,0,0,0,1,0,1,0,0,0,0,0,0,0,0,0,0,1,0,0,0,0,0,0
1d149bd0-7ebc-5db4-bfd4-98230b2586f3,80e3ae1d-5a4a-5b71-98f7-42ecdafc2252,Makueni Mangoes Farm #0278,Eastern Semi-Arid,Makueni,Mangoes,1.5,-2.139302,37.639856,2,True,Transitioning Agribusiness,1,12.24,3,Structured Farm,0.44,0.56,0.6,0.64,0.48,0.4,0.6,0.36,0,1,0,1,0,1,0,1,0,0,1,0,0,0,0,1,1,1,0,0,1,1,0,0,1,1,1,1,0,0,1,1,1,1,0,1,1,1,0,0,1,1,0,0,0,0,1,1,0,0,1,1,0,1,1,1,1,1,1,0,1,1,0,0,0,1,1,0,0,0,1,1,0,0,1,1,1,1,0,0,0,1,1,0,1,0,1,0,1,0,0,1,0,1,1,1,1,1,1,1,1,1,0,0,0,0,1,0,0,0,1,1,0,0,0,1,1,1,1,0,1,0,1,0,1,0,0,0,0,0,1,0,1,0,0,0,1,0,1,1,1,1,0,1,0,1,1,0,0,0,1,1,1,0,0,1,1,1,0,0,1,1,0,0,1,0,1,1,1,0,1,1,0,1,0,0,1,0,0,0,1,1,1,0,0,0,1,0,1,0,1,0,1,0,0,1,0,0,0,0
6d4e672f-6c9c-5b08-976c-241670b24c3a,55fa19bf-23b5-5eec-ba7a-4e70d67cbda7,Busia Dairy Farm #0279,Western Kenya,Busia,Dairy,14.07,0.556161,34.3516,1,True,Commercial Market Leader,2,20.28,5,Future Ready Farm,0.92,0.84,0.92,0.84,0.84,0.76,0.8,0.84,1,1,1,1,1,1,1,1,1,1,1,0,1,1,1,1,1,0,1,1,1,1,1,1,1,0,1,1,1,1,0,1,1,1,1,1,0,1,1,1,1,1,1,1,1,1,1,1,1,0,1,0,1,1,1,1,1,1,1,1,1,1,1,1,0,1,1,1,1,1,1,1,1,1,1,1,1,0,1,1,1,1,1,1,1,1,1,1,1,1,0,1,1,0,1,0,1,1,1,1,1,1,1,1,0,1,1,1,1,1,1,1,1,1,0,1,0,1,1,0,1,1,1,1,1,0,1,1,1,0,1,1,0,0,1,1,1,1,1,1,1,1,1,0,1,1,1,1,1,0,1,1,1,1,1,1,1,0,0,1,0,1,1,1,0,1,1,1,1,0,1,1,1,1,1,1,1,1,1,1,1,1,0,1,1,1,1,0,1,1,1,1,1,1,1,1,1,1,0,0
47a32f35-3408-5e83-adac-f15774ffb695,67ad044c-f795-54a2-8aae-db10224019f8,Tharaka Nithi Cowpeas Farm #0280,Eastern Semi-Arid,Tharaka Nithi,Cowpeas,16.79,-1.865645,38.527623,6,True,Commercial Market Leader,2,20.16,5,Future Ready Farm,0.92,0.76,0.88,0.8,0.8,0.84,0.92,0.8,1,1,1,0,1,1,1,1,1,1,1,1,1,1,1,1,1,1,1,1,1,1,0,1,1,1,1,1,1,1,1,1,0,0,1,1,1,1,1,0,1,1,1,0,1,1,1,0,1,0,1,1,1,1,1,1,1,0,1,1,1,1,1,1,1,1,1,1,1,0,1,1,1,1,0,1,1,1,1,0,1,1,1,1,0,1,1,0,1,0,1,1,1,1,1,1,1,1,1,0,1,1,1,0,1,1,1,1,1,1,1,1,1,0,0,1,0,1,1,1,1,0,1,1,1,1,1,1,1,1,1,1,1,0,0,1,1,1,1,1,1,1,1,1,0,1,1,1,1,0,1,1,1,1,1,1,1,1,1,1,1,1,0,1,0,1,1,1,1,1,1,1,1,1,1,1,1,1,0,1,1,1,1,1,1,1,1,1,1,0,1,1,1,1,0,1,0,1,1,0
90288ab7-2d16-5925-9606-9f773d08e7d1,94c3201c-a826-5ab2-a959-75d010c40c38,Embu Dairy Farm #0281,Central Highlands,Embu,Dairy,3.92,-0.74661,36.951029,5,False,Informal Smallholder,0,5.16,2,Emerging Agribusiness,0.24,0.12,0.12,0.44,0.04,0.52,0.08,0.16,0,0,1,1,0,0,0,0,0,0,1,0,1,0,0,0,1,0,0,0,1,0,0,0,0,0,0,0,0,0,1,0,0,0,0,0,1,0,0,0,0,1,0,0,0,0,0,0,0,0,1,0,0,0,0,0,0,0,0,0,1,0,0,0,0,0,0,0,0,1,0,0,0,0,0,1,0,0,0,1,0,0,0,0,0,1,1,1,0,0,0,1,0,1,0,1,1,1,0,1,0,0,0,0,0,0,0,0,0,0,0,0,0,0,0,0,0,0,0,1,0,0,0,0,0,1,0,0,1,1,0,0,1,1,0,1,0,1,0,0,1,0,1,0,0,1,1,1,1,0,0,0,0,0,0,0,0,0,1,0,0,0,0,0,0,0,1,0,0,0,0,0,0,0,0,0,0,0,0,0,0,0,1,0,0,0,0,0,0,0,0,0,0,0,0,1,0,1,1,0
36ec2546-2ee7-5781-afba-572ac88d8d5f,b5c4959b-7fce-5bc1-b516-9a2c49898e1a,Kitui Mangoes Farm #0282,Eastern Semi-Arid,Kitui,Mangoes,2.47,-0.046211,38.646774,1,False,Informal Smallholder,0,6.48,2,Emerging Agribusiness,0.24,0.28,0.24,0.72,0.04,0.32,0.2,0.12,0,0,0,1,0,0,0,0,1,0,1,0,1,1,0,0,0,0,0,0,0,1,0,0,0,1,0,0,0,0,1,0,0,0,0,1,0,0,1,0,0,0,0,1,0,1,0,1,0,0,0,0,0,0,0,0,0,0,0,0,1,0,1,1,0,1,1,0,0,0,1,0,0,0,0,1,1,1,1,1,0,0,1,1,0,1,0,1,1,0,1,1,1,1,0,1,1,1,0,1,0,0,0,0,0,0,0,0,0,0,0,0,0,0,0,0,0,1,0,0,0,0,0,0,0,1,1,0,0,0,1,0,0,0,0,1,1,0,0,0,0,0,0,0,0,0,1,1,1,0,0,0,1,0,0,0,0,1,0,0,1,0,1,1,0,0,0,0,0,0,0,0,0,0,0,0,1,0,0,0,0,0,0,0,0,0,0,0,0,0,1,1,0,0,0,0,0,0,0,0
05ac455f-0293-5036-abf9-62cd4d8cb163,78d0a400-abad-548f-b558-e88a36b460b9,Bungoma Horticulture Farm #0283,Western Kenya,Bungoma,Horticulture,2.22,0.701075,34.426719,4,False,Informal Smallholder,0,5.88,2,Emerging Agribusiness,0.24,0.2,0.2,0.56,0.24,0.28,0.16,0.08,0,0,0,0,0,1,0,0,0,0,1,1,0,0,0,0,1,0,0,0,1,0,0,1,0,0,1,1,0,0,0,0,0,0,0,0,0,0,0,0,0,1,0,0,0,1,1,0,0,0,0,1,0,0,0,0,0,0,0,0,0,0,0,0,0,1,1,1,0,0,0,1,0,0,0,1,1,1,0,0,1,1,0,1,0,1,1,1,1,0,0,1,0,1,0,1,1,0,0,0,1,0,0,0,0,1,1,0,0,0,0,0,0,1,0,0,0,1,0,0,1,0,0,0,0,1,1,1,0,0,0,1,1,0,0,0,0,0,0,0,0,0,0,0,0,0,1,1,0,0,0,0,1,0,0,1,0,0,0,0,1,0,0,0,0,1,0,0,0,0,0,0,0,0,0,0,1,0,1,0,0,0,0,0,0,0,0,0,0,0,0,0,0,0,0,0,0,0,0,0
00522069-f004-589a-af25-e8612a19b06d,b0f3b7c3-a542-5364-8955-4935ed4db19e,Busia Cassava Farm #0284,Western Kenya,Busia,Cassava,3.01,1.053608,34.607939,4,False,Informal Smallholder,0,6.84,2,Emerging Agribusiness,0.28,0.24,0.36,0.56,0.2,0.28,0.32,0.04,0,0,0,1,0,0,0,0,0,0,0,0,0,1,0,0,1,1,0,1,1,0,0,1,0,0,0,0,0,0,1,0,1,0,0,1,0,0,0,0,1,0,0,0,0,1,1,0,0,0,1,1,0,0,0,0,1,0,1,0,1,0,0,0,0,0,1,1,0,0,1,0,1,0,0,1,1,1,0,0,1,1,1,0,1,1,1,0,0,0,1,1,1,0,0,1,0,0,1,0,0,0,1,0,0,0,0,0,1,0,0,1,0,1,1,0,0,0,0,0,0,0,0,0,0,1,1,0,0,0,1,0,0,0,0,1,0,0,1,0,1,0,0,0,0,1,0,0,0,0,0,1,0,0,1,0,0,0,0,0,1,0,0,0,1,1,1,0,0,0,1,0,0,0,1,0,0,0,0,0,0,0,1,0,0,0,0,0,0,0,0,0,0,0,0,0,0,0,0,0
98d45d9d-ab60-575d-9750-5622dd82dcb5,6c85478b-9e07-5fd4-be87-10f043140a94,Tharaka Nithi Sorghum Farm #0285,Eastern Semi-Arid,Tharaka Nithi,Sorghum,6.9,-0.876083,37.436669,8,True,Transitioning Agribusiness,1,11.52,3,Structured Farm,0.4,0.48,0.4,0.72,0.64,0.56,0.32,0.32,1,0,0,1,0,1,1,0,0,0,0,1,0,0,0,1,0,1,0,0,0,0,1,1,1,1,1,1,0,0,1,0,1,0,0,1,1,0,0,0,0,1,0,0,0,1,1,1,0,1,1,1,0,0,0,1,1,1,0,0,1,1,1,0,0,1,0,0,0,0,0,0,1,0,0,1,1,1,0,0,1,1,0,1,1,1,1,0,0,1,1,1,1,1,0,1,1,1,1,0,1,0,1,1,1,0,1,1,1,0,1,1,1,0,0,1,1,1,0,0,1,1,1,0,0,1,1,1,1,0,1,1,0,1,0,1,1,1,0,0,1,1,1,0,0,0,0,0,0,1,1,1,1,1,0,1,1,0,1,0,0,0,0,0,0,0,0,0,0,0,0,0,1,0,0,0,1,0,0,0,0,1,0,0,0,0,1,1,1,0,0,1,0,0,0,1,1,0,0,0
315220a1-59ef-5743-b92d-5615811dcab3,3e1ed9be-6bf5-56c3-9742-c60c1ed23345,Tharaka Nithi Livestock Farm #0286,Eastern Semi-Arid,Tharaka Nithi,Livestock,4.15,-0.720031,38.775045,7,True,Informal Smallholder,0,4.92,5,Future Ready Farm,0.2,0.2,0.16,0.44,0.12,0.28,0.12,0.12,1,0,1,0,0,0,0,0,0,0,0,0,0,0,0,0,1,0,0,0,1,0,0,0,1,0,0,0,0,0,0,0,1,0,0,1,0,0,1,0,0,0,0,0,0,1,1,0,0,0,1,0,1,0,0,1,0,0,0,0,0,0,0,0,0,0,0,0,0,0,1,0,0,0,0,1,0,1,0,0,1,0,1,1,0,1,1,1,0,0,1,0,0,0,0,1,0,0,1,0,1,1,0,0,0,0,0,0,0,0,0,0,0,0,0,0,0,1,0,0,0,0,0,0,0,0,1,0,0,0,0,1,0,0,1,1,0,0,0,0,0,0,0,1,0,0,1,1,0,0,0,0,0,0,0,1,1,0,0,0,0,1,0,0,0,0,0,0,0,0,0,0,0,0,0,0,0,0,0,0,0,0,0,1,0,1,0,0,0,0,1,0,0,0,0,0,0,0,0,0
4aa4c9bc-988e-5c75-9b10-32a728daa351,d071ecae-881e-5368-bc1b-9578efd05fdb,Kwale Cashew Farm #0287,Coastal Lowlands,Kwale,Cashew,1.69,-3.024962,39.249004,21,True,Informal Smallholder,0,5.52,2,Emerging Agribusiness,0.12,0.36,0.24,0.48,0.04,0.44,0.12,0.04,0,0,0,0,0,1,0,0,0,0,1,0,0,0,0,0,0,1,0,0,0,0,0,0,0,0,0,1,0,0,1,0,1,0,0,0,0,1,0,0,1,1,0,1,0,1,1,0,0,0,1,0,0,0,1,1,0,0,0,0,0,1,0,0,0,1,1,0,0,0,0,0,0,0,0,1,1,1,1,0,1,0,0,0,0,1,0,1,0,0,1,1,0,0,0,1,1,1,0,0,0,0,0,0,0,0,1,0,0,0,0,0,0,0,0,0,0,0,0,0,0,0,0,0,0,1,0,0,1,0,1,0,1,0,0,1,1,1,0,0,1,1,1,0,0,0,0,0,1,0,1,0,0,0,0,0,0,0,0,0,1,1,0,0,0,0,0,0,0,0,0,0,0,0,0,0,0,0,0,0,0,0,0,1,0,0,0,0,0,0,0,0,0,0,0,0,0,0,0,0
db37a900-52db-5ada-870d-b2f0944e663e,3dbd3225-a5ec-5c7f-a44b-fcee4091c9f3,Taita Taveta Cashew Farm #0288,Coastal Lowlands,Taita Taveta,Cashew,1.97,-3.674192,39.981506,2,False,Informal Smallholder,0,5.4,2,Emerging Agribusiness,0.04,0.16,0.2,0.52,0.2,0.32,0.2,0.16,0,0,0,0,0,0,0,0,0,0,0,0,0,0,0,0,0,0,0,0,1,0,0,0,0,0,1,0,0,0,1,0,1,0,0,0,0,0,0,0,0,0,1,0,0,0,0,0,0,0,1,0,0,0,0,0,1,0,0,0,0,1,0,1,0,0,0,0,0,0,0,1,0,0,0,1,1,0,1,0,0,1,1,1,0,1,1,1,1,0,1,1,0,0,0,0,0,0,0,1,1,0,0,0,0,0,0,0,0,0,1,0,0,0,0,0,1,0,0,1,0,1,0,0,0,0,1,0,0,1,1,0,0,1,0,1,1,0,0,0,0,1,1,0,0,0,0,0,0,0,0,0,0,0,0,1,0,0,0,0,0,0,1,0,0,1,0,1,0,0,0,0,0,1,0,0,0,0,0,0,0,0,0,0,0,0,0,0,1,0,1,0,0,0,0,1,0,1,0,0
4bbe86c5-1c76-5aeb-bb5b-4d6fb3395e7b,43953799-ad7e-5560-8818-d579f497465c,Nandi Potatoes Farm #0289,Rift Valley,Nandi,Potatoes,1.5,-1.0017,35.883487,13,True,Transitioning Agribusiness,1,12.24,3,Structured Farm,0.52,0.52,0.68,0.76,0.48,0.52,0.44,0.16,1,1,1,0,0,0,1,1,0,0,1,1,1,1,0,0,1,1,0,0,1,0,1,0,0,1,1,1,0,0,1,1,1,0,1,1,0,0,0,0,1,1,1,0,0,1,1,0,0,0,0,1,1,1,0,1,1,0,1,0,1,1,1,0,1,1,1,1,0,0,1,1,1,1,0,1,0,1,1,0,1,1,1,1,0,1,1,1,1,0,1,1,1,1,0,1,1,1,1,0,1,1,0,0,0,1,0,0,1,0,1,1,0,1,0,1,1,0,0,0,0,1,1,1,0,0,1,1,1,0,1,1,0,0,0,1,1,0,1,0,1,1,0,0,0,1,0,1,0,1,1,0,1,0,0,1,1,0,1,0,0,1,1,1,0,0,0,0,1,0,1,1,0,0,0,1,0,0,0,0,0,1,0,0,0,0,0,0,1,0,1,0,0,0,0,0,0,0,0,0
5fbb762b-94a0-5a3e-b1f3-b208407f8230,90e84781-6a4c-5a42-a9a2-6594cc561cae,Machakos Cowpeas Farm #0290,Eastern Semi-Arid,Machakos,Cowpeas,0.5,-1.449476,38.205604,13,False,Informal Smallholder,0,5.52,2,Emerging Agribusiness,0.12,0.2,0.16,0.52,0.2,0.32,0.28,0.04,0,0,0,0,0,1,0,0,1,0,0,0,0,0,0,0,1,0,0,0,0,0,0,0,0,1,0,0,0,0,0,0,0,0,0,0,1,0,0,0,1,0,0,0,0,1,1,0,0,0,0,0,0,0,0,1,0,0,0,0,0,0,0,0,1,0,0,0,0,1,1,0,0,0,0,1,0,0,1,0,1,0,0,0,0,1,1,1,1,0,1,1,0,0,1,1,1,1,0,0,0,0,0,0,0,0,0,0,0,1,1,0,0,0,0,1,0,1,0,0,1,0,0,0,0,0,1,0,0,0,0,1,0,0,1,0,0,0,0,0,1,1,0,0,0,1,1,0,1,0,0,1,0,0,1,1,0,1,0,0,0,0,0,0,0,0,1,1,0,0,1,0,0,0,0,0,0,0,0,0,0,0,0,0,0,0,0,0,0,0,0,0,0,0,0,1,0,0,0,0
f4b92775-3729-595d-9099-dd029f35dc09,ba323f80-befe-5ca6-84c9-e71368025f1d,Kirinyaga Dairy Farm #0291,Central Highlands,Kirinyaga,Dairy,5.93,-0.947423,36.686536,20,True,Transitioning Agribusiness,1,10.92,3,Structured Farm,0.2,0.44,0.44,0.68,0.52,0.56,0.48,0.32,0,0,0,0,0,0,1,0,0,0,0,1,0,0,0,1,0,0,0,0,0,1,0,1,0,1,1,1,0,0,0,1,0,0,0,1,1,0,0,0,1,0,0,0,1,1,1,1,0,0,1,0,0,0,0,1,1,0,0,0,1,0,1,0,0,1,1,0,1,1,1,0,0,1,0,1,0,1,0,1,1,1,1,0,0,1,0,1,0,1,1,1,1,1,0,1,1,1,0,1,1,1,1,0,1,1,1,1,1,0,0,1,0,1,0,1,1,0,0,0,0,1,0,0,0,1,1,1,1,0,1,0,0,0,0,0,1,1,0,0,1,1,0,1,1,1,1,0,1,0,1,1,0,0,0,1,0,1,0,0,1,0,0,1,0,1,1,0,1,1,1,0,1,0,0,1,0,1,0,0,1,0,1,0,0,1,0,1,0,0,1,1,0,0,0,0,0,0,0,0
e6040cee-1500-5c43-8636-f3a5447d3526,d7110e26-6f3f-5e24-8e10-52e9c508f072,Kilifi Cashew Farm #0292,Coastal Lowlands,Kilifi,Cashew,0.5,-2.674996,39.537951,19,True,Informal Smallholder,0,5.88,2,Emerging Agribusiness,0.12,0.24,0.24,0.56,0.2,0.28,0.2,0.12,1,0,0,0,0,0,0,0,0,0,0,0,0,0,0,1,0,0,0,1,0,0,0,0,0,0,0,0,0,0,0,1,0,0,0,0,0,0,1,1,1,0,1,0,0,0,0,1,0,0,1,0,0,0,0,0,0,1,0,0,0,1,0,1,0,1,0,0,0,0,0,1,0,0,0,0,0,0,1,0,1,1,1,1,0,0,1,0,1,1,1,1,0,0,0,1,1,1,1,0,1,1,0,0,0,0,0,0,0,0,0,1,1,0,0,0,1,0,0,0,0,0,0,0,0,0,0,0,0,0,0,1,0,0,0,1,0,0,0,0,1,1,0,0,1,1,0,1,0,0,0,0,1,0,0,0,0,0,0,0,0,1,0,0,0,1,1,0,0,0,0,0,0,1,0,1,0,0,0,0,0,0,0,0,0,1,0,0,0,0,0,1,0,0,0,0,0,0,0,0
a70f18ee-9f00-5786-a47e-3561c0ef5a37,c6aa4687-94f5-52f2-8dda-300ddd65398b,Vihiga Sugarcane Farm #0293,Western Kenya,Vihiga,Sugarcane,52.44,-0.100579,34.77769,11,True,Commercial Market Leader,2,19.2,4,Investment Ready Farm,0.84,0.8,0.84,0.88,0.76,0.84,0.76,0.68,1,1,1,1,1,1,1,1,0,1,1,1,1,0,0,1,1,0,1,1,1,1,1,1,1,1,1,1,1,1,1,1,1,1,0,1,0,1,0,1,1,0,1,1,1,1,1,1,1,0,1,1,1,0,1,1,1,0,0,1,1,1,1,1,1,1,1,1,1,1,1,1,1,1,0,1,1,0,1,1,1,0,1,1,1,1,1,1,0,1,1,1,1,1,1,1,1,1,1,1,1,1,0,1,1,1,1,1,0,0,1,1,1,0,1,1,1,1,1,1,1,0,1,1,0,1,0,1,0,1,1,1,1,1,1,1,1,1,1,0,0,1,1,1,1,1,1,1,1,1,1,0,1,1,1,1,0,1,1,1,1,1,1,0,1,1,1,1,0,0,1,1,0,1,1,1,1,0,0,0,1,1,0,1,0,1,1,1,1,0,1,1,1,0,0,1,1,1,1,1
71631cd4-b26d-5904-91f6-dd98321976ae,22e3c3d7-588a-5676-a132-26c941326f96,Bomet Dairy Farm #0294,Rift Valley,Bomet,Dairy,2.33,0.397498,36.267377,19,False,Informal Smallholder,0,6.36,2,Emerging Agribusiness,0.08,0.28,0.24,0.68,0.24,0.24,0.24,0.12,0,0,0,0,0,1,0,0,0,0,0,0,0,0,0,0,0,0,0,0,1,0,0,0,0,1,0,0,0,0,0,1,0,0,0,1,0,1,0,0,0,0,1,1,0,1,0,0,0,0,1,1,1,0,0,1,0,0,0,0,0,0,0,0,0,0,0,0,0,0,1,0,0,1,0,1,1,1,1,1,1,1,1,0,0,1,0,0,0,0,1,1,1,1,1,1,1,0,0,1,1,0,0,0,0,1,0,0,0,0,0,0,1,1,0,1,1,0,0,0,0,0,0,0,0,0,0,0,1,0,1,1,0,0,0,0,0,0,0,0,0,0,1,0,0,1,1,0,0,0,0,0,0,0,0,1,1,0,0,0,1,0,0,0,1,1,0,1,0,0,0,0,0,0,0,0,1,0,0,0,0,1,0,0,0,1,0,0,0,0,0,0,0,0,0,0,0,0,0,0
8597c8de-fe48-57e9-88ec-da5b2c09e50d,4fef9073-d12a-507b-a24f-d21d7a2ffec0,Kwale Cashew Farm #0295,Coastal Lowlands,Kwale,Cashew,4.56,-3.908454,39.825163,14,True,Transitioning Agribusiness,1,12.36,3,Structured Farm,0.24,0.4,0.68,0.68,0.64,0.64,0.56,0.28,0,0,1,0,0,0,0,0,0,0,1,1,1,0,0,1,0,0,0,0,0,1,0,0,0,0,1,1,0,0,1,1,0,0,0,1,0,1,0,0,0,0,0,0,0,1,1,0,1,1,1,1,1,0,0,1,1,1,1,0,1,0,1,0,1,1,1,1,1,0,1,1,0,1,0,1,1,1,1,0,1,1,0,1,0,1,0,0,1,0,1,1,1,1,0,1,1,1,1,0,1,1,1,0,1,1,0,0,0,0,1,1,1,1,1,1,1,1,0,0,1,0,0,1,1,1,1,1,1,0,1,1,0,0,0,1,1,1,0,0,1,1,1,1,0,1,1,1,0,0,1,0,1,0,1,1,1,1,0,0,1,1,0,0,1,1,0,1,1,0,0,0,1,1,0,0,0,0,0,0,1,0,0,0,0,1,0,1,0,0,0,1,0,0,0,1,0,1,1,0
16645bcb-96d6-5788-bac8-118a5ceabf11,ca5698d1-aab1-5699-99d3-5725233c4463,Makueni Cowpeas Farm #0296,Eastern Semi-Arid,Makueni,Cowpeas,29.03,-1.318966,37.831172,17,True,Commercial Market Leader,2,20.76,5,Future Ready Farm,0.84,0.88,0.96,0.64,0.88,0.92,0.92,0.88,1,1,1,1,1,1,1,1,1,0,1,0,1,1,1,1,1,1,0,1,1,1,1,1,0,1,1,1,1,0,1,1,0,0,1,1,1,1,1,1,1,1,1,1,1,1,1,1,1,1,1,1,1,0,1,1,1,1,1,1,1,1,1,1,1,1,1,1,1,1,1,1,1,1,1,0,1,1,0,0,1,1,1,1,1,1,0,1,0,1,1,1,0,0,1,1,1,0,0,1,1,1,1,0,1,1,1,1,1,0,1,1,1,1,1,1,1,1,1,0,1,1,1,1,1,1,1,1,1,1,1,1,1,1,1,1,1,1,1,1,1,1,1,0,1,1,1,1,1,0,1,1,1,1,1,1,1,1,1,0,1,1,1,1,1,1,1,1,1,1,1,1,1,1,0,1,1,1,1,0,1,0,1,1,1,1,1,1,1,1,1,1,1,1,1,1,1,0,1,1
e6eee381-e205-5d61-b3fc-3f44af871393,47d7233a-154d-5ae8-80e2-1d24d12812c0,Taita Taveta Cashew Farm #0297,Coastal Lowlands,Taita Taveta,Cashew,52.2,-3.526249,38.952099,4,True,Commercial Market Leader,2,19.8,4,Investment Ready Farm,0.76,0.88,0.92,0.8,0.8,0.76,0.8,0.88,1,1,1,1,1,1,1,0,1,1,1,0,0,1,0,1,1,1,0,0,1,1,1,1,1,1,1,1,0,1,1,1,1,1,1,1,1,1,1,0,1,1,0,1,1,1,1,1,1,1,1,1,1,1,1,1,1,1,1,1,1,1,1,1,1,1,1,1,1,0,1,1,1,0,1,1,1,1,1,0,1,1,0,1,1,1,1,1,1,0,0,1,1,1,0,1,1,1,1,1,1,1,1,1,0,1,1,1,0,1,1,1,1,1,0,1,1,1,1,0,1,1,1,0,1,1,1,0,1,0,1,1,0,1,0,1,1,1,1,0,1,1,0,1,1,1,1,1,1,1,1,0,1,1,1,1,1,1,1,0,0,1,1,0,1,1,1,1,1,1,1,1,1,1,0,1,0,1,1,1,1,1,1,1,1,1,1,1,0,1,1,1,1,1,0,1,1,1,1,1
e3af7cc8-0808-569c-9809-217e4223d89b,b02f8ec0-abe4-562c-92df-2c55b03d56f2,Vihiga Poultry Farm #0298,Western Kenya,Vihiga,Poultry,5.39,0.104775,35.091552,11,True,Transitioning Agribusiness,1,11.16,3,Structured Farm,0.44,0.6,0.52,0.48,0.4,0.44,0.48,0.36,0,1,0,0,0,1,1,0,0,0,1,1,0,1,0,1,1,0,0,1,1,1,0,0,0,1,0,1,1,0,1,0,0,1,0,1,0,1,1,0,1,1,1,0,0,1,1,1,0,1,1,1,1,0,0,1,0,1,0,1,1,1,0,0,0,1,1,0,0,1,1,0,0,1,0,1,0,1,0,1,0,1,0,1,0,1,1,1,1,0,1,0,0,0,0,1,0,0,0,1,1,0,0,1,0,1,1,0,0,0,0,1,0,0,0,1,1,0,0,1,0,0,1,1,0,1,1,0,1,0,1,1,0,0,0,1,0,0,0,0,1,0,0,0,0,1,1,1,1,0,1,1,1,1,0,1,0,1,1,0,1,0,0,0,0,1,1,0,0,0,1,0,0,1,0,1,0,0,1,1,1,1,0,0,0,1,0,0,0,0,0,0,1,0,0,1,1,0,0,0
b7c2971c-ae40-5903-ac07-03ff31a09ca4,c9195083-86ea-53ef-903e-db55ca65d18a,Kiambu Horticulture Farm #0299,Central Highlands,Kiambu,Horticulture,1.89,-0.44637,37.003142,11,True,Transitioning Agribusiness,1,12.24,3,Structured Farm,0.44,0.52,0.52,0.64,0.56,0.64,0.56,0.2,0,1,0,1,0,0,0,1,1,0,0,1,0,0,0,1,0,1,0,0,1,1,1,1,0,1,0,1,0,0,1,1,1,1,0,0,0,1,1,0,1,1,0,0,1,1,0,0,1,0,1,0,1,0,1,1,1,1,0,0,0,1,1,1,0,1,1,1,0,0,1,0,0,0,0,1,1,1,0,0,1,1,1,0,1,1,1,0,0,0,1,1,1,1,0,1,1,1,0,0,1,1,0,0,0,0,0,1,0,0,1,1,1,1,0,1,1,1,0,1,0,1,1,1,0,1,1,0,0,0,1,1,1,0,1,0,1,1,1,0,1,0,1,0,1,1,1,1,0,1,1,1,1,1,0,1,1,1,1,0,1,1,0,0,0,1,0,1,0,0,0,1,0,1,0,1,0,0,0,1,0,0,0,0,0,1,0,0,0,0,0,0,0,0,0,1,1,0,0,0
3fe7a0e2-75cf-5496-9553-11e08fbb01cd,6f833cc4-bd93-5c08-aa0f-597c90b940dd,Kakamega Horticulture Farm #0300,Western Kenya,Kakamega,Horticulture,1.5,0.190711,34.57327,18,True,Transitioning Agribusiness,1,11.52,3,Structured Farm,0.52,0.48,0.56,0.68,0.4,0.52,0.44,0.24,1,1,0,0,0,1,1,1,0,0,0,0,1,0,0,0,1,1,1,0,1,1,1,1,0,1,0,0,0,0,0,1,1,1,1,1,0,0,1,0,0,1,1,0,0,1,0,1,0,1,1,1,0,1,1,0,1,0,0,0,1,1,1,0,0,1,1,0,0,0,1,1,1,0,1,1,0,0,1,0,1,1,1,1,0,1,1,1,0,0,1,1,1,1,0,1,1,1,0,1,1,0,0,0,0,1,0,0,0,1,1,1,1,0,1,1,0,0,0,0,1,0,1,0,0,1,1,1,0,0,1,0,0,0,0,1,1,0,0,0,1,1,1,1,0,1,1,1,0,0,0,0,0,0,0,1,1,1,1,1,0,1,1,0,0,1,0,0,0,0,0,1,1,1,0,1,0,0,0,0,0,0,0,0,0,0,1,0,1,1,1,0,0,0,1,0,0,0,0,0
daaa53b1-ddfa-5ebf-b788-91853e446457,fffe4e81-2cb1-5484-b2c2-a77db62ca48d,Trans Nzoia Tea Farm #0301,Rift Valley,Trans Nzoia,Tea,3.48,1.103567,35.380489,5,True,Transitioning Agribusiness,1,12.84,3,Structured Farm,0.44,0.72,0.68,0.72,0.48,0.4,0.56,0.28,1,1,0,0,0,1,1,0,0,0,1,1,0,0,0,1,1,1,0,0,1,1,0,0,0,1,1,1,0,1,1,1,1,0,0,1,1,1,1,1,0,1,1,1,0,1,1,0,0,1,1,0,1,0,0,1,1,1,0,1,1,1,1,1,0,0,1,1,0,1,1,1,1,1,0,1,1,1,1,0,1,0,1,1,0,1,0,1,1,1,0,1,1,1,1,1,1,0,1,0,1,0,0,1,0,1,1,1,0,0,1,1,0,1,0,1,0,0,0,0,1,1,1,0,0,1,0,0,0,0,1,1,0,0,0,1,0,0,1,1,1,0,1,0,0,1,0,1,0,0,1,1,0,0,0,1,1,1,0,1,0,1,1,1,0,1,0,0,0,1,0,1,1,0,1,0,0,1,0,0,1,1,0,1,0,0,1,0,0,0,1,0,1,0,0,0,0,0,0,0
e91861a9-02ef-54e2-852f-07746ab5f6f1,e3421e7b-67a6-53da-835f-49927e56fe14,Tharaka Nithi Sorghum Farm #0302,Eastern Semi-Arid,Tharaka Nithi,Sorghum,2.2,-1.412067,37.872989,19,False,Informal Smallholder,0,6.24,2,Emerging Agribusiness,0.32,0.2,0.2,0.72,0.28,0.24,0.08,0.04,1,0,0,0,0,0,0,0,1,0,1,0,0,0,0,1,1,0,0,1,1,1,0,0,0,1,0,1,0,0,1,0,0,0,0,0,1,0,0,0,0,0,0,0,0,0,1,0,0,0,1,1,0,0,0,0,1,0,0,0,0,1,0,0,0,1,0,0,0,0,0,0,0,0,0,1,0,1,1,0,1,1,1,1,0,0,1,0,1,0,1,1,1,1,1,1,1,0,1,1,1,0,1,0,0,1,0,1,0,0,0,0,0,0,0,1,0,1,0,0,0,0,1,0,0,0,1,0,1,0,0,0,1,0,0,0,0,0,1,1,1,0,0,0,0,0,0,0,0,0,1,0,0,0,0,0,0,0,0,0,0,0,0,0,0,0,0,0,0,0,0,1,0,0,0,0,0,0,0,0,0,0,0,0,0,0,0,0,0,1,0,0,0,0,0,0,0,0,0,0
48e6ebdd-121a-562b-b078-d65316b18849,8e00d057-a768-5fb7-b57c-786e72f32fea,Kitui Livestock Farm #0303,Eastern Semi-Arid,Kitui,Livestock,13.12,-0.730049,37.436805,8,True,Transitioning Agribusiness,1,11.4,3,Structured Farm,0.48,0.32,0.6,0.64,0.4,0.52,0.48,0.36,0,1,1,0,0,1,0,1,0,0,1,0,0,0,0,1,1,1,0,0,1,1,1,1,0,1,0,1,0,0,0,0,0,0,0,0,1,0,1,0,1,1,0,0,0,1,0,1,0,0,1,1,1,0,0,1,1,1,0,0,1,0,0,1,0,1,1,1,0,0,1,1,1,0,1,1,1,0,0,0,1,1,1,1,0,1,1,1,0,1,1,1,1,0,1,0,1,1,0,0,0,1,1,1,0,0,0,0,0,0,0,1,1,1,0,0,1,0,0,0,1,1,1,0,0,0,1,0,1,0,1,0,0,1,0,0,1,1,0,1,1,1,1,1,0,1,1,0,0,0,1,1,1,0,0,1,1,1,0,0,1,1,0,0,0,1,0,1,0,0,1,1,0,0,0,1,1,0,0,0,1,1,1,1,0,0,0,1,0,0,0,0,1,0,0,0,0,1,0,0
2d80bec9-6f45-531c-96f4-e5f8789d9d88,91a5515c-3e4a-58c5-97e7-da3a47183431,Kiambu Avocado Farm #0304,Central Highlands,Kiambu,Avocado,6.2,-0.662525,37.034392,5,False,Transitioning Agribusiness,1,11.52,3,Structured Farm,0.44,0.4,0.56,0.6,0.56,0.64,0.48,0.16,1,0,1,0,0,1,1,1,0,0,0,1,1,0,0,0,0,0,1,0,1,1,0,1,0,1,1,0,0,0,1,0,0,1,0,1,1,0,0,1,1,0,0,0,0,1,1,0,0,0,1,1,0,1,0,1,1,0,1,0,1,1,1,0,0,1,0,1,0,0,1,0,1,1,0,1,0,1,0,0,1,0,1,0,1,1,0,1,1,1,1,1,1,1,0,1,1,0,0,0,1,0,0,0,1,1,1,0,0,0,1,1,0,1,1,1,1,1,0,0,0,1,1,1,0,1,1,1,0,1,1,1,1,1,0,1,1,0,0,0,1,1,1,0,0,1,1,0,0,1,1,0,0,0,0,1,1,1,0,0,1,0,0,0,0,1,0,1,1,0,1,1,1,1,0,1,0,0,0,0,0,0,0,0,0,1,0,0,0,0,0,0,1,0,0,0,1,0,0,0
8b9634b2-6035-515f-b470-71c3e56db02b,c396e498-7ec1-5d84-b087-0fa2cc426cfe,Murang'a Horticulture Farm #0305,Central Highlands,Murang'a,Horticulture,22.46,0.149253,36.610889,11,True,Commercial Market Leader,2,19.92,4,Investment Ready Farm,0.76,0.72,0.88,0.8,0.88,0.96,0.88,0.76,1,1,1,1,1,1,1,1,1,1,1,0,1,0,0,1,1,1,1,0,1,1,0,1,0,1,1,1,0,1,1,1,1,1,1,1,1,1,0,0,1,1,1,1,0,0,1,1,0,0,1,1,0,1,1,1,1,0,1,1,1,1,1,1,0,1,1,1,1,1,1,1,1,1,1,1,1,0,1,0,1,1,0,1,1,1,1,1,1,0,1,1,0,1,1,1,1,1,1,1,1,1,1,1,1,1,1,1,1,0,1,1,1,1,1,1,1,1,1,0,1,1,1,1,0,1,1,1,1,0,1,1,1,1,1,1,1,1,1,1,1,1,1,1,1,1,1,1,1,1,1,1,0,1,1,1,1,1,1,1,1,1,1,1,1,1,1,1,1,0,1,1,1,0,1,1,1,1,1,0,1,1,1,1,0,1,1,1,0,0,1,1,1,0,0,1,1,1,1,1
ae907f24-f776-5eb4-8129-c974983718b4,b6ca571c-930b-55ce-8fb1-e85a0df29e5b,Kilifi Cassava Farm #0306,Coastal Lowlands,Kilifi,Cassava,2.58,-2.431786,40.488412,11,True,Informal Smallholder,0,5.52,2,Emerging Agribusiness,0.12,0.12,0.2,0.64,0.2,0.24,0.28,0.04,0,0,0,0,1,1,0,0,0,0,0,0,0,0,0,0,0,0,1,0,0,0,0,0,0,0,0,0,0,0,0,1,0,0,0,0,0,0,0,0,0,1,0,0,0,0,0,1,0,0,0,0,0,0,0,0,1,0,0,1,1,1,0,0,0,0,1,0,0,0,0,0,0,0,0,1,1,0,0,0,1,1,0,0,1,0,1,1,1,0,1,1,1,1,0,1,1,1,1,0,1,1,0,0,0,0,0,0,0,1,0,0,0,0,0,1,1,0,0,0,0,0,0,0,0,0,0,0,0,1,0,0,0,0,0,0,0,1,0,0,0,0,1,0,0,1,1,0,1,0,0,0,0,0,0,1,1,0,0,0,0,1,1,1,0,1,0,0,0,0,0,0,1,0,0,0,0,0,0,0,0,0,0,1,0,0,0,0,0,0,0,0,0,0,0,0,0,0,0,0
14dd0915-d367-5c4a-9ff0-d8009d00ce80,a83b4e8d-87a8-50a5-9094-40212b9a43ec,Makueni Pigeon Peas Farm #0307,Eastern Semi-Arid,Makueni,Pigeon Peas,0.5,-0.998662,38.671168,15,False,Informal Smallholder,0,4.92,5,Future Ready Farm,0.12,0.2,0.24,0.4,0.16,0.32,0.16,0.04,0,0,0,0,0,0,0,0,1,0,0,0,0,0,0,0,0,0,0,0,0,1,0,1,0,0,1,0,0,0,1,1,0,0,0,0,0,0,0,0,0,1,0,0,0,0,1,0,0,0,0,0,0,0,0,1,0,1,0,0,0,0,1,0,0,0,0,1,0,0,0,1,1,0,0,1,1,0,0,0,1,0,0,0,1,0,0,1,1,0,1,1,0,0,0,1,1,0,0,0,0,0,0,0,0,0,1,0,0,0,1,1,0,0,0,0,1,0,0,0,0,0,0,0,0,1,1,0,1,0,0,1,0,0,1,1,0,0,0,0,1,0,0,0,0,0,1,0,0,0,1,0,0,0,0,0,0,0,0,0,1,0,0,0,0,1,0,0,0,0,1,0,0,0,0,0,0,0,0,0,0,0,0,0,0,0,0,0,0,0,0,0,0,0,0,0,1,0,0,0
30a07758-24e4-5569-a800-6db8f20db113,bbb2ec3c-6e69-5c42-831b-fb2ae1655ff7,Tharaka Nithi Green Grams Farm #0308,Eastern Semi-Arid,Tharaka Nithi,Green Grams,1.5,-0.053938,38.655568,8,True,Transitioning Agribusiness,1,12.96,3,Structured Farm,0.56,0.36,0.64,0.84,0.6,0.52,0.56,0.24,1,1,1,0,0,0,1,0,1,1,1,1,0,0,0,1,1,1,0,0,1,1,0,0,1,1,0,1,0,0,0,1,0,0,0,1,1,1,0,0,1,1,0,1,0,0,0,0,0,0,1,1,0,0,0,1,1,1,0,1,1,1,0,1,1,1,1,1,0,0,1,0,0,1,1,1,1,1,1,0,1,1,1,1,1,1,1,1,0,1,1,1,1,0,1,1,1,1,1,0,1,1,1,1,0,0,1,1,1,0,1,0,1,1,0,0,0,0,1,0,1,1,0,1,1,1,1,0,1,0,0,1,1,1,0,1,1,1,0,0,1,0,1,0,0,1,1,0,0,0,1,1,0,1,1,1,1,0,1,0,1,0,1,0,0,1,1,0,0,0,1,1,1,0,0,1,0,0,0,1,1,0,0,0,0,0,0,0,0,0,1,0,0,1,0,0,1,0,0,0
b4746351-d91a-5abe-a2cc-71d918151a99,b998b99d-2b8c-5b98-a4a7-64271b8b90f1,Kisumu Dairy Farm #0309,Western Kenya,Kisumu,Dairy,1.45,0.677533,34.2102,21,True,Informal Smallholder,0,6.24,2,Emerging Agribusiness,0.32,0.2,0.32,0.56,0.08,0.28,0.24,0.08,1,0,0,0,0,1,0,0,0,0,1,1,0,0,0,1,0,1,0,1,0,0,0,1,0,1,0,0,0,0,0,1,0,0,0,1,0,0,0,0,1,0,0,0,0,0,0,0,0,1,1,0,0,0,0,1,1,1,0,0,0,0,1,0,0,1,0,0,1,0,0,1,0,0,0,1,0,1,0,0,1,0,0,0,1,1,1,0,0,0,1,1,1,1,0,1,1,1,1,0,1,0,1,0,0,0,0,0,0,0,0,0,0,0,0,0,0,0,0,0,0,0,0,0,0,0,0,0,0,0,0,1,0,0,0,1,0,1,0,0,0,0,1,1,0,1,1,0,0,0,0,0,0,0,0,1,0,0,0,0,1,0,1,0,0,1,1,0,0,0,0,1,0,0,0,0,0,0,0,0,0,1,0,1,0,0,0,0,0,0,0,0,0,0,0,0,0,0,0,0
ea077e24-32a9-5dbf-809c-def3771e4850,4afd9a8f-bc0f-578f-8fe3-9580d449ab1e,Bomet Maize Farm #0310,Rift Valley,Bomet,Maize,3.37,0.214079,35.423658,15,True,Informal Smallholder,0,6.96,2,Emerging Agribusiness,0.2,0.24,0.24,0.6,0.2,0.36,0.28,0.2,1,0,0,0,0,0,0,1,0,0,0,0,0,0,0,1,1,0,0,0,1,0,0,0,0,1,0,0,0,0,1,0,0,0,1,1,1,0,0,0,1,0,0,0,0,0,0,0,0,0,0,0,0,0,0,0,1,0,1,0,0,1,0,0,0,1,0,0,0,0,1,0,0,1,0,0,1,1,0,0,1,0,1,0,0,1,1,1,0,1,1,1,1,1,0,0,1,1,0,1,0,0,1,0,0,1,0,0,0,1,0,0,0,0,0,0,0,1,0,1,0,0,0,0,0,0,1,1,0,0,1,0,0,0,0,1,1,0,0,0,1,1,0,1,0,1,0,0,0,0,1,1,1,0,0,1,0,0,0,0,1,0,0,1,0,0,0,0,1,0,0,0,0,0,0,1,0,0,0,0,0,0,0,0,0,0,1,1,0,0,1,0,0,0,0,1,0,0,0,0
3bed6ebe-6b17-51c5-9ea1-6857680a6140,99f19bb0-4b95-5194-8c4e-185817584361,Vihiga Maize Farm #0311,Western Kenya,Vihiga,Maize,1.58,0.854878,34.362676,18,False,Informal Smallholder,0,6.0,2,Emerging Agribusiness,0.24,0.16,0.24,0.48,0.24,0.32,0.16,0.16,0,0,0,0,0,0,0,0,0,0,0,0,0,0,0,1,1,1,0,1,1,0,1,0,0,0,0,0,0,0,0,1,0,0,0,1,0,1,0,0,1,0,0,0,0,0,0,0,0,0,0,0,0,1,0,0,0,0,0,0,1,0,0,0,0,1,1,0,1,0,1,0,0,0,0,1,0,0,1,0,1,1,0,1,0,1,0,1,1,0,0,1,1,0,0,1,1,0,0,0,1,1,0,0,0,0,1,1,0,0,1,0,0,0,0,0,1,0,0,0,0,0,0,0,0,0,0,1,0,0,1,0,0,0,0,1,0,0,1,0,1,1,0,0,0,1,1,0,0,0,0,0,0,0,0,1,0,0,1,0,0,0,0,1,0,1,0,0,0,0,0,0,0,0,0,1,0,0,0,0,0,0,0,0,0,1,0,0,0,0,0,0,0,0,0,0,0,1,0,1
600233c2-3265-543e-996e-3fd21020af1d,710b2854-ec5e-5628-b759-032846f1ef63,Vihiga Maize Farm #0312,Western Kenya,Vihiga,Maize,1.45,1.147784,34.844161,13,False,Informal Smallholder,0,5.04,2,Emerging Agribusiness,0.36,0.16,0.12,0.56,0.04,0.24,0.16,0.04,1,1,0,0,0,0,1,0,0,0,0,1,0,0,0,1,1,1,0,1,0,0,0,1,0,0,0,0,0,0,1,0,0,0,0,0,1,1,0,0,0,0,1,0,0,0,0,0,0,0,0,0,0,0,0,0,0,1,0,0,0,0,1,0,0,1,0,0,0,0,0,0,0,0,0,1,1,1,1,0,1,0,1,1,1,1,1,0,0,1,0,0,1,0,0,1,0,1,0,0,0,0,0,0,0,0,0,0,0,0,0,0,0,0,0,0,0,0,0,0,0,1,0,0,0,1,0,1,0,0,1,0,0,0,0,1,0,0,0,0,1,0,0,0,0,1,0,0,0,0,0,0,0,0,0,1,0,0,0,0,0,1,0,0,0,1,0,0,1,0,0,0,0,0,0,0,0,0,0,0,0,0,0,0,0,0,0,0,0,0,1,0,0,0,0,0,0,0,0,0
fc63bede-3019-56f2-8680-5b52ad210d50,de26b97a-06ec-509e-99e4-b50bf87b0429,Machakos Cowpeas Farm #0313,Eastern Semi-Arid,Machakos,Cowpeas,0.95,-1.828248,38.140543,14,True,Informal Smallholder,0,5.16,2,Emerging Agribusiness,0.28,0.2,0.16,0.52,0.08,0.24,0.12,0.12,0,0,0,0,0,0,0,1,0,0,1,1,0,0,0,0,1,0,0,0,1,1,0,0,1,0,0,0,0,0,0,1,0,0,0,1,0,1,0,0,1,0,0,0,0,1,0,0,0,0,0,0,0,0,0,0,0,0,0,0,0,0,0,1,0,0,0,0,0,0,0,1,1,1,0,1,1,1,0,0,1,0,0,1,1,1,0,1,0,1,1,0,1,1,0,0,1,0,0,0,1,1,0,0,0,0,0,0,0,0,0,0,0,0,0,0,0,0,0,0,0,0,0,0,0,1,0,1,1,0,0,1,1,0,0,0,0,0,0,0,0,0,0,0,0,0,1,0,0,0,1,1,0,1,0,0,0,0,0,0,0,0,0,0,0,0,0,0,0,0,0,0,0,0,0,0,0,0,0,0,0,0,0,0,1,1,0,0,0,0,1,0,0,0,0,0,0,0,0,0
f3697a94-6ea6-5f92-bf77-3878d8c011de,303447d5-2aef-59c9-a101-52b88d68cbfb,Embu Dairy Farm #0314,Central Highlands,Embu,Dairy,5.08,-1.1621,37.55113,8,False,Informal Smallholder,0,6.24,2,Emerging Agribusiness,0.16,0.16,0.24,0.44,0.16,0.48,0.28,0.16,1,0,0,0,0,0,1,0,0,0,0,1,0,0,0,1,0,0,0,0,0,0,0,0,0,0,0,0,0,0,0,0,0,0,0,1,0,1,0,0,0,0,0,0,0,1,0,0,0,1,1,0,0,0,0,1,1,0,0,0,0,1,0,0,0,0,0,1,0,0,1,0,0,0,0,0,0,1,0,0,1,0,1,0,0,0,0,1,1,0,1,1,1,0,0,0,1,1,0,1,0,0,0,0,0,1,1,0,0,0,0,0,0,0,0,0,0,1,0,0,0,0,1,0,0,1,1,0,0,0,1,1,1,1,0,0,0,0,0,0,1,1,1,1,0,1,0,1,0,0,0,1,1,1,0,1,0,0,0,0,0,0,0,0,0,1,0,1,1,0,0,0,0,0,0,0,1,0,0,0,0,1,0,0,0,0,0,0,0,0,0,0,0,0,0,1,0,0,1,0
90180040-0985-5ed0-a6af-ca9a6c3cbef3,3ae3e1f8-d63a-5454-9163-19040c83f194,Nandi Wheat Farm #0315,Rift Valley,Nandi,Wheat,1.99,0.190895,36.221885,21,False,Informal Smallholder,0,5.88,2,Emerging Agribusiness,0.16,0.16,0.2,0.6,0.24,0.24,0.16,0.2,0,1,0,0,0,1,0,0,0,0,0,0,0,1,0,0,0,0,1,0,0,0,0,0,0,0,1,0,0,0,1,0,0,0,0,0,1,0,0,0,0,0,0,0,0,0,1,0,0,0,0,0,0,0,0,0,1,0,0,0,1,1,0,0,0,0,0,0,0,0,0,0,1,1,0,1,1,0,1,0,1,1,0,0,0,1,1,1,0,0,1,1,0,1,0,1,1,1,1,0,1,0,0,1,0,0,0,0,0,0,0,1,0,0,0,1,0,0,0,0,1,0,0,1,0,1,1,1,0,0,0,0,0,0,0,0,0,0,0,0,1,0,0,0,0,1,1,0,0,0,0,0,0,0,0,1,0,1,0,0,0,0,0,0,0,0,1,0,0,0,0,1,0,0,0,0,0,0,0,0,0,1,0,0,0,0,0,0,1,0,1,0,0,0,0,1,1,0,0,0
bcc33b6e-627f-519b-8801-822ed5cc9ce6,52bb89d4-e261-5463-beeb-88ef0ddc555c,Makueni Pigeon Peas Farm #0316,Eastern Semi-Arid,Makueni,Pigeon Peas,0.5,-1.432666,37.595418,14,False,Informal Smallholder,0,5.04,2,Emerging Agribusiness,0.08,0.08,0.24,0.8,0.08,0.2,0.08,0.12,0,0,0,0,0,0,0,0,0,0,0,0,0,0,0,0,1,0,0,0,0,0,1,0,0,0,1,0,0,0,0,0,1,0,0,0,0,0,0,0,0,0,0,0,0,0,0,0,0,0,0,0,1,1,0,0,0,0,1,1,0,0,0,0,0,0,0,0,0,0,1,1,0,0,0,1,1,1,1,0,1,1,0,1,1,1,1,1,0,0,1,1,1,1,1,1,1,1,1,0,0,0,1,0,0,0,0,0,0,0,0,1,0,0,0,0,0,0,0,0,0,0,0,0,0,0,0,0,0,0,1,0,0,0,0,1,1,0,0,0,0,1,0,0,0,1,0,0,0,0,0,0,0,0,0,0,0,0,0,0,0,0,1,0,0,1,0,0,0,0,0,0,0,0,0,0,0,0,0,1,0,0,0,1,0,0,1,0,0,0,0,0,0,0,0,0,0,0,0,0
61cbf967-ae55-5fe9-9c6f-277c8a610043,370c2deb-a943-5695-8d3d-413a8eb45d51,Lamu Vegetables Farm #0317,Coastal Lowlands,Lamu,Vegetables,4.14,-2.566351,38.972307,7,True,Informal Smallholder,0,5.76,2,Emerging Agribusiness,0.12,0.28,0.28,0.48,0.08,0.36,0.28,0.04,1,0,0,0,0,0,0,0,0,0,1,1,0,0,0,0,0,0,0,0,0,0,0,0,0,0,1,0,1,0,0,1,0,0,0,0,1,0,1,0,0,0,0,0,0,0,0,0,1,1,1,1,0,0,0,1,1,1,0,0,0,1,0,0,0,0,0,0,0,0,0,1,0,0,0,1,1,0,0,0,0,1,0,0,1,0,1,0,0,1,1,1,1,0,0,1,1,0,1,0,0,0,0,0,1,0,0,0,0,0,0,0,0,1,0,0,0,0,0,0,0,0,0,0,0,1,0,0,1,0,0,1,1,0,0,0,0,0,0,0,0,0,1,1,1,1,0,0,1,0,1,1,1,0,0,1,0,0,0,0,1,0,0,0,0,0,0,0,0,0,1,1,0,0,0,0,0,0,0,0,0,0,0,0,0,0,1,0,0,0,0,0,0,0,0,0,0,0,0,0
e1552303-257d-594c-b136-89f3dfe1d287,52d618f0-821b-5fe0-80cd-5d8767035f2e,Taita Taveta Cashew Farm #0318,Coastal Lowlands,Taita Taveta,Cashew,10.5,-3.491988,40.469194,10,True,Transitioning Agribusiness,1,12.84,3,Structured Farm,0.36,0.56,0.6,0.64,0.64,0.56,0.56,0.36,1,0,1,1,0,0,0,1,0,0,1,0,1,0,0,1,0,0,0,1,0,0,0,1,0,0,1,0,1,0,1,0,1,0,0,1,0,0,0,0,1,1,1,1,0,1,1,1,1,1,1,0,0,0,0,0,1,1,1,1,1,1,1,1,0,1,1,1,1,0,1,1,0,0,0,1,1,1,0,0,1,1,1,0,0,1,1,1,1,1,1,0,1,1,0,0,1,1,0,0,0,1,1,0,0,1,1,1,1,0,1,0,1,1,0,1,1,1,0,0,1,1,1,1,0,1,1,0,0,0,0,1,1,1,0,1,1,0,0,0,1,1,1,1,1,1,1,0,0,0,1,1,0,1,1,1,1,0,0,0,1,0,1,0,0,1,1,0,1,0,1,0,1,1,0,1,0,1,1,0,0,0,1,0,0,0,1,1,1,0,0,0,0,0,0,1,1,0,0,0
4670c779-5f2d-5959-84d2-54fe44ab727a,02c9a0da-8afc-5726-8f53-cd6b76697f8d,Embu Macadamia Farm #0319,Central Highlands,Embu,Macadamia,2.0,-0.035556,37.200683,10,True,Informal Smallholder,0,5.64,2,Emerging Agribusiness,0.24,0.2,0.2,0.52,0.16,0.32,0.16,0.08,0,1,0,0,0,1,0,0,0,0,1,0,0,0,0,0,1,0,0,0,0,1,1,0,0,0,1,0,0,1,0,0,0,0,0,1,0,0,0,0,0,1,0,0,0,1,0,0,0,0,0,0,0,0,0,0,1,0,0,0,0,1,1,0,0,1,0,0,0,0,0,0,1,0,0,0,0,1,1,0,1,0,0,1,0,1,1,1,1,0,0,0,1,0,1,1,1,0,1,0,0,0,0,0,0,0,1,1,0,0,0,0,1,0,0,0,0,0,0,0,0,1,0,0,0,1,0,0,0,0,0,1,0,0,0,0,0,1,1,0,1,1,0,0,0,1,0,0,1,0,0,0,0,0,0,1,0,1,0,0,1,0,0,0,0,0,0,0,0,0,0,1,0,0,0,1,0,0,0,0,0,0,0,0,0,1,0,0,0,0,0,0,0,0,0,0,0,0,0,0
6e7a917c-467f-580b-aad4-13fccf129efc,20945eca-5aa2-5047-b4d6-90ee4bb01afe,Nandi Tea Farm #0320,Rift Valley,Nandi,Tea,23.45,-0.340806,35.047378,7,True,Commercial Market Leader,2,19.8,4,Investment Ready Farm,0.84,0.76,0.84,0.84,0.88,0.88,0.76,0.8,1,1,1,1,0,1,1,1,0,0,1,1,1,1,1,1,1,1,1,1,1,1,0,1,1,1,1,1,1,1,1,1,1,0,1,0,1,0,1,1,1,1,0,1,1,1,1,0,0,1,1,1,1,1,1,1,1,1,1,1,0,1,1,1,0,1,1,1,1,0,1,1,0,1,1,1,1,1,1,1,1,1,1,1,0,1,1,0,1,1,0,1,1,1,1,1,1,0,1,1,1,1,1,1,1,1,1,1,1,1,1,1,1,0,1,1,1,1,0,1,0,1,1,1,1,1,0,1,1,1,1,1,1,1,1,1,1,0,1,1,1,1,1,0,1,1,1,1,1,1,1,1,1,1,0,0,1,0,1,0,1,1,1,1,0,1,1,1,1,0,1,1,1,1,1,1,1,1,1,1,1,1,0,0,1,0,1,1,1,1,1,1,1,1,0,1,1,0,1,1
c81ec6a3-89fb-525e-b481-b04a4b6d9c7e,7b505990-29c2-59c3-a32a-a05eab7507de,Siaya Dairy Farm #0321,Western Kenya,Siaya,Dairy,14.41,0.471332,34.770785,15,True,Commercial Market Leader,2,20.4,5,Future Ready Farm,0.8,0.76,0.92,0.76,0.92,0.88,0.92,0.84,1,1,1,0,0,1,1,1,1,0,1,1,1,1,0,1,1,1,1,1,1,1,1,1,0,1,1,1,0,0,1,1,1,0,1,1,1,1,0,1,1,0,0,1,1,1,1,1,1,1,1,1,1,1,1,0,1,1,1,1,1,1,1,1,1,1,1,1,1,0,1,1,1,1,1,1,0,1,0,1,1,1,1,1,1,0,1,1,0,0,1,1,1,1,1,1,1,0,1,1,1,1,1,1,1,1,1,1,1,0,1,1,1,1,0,1,1,1,1,1,1,1,1,1,1,1,1,1,1,1,1,1,1,0,1,1,1,1,1,1,1,0,1,1,0,1,1,1,1,1,1,1,1,1,1,0,1,1,1,0,1,1,1,1,1,1,1,1,1,1,1,1,1,1,1,1,1,1,0,0,1,1,0,0,1,1,1,1,1,1,1,1,1,1,1,1,1,1,1,1
6c354f75-7805-5b97-89e2-404b4bb7f073,ec7c1668-36f8-5017-be56-7abb44b8eb98,Kwale Fish Farming Farm #0322,Coastal Lowlands,Kwale,Fish Farming,0.71,-2.357165,38.727386,2,False,Informal Smallholder,0,5.04,2,Emerging Agribusiness,0.16,0.08,0.08,0.52,0.24,0.24,0.16,0.2,0,0,0,0,0,0,0,0,0,0,1,0,1,0,0,1,0,0,0,0,0,0,1,0,0,0,0,0,0,0,0,1,0,0,0,0,0,0,0,0,1,0,0,0,0,0,0,0,0,0,0,0,1,0,0,0,0,0,0,0,0,0,0,0,0,0,1,0,0,0,0,0,0,0,0,1,1,0,0,0,1,0,0,0,0,1,1,0,1,0,1,1,1,1,0,1,1,0,0,1,1,0,0,0,0,1,0,1,0,0,0,1,0,0,0,0,1,0,0,0,0,1,0,0,0,1,0,0,0,0,1,1,0,0,0,0,0,0,0,0,1,0,1,0,0,0,1,0,0,0,1,0,0,0,0,1,0,0,0,0,1,0,0,0,0,0,0,0,0,0,1,0,0,0,0,0,0,0,0,0,1,1,0,0,0,0,0,1,0,0,1,0,0,0,0,0,0,0,1,0
ff9be028-7130-52cd-8fef-3ad0a1aedd51,381a865d-6c9e-5e81-91f9-6eddb96d84f4,Bungoma Cassava Farm #0323,Western Kenya,Bungoma,Cassava,0.5,0.649872,34.140363,18,False,Informal Smallholder,0,5.28,2,Emerging Agribusiness,0.2,0.12,0.32,0.44,0.08,0.2,0.2,0.2,1,1,0,0,0,0,1,0,0,0,0,0,1,0,0,1,0,0,0,0,0,0,0,0,0,0,0,0,0,0,0,0,0,0,0,0,1,0,0,0,0,0,0,0,0,1,1,0,0,0,0,0,1,1,0,0,1,0,1,0,1,0,1,0,0,0,0,1,0,0,0,1,0,0,0,1,1,1,0,0,1,0,1,0,0,1,0,0,0,0,1,0,0,0,0,1,1,1,1,0,1,0,0,0,0,1,0,0,0,0,0,0,0,0,0,0,0,0,0,0,0,0,0,0,0,1,0,0,0,0,0,0,1,0,0,0,1,0,0,0,0,0,0,0,0,0,0,1,1,0,0,1,0,0,0,1,1,0,0,0,0,0,0,0,0,0,0,0,1,0,0,0,0,0,1,1,0,0,0,0,0,0,1,0,0,0,0,0,0,0,1,0,0,1,0,0,1,0,0,0
a594976d-02f9-571c-9b9b-c9773a1f1041,9e81a13e-8715-5241-a7f4-9ac4cdefdea8,Embu Avocado Farm #0324,Central Highlands,Embu,Avocado,5.7,-1.124106,37.409846,10,True,Transitioning Agribusiness,1,12.12,3,Structured Farm,0.52,0.48,0.56,0.64,0.56,0.44,0.56,0.28,1,1,0,0,0,1,1,0,1,0,1,1,0,0,0,0,1,1,1,0,1,0,1,1,0,1,1,1,0,0,0,1,0,0,0,0,1,1,0,0,0,1,1,1,1,0,1,1,0,0,1,1,1,0,1,1,1,1,1,0,1,1,1,1,0,0,1,0,0,0,0,1,0,0,0,1,1,1,1,0,1,1,1,1,0,1,1,0,0,0,1,1,0,1,1,1,0,1,0,0,1,1,0,0,1,1,1,0,0,0,0,1,0,0,1,1,0,0,1,0,1,1,1,1,1,1,0,1,0,0,0,1,1,0,0,1,0,1,0,0,1,0,1,0,0,1,1,1,0,0,1,1,1,0,0,1,0,0,1,1,1,1,0,1,0,1,1,1,1,0,1,0,0,0,0,0,0,0,0,0,0,1,0,1,0,1,1,0,1,1,0,0,0,0,0,1,0,0,0,0
1931ba95-058b-5f3d-8f30-e6e63db47cb5,fa10d06d-45c4-5ac9-a87a-d946a2463bc6,Meru Tea Farm #0325,Central Highlands,Meru,Tea,2.68,-1.178545,37.489457,19,False,Transitioning Agribusiness,1,12.12,3,Structured Farm,0.6,0.4,0.68,0.72,0.36,0.52,0.48,0.28,1,1,1,1,0,1,1,1,0,1,1,0,1,0,0,1,1,0,0,0,1,1,1,0,0,1,1,0,0,0,0,1,1,0,0,1,1,1,0,0,1,1,0,0,0,0,1,0,0,0,1,1,1,0,0,1,1,1,1,0,0,1,1,1,1,1,1,1,1,1,0,0,1,0,0,1,1,0,1,1,1,1,1,1,0,1,1,0,1,0,1,0,0,1,0,1,1,1,1,1,1,1,0,0,0,0,1,0,1,0,1,0,0,0,1,1,0,1,0,0,1,0,0,0,0,0,1,1,0,0,1,1,1,0,0,0,1,1,1,0,1,1,0,1,0,1,1,0,0,0,1,1,0,1,0,1,1,1,0,0,1,1,1,0,0,1,1,0,1,0,0,0,0,0,0,1,1,0,0,0,1,0,0,0,0,0,1,1,1,0,0,0,0,0,0,1,0,0,0,0
ff850ab5-b00c-5ede-ae45-5b2b9866f9a9,30e8dc06-ad37-5088-9e57-aadd94fa7cc0,Uasin Gishu Tea Farm #0326,Rift Valley,Uasin Gishu,Tea,4.74,0.803731,35.176474,5,True,Transitioning Agribusiness,1,12.24,3,Structured Farm,0.6,0.44,0.44,0.76,0.48,0.48,0.56,0.32,1,1,1,0,0,1,1,1,1,0,1,1,0,0,0,1,0,1,0,1,1,1,1,0,0,0,1,1,0,0,1,0,1,0,0,1,0,0,0,0,1,1,1,0,0,1,1,1,0,0,0,0,1,0,0,0,1,0,1,0,1,0,0,1,1,1,1,0,0,0,1,1,1,0,0,1,1,1,1,0,1,1,1,1,0,1,1,0,1,0,1,1,1,0,1,1,1,1,1,0,1,1,1,1,0,1,1,0,0,0,1,1,0,0,1,1,0,1,0,0,0,0,1,0,0,0,1,0,1,0,1,0,0,0,0,0,1,1,0,1,0,0,1,0,1,1,0,1,1,1,1,1,1,0,0,1,1,0,0,0,1,1,0,1,1,0,0,0,1,1,1,0,1,1,0,1,1,1,0,0,1,0,0,0,0,0,1,0,1,0,0,1,0,0,0,0,0,1,0,0
f2109ffd-b719-5790-866d-ea8d119ff516,57c03eb5-5ca3-5f26-8ba3-ccc3f77769a8,Nakuru Horticulture Farm #0327,Rift Valley,Nakuru,Horticulture,7.25,-0.489605,35.903936,15,True,Transitioning Agribusiness,1,12.12,3,Structured Farm,0.32,0.36,0.6,0.8,0.48,0.44,0.64,0.4,1,0,0,1,0,0,1,0,0,0,0,0,1,0,0,0,0,0,0,0,1,1,1,1,0,0,1,0,0,0,0,1,1,1,1,1,0,0,0,0,1,0,0,1,0,1,0,0,0,0,1,1,0,0,0,1,1,0,0,0,1,1,1,0,0,1,1,0,1,1,1,1,0,1,1,0,1,1,1,1,1,1,0,1,1,1,1,1,1,1,0,1,1,1,0,1,1,1,1,0,1,0,1,1,1,1,1,1,0,0,1,1,0,1,0,1,0,0,0,0,0,0,1,0,0,1,0,1,0,0,1,1,0,1,0,1,0,1,0,0,1,0,0,0,0,0,1,1,1,0,1,1,1,1,0,1,1,1,1,0,0,0,1,0,0,1,1,1,0,0,1,1,1,1,0,1,1,1,0,0,1,0,0,1,0,0,1,0,0,1,0,1,1,0,0,1,0,0,0,0
c97e372f-fa2b-5e4b-9ab2-0bccca667604,7d6ecc3f-aec1-55e5-a63f-b88af3e70829,Busia Sugarcane Farm #0328,Western Kenya,Busia,Sugarcane,6.78,0.192138,34.859214,14,True,Transitioning Agribusiness,1,12.84,3,Structured Farm,0.4,0.56,0.56,0.72,0.36,0.72,0.6,0.36,1,1,0,0,0,1,0,1,0,0,0,1,0,0,0,1,1,0,0,0,1,1,0,1,0,1,1,1,0,0,1,1,1,0,0,0,1,1,0,1,1,1,1,0,0,1,0,1,0,0,1,1,1,1,0,1,1,0,0,0,1,0,1,0,0,1,0,1,0,1,1,1,0,1,0,1,0,0,0,1,1,1,0,1,1,1,1,1,0,1,1,1,1,1,0,1,1,1,1,0,0,0,0,1,1,1,1,1,0,0,1,1,0,0,0,1,0,1,0,0,0,0,0,0,0,1,1,1,1,0,1,1,1,0,0,1,1,1,0,1,1,1,1,1,0,1,1,1,0,0,1,1,0,0,1,1,1,0,1,0,1,1,1,0,0,1,1,1,0,0,1,0,1,0,1,0,0,1,0,0,0,0,0,0,0,0,0,1,1,1,1,1,1,0,0,0,1,1,0,0
d7f26643-8755-592f-a6bc-3609cc03f6fa,ac589c06-6e60-5ebd-a374-5e5a593fecb9,Kilifi Fish Farming Farm #0329,Coastal Lowlands,Kilifi,Fish Farming,8.76,-3.888807,39.032608,7,False,Transitioning Agribusiness,1,11.28,3,Structured Farm,0.32,0.52,0.52,0.8,0.52,0.36,0.52,0.2,1,1,0,0,1,0,0,1,0,0,0,0,1,0,0,0,1,0,0,0,0,1,1,0,0,0,0,0,0,1,1,1,0,0,1,1,1,0,0,0,1,1,0,1,1,1,1,0,0,1,1,1,1,0,0,0,1,1,0,0,1,1,0,0,0,1,0,1,1,0,0,1,1,1,0,1,1,1,0,1,1,1,0,1,0,1,1,0,1,1,1,1,1,1,0,1,1,1,1,1,1,1,0,1,0,0,1,0,1,0,1,1,0,0,0,1,1,0,0,0,1,1,1,1,0,1,1,0,0,0,1,0,1,0,0,1,0,1,0,0,1,0,0,0,0,1,1,0,0,0,1,1,0,1,0,1,1,1,0,1,0,1,1,0,1,0,0,0,1,0,1,0,0,1,0,0,0,1,0,0,1,1,0,0,0,0,0,0,0,0,1,0,0,1,0,0,0,0,0,0
2f644d77-2a9d-5f56-97cc-348595bca40a,34245b7d-6fca-5555-ab94-6f67dae5b1b8,Makueni Sorghum Farm #0330,Eastern Semi-Arid,Makueni,Sorghum,0.77,-0.732418,37.337087,4,True,Informal Smallholder,0,7.08,2,Emerging Agribusiness,0.16,0.36,0.28,0.72,0.16,0.28,0.28,0.12,0,0,1,0,0,0,1,0,0,0,0,1,0,0,0,1,0,0,0,0,0,0,0,0,0,1,1,0,0,1,0,1,1,1,0,1,0,0,0,0,0,1,0,0,0,1,0,0,0,0,1,0,0,0,0,0,1,0,0,0,1,0,0,0,0,1,1,0,1,0,0,0,1,0,0,1,1,1,0,1,1,1,0,1,0,1,1,1,1,1,1,0,0,0,0,1,1,1,1,1,1,0,0,0,0,0,0,0,0,0,1,0,0,0,0,0,1,0,0,0,0,1,0,0,0,1,0,1,0,0,0,1,0,0,0,1,1,0,0,0,1,0,0,0,0,0,1,0,0,0,0,0,0,0,0,0,0,0,0,0,1,1,0,0,0,1,1,0,0,0,1,1,1,0,0,0,0,1,0,0,0,0,0,0,0,1,0,0,0,0,0,0,0,0,0,0,1,0,0,0
41f9ad7f-4562-5501-aa35-4f021e9c7fba,94f75351-ff88-5917-a039-19396cb2a0d3,Makueni Livestock Farm #0331,Eastern Semi-Arid,Makueni,Livestock,2.72,-1.845118,37.871899,13,True,Transitioning Agribusiness,1,11.76,3,Structured Farm,0.48,0.4,0.56,0.56,0.48,0.44,0.56,0.44,1,0,1,1,0,1,0,0,0,0,0,1,1,0,0,1,1,0,0,0,1,1,1,0,1,1,0,1,0,0,1,1,1,0,0,1,0,1,0,0,0,1,0,0,0,1,1,0,0,0,1,1,0,1,0,1,1,1,0,0,0,1,1,0,0,1,1,1,0,0,0,1,1,1,0,1,1,0,1,0,1,1,1,0,0,1,1,1,0,0,1,1,1,1,0,1,0,0,0,0,1,1,1,1,0,1,1,0,1,0,0,0,1,0,0,1,1,0,1,0,1,0,0,0,0,1,1,0,1,0,1,1,1,0,0,1,1,0,0,0,1,0,1,1,0,0,0,0,0,0,1,1,1,0,0,0,1,1,1,0,1,0,1,0,0,1,0,1,1,0,1,1,1,0,0,0,1,1,1,0,1,0,1,0,0,0,0,0,0,0,1,1,1,0,1,1,0,1,0,0
4509b4bc-bc8c-55d8-b101-1b109e3cf7e0,e59e76c7-260f-510b-92ea-a05dc7b9b4da,Kilifi Coconut Farm #0332,Coastal Lowlands,Kilifi,Coconut,2.17,-2.207732,39.662395,11,True,Informal Smallholder,0,6.36,2,Emerging Agribusiness,0.4,0.2,0.36,0.4,0.08,0.36,0.16,0.16,1,0,1,0,1,1,0,0,0,1,0,0,0,0,0,1,0,1,0,0,1,0,1,0,1,1,0,0,0,0,0,0,0,0,0,0,0,0,0,0,1,1,0,0,0,1,1,0,0,0,0,0,0,0,0,0,0,1,1,0,1,0,1,0,0,0,1,0,0,0,1,1,1,1,0,1,0,0,0,0,0,1,1,1,0,1,0,1,0,0,1,0,0,0,0,1,1,1,0,0,0,1,0,0,0,0,0,0,0,0,0,0,0,0,0,0,0,0,0,0,1,0,0,0,0,1,0,1,0,0,1,0,0,0,0,1,0,0,0,1,1,1,0,0,0,1,1,0,0,0,1,0,0,0,0,0,0,0,0,0,0,0,0,0,0,0,0,0,0,0,1,0,1,0,1,1,0,0,0,0,0,0,1,0,0,1,0,0,0,0,1,0,0,0,0,0,0,0,0,0
e2345a51-454f-5a4b-bb0b-b43cbcbe8a33,3fea75fc-a3ec-524f-bf25-1622e24c4c30,Bomet Horticulture Farm #0333,Rift Valley,Bomet,Horticulture,9.3,1.320608,35.962527,13,True,Transitioning Agribusiness,1,11.52,3,Structured Farm,0.52,0.32,0.44,0.68,0.56,0.52,0.56,0.24,1,1,1,1,0,1,1,0,1,0,1,1,1,1,0,0,1,0,0,0,0,1,0,0,0,0,1,0,0,0,1,0,1,0,0,0,1,0,0,0,1,1,0,1,0,0,1,0,0,0,0,1,1,0,0,1,1,1,1,0,0,1,0,0,0,0,1,1,0,0,0,1,0,1,0,1,1,1,1,0,1,0,0,1,0,1,1,0,1,0,1,1,1,1,0,1,1,1,1,0,1,1,0,0,0,1,1,0,0,0,1,1,0,1,0,1,0,1,0,1,1,1,1,1,0,0,1,1,1,0,1,1,0,1,1,1,0,0,1,1,0,1,1,0,0,1,0,0,0,0,1,0,1,1,0,1,1,0,1,0,1,1,1,0,0,0,1,1,0,1,1,1,0,0,0,1,0,0,0,0,0,0,1,1,0,1,1,0,0,0,0,0,0,0,0,0,1,0,0,0
fd581aa2-c5c0-5489-96b7-43c620c6f086,69f21a8b-2481-5e46-936a-07facb803c5e,Kericho Dairy Farm #0334,Rift Valley,Kericho,Dairy,24.13,-0.527044,36.096899,22,True,Commercial Market Leader,2,19.56,4,Investment Ready Farm,0.8,0.84,0.84,0.8,0.76,0.8,0.88,0.8,1,1,1,0,0,1,0,1,1,0,1,1,1,1,1,0,1,1,1,1,1,1,1,1,1,1,1,1,1,1,1,1,1,1,0,1,1,1,1,0,1,1,1,1,1,1,1,1,0,0,1,0,1,1,1,1,1,1,1,1,1,1,0,1,1,1,1,1,1,1,1,1,1,0,0,1,1,1,1,1,1,0,1,1,1,1,1,0,0,1,1,1,1,1,0,1,1,1,1,0,1,1,0,1,0,1,1,1,0,1,1,1,1,1,1,1,1,1,1,0,1,1,0,0,1,1,1,1,1,1,1,1,1,1,1,0,1,1,1,1,1,0,0,0,1,1,1,1,1,0,1,1,1,0,1,1,1,1,1,1,1,1,1,0,1,1,1,1,1,1,0,1,1,1,1,1,1,1,0,1,1,1,1,1,1,1,1,0,0,0,1,0,1,1,1,1,1,1,1,1
01ead88a-3c43-5564-b1b3-db06a6e9d8dc,68b52da6-da87-57bd-82e6-170a2f4dbced,Embu Avocado Farm #0335,Central Highlands,Embu,Avocado,3.37,-0.466662,37.295756,17,True,Informal Smallholder,0,6.72,2,Emerging Agribusiness,0.28,0.24,0.2,0.52,0.24,0.48,0.24,0.04,0,0,0,0,0,1,1,0,1,0,1,0,0,0,1,0,1,0,0,0,0,1,0,0,0,0,0,1,0,0,1,0,0,1,0,0,0,0,0,0,1,1,0,0,1,0,0,0,0,0,1,0,1,0,0,0,0,0,0,0,1,0,1,0,0,0,0,0,0,0,0,1,0,0,0,0,1,1,0,0,1,0,0,0,1,1,1,1,0,1,1,0,0,1,1,1,0,1,0,0,1,0,0,0,0,1,0,0,0,0,1,0,1,0,0,1,0,0,0,0,1,0,0,0,0,1,1,0,1,0,0,1,0,0,0,1,1,0,0,0,1,0,1,1,0,0,1,1,1,0,1,0,1,0,0,0,0,0,1,0,0,0,1,0,0,0,1,0,0,0,1,0,0,0,0,0,0,0,0,0,0,0,0,0,0,0,0,0,0,0,0,0,0,0,0,1,0,0,0,0
7993b49a-a0f1-5391-b0e1-bf4ab2964d6b,0be04636-150c-5d94-a257-0bc98f3c3260,Vihiga Dairy Farm #0336,Western Kenya,Vihiga,Dairy,7.64,0.240039,35.107804,5,True,Transitioning Agribusiness,1,12.12,3,Structured Farm,0.52,0.48,0.56,0.76,0.48,0.48,0.44,0.32,1,1,0,0,0,1,1,1,0,0,1,0,0,0,1,1,1,1,0,0,1,1,1,0,0,1,1,1,0,0,1,1,0,1,0,1,1,0,1,0,0,0,1,1,0,1,0,0,0,0,1,1,1,0,0,1,1,0,0,1,1,0,1,1,0,0,1,0,0,1,1,0,0,1,1,1,1,1,1,1,1,1,0,1,1,1,1,1,1,0,0,0,1,1,0,1,1,1,1,0,1,1,0,0,0,1,1,1,0,0,0,1,1,0,1,0,1,1,0,0,1,1,0,0,0,0,1,0,0,0,1,1,0,0,0,1,0,1,0,0,0,1,1,1,1,1,1,0,1,0,1,1,0,1,1,0,0,1,1,0,1,1,0,0,0,1,1,0,0,0,0,1,0,0,0,1,0,0,0,0,1,0,0,0,0,1,1,1,0,0,1,0,0,1,0,0,1,0,0,0
6b224d3d-c1d4-511d-906b-833c15a4738e,7b17fff4-e11f-56dd-9e70-bb6a0b43ff45,Tharaka Nithi Sorghum Farm #0337,Eastern Semi-Arid,Tharaka Nithi,Sorghum,0.5,-2.426065,37.821203,7,False,Informal Smallholder,0,4.8,5,Future Ready Farm,0.16,0.16,0.12,0.48,0.16,0.24,0.2,0.08,0,0,0,0,1,0,1,0,0,0,0,0,0,0,0,0,0,1,0,0,1,0,0,0,0,0,0,1,1,0,0,0,0,0,0,0,0,0,0,0,0,0,1,0,0,1,0,0,0,0,0,1,0,0,0,0,0,0,0,0,1,0,0,0,0,0,0,0,0,0,1,0,0,0,0,1,1,1,1,1,0,1,1,1,1,0,0,0,1,0,1,0,0,0,0,0,0,1,0,0,0,0,0,0,0,1,0,0,0,0,1,0,0,0,0,1,1,0,0,0,0,0,0,0,0,0,0,0,0,0,1,0,0,1,0,0,0,1,1,0,0,0,0,0,0,1,0,0,1,0,0,1,0,0,0,1,0,0,0,0,0,0,0,1,0,0,0,0,0,0,0,1,1,0,0,0,0,0,0,0,1,0,0,0,0,0,0,0,0,0,0,0,0,0,0,1,0,0,0,0
327f64ca-2493-568d-a28e-3056fd5f75f0,1a147014-77e4-5e46-b90e-2c19b9aec8a7,Kwale Coconut Farm #0338,Coastal Lowlands,Kwale,Coconut,2.24,-3.817535,40.107108,1,False,Transitioning Agribusiness,1,11.88,3,Structured Farm,0.52,0.44,0.48,0.52,0.48,0.56,0.44,0.52,0,0,1,0,0,1,1,1,0,0,1,1,1,0,0,1,1,1,0,1,1,0,0,0,1,1,0,1,0,0,1,0,1,0,0,1,1,0,0,0,1,0,0,0,0,1,1,1,1,0,1,1,0,1,0,1,1,0,1,0,0,1,0,0,1,0,0,1,0,0,1,1,1,0,0,1,1,1,0,0,0,1,1,0,0,1,1,0,1,0,1,0,1,1,0,1,1,0,0,0,1,1,0,0,0,1,1,1,0,0,1,1,1,1,0,1,0,1,0,0,0,0,1,0,0,1,1,1,1,0,1,1,0,0,1,1,0,1,0,0,0,1,1,0,0,1,0,1,0,1,1,1,1,0,0,1,0,0,1,1,0,1,0,0,0,1,1,0,1,0,1,0,0,0,0,1,1,1,1,0,1,1,1,1,0,1,0,0,0,0,1,1,0,0,0,1,1,0,0,0
85793c88-f637-5245-87dd-c30a481e2eb4,719e2e87-8d04-5b50-8064-099a59ecdec2,Machakos Green Grams Farm #0339,Eastern Semi-Arid,Machakos,Green Grams,0.5,-0.947703,38.181245,10,True,Informal Smallholder,0,5.76,2,Emerging Agribusiness,0.08,0.36,0.24,0.64,0.16,0.24,0.12,0.08,0,0,0,0,0,0,0,0,0,0,1,0,0,0,0,1,0,0,0,0,0,0,0,0,0,1,1,0,0,0,0,1,0,0,0,1,0,0,0,0,1,1,0,0,0,1,1,0,1,0,1,0,0,0,0,1,0,0,0,0,0,0,0,0,0,1,0,1,0,0,1,1,0,0,0,1,0,1,1,0,0,0,0,1,0,1,1,0,1,0,1,1,1,1,0,1,1,1,1,1,1,0,0,0,0,0,0,0,0,0,0,0,0,0,0,1,0,1,0,0,0,1,0,0,0,1,1,0,0,0,0,1,0,0,0,0,0,0,0,0,0,0,1,1,0,1,0,0,0,0,0,0,0,0,0,1,0,1,0,0,0,0,0,0,0,1,0,0,0,0,0,0,0,0,0,0,0,0,1,0,0,0,0,0,0,1,0,0,0,0,0,0,0,0,0,0,0,0,0,0
1261bcec-c02d-5d6c-83fe-9ded2f2f213f,8068f436-cb7b-5cda-ab3f-68e9a36ddc66,Vihiga Horticulture Farm #0340,Western Kenya,Vihiga,Horticulture,5.0,0.0783,34.863146,11,True,Commercial Market Leader,2,19.44,4,Investment Ready Farm,0.68,0.76,0.92,0.84,0.88,0.8,0.88,0.72,1,0,1,0,0,1,1,1,1,0,1,1,0,1,1,1,0,1,1,1,1,1,0,1,0,1,1,0,1,0,1,0,1,1,1,1,1,1,0,1,1,1,1,1,0,1,1,1,1,0,1,1,1,0,1,1,1,1,1,1,1,1,1,1,1,1,1,1,1,1,1,1,0,1,1,1,1,0,1,0,1,1,1,1,1,1,1,1,1,0,1,1,1,1,1,0,1,1,1,1,1,1,1,1,1,1,1,1,1,1,1,1,1,1,0,1,0,1,1,1,1,1,1,1,0,1,1,1,1,0,1,1,1,0,0,1,1,1,1,1,1,1,0,1,1,0,1,1,1,1,1,1,1,1,1,1,1,1,1,0,0,1,1,1,1,1,1,1,1,1,1,1,1,1,0,1,0,1,1,1,1,1,1,1,1,1,1,1,1,1,1,1,0,0,0,1,1,0,0,0
95186cad-8bdc-5915-b87b-f5ae322fe552,da4158a1-fe39-5dc6-bbbd-982f5d93cc17,Trans Nzoia Horticulture Farm #0341,Rift Valley,Trans Nzoia,Horticulture,3.53,0.726291,35.654885,1,False,Informal Smallholder,0,5.88,2,Emerging Agribusiness,0.16,0.24,0.08,0.6,0.08,0.44,0.32,0.04,0,0,0,0,0,0,1,0,0,0,0,0,0,0,0,1,1,0,0,1,0,0,0,0,0,0,0,0,0,0,1,0,0,0,0,1,0,0,0,0,0,0,1,0,0,1,1,1,0,0,0,0,0,0,0,0,0,0,0,0,0,0,0,0,0,0,0,0,0,0,1,0,0,0,1,1,1,0,0,1,1,1,1,1,0,1,1,1,0,0,1,1,1,0,0,1,1,0,0,0,0,0,0,0,0,0,1,0,0,0,0,1,0,0,0,0,0,0,0,0,0,0,0,0,0,0,1,1,0,0,1,1,1,1,0,1,0,1,0,0,1,0,0,0,0,1,1,0,0,0,1,0,0,0,0,0,1,1,0,0,1,0,1,0,0,0,0,1,0,1,1,0,0,0,0,0,0,0,0,0,0,0,0,0,0,0,0,0,0,0,0,0,0,0,0,1,0,0,0,0
d7a2b034-2b4f-5794-a468-87f5b19a8f35,2f44c3ea-c0d7-5357-9e98-8dba7679cb53,Taita Taveta Vegetables Farm #0342,Coastal Lowlands,Taita Taveta,Vegetables,15.62,-3.404818,38.88107,9,True,Commercial Market Leader,2,19.32,4,Investment Ready Farm,0.8,0.64,0.8,0.76,0.96,0.76,0.92,0.8,1,1,1,1,1,1,1,1,0,0,1,0,1,1,0,1,1,1,1,1,0,1,1,1,1,1,1,1,1,0,1,0,0,1,0,1,1,1,0,0,1,1,0,1,0,1,1,1,0,1,1,1,1,1,0,1,1,1,1,1,1,1,1,1,0,1,1,1,1,1,1,1,0,0,0,1,0,0,1,1,1,1,1,1,1,1,0,0,1,1,1,0,1,1,0,1,1,1,1,1,1,1,1,1,1,1,1,1,1,1,1,1,1,1,1,1,1,1,1,0,1,1,1,1,1,1,1,0,0,0,1,1,1,1,1,1,1,1,1,0,1,1,0,1,1,1,1,1,1,0,1,1,1,1,1,1,1,0,1,1,1,1,1,1,1,1,0,1,1,1,1,1,1,1,1,1,1,1,0,1,1,1,1,1,0,1,1,1,1,0,1,0,1,0,1,1,1,1,1,1
7c5399ad-7ddc-5a34-b669-d55d1ac9ade5,853b6b00-317a-5b22-b981-ef5ea5d25130,Murang'a Coffee Farm #0343,Central Highlands,Murang'a,Coffee,5.42,-0.155092,36.94023,16,True,Transitioning Agribusiness,1,11.64,3,Structured Farm,0.32,0.48,0.72,0.72,0.32,0.52,0.48,0.32,0,0,0,0,0,1,1,0,0,0,0,1,1,0,0,0,1,1,0,1,1,0,0,0,0,1,1,0,1,0,1,0,1,0,0,1,0,1,0,0,1,0,0,1,0,1,1,0,1,0,1,1,1,1,0,1,1,0,1,0,1,1,1,0,1,1,1,0,1,0,1,1,1,1,0,1,1,1,1,1,1,1,0,1,1,1,1,0,0,1,1,0,1,0,0,1,1,1,1,0,1,0,0,0,0,1,1,0,0,0,1,0,0,1,0,1,0,0,1,0,0,1,0,0,0,0,1,1,0,1,1,1,1,1,0,1,1,0,0,0,1,0,0,0,0,1,1,1,0,0,1,1,0,0,1,1,1,1,1,0,1,0,1,1,0,0,0,0,0,1,1,0,0,0,0,0,0,1,0,0,0,1,1,0,0,0,1,0,0,0,1,1,1,0,0,1,0,0,0,0
2fed7380-5f76-5c5d-a0de-65ead53128e0,b1fcbbc5-94b5-57bf-9dd7-ecefa3b10300,Makueni Mangoes Farm #0344,Eastern Semi-Arid,Makueni,Mangoes,8.46,-0.698054,37.771445,9,True,Transitioning Agribusiness,1,13.2,3,Structured Farm,0.48,0.48,0.52,0.76,0.56,0.64,0.48,0.48,1,0,0,0,0,1,1,0,0,0,1,1,1,1,0,1,1,1,0,0,0,1,0,1,0,0,0,1,1,0,0,1,1,0,0,0,1,1,0,0,1,1,1,0,1,0,1,1,0,0,1,1,1,0,0,0,1,1,0,1,0,1,0,0,1,1,1,0,1,1,1,0,0,0,0,1,0,1,0,0,1,1,1,1,0,1,1,1,0,1,1,1,1,1,1,1,1,1,1,0,1,1,1,1,0,1,0,1,1,0,1,0,0,1,0,1,1,0,0,0,1,1,0,1,0,1,1,0,1,0,1,1,0,1,0,1,1,0,1,1,1,1,0,1,0,1,0,1,1,0,1,1,1,0,1,1,0,1,0,0,1,1,0,0,0,1,1,0,0,0,1,1,0,0,0,1,1,1,1,0,1,1,0,0,0,0,0,0,1,0,0,1,0,1,0,1,1,0,1,0
a5d4f55d-0962-5904-a616-58209da024e2,ce82e6fd-16d1-5ed0-90fd-1006f0d6d2ca,Bomet Potatoes Farm #0345,Rift Valley,Bomet,Potatoes,9.41,-0.199977,35.011381,18,False,Transitioning Agribusiness,1,12.48,3,Structured Farm,0.52,0.6,0.52,0.72,0.48,0.52,0.4,0.4,1,0,1,1,1,1,0,1,0,0,1,0,0,0,0,1,1,0,0,0,1,1,1,1,0,1,1,0,0,1,0,1,1,1,1,1,1,1,1,0,0,1,0,0,0,1,1,1,0,0,1,0,1,0,0,1,0,1,0,0,1,1,1,0,1,1,1,0,0,0,1,1,1,0,0,1,1,0,0,0,1,1,0,1,1,0,1,1,1,0,1,1,1,1,0,1,1,1,1,1,1,1,1,0,0,1,1,0,1,1,1,1,0,0,0,1,0,0,1,0,0,0,0,0,1,1,1,1,0,0,0,1,0,1,0,1,0,0,1,0,1,0,1,1,0,1,1,1,0,0,1,0,1,1,0,0,0,0,0,0,0,1,1,0,0,0,1,1,1,1,0,0,1,0,0,0,0,0,1,0,0,1,0,0,0,1,1,0,1,0,1,1,0,0,1,1,1,0,0,0
4e000a97-cd94-5d17-942b-f6034dc685e2,fa635f12-67c8-5dff-b387-04bcbba9ab20,Kitui Mangoes Farm #0346,Eastern Semi-Arid,Kitui,Mangoes,9.69,-1.075235,38.552974,9,True,Transitioning Agribusiness,1,11.76,3,Structured Farm,0.56,0.48,0.6,0.64,0.48,0.52,0.32,0.32,1,0,1,1,0,1,1,0,0,1,0,1,1,0,1,1,0,1,0,0,1,1,0,1,0,1,1,1,1,0,1,1,1,0,0,0,1,1,0,0,1,0,0,0,0,1,1,0,0,0,1,1,1,1,0,0,1,0,0,0,1,1,0,0,0,1,0,1,1,1,1,1,1,0,1,1,1,0,0,0,0,1,1,1,1,1,1,1,0,0,1,0,0,1,1,1,1,1,1,0,1,1,1,0,0,1,1,1,1,1,0,0,1,0,0,1,0,0,1,0,1,0,0,0,0,1,0,0,0,0,1,1,0,1,0,1,0,1,1,0,1,0,1,0,1,0,1,1,0,1,0,1,1,0,0,0,0,1,0,0,0,1,1,0,0,1,1,0,0,0,0,1,0,0,0,1,0,0,1,0,1,0,0,0,0,0,0,0,0,0,0,1,1,0,0,1,1,1,0,0
16848e99-bdfc-569d-8abe-41a5a897cfb7,cf12cb57-ef29-563c-813d-e92f3139cb87,Makueni Mangoes Farm #0347,Eastern Semi-Arid,Makueni,Mangoes,22.55,-2.140719,37.659628,2,True,Commercial Market Leader,2,19.8,4,Investment Ready Farm,0.88,0.84,0.76,0.72,0.84,0.92,0.8,0.84,1,1,0,1,1,1,1,1,1,0,1,1,1,1,1,1,1,1,0,1,1,1,1,1,1,1,0,1,1,1,1,1,1,1,0,1,1,1,1,1,1,0,1,1,1,1,1,1,1,0,1,1,1,1,0,1,1,1,1,1,1,1,0,0,0,1,1,0,0,1,1,1,1,1,1,0,1,1,1,1,1,1,1,1,0,1,0,1,1,1,1,0,1,0,0,1,1,0,1,1,1,1,1,1,1,1,1,0,1,1,1,1,1,1,0,1,0,1,1,0,1,1,1,1,1,1,1,1,1,1,1,1,0,1,1,1,1,1,1,1,1,1,1,1,1,1,1,1,1,0,1,1,1,1,1,1,1,1,1,1,1,1,0,1,0,1,1,1,0,1,0,1,0,1,1,1,1,1,1,0,1,1,1,1,0,1,1,1,1,1,1,0,1,1,1,1,1,1,1,0
2663fa75-8d05-50be-94d0-efcb578b70d1,1b4cb39e-f96d-57d3-b4d3-151c82155c10,Nakuru Horticulture Farm #0348,Rift Valley,Nakuru,Horticulture,1.67,0.199849,35.345207,20,True,Informal Smallholder,0,5.16,2,Emerging Agribusiness,0.12,0.16,0.24,0.56,0.12,0.32,0.2,0.0,0,1,0,0,0,1,0,1,0,0,0,0,0,0,0,0,0,0,0,0,0,0,0,0,0,0,0,0,0,1,1,0,0,0,0,0,0,0,0,0,1,0,0,0,0,1,0,0,0,0,0,0,0,0,0,1,0,0,0,0,0,0,0,0,0,1,0,0,1,0,1,0,1,1,0,0,0,1,1,0,1,1,0,1,0,1,0,0,1,0,1,1,1,0,1,1,0,1,1,0,0,0,0,0,0,0,1,1,0,0,0,0,1,0,0,0,0,0,0,0,0,0,0,0,0,0,1,0,0,0,1,1,1,0,0,1,0,0,0,0,0,0,0,0,0,1,1,0,0,1,1,0,0,0,0,0,0,1,0,0,1,1,0,0,0,0,0,0,0,0,0,0,1,0,0,0,0,0,0,0,0,0,0,0,0,0,0,0,0,0,0,0,0,0,0,0,0,0,0,0
24b5961f-917b-5d9d-98d8-4f31f03b8bc0,391efbba-c625-5cdb-994e-92163f2c4432,Bomet Horticulture Farm #0349,Rift Valley,Bomet,Horticulture,13.93,0.168652,35.734884,12,False,Transitioning Agribusiness,1,12.96,3,Structured Farm,0.48,0.56,0.68,0.72,0.56,0.56,0.36,0.4,1,0,0,0,0,1,0,0,1,0,1,1,0,1,0,1,1,1,0,0,1,1,0,1,0,0,1,1,0,0,1,0,1,1,1,1,1,1,1,0,0,1,0,0,1,1,1,0,0,0,1,1,1,0,1,1,1,0,0,0,1,1,0,1,0,1,1,1,1,0,1,1,0,1,1,0,1,1,1,1,1,1,1,0,0,1,1,1,1,0,0,1,1,1,0,1,1,1,0,1,0,0,1,0,0,1,1,1,1,0,1,1,0,1,1,1,0,1,1,0,1,0,0,1,0,1,0,0,0,0,1,1,1,0,0,1,0,0,1,1,1,1,1,1,1,0,0,1,1,0,0,0,0,1,0,0,1,1,0,0,1,1,0,0,0,1,0,1,0,0,1,1,0,0,0,1,1,0,0,0,1,1,1,0,1,1,1,0,0,0,1,0,0,0,0,0,0,0,1,0
d31240e5-9224-515e-87ef-400f872b8fa8,ea10e1c4-f55e-51a4-afe8-392df3a8a691,Siaya Sugarcane Farm #0350,Western Kenya,Siaya,Sugarcane,2.77,1.178896,34.616133,17,False,Informal Smallholder,0,5.28,2,Emerging Agribusiness,0.16,0.16,0.32,0.72,0.08,0.16,0.12,0.04,0,0,0,0,0,0,0,0,0,0,1,0,0,0,0,1,1,0,0,0,0,1,0,0,0,0,0,0,0,0,0,1,0,0,0,0,1,1,0,0,0,0,0,0,0,1,0,0,0,0,1,1,0,1,0,1,1,0,0,0,1,0,0,0,0,1,0,0,0,0,1,0,0,0,0,1,1,0,0,0,1,1,1,0,1,1,0,1,1,0,1,1,1,1,1,0,1,1,1,1,0,0,0,0,0,0,0,0,0,0,0,1,0,0,0,0,0,0,0,0,0,1,0,0,0,0,0,0,0,0,0,1,0,0,0,0,0,0,1,0,1,0,0,1,0,0,0,0,0,0,1,0,0,0,0,0,0,0,0,0,1,0,0,0,0,1,0,0,0,0,0,0,0,0,0,0,0,0,0,0,0,0,0,0,0,0,1,0,0,0,0,0,0,0,0,0,0,0,0,0
b27c4b27-3566-50b9-aa29-23dffc52bede,78034b3f-d4eb-50f1-a594-915df9900389,Siaya Dairy Farm #0351,Western Kenya,Siaya,Dairy,5.65,0.903526,34.152092,5,False,Transitioning Agribusiness,1,11.64,3,Structured Farm,0.52,0.44,0.44,0.76,0.52,0.36,0.52,0.32,1,1,0,0,0,1,0,0,1,0,1,1,0,1,0,1,1,0,0,0,1,1,1,1,0,1,0,1,1,0,0,0,1,1,0,0,0,0,0,0,0,1,0,0,0,1,1,1,1,1,0,1,1,0,0,1,1,1,0,0,1,0,1,0,0,1,0,0,0,0,1,1,0,0,1,1,1,0,1,1,1,1,1,0,1,1,1,1,1,0,1,1,1,1,0,0,1,1,1,0,1,1,0,0,0,1,1,0,0,0,1,1,1,0,0,1,1,0,1,0,1,1,1,0,0,0,1,0,1,0,1,1,0,1,0,1,0,0,0,0,0,1,1,0,0,0,1,0,0,0,1,1,1,0,1,1,1,1,0,0,0,1,1,0,0,1,0,0,0,1,1,1,0,0,0,1,1,1,0,0,0,0,0,0,0,0,0,0,0,0,1,0,0,1,1,0,1,1,0,0
b7d2e923-d29b-5cae-897b-fbc9f0a92570,fef5d129-6655-5c6d-9309-0af48c64d499,Machakos Pigeon Peas Farm #0352,Eastern Semi-Arid,Machakos,Pigeon Peas,2.69,-2.324393,38.650338,15,False,Informal Smallholder,0,5.28,2,Emerging Agribusiness,0.16,0.24,0.24,0.48,0.28,0.24,0.12,0.0,1,0,0,0,0,0,0,0,0,0,1,1,0,0,0,0,0,0,0,0,0,1,0,0,0,0,1,1,0,0,0,0,0,0,0,1,1,0,0,0,0,0,1,0,0,0,1,0,0,0,0,0,0,1,0,0,0,1,0,0,1,0,0,0,0,0,0,1,0,0,1,1,0,0,0,0,0,0,1,0,1,1,1,1,0,1,0,1,0,0,1,1,1,0,0,1,0,1,0,0,1,0,0,0,0,1,0,0,1,0,1,1,0,0,0,1,0,0,0,1,0,0,0,0,0,0,0,0,0,0,1,0,0,0,0,1,1,0,0,0,1,0,0,0,0,1,0,1,0,0,1,0,0,0,0,0,0,0,0,0,0,0,1,0,0,0,1,0,0,0,0,0,0,0,0,0,0,0,0,0,0,0,0,0,0,0,0,0,0,0,0,0,0,0,0,0,0,0,0,0
2456c41d-f760-5871-8f0b-384b44ec680c,da6210b4-a595-5933-93e3-166032fe75e1,Nandi Dairy Farm #0353,Rift Valley,Nandi,Dairy,3.9,0.634026,35.544205,11,False,Transitioning Agribusiness,1,11.28,3,Structured Farm,0.56,0.32,0.44,0.64,0.48,0.52,0.52,0.28,1,1,0,1,0,1,1,1,0,1,1,0,1,0,0,0,1,1,0,0,1,1,0,1,0,0,1,0,0,0,1,1,0,1,0,0,1,0,1,0,1,0,0,0,0,1,0,0,0,0,0,1,1,0,1,0,0,0,0,0,1,1,0,0,0,1,0,0,0,1,1,1,1,1,0,1,1,1,0,1,1,1,0,0,0,1,0,1,0,0,1,1,1,1,0,1,0,1,1,1,1,1,1,0,0,1,1,1,0,0,1,1,1,1,0,0,1,0,0,0,0,1,0,0,0,1,1,1,1,0,1,1,1,1,1,1,0,0,0,0,0,0,0,0,0,1,0,1,1,0,1,1,0,1,0,1,0,1,0,0,1,1,0,1,0,1,0,0,1,0,0,1,0,1,1,1,1,1,0,0,1,0,0,0,0,0,0,0,0,0,1,0,1,0,0,0,1,0,0,0
f7f6902c-c07b-5814-b452-bd6632db19f7,7f4654d2-02cd-5af8-8e3b-d4b72505c16d,Embu Macadamia Farm #0354,Central Highlands,Embu,Macadamia,10.54,-0.003472,36.738403,8,True,Transitioning Agribusiness,1,12.48,3,Structured Farm,0.44,0.56,0.56,0.64,0.48,0.64,0.48,0.36,0,1,0,1,1,0,0,0,0,0,1,0,1,0,0,1,1,1,0,0,1,1,0,1,0,1,0,0,1,0,0,1,1,0,0,1,1,1,1,1,1,1,0,0,0,1,1,1,0,0,1,1,0,1,0,1,1,0,1,0,1,1,0,1,0,1,1,0,0,0,1,1,1,0,0,0,1,0,1,1,1,1,0,1,0,1,1,1,1,0,1,1,1,0,1,0,1,1,0,0,0,1,0,1,0,1,0,1,0,0,1,1,0,1,0,0,1,1,1,0,1,1,0,0,0,1,1,1,0,0,1,1,0,0,0,1,1,0,1,1,1,1,1,1,0,1,1,1,0,0,1,1,1,1,1,1,0,1,0,0,1,1,0,0,0,0,0,1,0,0,0,1,0,1,0,1,0,0,0,0,1,0,0,0,1,1,0,1,0,0,1,0,1,0,0,0,1,0,1,0
6ad9f059-5d2b-52ab-b65a-994ddbd5f834,07652566-750a-5308-a972-7c80a8b6a0ca,Kericho Maize Farm #0355,Rift Valley,Kericho,Maize,0.5,-1.042504,35.469749,1,False,Informal Smallholder,0,5.76,2,Emerging Agribusiness,0.2,0.2,0.2,0.64,0.16,0.2,0.2,0.12,0,1,0,0,0,1,0,0,0,0,0,0,0,0,0,0,1,1,0,0,0,1,0,0,0,0,0,0,1,0,0,1,0,0,0,1,0,0,0,0,1,0,0,0,0,0,1,0,0,0,0,0,1,0,0,0,0,0,0,0,0,0,0,0,1,0,0,1,0,0,0,1,1,0,0,0,1,0,1,0,0,1,1,1,1,0,1,1,1,0,1,1,1,0,0,1,1,1,1,0,0,1,0,0,0,0,1,0,0,0,0,0,0,0,0,0,1,0,0,0,0,1,0,0,0,0,0,0,0,0,1,0,0,0,0,0,0,1,0,0,1,0,0,0,0,1,1,0,0,0,0,0,1,0,0,0,0,1,0,0,0,1,0,1,0,0,0,0,0,0,0,1,0,0,0,1,0,0,1,0,0,0,0,0,0,0,0,0,0,0,1,0,0,0,0,0,0,0,0,0
a3cf5eb4-488d-532f-86cc-91e8152d42b5,8b276c1e-d272-5dc1-9601-9c8bb69a434e,Machakos Sorghum Farm #0356,Eastern Semi-Arid,Machakos,Sorghum,9.94,-1.549336,38.261403,11,True,Transitioning Agribusiness,1,12.24,3,Structured Farm,0.48,0.2,0.68,0.8,0.56,0.6,0.48,0.28,1,0,0,0,0,0,1,0,1,0,1,1,1,1,1,1,0,1,0,0,1,1,0,0,0,0,0,0,0,0,0,1,0,0,0,0,0,1,0,0,1,0,0,1,0,0,0,1,0,0,0,1,1,1,1,1,1,1,0,0,1,1,1,1,1,1,1,0,0,0,1,0,1,1,0,1,1,1,1,0,1,1,1,0,1,1,1,0,1,1,1,1,1,1,0,1,1,1,1,0,0,1,1,1,0,1,1,1,0,0,0,1,0,1,0,1,0,1,0,0,1,1,1,0,1,1,1,0,0,1,1,1,0,0,1,1,1,1,1,0,1,1,0,1,0,1,1,0,0,0,1,0,0,1,0,1,1,1,1,0,0,1,0,0,0,1,1,1,0,0,1,0,0,1,0,1,1,1,0,0,0,0,0,0,0,0,1,0,0,0,1,1,1,0,0,0,0,0,0,0
c86a3b42-9042-5b40-a2dd-f1b3d2459727,907b0ae5-ea72-5f17-ba5c-0aaec83f8f92,Meru Dairy Farm #0357,Central Highlands,Meru,Dairy,4.29,-1.01328,37.284673,1,True,Transitioning Agribusiness,1,11.52,3,Structured Farm,0.28,0.44,0.6,0.6,0.56,0.64,0.48,0.24,1,0,0,0,0,0,0,0,0,0,0,1,0,0,0,1,1,1,1,0,0,1,0,0,0,0,1,0,1,0,1,0,0,0,0,1,1,0,1,0,1,1,1,0,1,1,0,0,0,0,1,1,1,1,1,1,1,0,0,0,0,0,0,1,0,1,1,1,0,0,1,1,1,1,0,1,1,1,0,0,0,1,1,0,1,1,1,1,1,0,1,0,1,1,0,1,0,0,1,0,1,1,0,1,0,1,1,0,0,0,0,1,0,0,1,0,1,1,1,1,1,1,0,1,0,1,1,1,1,0,1,1,0,1,0,0,1,1,0,0,1,1,0,1,1,1,0,0,1,1,1,1,0,0,0,1,1,0,0,1,1,1,0,0,0,1,1,0,0,1,1,0,1,0,0,1,0,1,0,0,0,0,0,0,0,1,0,0,0,0,0,0,0,1,1,0,0,1,0,0
ca5187e7-be88-5423-b8d5-50031df74671,636dfc3d-9a17-51b6-8ec2-5775d5f59096,Busia Cassava Farm #0358,Western Kenya,Busia,Cassava,5.75,0.245134,35.140678,15,True,Transitioning Agribusiness,1,12.6,3,Structured Farm,0.44,0.56,0.6,0.6,0.56,0.52,0.52,0.4,1,1,1,0,0,1,0,0,1,1,1,0,1,0,0,1,0,1,0,0,0,0,0,1,0,1,1,1,0,0,1,1,0,1,0,0,0,1,1,0,1,1,1,0,1,1,1,0,0,0,1,1,0,1,1,0,1,0,1,1,0,1,1,0,1,1,1,0,1,0,0,1,1,0,0,0,1,1,1,0,1,1,0,0,0,1,1,1,1,1,1,0,1,0,0,1,1,1,0,0,1,1,0,1,0,1,1,1,0,0,1,0,1,0,1,1,1,0,0,0,1,1,1,0,0,1,1,1,0,1,1,1,1,0,0,1,1,0,1,0,0,0,0,0,1,1,0,1,0,0,0,1,0,1,0,0,1,0,1,1,1,1,1,0,0,1,0,0,0,0,1,1,1,1,0,0,1,1,1,0,1,0,0,0,1,1,1,1,0,0,1,1,0,0,0,0,0,0,0,0
b3f120a4-b553-50f8-b6a7-9675e18d15f3,2db6fd42-bfea-5b2d-9e3b-691f63576462,Nyeri Avocado Farm #0359,Central Highlands,Nyeri,Avocado,4.15,-0.371393,37.14874,13,True,Informal Smallholder,0,4.56,5,Future Ready Farm,0.16,0.08,0.28,0.56,0.0,0.24,0.12,0.08,0,1,1,0,0,0,0,0,0,1,0,0,0,0,0,0,0,0,0,0,1,0,0,0,0,0,0,1,0,0,0,0,0,0,0,0,0,0,0,0,0,0,0,0,1,0,0,0,0,0,1,1,0,0,0,0,0,0,1,0,0,1,0,0,1,0,1,1,0,0,0,0,0,0,0,1,0,1,0,0,1,1,0,0,0,1,1,1,0,0,1,1,1,0,0,1,1,0,1,1,0,0,0,0,0,0,0,0,0,0,0,0,0,0,0,0,0,0,0,0,0,0,0,0,0,1,0,0,0,0,1,1,1,0,0,0,1,0,0,0,1,0,0,0,0,0,0,0,0,0,0,0,0,0,0,0,1,0,0,0,1,0,0,0,0,0,0,0,0,0,0,1,0,0,0,0,0,0,0,0,0,1,0,0,0,0,0,0,0,0,0,0,0,0,0,1,0,0,0,0
c0b57633-d80c-5c2d-817b-5b13d737862f,92c5827a-b76b-5cf7-b3b2-4b3b2cedbe21,Kilifi Vegetables Farm #0360,Coastal Lowlands,Kilifi,Vegetables,11.04,-3.134262,38.723354,6,True,Transitioning Agribusiness,1,12.0,3,Structured Farm,0.56,0.36,0.52,0.68,0.36,0.56,0.56,0.4,1,1,1,0,0,1,1,1,1,0,0,1,1,0,0,1,1,1,0,0,1,1,0,0,0,1,1,0,0,0,1,0,1,0,1,0,0,0,0,1,1,0,1,0,0,1,0,0,0,0,1,1,1,1,0,1,1,0,1,0,1,0,1,0,0,1,0,0,0,0,1,1,1,0,0,1,1,1,0,1,1,1,0,1,0,1,0,1,1,1,1,0,1,0,1,1,1,1,0,0,0,0,0,0,0,1,1,1,1,0,0,1,0,0,0,0,1,0,1,0,1,0,0,0,1,1,1,0,1,1,1,1,1,1,0,1,1,1,1,0,0,0,1,0,0,0,0,1,0,0,1,1,0,0,0,0,0,1,1,1,1,1,1,1,0,1,0,1,0,0,1,1,1,0,0,1,1,1,0,0,0,1,0,0,0,1,1,0,0,0,1,1,0,0,0,1,0,0,1,0
86a2eb65-4684-5ff8-95b3-9af2420413cf,ab56aabc-0a9b-5107-aa3a-e16c88dfda40,Machakos Green Grams Farm #0361,Eastern Semi-Arid,Machakos,Green Grams,47.29,-1.177101,38.329814,14,True,Commercial Market Leader,2,19.56,4,Investment Ready Farm,0.8,0.72,0.8,0.76,0.88,0.8,0.92,0.84,1,1,1,1,0,1,1,1,1,0,1,1,1,1,1,1,1,1,0,0,1,1,1,0,1,1,0,1,1,1,1,1,0,1,0,1,0,0,1,1,1,1,1,1,1,0,1,1,0,1,1,1,0,1,0,1,1,1,1,1,1,1,1,1,1,1,1,0,1,0,1,1,0,1,1,1,1,1,0,1,1,1,1,0,0,1,1,0,1,0,1,1,1,1,1,1,1,1,0,1,1,1,0,1,0,1,1,1,1,1,1,1,1,1,1,1,1,1,1,0,1,1,1,1,1,1,1,1,1,1,1,1,1,1,1,0,1,0,1,1,1,1,1,0,1,1,1,0,1,0,1,1,1,1,1,1,1,1,1,0,1,1,1,1,0,1,1,1,1,1,1,1,1,1,1,1,0,1,1,1,1,0,1,1,1,1,1,1,1,1,0,0,1,1,1,1,1,1,1,1
808de489-ce54-5afb-9986-a256a8aeccf7,63befded-73ac-501b-b657-89a9b1f4c777,Kilifi Cassava Farm #0362,Coastal Lowlands,Kilifi,Cassava,1.58,-3.396596,40.222402,10,False,Informal Smallholder,0,5.16,2,Emerging Agribusiness,0.12,0.24,0.24,0.56,0.12,0.28,0.12,0.04,0,0,0,1,0,0,0,0,0,0,1,0,0,0,0,0,0,0,0,0,1,0,0,0,0,1,1,0,0,0,1,0,1,0,0,0,1,0,0,0,0,0,0,0,0,0,0,0,0,1,1,0,0,0,0,0,1,0,0,0,0,1,1,0,0,0,1,0,0,0,1,0,0,0,0,1,1,1,1,0,1,1,0,0,0,0,1,1,0,0,1,1,0,1,0,1,0,1,1,0,1,0,1,0,0,0,0,0,0,0,0,0,0,0,0,1,0,0,0,0,0,0,0,0,0,0,1,0,0,0,1,0,0,0,0,1,0,1,0,0,0,1,0,0,0,1,1,0,0,0,0,0,0,0,0,0,0,0,0,0,1,0,0,0,0,1,1,0,0,0,0,0,0,0,0,0,0,0,0,0,0,0,0,0,0,0,0,0,0,0,0,1,0,0,0,0,0,0,0,0
bbc7a99f-385a-51c1-8c44-ce282b44a38e,834b005b-64c5-519c-8dc6-9f76d0e0adbd,Vihiga Sugarcane Farm #0363,Western Kenya,Vihiga,Sugarcane,2.92,0.797944,35.167373,12,True,Informal Smallholder,0,5.4,2,Emerging Agribusiness,0.16,0.12,0.4,0.52,0.12,0.28,0.04,0.16,1,0,1,0,0,0,0,0,1,0,0,0,0,0,0,1,0,0,0,0,0,0,0,0,0,0,0,0,0,0,0,1,0,1,0,0,0,0,1,0,0,0,0,0,0,0,0,0,0,0,1,1,0,0,0,1,0,0,0,0,0,1,1,0,0,0,0,1,1,0,1,1,1,0,0,1,1,1,0,0,1,1,1,1,1,1,1,0,0,0,1,1,0,0,0,1,0,0,0,0,1,0,0,0,0,1,0,0,0,0,0,1,0,0,0,0,0,0,0,0,0,0,0,0,0,1,0,0,0,0,0,0,1,0,1,1,1,0,0,0,1,0,1,0,0,0,0,0,0,0,0,0,0,0,0,0,0,0,0,0,0,0,0,0,0,0,0,0,0,0,1,0,0,0,0,0,0,0,0,0,0,0,0,0,0,0,0,0,0,1,0,1,0,0,0,1,1,0,0,0
f9c6a9f7-6b09-5f7e-8d69-3179c0a4cbb5,b1135aaf-cdc5-575e-b16c-58bc10bad726,Bungoma Cassava Farm #0364,Western Kenya,Bungoma,Cassava,2.64,-0.007439,34.631875,9,True,Informal Smallholder,0,7.2,2,Emerging Agribusiness,0.2,0.28,0.16,0.56,0.2,0.6,0.2,0.2,0,0,0,1,0,0,1,0,0,0,1,1,0,0,0,0,0,0,0,0,1,0,0,0,0,0,0,0,0,0,0,0,0,0,1,1,1,0,0,0,1,0,1,1,0,1,0,0,0,0,0,0,0,0,0,1,0,1,0,0,1,0,0,0,0,1,0,0,0,0,0,0,0,0,0,1,1,0,0,1,1,1,0,0,1,1,1,1,1,0,1,1,0,1,0,1,0,0,0,0,0,0,1,0,0,0,0,0,0,0,1,0,1,0,0,1,0,0,0,0,1,0,0,0,0,1,1,0,1,0,1,1,1,1,0,0,1,1,0,0,0,1,1,0,0,1,1,1,1,0,0,1,0,0,0,0,1,0,0,0,1,0,0,0,0,0,0,0,0,1,0,1,0,0,0,0,0,0,1,1,0,0,0,1,0,1,1,0,0,0,0,0,0,0,0,0,0,0,0,0
c5702e9c-f86a-503f-a20d-1b0341ffbf97,1d94943c-3dfd-540e-8ce5-2950ddf92888,Kilifi Cashew Farm #0365,Coastal Lowlands,Kilifi,Cashew,5.7,-2.487589,40.109553,14,True,Transitioning Agribusiness,1,11.52,3,Structured Farm,0.24,0.36,0.6,0.64,0.48,0.56,0.6,0.36,1,0,0,0,0,1,0,0,1,0,0,1,0,0,0,1,0,0,0,1,0,0,0,0,0,0,1,0,0,0,1,1,0,0,0,1,1,1,0,0,1,1,0,0,0,0,0,1,0,0,1,1,1,0,0,0,1,0,0,0,1,1,1,0,0,1,1,1,1,1,1,1,1,0,0,0,1,0,0,1,1,1,1,1,0,1,1,1,0,1,1,1,1,0,0,1,1,0,0,1,1,1,0,1,0,1,0,0,1,0,0,0,1,1,0,1,0,1,0,0,1,0,0,1,1,1,0,1,0,1,1,1,0,0,0,1,1,0,1,0,1,1,1,0,1,0,1,1,0,0,0,1,1,0,0,1,0,1,0,0,1,1,0,1,0,0,1,1,1,0,1,1,1,1,1,0,1,1,0,0,1,0,0,1,0,1,1,0,0,0,1,0,0,0,0,1,1,0,0,0
17ab2bf9-6d6b-53dd-a2f7-1f85017b81cf,911a428c-ec07-555f-86de-37de8f292be9,Kitui Livestock Farm #0366,Eastern Semi-Arid,Kitui,Livestock,2.65,-0.952817,37.505768,4,False,Informal Smallholder,0,5.64,2,Emerging Agribusiness,0.32,0.2,0.2,0.52,0.16,0.12,0.28,0.08,1,0,1,0,0,1,1,0,0,0,0,1,0,0,0,1,1,0,0,0,1,0,0,0,0,0,0,0,0,0,0,1,0,0,0,0,0,0,0,0,0,1,0,0,0,1,0,1,1,0,0,0,0,0,0,1,1,0,0,0,0,1,1,0,0,0,0,0,0,0,1,0,0,0,0,1,1,0,0,0,0,1,0,1,0,1,1,1,1,0,1,1,1,0,0,0,0,0,1,1,0,0,0,0,0,0,0,0,0,0,1,0,0,0,0,0,1,0,0,1,1,0,0,0,0,0,1,0,0,1,0,0,0,0,0,0,0,0,0,0,1,0,0,0,0,0,0,0,0,0,0,1,0,1,0,1,0,0,0,0,0,1,1,0,0,0,1,0,0,0,0,1,0,0,0,0,0,0,0,0,0,0,0,0,0,0,0,0,0,1,0,0,0,0,0,1,0,0,0,0
dfa8dbe2-ddf5-5429-8665-5f47cb550c72,b54faa1f-9c65-5b92-88cf-63616bbacf4e,Nyeri Dairy Farm #0367,Central Highlands,Nyeri,Dairy,2.41,-0.68458,37.179408,13,True,Transitioning Agribusiness,1,11.4,3,Structured Farm,0.48,0.6,0.64,0.56,0.4,0.44,0.44,0.24,0,1,1,0,1,1,1,1,1,0,1,0,0,0,0,1,1,0,0,0,1,0,1,0,0,0,1,0,1,0,1,1,1,1,1,1,1,0,0,0,1,1,1,0,0,1,1,1,0,0,0,1,1,0,0,1,1,1,1,1,1,1,1,1,0,1,1,1,0,0,1,0,1,0,0,0,1,0,0,1,1,1,0,0,0,1,1,0,1,1,1,1,1,0,0,1,0,1,1,0,0,1,0,0,0,1,0,1,0,0,1,0,0,1,0,1,0,1,0,0,1,1,0,0,1,1,1,1,1,0,1,1,0,0,0,1,0,0,0,0,1,0,1,0,0,0,0,1,0,1,1,1,0,1,0,1,1,1,0,1,1,0,0,0,0,0,0,1,1,0,0,0,1,0,0,0,0,1,0,0,0,0,0,0,0,1,0,0,0,0,1,0,0,0,0,1,1,1,0,0
8d8574d5-e92b-58c4-8cd4-5f95b808bb27,7bbb6932-2962-5a95-a142-437a2e86d0e1,Vihiga Horticulture Farm #0368,Western Kenya,Vihiga,Horticulture,3.3,0.069373,34.286404,3,False,Transitioning Agribusiness,1,11.88,3,Structured Farm,0.4,0.52,0.6,0.48,0.44,0.68,0.48,0.36,0,1,0,0,0,1,0,0,0,1,1,1,1,0,0,1,1,0,0,0,1,1,0,0,0,1,1,0,0,0,1,1,0,0,0,0,1,1,1,0,1,1,1,0,0,1,1,0,1,0,1,1,1,0,0,1,0,1,1,0,0,1,0,1,0,1,1,1,0,1,1,1,1,0,0,1,0,1,0,0,1,0,0,0,0,1,1,1,0,0,1,0,1,0,1,1,1,1,0,0,1,0,1,1,0,1,0,1,0,0,1,0,1,0,0,0,0,1,0,0,0,1,1,1,0,1,1,1,0,0,1,1,1,1,0,1,1,0,1,0,0,1,0,1,1,1,1,1,1,0,1,1,0,0,0,1,1,0,0,0,1,1,0,1,0,0,1,0,1,1,1,1,0,0,0,1,0,1,1,0,0,0,0,0,0,1,0,0,1,0,1,1,0,0,0,1,0,0,0,1
ba9c8969-c9c5-5e17-b8ec-8283e1570dd4,26fa8523-bafb-5dc3-862f-13cef4bc1ca3,Makueni Mangoes Farm #0369,Eastern Semi-Arid,Makueni,Mangoes,2.62,-2.089236,37.326317,8,True,Informal Smallholder,0,6.12,2,Emerging Agribusiness,0.16,0.28,0.32,0.56,0.04,0.4,0.16,0.12,0,0,1,0,0,1,0,0,0,0,0,0,0,0,0,1,1,0,0,0,0,0,0,0,0,1,1,0,0,0,1,0,1,0,0,1,0,0,0,0,0,0,0,0,0,1,0,0,0,1,1,1,0,0,1,1,0,0,0,0,0,0,0,0,0,1,1,0,0,0,0,1,0,1,0,1,0,1,0,1,1,0,0,0,0,1,1,0,1,0,1,1,1,1,0,1,0,1,0,1,1,0,0,0,0,0,0,0,0,0,0,0,0,0,0,0,0,0,0,0,0,0,0,0,0,1,0,0,1,0,1,0,1,0,0,1,0,0,0,0,1,0,0,1,0,1,1,0,0,1,0,1,1,0,0,1,0,0,0,0,1,0,0,0,0,0,0,0,0,0,0,0,0,0,0,0,0,0,0,0,0,1,0,0,0,0,0,0,0,0,0,0,0,0,0,1,0,1,0,0
14a96803-0ad2-5a00-8e72-019fc007c20a,8fbc4312-dac2-52a7-b105-de3d5d4814a4,Bungoma Sugarcane Farm #0370,Western Kenya,Bungoma,Sugarcane,29.49,1.142659,34.679589,1,True,Commercial Market Leader,2,21.0,5,Future Ready Farm,1.0,0.88,0.96,0.88,0.92,0.84,0.92,0.6,1,1,1,1,1,1,1,1,1,1,1,1,1,1,1,1,1,1,1,1,1,1,1,1,1,1,1,1,1,1,1,1,1,1,1,1,1,1,1,0,1,1,1,1,0,1,1,1,1,0,1,1,1,1,1,1,1,1,1,1,1,0,1,1,1,1,1,1,1,1,1,1,1,1,1,1,1,1,1,1,1,1,1,1,0,1,1,1,1,0,1,1,1,1,1,1,1,1,1,0,1,1,1,1,1,1,1,1,1,1,1,1,1,1,0,1,1,1,1,1,1,1,1,1,0,1,1,1,0,0,1,1,1,1,1,1,1,1,1,0,1,1,1,1,0,1,1,1,1,1,1,1,1,0,1,1,1,1,1,1,1,1,1,1,1,1,1,0,1,1,1,1,1,1,1,1,0,0,1,1,1,1,0,0,1,1,1,0,0,0,1,1,1,1,0,1,1,1,0,0
c2d92820-ed1b-50da-94d2-43e25735ccc5,60c60237-e482-5233-be9b-9fe67861992e,Lamu Vegetables Farm #0371,Coastal Lowlands,Lamu,Vegetables,8.3,-2.112806,40.469343,15,True,Transitioning Agribusiness,1,10.8,3,Structured Farm,0.2,0.44,0.44,0.64,0.56,0.4,0.52,0.4,0,1,0,0,0,1,0,0,0,0,1,0,0,0,0,0,0,0,0,0,1,0,1,0,0,1,0,0,1,0,1,0,0,1,0,0,1,0,0,0,1,0,0,1,1,1,1,1,0,0,1,0,0,1,0,1,0,1,0,0,1,0,0,1,0,1,1,0,0,0,1,0,1,1,0,1,1,1,1,1,1,0,0,1,0,1,1,1,0,0,1,1,0,0,1,1,0,1,1,0,1,1,1,1,1,1,1,0,0,0,1,1,1,0,0,1,0,0,0,0,1,1,1,0,0,1,1,1,1,0,0,1,0,0,0,1,0,0,0,1,0,1,0,0,0,0,1,1,0,0,1,0,0,0,0,0,1,0,0,1,1,1,0,1,0,1,0,1,1,0,1,0,1,1,1,1,0,0,1,0,1,0,0,0,0,1,0,0,0,0,1,1,1,0,0,1,1,1,0,0
f15fdca7-0c21-550d-9017-fff69a882e10,574e32e9-dee3-5605-987e-ea2fde2c5390,Kitui Pigeon Peas Farm #0372,Eastern Semi-Arid,Kitui,Pigeon Peas,2.46,-1.571351,37.300915,1,True,Informal Smallholder,0,5.16,2,Emerging Agribusiness,0.04,0.28,0.28,0.52,0.2,0.2,0.16,0.04,0,0,0,0,0,0,1,0,0,0,0,0,0,0,0,0,0,0,0,0,0,0,0,0,0,0,1,0,0,0,0,0,1,0,0,0,1,1,0,0,0,0,1,0,0,0,1,1,0,0,0,0,0,0,0,1,1,0,0,0,0,0,0,1,0,1,0,0,0,0,1,1,1,0,0,1,0,0,0,0,1,1,1,0,1,1,0,0,1,1,1,0,0,0,0,1,1,1,0,1,0,0,0,0,0,0,1,0,0,0,0,1,0,0,0,1,0,0,0,0,0,1,1,0,0,1,0,0,0,0,1,0,0,0,0,1,0,0,0,0,1,0,0,0,0,0,1,0,0,0,0,0,0,0,0,1,1,0,0,0,0,0,0,0,0,0,0,0,0,0,1,0,0,0,1,0,0,0,0,0,0,0,0,0,0,0,0,0,0,0,0,0,0,0,0,0,1,0,0,0
8e0a05c9-6faf-51d2-8e48-afc21b6d197e,75043879-fa3f-5053-9b14-4683e710fba3,Kwale Coconut Farm #0373,Coastal Lowlands,Kwale,Coconut,1.03,-3.377333,40.49096,13,True,Informal Smallholder,0,5.88,2,Emerging Agribusiness,0.04,0.24,0.2,0.72,0.28,0.2,0.24,0.04,0,0,0,0,0,0,0,0,0,0,1,0,0,0,0,0,0,0,0,0,0,0,0,0,0,0,1,0,0,0,0,0,1,0,0,0,1,0,0,0,1,1,0,0,0,1,0,0,0,0,1,0,0,0,0,1,0,1,0,0,0,0,0,0,0,0,1,0,0,0,1,0,0,0,0,1,1,0,0,0,1,0,1,1,0,1,1,0,0,1,1,1,1,1,1,1,1,1,1,1,1,1,0,0,0,1,1,0,0,0,1,0,0,0,0,1,0,1,0,0,0,0,0,0,0,1,0,0,0,0,0,1,0,1,0,0,0,0,0,0,1,0,0,1,0,0,0,0,0,0,0,1,1,0,0,1,0,1,0,0,0,0,0,0,0,1,0,0,0,0,0,1,0,0,0,0,1,0,0,0,0,0,0,0,0,0,0,0,0,0,0,0,0,0,0,0,0,0,0,0
9bb323b5-334b-5c5b-acb7-1d96755c0c03,7573ba70-fd1a-5cf9-8be5-d8cc3f9be1aa,Murang'a Dairy Farm #0374,Central Highlands,Murang'a,Dairy,5.32,0.166553,37.398811,19,False,Informal Smallholder,0,5.52,2,Emerging Agribusiness,0.32,0.08,0.2,0.52,0.08,0.24,0.24,0.16,0,0,0,0,0,1,1,0,0,0,1,0,1,0,0,0,1,0,0,0,1,0,1,1,0,1,0,0,0,0,0,0,0,0,0,0,0,0,0,0,0,1,0,0,0,0,0,0,0,0,1,0,0,1,0,0,0,0,0,0,1,0,1,0,0,0,1,0,0,0,0,0,0,0,0,1,1,0,0,1,1,1,1,0,0,0,1,1,0,0,1,0,1,0,0,1,0,1,0,1,0,0,0,0,0,0,1,0,0,0,0,0,0,0,0,0,0,0,0,0,0,1,0,0,0,1,1,0,0,0,0,0,0,0,0,0,0,0,1,0,1,1,0,0,0,1,0,0,0,0,1,0,0,0,0,1,0,0,0,0,1,0,0,0,0,0,1,0,0,0,1,1,0,0,0,0,0,0,0,0,0,0,0,0,0,0,0,0,1,0,0,0,0,0,0,1,1,0,0,1
58ee1c25-e8ce-592e-8078-7e41c27d0e8a,5256a98a-82df-5771-8883-372aeeeeeb83,Nandi Dairy Farm #0375,Rift Valley,Nandi,Dairy,1.64,1.214156,35.213185,12,True,Informal Smallholder,0,5.4,2,Emerging Agribusiness,0.2,0.2,0.16,0.6,0.16,0.24,0.2,0.04,0,0,0,0,0,1,1,0,0,0,0,1,0,0,0,0,0,0,0,0,0,1,1,0,0,0,0,0,0,0,1,0,1,0,0,0,0,0,1,0,0,0,0,0,0,1,0,0,1,0,1,0,0,0,0,0,0,0,0,0,1,0,0,0,0,0,1,0,0,0,1,0,0,0,0,1,1,1,1,0,1,1,1,1,1,1,1,1,0,0,1,0,0,1,0,0,1,0,0,0,0,0,0,0,0,0,0,0,0,0,0,1,0,0,0,0,1,0,0,0,1,1,0,0,0,0,0,0,1,0,1,0,1,0,0,1,0,0,0,0,1,1,0,0,0,0,0,0,0,0,1,0,0,0,0,1,0,0,0,0,0,0,0,0,0,1,0,1,0,0,0,0,1,0,0,0,0,0,0,0,1,0,0,0,0,0,0,0,0,0,0,0,0,0,0,0,0,0,0,0
2fd6af9b-5884-56e8-96b7-0e74738a7c37,bbcff310-1da8-502e-90a6-169b7b80f086,Nandi Tea Farm #0376,Rift Valley,Nandi,Tea,3.03,0.49194,35.890659,11,True,Informal Smallholder,0,6.12,2,Emerging Agribusiness,0.28,0.2,0.36,0.56,0.16,0.36,0.12,0.0,1,0,0,0,0,0,0,1,0,0,0,0,1,1,0,0,1,0,0,0,0,0,1,1,0,1,0,0,0,0,0,1,0,0,0,0,0,1,0,0,1,0,1,0,0,0,0,0,0,0,0,1,0,0,1,1,0,1,0,0,0,1,0,0,0,1,0,0,0,0,1,1,1,0,0,1,0,1,0,0,1,0,1,1,1,1,1,0,0,1,1,0,0,1,0,1,1,1,0,0,0,1,0,1,0,0,0,0,0,0,0,0,0,0,0,0,0,0,0,0,1,1,0,0,0,1,1,0,0,0,1,1,1,1,0,0,1,0,0,0,1,1,0,0,0,0,0,0,0,0,1,0,1,0,0,0,1,0,0,0,0,0,0,0,0,0,0,0,0,0,0,0,0,0,0,0,0,0,0,0,0,0,0,0,0,0,0,0,0,0,0,0,0,0,0,0,0,0,0,0
b3820143-6e4b-51c9-bbd3-d305d33e7a91,124db6c6-3796-5841-a88f-32c82a097279,Lamu Cashew Farm #0377,Coastal Lowlands,Lamu,Cashew,14.18,-3.912429,38.912409,6,True,Commercial Market Leader,2,19.8,4,Investment Ready Farm,0.84,0.92,0.92,0.8,0.8,0.68,0.92,0.72,1,1,1,1,1,1,1,1,1,0,1,1,1,1,1,1,1,1,1,1,0,1,0,1,0,1,1,1,1,1,1,1,1,1,0,1,1,1,1,1,1,1,1,1,1,1,1,0,1,1,1,1,1,1,1,1,1,1,0,1,1,1,1,1,1,1,1,1,1,1,1,1,1,1,0,1,1,1,0,1,1,1,1,1,1,1,1,1,0,0,1,1,1,0,1,0,1,1,1,1,1,0,1,1,1,1,1,1,0,0,1,1,1,1,0,1,1,0,1,1,1,1,1,1,1,1,1,1,0,0,1,1,0,0,0,0,1,1,1,1,1,1,1,1,1,1,1,1,0,0,1,1,0,1,1,1,1,1,1,1,1,1,1,1,0,1,1,1,1,1,1,1,1,1,1,1,1,0,0,1,1,1,1,0,0,1,0,1,0,1,1,1,1,1,0,1,1,1,1,1
b0ec08b5-a515-55d3-9f0c-cc62b912a0b6,e0d5818d-0968-5c8d-8282-4716a165d510,Lamu Vegetables Farm #0378,Coastal Lowlands,Lamu,Vegetables,2.68,-3.536842,39.424049,10,True,Informal Smallholder,0,5.04,2,Emerging Agribusiness,0.2,0.16,0.2,0.52,0.16,0.16,0.16,0.12,0,0,0,0,0,0,0,0,0,0,1,1,0,0,0,0,1,0,0,0,0,1,0,1,0,1,0,0,0,0,0,0,0,0,0,0,0,0,0,0,1,0,0,0,0,1,1,0,0,0,1,0,0,0,0,0,0,0,0,0,0,1,0,0,0,0,0,0,0,0,1,1,0,0,1,0,1,1,1,0,1,1,0,0,0,1,1,1,0,0,1,1,0,1,1,0,1,0,0,0,0,0,0,0,1,0,0,0,0,0,0,1,0,0,0,0,0,1,0,0,1,0,0,0,0,0,0,0,0,0,0,1,0,0,0,0,1,0,0,0,0,0,1,0,0,0,0,1,0,0,0,0,0,1,0,1,0,0,0,0,1,0,0,0,0,0,0,1,0,0,0,0,0,0,0,0,1,0,0,0,0,1,0,0,0,0,0,0,0,0,0,0,1,0,0,0,0,0,0,0
4739748f-9aed-52e4-8608-0842a0587358,c24dcf95-195e-5aed-bd44-168095f43f6d,Kitui Mangoes Farm #0379,Eastern Semi-Arid,Kitui,Mangoes,4.12,-0.013127,37.475865,20,True,Informal Smallholder,0,5.64,2,Emerging Agribusiness,0.08,0.24,0.24,0.6,0.32,0.28,0.08,0.04,0,0,0,0,0,0,0,0,0,1,0,0,0,0,0,1,0,0,0,0,0,0,0,0,0,1,0,0,0,0,0,1,0,1,0,1,1,1,0,0,0,0,0,0,0,0,0,0,0,0,1,1,0,0,0,0,0,1,0,0,0,0,1,0,0,0,1,0,1,0,0,0,0,0,0,1,1,0,0,0,1,1,0,0,0,1,1,1,0,0,1,1,1,1,1,1,1,1,0,0,1,0,0,0,0,0,1,0,0,0,1,0,1,0,0,1,1,0,0,0,0,1,0,1,0,1,1,1,0,0,0,0,0,0,0,0,0,1,0,0,1,0,0,0,0,0,1,1,0,0,1,0,0,0,0,1,0,0,0,0,0,0,0,0,0,0,0,0,0,0,0,0,0,0,0,0,0,0,0,0,0,0,0,0,1,0,0,0,0,0,0,0,0,0,0,0,0,0,0,0
17cae109-cdb4-5c16-83b9-794aecd4fd8a,2beb364c-125a-5dfe-bfc4-011028b6a5a5,Taita Taveta Cashew Farm #0380,Coastal Lowlands,Taita Taveta,Cashew,5.92,-4.007366,38.61538,7,True,Transitioning Agribusiness,1,12.84,3,Structured Farm,0.56,0.4,0.64,0.68,0.4,0.64,0.52,0.44,1,1,1,1,1,1,1,0,1,0,1,0,0,0,1,1,0,0,1,0,1,1,0,0,0,0,0,1,0,1,1,1,0,0,0,1,1,0,0,0,1,1,0,0,0,1,1,0,0,0,0,1,0,1,0,1,1,0,1,0,1,1,0,1,0,1,1,1,1,0,1,1,1,1,0,1,1,1,1,1,1,1,0,0,1,1,0,0,1,0,0,1,1,1,1,1,1,0,1,0,0,0,0,1,0,1,0,1,0,0,1,1,1,0,0,1,0,1,0,0,1,1,0,0,0,1,1,1,0,0,1,1,1,0,0,0,1,1,0,1,1,1,0,1,0,1,1,1,1,0,0,1,1,0,0,1,0,0,0,0,1,1,1,0,1,1,1,0,0,0,1,1,1,0,1,1,1,1,0,0,0,0,0,1,0,1,0,1,0,0,1,1,0,1,0,1,1,0,0,0
87804444-0a3d-54cd-87f7-014f78ebd963,19e1c617-44ca-5d8f-95a2-d2539616de89,Makueni Cowpeas Farm #0381,Eastern Semi-Arid,Makueni,Cowpeas,1.5,-0.331243,37.848714,19,True,Transitioning Agribusiness,1,11.16,3,Structured Farm,0.32,0.52,0.56,0.56,0.44,0.48,0.52,0.32,1,1,0,0,0,0,0,0,0,0,0,1,0,0,0,0,1,0,1,0,1,1,1,0,0,0,1,1,0,0,1,1,0,1,0,1,0,0,1,0,1,1,0,0,1,1,1,1,0,0,1,1,1,0,0,1,1,0,1,0,0,1,0,1,0,1,0,1,1,0,1,1,0,1,0,1,1,1,1,1,0,0,1,1,1,1,0,0,0,0,1,1,0,0,0,1,0,1,1,0,1,1,1,0,1,0,1,1,0,0,0,1,0,0,0,1,0,0,0,1,0,0,1,0,1,1,1,0,0,1,0,1,1,0,0,1,0,1,1,0,0,1,1,0,0,1,1,0,0,0,1,1,0,0,0,0,1,0,0,0,1,1,1,1,0,1,0,1,0,0,1,1,1,0,1,1,1,0,0,0,1,1,0,0,1,0,1,1,0,0,0,0,0,0,0,0,1,0,0,0
886a734c-f512-5699-b13c-5df0adb01cd8,551d878f-704a-5d73-8c83-2982dfd74489,Vihiga Horticulture Farm #0382,Western Kenya,Vihiga,Horticulture,39.81,0.660756,34.879077,11,True,Commercial Market Leader,2,18.84,4,Investment Ready Farm,0.8,0.6,0.88,0.68,0.72,0.96,0.76,0.88,1,1,1,0,1,1,1,1,0,1,1,1,1,1,1,1,1,1,1,0,1,0,1,1,0,1,1,1,0,0,1,1,0,0,1,1,1,0,1,1,1,1,0,0,0,0,1,1,0,1,1,1,1,1,1,1,1,0,0,0,1,1,1,1,1,1,1,1,1,1,1,1,1,1,1,0,1,1,0,0,1,1,0,1,0,1,1,1,0,1,0,1,1,1,1,0,1,1,1,1,1,1,1,1,1,1,0,1,1,0,1,1,1,0,0,1,1,1,0,0,1,1,1,0,1,1,1,1,1,1,1,1,1,1,0,1,1,1,1,1,1,1,1,1,1,1,1,1,1,1,1,1,1,0,1,1,1,1,1,0,1,0,1,1,1,1,1,1,0,1,1,0,1,1,0,1,1,1,1,0,1,1,1,1,0,1,1,1,1,1,1,1,1,1,0,1,1,1,1,1
4a226ee6-fc06-5ea1-b0c9-130bcbda31a7,5accc6e9-8021-532c-a446-8f00374a25af,Nakuru Maize Farm #0383,Rift Valley,Nakuru,Maize,5.15,1.261551,35.923248,16,True,Transitioning Agribusiness,1,12.0,3,Structured Farm,0.36,0.6,0.64,0.64,0.4,0.36,0.68,0.32,0,1,0,0,0,1,0,1,1,0,1,0,0,0,0,1,0,1,0,0,0,0,1,0,1,1,1,1,0,0,1,1,1,1,0,1,1,1,0,0,0,1,0,1,0,1,1,1,0,0,1,1,1,0,0,1,1,0,1,0,1,1,1,1,0,1,1,1,1,0,0,1,1,0,0,1,0,1,0,0,1,1,1,0,1,0,1,1,1,0,1,1,0,1,1,1,0,1,0,1,1,0,0,0,0,1,1,1,1,0,1,1,0,1,0,1,0,0,0,0,0,0,0,1,0,1,1,0,0,0,0,1,0,0,0,0,0,1,0,0,1,1,0,0,0,1,1,0,1,0,1,1,1,0,0,0,1,1,1,0,1,0,1,0,0,1,1,1,0,1,1,1,1,1,1,1,1,0,1,0,1,0,0,0,0,0,0,0,1,0,1,1,0,0,0,0,1,0,0,0
66e40756-5416-50fb-bdd5-8c1ea2f061cd,8132636c-ac64-5780-b9d8-bb907024f0df,Makueni Green Grams Farm #0384,Eastern Semi-Arid,Makueni,Green Grams,1.87,-2.090927,38.718404,17,False,Informal Smallholder,0,5.16,2,Emerging Agribusiness,0.08,0.32,0.28,0.44,0.04,0.28,0.28,0.0,1,0,0,0,0,0,0,0,0,0,0,0,0,0,0,0,0,0,0,1,0,0,0,0,0,1,1,0,0,0,0,1,1,0,0,0,0,1,0,0,0,1,1,0,0,0,0,1,0,0,0,1,0,1,0,0,1,0,0,0,1,1,0,0,0,1,0,0,0,0,1,0,0,0,0,1,0,1,1,0,1,0,0,1,0,0,0,1,1,0,0,1,1,0,0,0,1,1,0,0,0,0,0,0,0,0,0,1,0,0,0,0,0,0,0,0,0,0,0,0,0,0,0,0,0,1,0,0,0,0,0,0,0,1,0,1,0,0,0,0,1,0,1,1,0,0,1,0,0,0,1,1,0,1,0,0,1,0,0,0,0,0,0,0,0,1,1,0,0,0,0,1,0,0,0,0,0,0,0,0,0,0,0,0,0,0,0,0,0,0,0,0,0,0,0,0,0,0,0,0
b3c86a7b-c8e3-5581-93b3-435b4c2d9837,96b9726f-7ade-55a3-b577-cf3a30b5c1a2,Machakos Mangoes Farm #0385,Eastern Semi-Arid,Machakos,Mangoes,0.57,-0.390996,38.196157,11,True,Informal Smallholder,0,4.56,5,Future Ready Farm,0.2,0.16,0.08,0.6,0.16,0.16,0.08,0.08,0,0,0,0,0,0,1,1,0,0,0,1,0,0,0,0,0,0,0,1,0,0,0,0,1,0,0,1,0,0,0,0,0,0,0,1,1,0,1,0,0,0,0,0,0,0,0,0,0,0,0,0,0,0,0,1,0,0,0,0,0,0,0,1,0,0,0,0,0,0,0,0,0,0,0,1,0,1,0,1,1,1,1,0,0,0,1,1,0,0,1,1,1,1,0,1,1,0,1,0,0,1,0,0,0,0,0,0,1,0,1,0,0,0,0,0,0,0,1,0,0,0,0,0,0,0,1,0,0,0,0,0,0,0,0,1,0,0,0,0,0,0,0,0,0,1,0,0,1,0,0,0,0,0,0,0,0,0,1,0,0,0,0,0,0,0,0,0,0,0,1,0,0,0,0,0,0,0,0,0,0,0,0,0,0,0,0,0,0,0,1,0,0,0,0,0,0,1,0,0
ecb4de5f-a410-5203-a0c8-a0cb12ab01a8,6e3aa6c4-da9d-5a56-9ae9-c963580437a0,Siaya Maize Farm #0386,Western Kenya,Siaya,Maize,40.84,0.42858,34.276333,16,True,Commercial Market Leader,2,20.52,5,Future Ready Farm,0.88,0.8,0.92,0.84,0.88,0.8,0.88,0.84,1,1,1,0,1,1,1,0,1,1,1,1,1,1,1,1,1,1,1,1,0,1,1,1,1,0,1,1,1,0,1,1,1,1,1,1,1,1,1,1,0,1,0,1,1,1,1,1,1,0,1,1,1,1,1,1,1,1,1,0,0,1,1,1,1,1,1,1,1,1,1,1,1,1,1,1,1,1,1,1,1,1,0,1,0,1,1,1,0,1,1,1,1,1,1,1,1,0,1,1,1,1,1,1,1,1,0,1,1,1,1,1,0,0,1,1,1,1,1,1,1,1,1,1,1,1,1,1,1,1,1,1,0,1,0,1,1,1,0,0,1,1,1,1,1,1,1,1,1,0,1,1,1,1,1,1,1,0,1,1,1,1,1,1,0,1,1,1,1,1,1,1,1,0,1,1,1,1,0,0,1,1,1,1,1,1,1,1,0,1,1,1,1,1,1,1,1,1,1,0
3c599d82-23b7-5b0d-bb41-00a6156d09c8,a8892d63-88e5-59e4-adf8-67f79290f421,Kiambu Coffee Farm #0387,Central Highlands,Kiambu,Coffee,1.5,0.205764,37.157233,14,True,Transitioning Agribusiness,1,11.52,3,Structured Farm,0.44,0.36,0.56,0.64,0.48,0.52,0.52,0.32,1,1,0,1,0,0,0,1,1,0,1,0,0,0,0,1,1,1,1,0,0,0,0,1,0,1,0,1,1,0,1,0,0,0,0,1,0,0,1,0,1,0,0,0,1,1,0,0,0,0,1,1,0,1,1,1,0,1,0,1,1,1,0,0,0,1,1,0,0,0,1,1,1,0,0,1,1,0,1,0,1,1,0,1,0,0,1,1,1,1,0,0,1,0,0,1,1,1,1,1,0,1,0,0,0,1,1,1,1,0,0,1,1,0,0,1,1,1,0,0,1,0,1,0,0,0,1,1,0,0,1,0,0,1,0,1,1,0,0,0,1,1,1,1,1,1,1,0,0,0,1,0,0,0,0,1,1,1,1,0,1,0,0,1,0,1,1,1,0,0,1,1,0,1,0,0,0,0,0,0,1,1,1,0,0,0,1,0,0,0,0,0,0,1,0,1,1,1,0,0
372dd3ea-fa00-5e54-8fe8-e080204a2347,2743aecb-753d-58bc-b942-7b4b62da53c6,Nandi Potatoes Farm #0388,Rift Valley,Nandi,Potatoes,27.78,-0.922682,35.18993,9,True,Commercial Market Leader,2,19.68,4,Investment Ready Farm,0.72,0.8,0.88,0.76,0.88,0.8,0.92,0.8,1,0,1,0,1,1,1,1,1,1,1,1,0,0,1,1,1,1,0,0,0,1,1,1,1,1,1,1,0,0,1,1,0,1,1,1,1,1,0,0,1,1,1,1,1,1,1,1,1,1,1,1,1,1,1,1,0,1,1,1,1,1,0,1,1,1,1,1,1,1,1,1,1,1,0,1,1,1,0,1,1,1,1,1,1,1,1,1,1,0,1,1,1,0,1,0,1,0,0,1,1,1,1,1,0,1,1,1,1,1,1,1,1,1,1,1,1,1,1,0,1,0,1,1,1,1,1,1,1,1,1,1,1,1,0,1,0,0,1,1,1,1,1,0,0,1,1,1,1,1,1,1,1,1,1,1,1,1,1,1,1,1,1,1,0,1,1,1,0,1,1,1,1,1,1,1,1,1,1,0,1,1,0,1,1,1,0,1,1,1,1,1,1,0,0,1,1,1,1,1
131a8bcf-527f-5572-8f9b-74c04d64860c,2e9ce7d6-5485-57f9-bc1d-942496758adc,Nakuru Tea Farm #0389,Rift Valley,Nakuru,Tea,2.9,0.458149,35.473211,1,False,Informal Smallholder,0,6.12,2,Emerging Agribusiness,0.16,0.24,0.24,0.72,0.08,0.32,0.16,0.12,0,0,0,0,0,1,0,0,0,0,0,0,0,0,0,1,0,0,0,0,1,1,0,0,0,1,0,0,0,0,0,1,0,0,0,1,0,0,0,0,0,1,0,0,0,1,1,0,0,0,0,0,1,0,0,1,0,1,0,0,1,0,0,0,0,1,1,0,0,0,0,0,0,0,0,1,1,0,1,1,1,1,1,1,1,1,1,0,0,0,1,1,1,1,0,1,1,0,1,0,0,1,0,0,0,0,0,0,0,0,0,0,0,0,0,0,0,0,1,0,0,0,0,0,0,0,1,1,0,0,0,0,1,0,0,1,0,0,1,0,0,1,1,0,0,0,1,0,0,0,0,0,0,0,0,1,1,0,0,0,0,0,0,0,0,1,0,0,0,0,1,0,0,0,0,0,0,0,0,0,0,0,0,0,0,0,0,0,1,0,0,0,0,1,0,0,0,1,0,0
492a936a-e495-5d30-bf3a-058dec2e713d,475050f0-f9e4-5d66-bcd9-935eb5de7cac,Vihiga Maize Farm #0390,Western Kenya,Vihiga,Maize,41.4,-0.258533,34.253461,17,True,Commercial Market Leader,2,18.6,4,Investment Ready Farm,0.84,0.64,0.76,0.72,0.8,0.76,0.88,0.8,1,0,1,1,0,1,1,1,1,0,1,1,1,0,1,1,1,1,1,1,1,1,1,1,1,1,1,1,1,0,1,1,1,0,0,1,1,0,0,1,1,1,1,0,0,0,1,1,1,0,1,1,1,1,1,1,1,1,0,0,1,0,1,1,0,1,1,0,1,1,1,1,1,0,1,1,1,1,1,1,1,0,1,1,1,1,0,1,0,0,1,1,1,1,0,1,0,1,1,0,1,1,1,1,1,1,1,1,1,1,1,1,1,1,0,1,0,0,1,1,1,1,0,1,0,1,0,0,1,1,1,1,1,1,1,1,1,1,1,0,1,1,1,1,0,1,1,1,0,0,1,1,1,1,0,1,1,1,1,1,1,1,1,1,1,1,1,0,1,0,1,1,1,1,1,1,1,1,1,1,1,1,1,0,0,1,1,1,1,1,0,1,1,1,1,1,1,0,1,0
42a03eca-9f36-59b7-8c15-9dbb8efbc1f9,04d75e6d-b55c-5459-8ae4-40e8a58d5b58,Tharaka Nithi Livestock Farm #0391,Eastern Semi-Arid,Tharaka Nithi,Livestock,1.5,-0.112592,37.922535,9,False,Transitioning Agribusiness,1,12.6,3,Structured Farm,0.52,0.4,0.68,0.72,0.48,0.6,0.4,0.4,1,1,1,1,0,1,1,1,0,0,1,1,0,0,0,0,0,1,0,0,1,1,0,1,0,1,1,0,0,0,1,1,0,0,0,0,1,1,0,0,1,0,1,0,0,1,1,0,0,0,0,1,0,1,1,1,0,1,0,1,1,1,1,1,0,1,1,1,0,0,0,1,1,1,1,1,1,1,1,0,1,1,1,0,0,1,1,1,1,0,1,1,0,1,0,1,1,1,1,0,1,1,0,1,0,1,1,1,0,0,0,1,1,0,0,1,1,0,0,0,1,1,0,0,0,1,0,1,0,0,1,1,1,0,1,1,1,1,0,0,1,1,1,0,0,1,1,0,1,0,0,1,0,1,0,1,1,0,0,0,1,0,0,0,0,1,1,1,0,0,1,0,0,1,0,1,0,1,0,0,0,1,0,0,0,1,1,0,1,1,0,1,0,0,0,1,0,0,0,1
f758350e-15e8-5380-a935-ba46e1532412,2317eeab-b32c-585c-b789-43c35c7f4dcd,Kirinyaga Tea Farm #0392,Central Highlands,Kirinyaga,Tea,2.74,-1.348396,37.25843,3,False,Informal Smallholder,0,5.76,2,Emerging Agribusiness,0.24,0.12,0.2,0.52,0.16,0.4,0.16,0.12,1,0,0,0,0,1,0,0,0,1,1,1,0,0,0,0,0,0,0,0,0,1,0,0,0,0,0,0,0,0,0,0,0,0,0,0,0,1,0,0,0,0,0,0,0,1,1,0,0,0,1,0,0,0,0,0,1,0,1,0,0,0,0,0,0,1,0,0,0,0,1,0,0,0,0,0,1,0,1,0,0,1,0,0,0,1,1,1,1,1,1,0,1,0,1,1,1,0,0,0,1,0,0,0,0,1,0,0,0,1,0,0,0,0,0,0,0,0,0,0,1,0,0,0,0,1,1,0,0,0,0,1,1,0,0,1,1,0,1,0,0,1,0,0,0,0,1,0,1,0,0,0,0,0,0,1,0,0,0,0,1,1,0,0,0,0,1,0,0,0,0,0,0,0,0,0,0,0,0,0,0,0,0,0,0,1,0,0,1,0,0,0,0,0,0,0,1,0,0,0
0bb175e9-1a93-5522-abdb-2aa10e7c7b38,c92df4c6-eea7-56ee-91a3-d70cca97a4a9,Nakuru Dairy Farm #0393,Rift Valley,Nakuru,Dairy,7.81,1.167986,35.61811,14,True,Transitioning Agribusiness,1,12.12,3,Structured Farm,0.56,0.56,0.64,0.6,0.4,0.64,0.36,0.28,1,1,0,1,0,1,1,0,0,0,1,1,1,1,0,1,1,1,0,0,1,1,0,0,0,1,0,1,0,0,1,0,0,0,0,1,1,1,1,0,1,1,1,0,0,1,1,1,1,0,1,1,0,1,0,1,1,0,1,0,1,1,1,0,0,1,1,1,1,0,1,1,0,1,0,1,1,1,0,1,1,0,0,0,0,0,0,1,0,1,1,1,1,1,1,1,1,1,0,0,1,0,0,0,0,1,1,0,1,1,1,0,0,0,0,1,1,0,0,0,1,1,0,0,0,0,1,0,1,0,1,1,0,1,1,1,1,1,0,0,1,0,1,0,1,1,1,1,1,0,1,1,0,0,0,1,0,0,0,0,1,0,1,0,0,1,0,0,0,0,1,0,1,0,1,0,1,1,0,0,0,0,1,0,0,1,0,0,0,0,1,1,0,0,0,0,0,0,1,0
74581549-8a60-58ff-a087-1d5571eae895,51ca3db4-752e-58f9-bc8f-8e9216fda946,Siaya Sugarcane Farm #0394,Western Kenya,Siaya,Sugarcane,6.66,0.783083,35.164338,11,True,Transitioning Agribusiness,1,11.88,3,Structured Farm,0.4,0.4,0.68,0.68,0.4,0.4,0.52,0.48,1,0,0,0,1,0,1,1,1,0,0,0,1,0,0,0,1,0,0,0,1,1,0,1,0,0,0,0,0,0,0,1,0,0,1,1,1,0,0,1,1,0,0,1,0,1,1,0,1,0,1,1,1,0,1,0,0,1,0,0,1,1,1,1,0,1,1,1,1,1,1,1,0,1,0,0,1,1,0,0,0,1,1,0,0,1,1,1,1,1,1,1,1,1,0,0,1,1,1,1,1,0,0,0,0,0,0,1,0,0,0,1,0,0,0,1,0,1,1,1,1,1,0,1,0,1,1,0,0,0,0,0,1,1,1,1,0,0,1,0,0,0,0,1,0,1,0,1,0,0,1,0,0,1,0,0,0,0,0,0,1,1,1,1,1,1,0,0,0,0,1,1,1,1,1,1,0,0,1,0,1,1,1,0,0,0,1,0,1,0,0,1,0,0,1,1,1,1,0,0
b0b47111-a759-54b7-a1d1-910fd1d7c456,5942a22f-3a6a-577f-bcc5-1cf1d17837cd,Trans Nzoia Dairy Farm #0395,Rift Valley,Trans Nzoia,Dairy,2.76,0.490803,35.270455,5,False,Informal Smallholder,0,4.92,5,Future Ready Farm,0.16,0.2,0.16,0.64,0.2,0.16,0.08,0.04,0,1,0,0,0,1,0,0,0,0,0,1,0,0,0,0,0,0,1,0,0,0,0,0,0,1,1,1,1,0,0,0,0,0,0,0,0,0,0,0,1,0,0,0,0,0,0,0,0,0,0,0,0,0,0,0,0,0,0,1,0,0,0,0,0,0,0,1,0,0,1,0,1,0,0,1,0,1,1,1,1,1,0,0,1,0,1,0,1,1,1,1,1,0,0,1,1,0,0,1,0,1,0,0,0,1,0,0,1,0,1,0,0,0,0,0,0,0,0,0,0,0,1,0,0,0,0,0,0,0,0,0,0,0,0,1,1,0,0,0,1,0,0,0,0,1,0,0,0,0,1,0,0,0,0,0,0,0,0,0,0,0,0,0,1,0,0,0,0,0,0,0,0,0,0,0,0,0,0,0,0,0,0,0,0,1,0,0,0,0,0,0,0,0,0,0,0,0,0,0
e950a381-a655-5cad-ac9b-f60986bbfede,b2090c89-2a7d-511c-abee-7658c78fbc6b,Trans Nzoia Dairy Farm #0396,Rift Valley,Trans Nzoia,Dairy,2.57,1.112111,35.204714,8,False,Informal Smallholder,0,5.28,2,Emerging Agribusiness,0.16,0.12,0.28,0.52,0.12,0.36,0.08,0.12,1,0,0,0,0,0,0,0,0,0,1,0,0,0,0,0,1,0,0,0,0,0,1,0,0,0,0,0,0,0,1,0,0,0,0,0,0,0,1,0,1,0,0,0,0,0,0,0,0,0,1,1,0,0,0,1,1,0,0,0,0,1,1,0,0,0,0,0,0,0,0,1,0,0,0,0,1,0,0,0,1,1,0,0,0,1,1,1,0,1,1,1,1,0,0,1,1,0,1,0,0,0,0,0,0,0,1,0,0,0,1,0,0,0,0,0,0,0,1,0,0,0,0,0,0,0,0,0,0,1,1,0,0,0,0,1,1,0,0,0,1,0,1,0,0,1,1,1,0,0,0,0,0,0,0,0,0,0,0,0,0,1,0,1,0,0,0,0,0,0,0,0,0,0,0,0,0,0,1,0,0,0,0,0,0,0,0,0,0,0,0,0,0,0,0,1,0,0,0,1
1e076579-e527-56f6-b820-c1a1b690dd24,15229e2b-b043-55d0-a580-9abf05b61c96,Uasin Gishu Horticulture Farm #0397,Rift Valley,Uasin Gishu,Horticulture,9.76,0.23155,35.653246,13,True,Transitioning Agribusiness,1,11.4,3,Structured Farm,0.36,0.4,0.52,0.56,0.48,0.64,0.48,0.36,1,1,0,0,1,1,0,1,0,0,1,0,0,0,0,1,0,1,0,0,0,1,0,0,0,1,1,0,1,0,1,1,0,0,0,0,0,1,0,1,0,1,0,0,0,1,1,0,0,0,1,0,1,0,0,1,1,0,1,0,1,1,1,0,0,1,0,1,0,1,1,1,0,0,0,1,1,1,0,1,0,1,1,0,0,1,1,0,0,0,1,1,0,1,0,1,0,0,1,1,0,1,1,0,1,1,1,1,0,0,1,1,1,0,0,1,0,1,0,0,0,1,0,0,0,0,1,1,1,0,1,1,0,1,0,1,1,0,1,0,1,1,1,1,0,1,0,1,1,0,1,0,0,1,0,1,0,1,0,0,1,1,0,0,0,1,1,0,0,0,1,1,1,1,0,0,0,1,1,0,1,0,0,0,1,0,1,0,0,0,1,0,1,0,0,1,0,0,0,1
2654c28d-80c4-57aa-b7fd-92601e4125d5,9a3de803-02bb-570a-8083-3ccd0660825d,Bungoma Maize Farm #0398,Western Kenya,Bungoma,Maize,3.03,0.467134,35.145834,10,False,Informal Smallholder,0,5.04,2,Emerging Agribusiness,0.28,0.2,0.24,0.48,0.08,0.28,0.08,0.04,0,0,0,0,0,1,0,1,0,0,1,1,0,0,0,1,0,0,0,0,0,1,1,0,0,0,0,0,0,0,1,0,0,0,0,1,1,0,0,0,0,0,0,0,1,1,0,0,0,0,0,0,0,0,0,1,0,0,0,0,1,1,1,0,0,1,0,0,0,0,0,1,0,0,0,1,1,0,1,0,1,0,1,0,0,1,1,0,0,0,0,1,0,1,0,1,0,1,1,0,0,0,1,0,0,0,0,0,0,0,0,0,0,0,0,0,0,0,0,0,0,1,0,0,0,0,0,1,0,0,1,1,0,0,0,1,0,0,0,0,0,0,0,0,0,1,1,0,0,1,1,0,0,0,0,1,0,0,0,0,0,0,0,0,0,0,0,0,0,0,0,0,0,0,0,0,0,0,0,0,0,0,0,0,0,1,0,0,0,0,0,0,0,0,0,0,0,0,0,0
b994c990-b5f1-56f1-b1f7-638b690bd0dd,4f0b2218-11ab-5e2c-adaa-ecade9d9c67e,Nyeri Dairy Farm #0399,Central Highlands,Nyeri,Dairy,3.37,-0.528107,37.750372,15,False,Informal Smallholder,0,6.0,2,Emerging Agribusiness,0.24,0.2,0.24,0.6,0.24,0.32,0.16,0.0,0,1,0,0,0,0,0,1,0,0,1,0,0,0,0,1,0,1,0,0,0,1,0,0,0,0,0,0,0,0,0,0,1,1,0,0,0,0,0,0,1,1,0,0,0,1,0,0,0,0,0,0,1,0,0,1,0,1,1,0,0,0,0,0,0,1,0,0,0,0,0,1,0,0,0,0,0,0,0,1,0,1,1,1,0,0,1,1,1,1,1,0,1,0,0,1,1,1,1,1,1,0,0,0,0,0,0,0,0,0,0,1,0,0,1,1,1,0,0,0,1,0,0,0,0,0,0,1,0,0,1,1,0,0,0,0,0,0,1,1,1,1,0,0,0,0,1,0,0,0,0,0,0,0,0,0,0,1,0,0,0,0,0,0,0,0,0,1,0,0,0,0,1,0,1,0,0,0,0,0,0,0,0,0,0,0,0,0,0,0,0,0,0,0,0,0,0,0,0,0
dcb93bfd-c07d-58fe-9f0c-996bca9cfca4,78d61f78-6d3f-5169-9fe7-d52fba4cf52d,Vihiga Poultry Farm #0400,Western Kenya,Vihiga,Poultry,1.76,0.05322,34.740754,14,False,Informal Smallholder,0,4.68,5,Future Ready Farm,0.2,0.32,0.12,0.36,0.12,0.2,0.16,0.08,1,1,0,0,0,0,0,0,0,0,0,0,0,1,0,0,1,0,0,0,0,1,0,0,0,0,1,0,0,0,1,1,1,0,0,0,1,0,0,0,0,0,0,0,0,1,1,1,0,0,0,0,0,0,0,0,1,0,0,0,0,1,0,0,0,1,0,0,0,0,0,0,0,0,0,0,0,1,0,1,1,1,0,0,0,0,0,0,1,0,0,1,0,0,0,1,1,1,0,0,1,0,0,0,1,0,0,0,0,0,0,1,0,0,0,0,0,0,0,0,0,0,0,0,0,0,0,1,0,0,0,0,0,0,0,1,0,0,0,0,0,1,0,1,0,1,0,0,0,0,1,0,1,0,0,1,1,0,0,0,0,0,0,0,0,0,0,0,0,0,0,0,0,0,0,0,0,0,1,0,0,0,0,0,0,0,0,1,0,0,0,0,0,0,0,0,0,0,0,0
bd245278-d02e-512f-9b44-981ca6db4b00,12cf19f1-1b96-5d4d-b6a9-82e094a128a8,Tharaka Nithi Sorghum Farm #0401,Eastern Semi-Arid,Tharaka Nithi,Sorghum,3.26,-0.993715,37.791262,8,False,Informal Smallholder,0,5.64,2,Emerging Agribusiness,0.24,0.28,0.28,0.4,0.2,0.24,0.2,0.04,0,0,0,1,0,0,0,0,0,0,1,1,0,0,0,0,1,0,0,0,1,1,0,0,0,1,0,0,0,0,0,0,0,0,0,0,0,0,1,0,1,1,1,0,0,1,0,1,0,0,0,1,1,0,0,0,1,0,1,0,0,0,0,0,0,0,1,1,0,0,0,0,1,0,0,0,1,0,0,0,1,1,1,0,0,0,1,0,1,0,0,1,0,0,0,1,1,0,1,0,0,0,1,0,0,1,0,0,0,0,0,1,0,0,0,0,0,0,1,0,0,0,0,0,1,0,0,0,0,0,0,1,0,0,0,0,1,1,0,0,1,1,0,0,1,0,0,0,0,0,0,0,0,0,0,1,1,0,0,0,1,0,0,0,0,0,0,1,1,0,0,0,0,0,0,0,0,0,0,0,0,0,0,0,0,0,0,1,0,0,0,0,0,0,0,0,0,0,0,0
25a218cd-c6ab-58e5-95a8-d9cade8867ec,bd058254-561f-5519-9bd1-62ddcf03a6dd,Taita Taveta Coconut Farm #0402,Coastal Lowlands,Taita Taveta,Coconut,16.42,-3.512881,39.410474,10,False,Commercial Market Leader,2,19.2,4,Investment Ready Farm,0.88,0.56,0.88,0.68,0.92,0.8,0.92,0.76,1,1,1,1,1,1,0,1,0,1,1,1,1,0,1,1,1,1,1,1,1,1,1,1,1,1,1,1,0,0,0,1,1,1,0,1,1,1,0,0,1,1,0,1,0,0,1,0,1,0,1,1,1,0,0,1,1,1,1,1,1,1,1,1,1,1,1,0,1,1,1,1,1,1,1,1,1,1,1,1,0,1,1,0,0,0,0,1,1,1,1,0,1,1,0,1,1,1,1,0,1,1,1,1,0,1,1,1,1,1,1,1,1,1,1,1,1,0,1,1,1,1,1,1,1,1,1,1,1,1,1,0,1,1,1,1,1,1,1,0,1,1,1,1,0,0,1,1,0,1,1,1,1,1,1,1,1,1,1,1,1,1,1,1,0,1,1,1,0,1,1,1,1,1,1,1,1,1,0,1,1,1,1,1,0,1,1,0,1,1,1,1,1,1,0,1,1,0,1,0
c6b98d93-4d2f-57e3-bbb6-01f7ad05e9fa,601457b3-4270-58d6-81f8-0dc3812740ce,Makueni Pigeon Peas Farm #0403,Eastern Semi-Arid,Makueni,Pigeon Peas,3.98,-0.253621,37.787155,2,True,Transitioning Agribusiness,1,12.36,3,Structured Farm,0.32,0.44,0.52,0.72,0.52,0.56,0.6,0.44,1,1,0,0,0,1,0,0,1,0,0,1,1,0,0,0,0,0,1,0,1,0,0,0,0,1,0,1,1,0,1,0,1,0,0,0,0,0,1,0,1,0,1,1,0,1,1,0,0,0,1,0,0,0,1,1,1,1,0,0,0,0,0,1,0,1,1,0,1,0,1,1,0,1,1,0,1,0,0,1,1,1,1,1,0,1,1,1,0,1,1,1,1,1,1,1,1,0,0,1,1,1,1,0,0,1,1,0,0,1,1,1,0,0,1,0,1,0,0,0,1,0,1,1,0,1,1,1,0,0,1,1,1,0,0,0,0,1,0,0,1,1,0,0,1,1,1,1,1,0,1,0,0,0,0,1,1,0,0,0,1,1,1,1,0,1,1,1,1,1,0,1,0,1,1,1,0,1,0,0,1,1,1,1,0,1,0,1,0,0,0,1,0,1,0,0,1,0,0,0
2317f013-49a8-50e1-9a35-e1a9e815bb70,20596f80-74d3-5db1-bb7e-c6a26fe5d3e6,Bomet Maize Farm #0404,Rift Valley,Bomet,Maize,3.06,-0.393215,35.837192,17,True,Informal Smallholder,0,6.12,2,Emerging Agribusiness,0.2,0.16,0.2,0.64,0.24,0.28,0.24,0.08,0,0,0,0,0,0,0,0,0,0,0,1,0,0,1,0,0,0,0,0,1,1,1,0,0,1,0,0,0,0,0,0,0,0,0,0,0,0,0,0,1,1,1,0,0,0,0,0,0,0,0,1,0,0,1,0,1,0,0,0,0,1,0,0,0,1,0,0,0,0,0,0,0,0,0,1,1,0,0,1,1,1,1,1,0,1,1,1,0,0,0,1,1,1,0,1,0,0,1,1,0,1,0,0,0,1,1,0,0,0,0,1,0,0,0,0,0,0,1,0,0,0,1,0,0,1,0,0,0,0,1,0,1,0,0,0,0,0,0,0,1,1,1,0,0,1,0,0,0,0,0,0,0,0,0,0,0,0,0,0,1,1,0,0,1,0,0,0,0,0,1,1,0,0,1,1,0,0,0,0,0,0,0,0,0,0,1,0,0,0,0,0,0,0,0,0,0,0,0,0
fd354a20-d69f-52d3-b641-d2c6b0c04c16,86c982b6-ca73-5aae-84db-cebbf45d6b2f,Lamu Coconut Farm #0405,Coastal Lowlands,Lamu,Coconut,29.52,-3.151322,38.992232,10,True,Commercial Market Leader,2,20.04,5,Future Ready Farm,0.88,0.8,0.96,0.72,0.88,0.72,0.92,0.8,1,1,1,0,1,1,1,1,1,1,1,1,1,1,1,1,1,1,1,0,1,1,1,0,1,1,1,1,0,1,1,1,1,0,0,1,1,1,1,1,1,1,0,1,1,1,1,1,0,1,1,1,1,1,1,1,1,1,1,1,0,1,1,1,1,1,1,1,1,1,1,1,1,1,1,1,1,1,1,1,0,1,0,0,1,1,1,1,0,0,1,1,1,0,0,1,1,1,1,1,1,1,1,1,1,1,1,1,0,1,1,1,1,1,1,1,1,1,0,0,1,1,1,1,1,1,0,0,1,1,1,0,0,0,1,1,1,1,1,1,1,1,1,1,1,1,1,1,0,0,1,1,1,1,1,1,1,1,1,0,1,1,1,1,0,1,1,1,1,1,1,1,1,1,1,1,1,1,1,0,1,1,0,1,1,1,1,1,1,0,1,1,1,0,1,1,1,1,0,1
c0376419-ec74-50ba-ba84-f84e2934bd23,c201182b-d418-5fa3-ab8a-332278e4410c,Uasin Gishu Wheat Farm #0406,Rift Valley,Uasin Gishu,Wheat,5.0,-0.122234,35.702191,8,True,Commercial Market Leader,2,20.52,5,Future Ready Farm,0.96,0.76,0.84,0.92,0.84,0.8,0.96,0.76,1,1,1,1,1,1,1,1,1,1,1,1,1,0,1,1,1,1,1,1,1,1,1,1,1,0,1,1,1,0,1,1,1,1,1,1,0,1,0,0,1,1,1,0,1,1,1,1,1,1,1,1,1,1,0,1,1,1,1,0,1,1,1,1,0,1,0,1,1,1,1,1,1,1,1,1,1,1,1,1,1,1,0,1,1,1,1,1,1,1,1,1,1,1,1,1,1,1,1,0,1,1,1,1,1,1,1,1,1,0,1,1,1,1,0,1,1,1,1,0,1,1,0,1,1,1,0,1,0,0,1,1,1,1,0,1,1,0,1,1,1,1,1,1,1,1,1,1,1,1,1,1,1,1,1,1,1,1,0,1,1,1,1,1,1,1,1,1,1,1,1,1,1,1,1,1,1,1,0,0,0,1,1,0,1,1,1,1,1,1,1,0,1,0,1,1,1,1,1,1
665e64a7-52f1-5186-a759-783c8d3dd63f,c256e980-0133-5ab2-8f91-7af22b9e13b2,Kisumu Sugarcane Farm #0407,Western Kenya,Kisumu,Sugarcane,2.44,0.626689,34.172582,10,False,Informal Smallholder,0,6.24,2,Emerging Agribusiness,0.24,0.2,0.28,0.84,0.2,0.16,0.08,0.08,1,0,0,0,0,1,0,0,0,0,0,1,0,0,0,0,0,0,0,0,1,1,0,1,0,1,0,0,0,0,1,1,0,0,0,0,0,0,0,0,0,0,1,0,0,1,0,0,0,0,1,1,1,0,0,1,0,0,0,0,0,0,0,0,0,1,1,1,0,0,0,0,0,0,0,1,1,1,1,1,1,0,1,1,1,1,1,1,1,1,1,1,0,1,0,1,1,1,1,0,0,0,0,0,0,0,1,1,0,0,0,1,0,0,0,0,1,0,0,0,0,0,1,0,0,1,1,0,0,0,0,0,0,0,0,1,0,0,0,0,0,0,0,0,0,0,1,0,0,0,0,0,0,0,0,0,0,0,1,0,0,0,0,0,0,1,0,0,0,0,0,0,0,0,0,0,0,0,0,0,0,0,0,0,0,1,0,0,0,0,0,0,0,0,0,0,0,0,0,1
b86e8992-56c9-53a5-82c5-c1e72ec4bdd4,f482d198-5ea8-5b1f-afe3-9919a0697b24,Nyeri Dairy Farm #0408,Central Highlands,Nyeri,Dairy,11.69,-0.349083,36.794829,6,False,Transitioning Agribusiness,1,11.4,3,Structured Farm,0.56,0.44,0.56,0.52,0.36,0.64,0.36,0.36,1,0,0,1,0,1,1,0,0,1,0,1,1,1,0,1,1,0,1,1,1,0,1,0,0,0,1,0,0,0,1,0,1,0,0,0,0,1,1,1,0,1,1,1,1,1,0,0,0,0,1,1,0,1,0,1,1,1,1,1,1,1,0,1,0,0,0,0,0,1,1,1,0,0,0,1,0,1,0,0,1,1,1,1,0,1,1,0,0,0,1,0,1,0,0,0,1,1,0,1,0,1,0,0,0,0,0,1,1,0,1,0,0,1,0,0,0,1,0,0,1,1,0,1,0,1,1,1,1,0,1,1,0,0,0,1,1,1,1,0,0,1,1,1,0,1,1,0,1,0,0,1,0,1,0,0,0,1,0,0,1,1,1,0,1,0,0,1,0,0,1,0,0,0,0,0,1,0,0,0,1,1,0,1,0,0,1,1,0,0,1,0,0,0,0,1,1,0,0,0
d6224d38-a293-5033-8d49-8624eeb98757,b0ab7138-1244-5c82-9a24-215e61eaa1c6,Murang'a Tea Farm #0409,Central Highlands,Murang'a,Tea,1.09,-0.686583,37.559236,15,True,Informal Smallholder,0,5.52,2,Emerging Agribusiness,0.16,0.32,0.24,0.56,0.16,0.2,0.16,0.04,0,0,0,0,0,1,0,0,0,0,0,0,0,0,0,0,0,1,1,0,0,1,0,0,0,1,0,0,0,0,1,0,0,0,0,1,1,0,0,1,1,0,0,0,0,1,1,0,0,0,0,0,1,0,0,0,0,1,0,0,0,1,0,0,0,1,0,0,1,0,0,1,0,0,0,1,1,1,0,1,0,0,1,0,0,0,1,1,1,0,1,1,1,0,0,1,1,1,0,0,0,1,0,0,0,0,1,0,0,0,0,0,0,0,0,0,0,1,0,0,1,0,0,0,0,1,1,0,0,0,1,0,1,0,0,0,0,0,0,0,0,0,0,1,0,0,0,0,0,0,1,0,0,0,0,0,0,1,0,0,0,0,0,0,1,0,1,0,0,0,0,0,0,0,0,0,0,0,0,0,0,0,0,0,0,0,0,0,0,0,0,1,0,0,0,0,0,0,0,0
275987c3-df1d-544f-8a8f-cbea57168759,5963131f-da24-5f77-9d01-a222731c00e6,Uasin Gishu Tea Farm #0410,Rift Valley,Uasin Gishu,Tea,17.53,0.33007,35.208413,23,True,Commercial Market Leader,2,20.28,5,Future Ready Farm,0.84,0.76,0.96,0.72,0.88,0.88,0.92,0.8,1,1,1,1,1,1,1,1,0,0,1,1,0,1,1,1,1,1,0,1,1,1,1,1,1,1,1,1,0,1,1,1,0,1,1,0,1,0,1,0,1,1,1,1,0,1,1,1,1,1,1,1,1,1,1,1,1,1,1,1,1,1,1,1,1,1,1,1,1,1,1,1,1,0,1,1,1,1,1,0,1,1,1,0,1,1,1,0,0,1,0,0,1,1,0,1,1,1,1,1,1,1,1,1,1,1,0,1,1,0,1,1,1,0,1,1,1,1,1,1,1,1,1,1,1,1,1,1,1,1,1,1,1,1,1,1,0,1,1,0,1,1,1,1,1,1,1,1,1,0,1,1,1,1,0,1,1,1,1,0,1,1,1,1,1,1,1,1,1,1,1,1,1,1,1,0,1,1,1,1,1,1,1,1,0,1,1,1,1,0,1,1,1,1,0,1,1,1,1,0
c5107e5e-e784-5233-a1a3-ea04ce8a6562,dfb0380d-8fdb-5010-b235-9c20345d8866,Murang'a Tea Farm #0411,Central Highlands,Murang'a,Tea,8.03,-1.071379,37.557845,18,True,Transitioning Agribusiness,1,11.16,3,Structured Farm,0.4,0.32,0.48,0.68,0.48,0.52,0.56,0.28,1,1,0,0,0,0,1,0,1,1,1,1,0,0,0,0,0,0,0,0,1,1,0,0,1,0,1,0,0,0,0,1,1,0,0,1,1,0,0,0,1,0,0,0,0,1,0,1,0,0,1,1,0,1,0,1,0,0,0,0,1,1,0,0,1,0,1,1,1,0,0,1,1,0,0,1,1,1,1,0,0,1,1,1,0,1,1,1,1,0,1,0,1,1,1,1,1,0,0,0,1,1,1,0,1,1,0,1,0,0,1,1,1,0,0,1,0,1,0,0,0,1,0,0,0,1,1,1,0,1,1,1,0,0,0,1,1,0,1,0,1,1,0,1,0,0,1,0,0,0,0,1,1,1,0,1,1,1,1,0,0,1,1,0,0,0,0,1,1,0,1,0,1,1,0,1,0,1,0,0,0,0,0,0,0,1,1,0,0,0,0,0,1,0,0,1,1,0,0,0
913bb142-dde1-57eb-b412-4f25897a3f31,d5e554cc-c832-5e7d-88c3-117fad46d90f,Tharaka Nithi Sorghum Farm #0412,Eastern Semi-Arid,Tharaka Nithi,Sorghum,4.52,-1.67436,37.554655,8,True,Transitioning Agribusiness,1,12.48,3,Structured Farm,0.36,0.56,0.72,0.6,0.44,0.52,0.56,0.4,1,1,0,1,1,1,0,0,0,0,1,1,0,0,0,1,0,0,0,0,0,1,0,0,0,0,1,1,1,0,1,1,1,0,0,0,1,0,0,0,1,1,1,1,0,1,1,1,0,0,1,1,0,1,0,1,1,1,0,0,1,1,1,1,0,1,1,1,1,0,1,1,1,1,0,1,1,1,1,1,1,1,1,1,1,1,0,1,0,0,0,1,0,0,1,0,1,0,0,0,1,0,0,0,1,1,0,0,0,0,0,1,1,0,1,0,1,0,1,0,1,1,0,1,0,1,0,0,0,0,1,1,1,0,0,1,1,0,1,1,1,1,0,0,0,1,1,1,0,0,0,1,1,0,0,1,1,0,1,1,1,0,1,0,0,1,1,0,1,0,1,1,0,1,0,1,1,0,0,0,1,0,0,0,0,1,0,1,0,0,1,0,0,0,0,1,1,1,0,1
85b40498-5050-5ea8-9fae-5a31a2f6145d,31589b9c-fdf6-5214-a4fa-40ded20cb726,Siaya Sugarcane Farm #0413,Western Kenya,Siaya,Sugarcane,0.5,1.009269,34.720836,12,True,Informal Smallholder,0,7.8,2,Emerging Agribusiness,0.36,0.24,0.4,0.64,0.24,0.44,0.16,0.12,1,1,1,1,1,1,1,0,0,0,0,0,0,1,0,0,0,0,0,0,0,1,0,0,0,1,1,0,0,0,0,0,0,0,0,1,1,0,0,0,1,0,0,0,0,1,0,0,0,0,1,1,1,0,0,1,0,1,0,0,0,1,1,0,0,1,1,0,0,0,0,1,0,0,0,0,1,1,0,1,1,1,0,0,0,1,0,1,1,1,1,1,0,1,0,1,1,1,0,1,0,1,0,0,0,0,0,0,0,0,1,0,0,0,0,0,1,0,0,0,1,1,1,0,0,1,0,0,1,0,1,1,0,0,0,1,0,1,0,0,1,1,1,1,0,1,0,0,0,0,1,0,1,0,0,0,0,1,0,0,0,0,0,0,1,0,0,0,0,0,0,0,0,0,0,1,0,0,0,0,0,0,0,0,0,0,0,0,0,0,0,0,0,0,0,1,1,0,0,0
d2e8fc40-c5da-5bb1-a417-82e56177b0cc,efad0f37-7741-5398-bc94-1b593c448546,Uasin Gishu Tea Farm #0414,Rift Valley,Uasin Gishu,Tea,29.3,-0.586226,36.264377,8,True,Commercial Market Leader,2,20.4,5,Future Ready Farm,1.0,0.76,0.84,0.8,0.88,0.84,0.92,0.76,1,1,1,1,1,1,1,1,1,1,1,1,1,1,1,1,1,1,1,1,1,1,1,1,1,1,1,0,1,1,1,0,1,1,1,1,0,1,1,1,0,1,1,1,0,1,1,1,1,0,0,1,1,1,1,1,1,1,1,0,0,1,1,1,1,1,1,1,1,0,1,1,1,1,1,0,1,1,1,0,1,1,1,1,1,1,1,1,1,0,1,1,1,0,1,1,1,1,1,0,1,1,0,0,1,1,1,1,1,1,1,1,1,1,0,1,1,1,1,1,1,1,1,1,1,1,1,0,1,1,1,1,1,0,0,1,1,1,1,1,1,1,1,1,0,1,1,1,1,1,1,1,1,1,1,1,1,1,1,0,1,1,1,1,1,0,1,1,1,1,1,1,1,1,1,1,1,0,1,1,0,1,1,1,0,1,1,1,1,0,0,1,1,0,1,1,1,1,1,1
401375dd-52d7-5ae5-93e0-643b6afe72dc,3de3a260-9504-526e-a6cf-15615fc4496d,Kisumu Horticulture Farm #0415,Western Kenya,Kisumu,Horticulture,3.08,-0.136318,34.82978,4,True,Informal Smallholder,0,5.04,2,Emerging Agribusiness,0.2,0.28,0.28,0.52,0.16,0.2,0.04,0.0,0,1,1,0,0,0,1,0,0,0,0,1,0,0,0,1,0,0,0,0,0,0,0,0,0,1,0,0,0,0,0,0,0,0,1,0,1,0,0,0,0,0,0,1,0,1,1,1,0,0,1,0,1,0,0,1,0,0,0,0,1,0,0,0,0,0,0,0,0,0,1,1,1,0,0,1,1,1,0,0,0,1,0,1,0,1,1,1,0,1,0,1,0,0,0,1,1,0,1,0,1,0,0,0,0,1,0,0,0,0,0,0,0,0,0,1,0,0,0,0,1,0,0,0,0,0,1,0,0,1,1,1,0,0,0,0,0,0,0,0,0,0,1,0,0,0,0,0,0,0,0,0,0,0,0,0,0,0,0,0,0,0,0,0,0,1,0,0,0,0,0,0,0,0,0,0,0,0,0,0,0,0,0,0,0,0,0,0,0,0,0,0,0,0,0,0,0,0,0,0
f93cb39e-afda-5cd1-bba3-628288d0ca75,e1e9a8bc-6ada-5138-9f4b-f144057fe7c2,Kwale Coconut Farm #0416,Coastal Lowlands,Kwale,Coconut,2.42,-4.371319,40.095731,9,False,Informal Smallholder,0,5.4,2,Emerging Agribusiness,0.16,0.08,0.2,0.68,0.08,0.24,0.24,0.12,0,0,0,0,0,0,0,0,0,0,1,0,0,0,0,0,0,1,0,0,1,0,0,0,1,0,1,0,0,0,1,0,0,0,0,0,0,0,0,0,0,0,0,0,0,0,0,0,0,0,0,1,0,0,0,0,1,0,0,0,1,1,0,0,0,0,1,0,0,0,0,0,0,0,0,1,1,0,0,0,1,1,1,1,0,1,1,1,1,0,1,1,1,1,0,1,1,0,1,0,0,0,1,0,0,0,0,0,0,0,0,0,0,0,0,0,0,0,0,0,1,0,0,0,0,0,1,1,0,0,0,0,1,0,0,1,0,0,0,0,1,0,0,0,0,1,0,0,0,0,0,0,0,0,0,0,0,0,0,0,1,1,0,0,0,0,1,0,0,0,1,0,1,0,1,0,0,0,0,0,0,0,0,0,0,0,0,0,0,1,0,1,1,0,0,0,0,0,0,0
c9991c9e-8eac-5c1e-b4f8-89192ab9e229,89700c35-44e9-57bb-a14e-47d4848aaf19,Nakuru Potatoes Farm #0417,Rift Valley,Nakuru,Potatoes,2.08,1.272774,36.04245,11,True,Informal Smallholder,0,6.36,2,Emerging Agribusiness,0.2,0.24,0.2,0.56,0.2,0.28,0.28,0.16,1,0,1,0,0,0,1,0,0,0,1,0,0,0,0,0,1,0,0,0,0,0,0,0,0,0,0,0,0,0,0,1,0,0,0,1,1,0,0,0,1,0,0,1,0,0,0,1,0,0,0,1,1,0,0,1,0,1,0,0,0,0,0,0,0,0,0,0,0,0,0,1,0,0,0,1,1,1,0,0,1,1,0,0,1,0,1,1,1,1,1,1,0,0,1,0,1,0,0,0,0,0,0,0,0,0,0,1,0,1,0,0,0,0,0,0,0,0,0,0,1,1,1,0,0,0,0,0,1,0,1,0,0,1,0,1,0,0,0,0,0,0,1,0,0,1,0,0,0,1,1,0,0,0,0,0,0,1,0,0,0,0,1,0,0,1,0,0,1,0,0,1,1,0,0,0,0,0,0,0,1,0,0,0,1,1,0,0,0,0,1,0,0,0,0,0,0,0,0,0
33e3cfd9-2b1f-5d85-bb6b-6c14573e7574,ae5211ee-7e3c-5e34-980a-9c9ec6ea3182,Nandi Horticulture Farm #0418,Rift Valley,Nandi,Horticulture,8.27,-0.349721,35.491575,23,True,Transitioning Agribusiness,1,11.4,3,Structured Farm,0.44,0.48,0.6,0.68,0.36,0.44,0.4,0.4,1,1,1,0,1,1,1,0,0,0,1,0,0,0,0,1,1,0,0,1,0,1,0,0,0,1,1,1,1,0,0,0,0,1,0,1,1,1,0,0,0,0,1,0,1,1,0,1,0,0,1,1,0,1,1,1,1,1,1,0,1,0,0,0,0,1,1,1,1,0,1,0,1,0,0,0,1,0,1,0,1,1,1,0,1,0,1,1,1,1,1,1,0,1,0,1,1,1,0,1,0,0,0,1,0,1,1,1,0,0,0,1,0,0,0,1,0,0,0,0,1,1,0,1,0,1,1,1,0,0,1,0,0,1,1,1,1,0,0,0,1,0,0,0,0,1,0,0,1,0,1,0,0,1,0,1,0,1,0,0,0,1,0,0,0,1,0,0,1,0,1,0,1,1,0,0,1,0,0,0,1,0,0,1,0,0,0,1,0,0,1,0,1,1,0,1,1,1,0,0
1ccd033c-ac8e-5fbb-9649-44eabe30754b,afc4efef-edbf-5bb4-a4ce-ba26549f3788,Meru Macadamia Farm #0419,Central Highlands,Meru,Macadamia,1.42,-0.112439,36.956931,7,False,Informal Smallholder,0,5.28,2,Emerging Agribusiness,0.08,0.36,0.2,0.64,0.12,0.32,0.04,0.0,0,1,0,0,0,0,0,0,0,0,0,0,0,0,0,0,0,0,0,0,1,0,0,0,0,1,1,0,0,0,0,1,0,0,0,0,1,0,1,0,1,0,0,0,0,1,1,0,1,0,0,0,1,0,1,0,0,1,1,0,0,0,0,0,0,0,1,0,0,0,0,0,0,0,0,1,1,0,1,1,1,1,1,1,1,1,1,0,0,0,1,0,1,0,0,1,1,1,0,0,1,0,0,0,0,0,0,0,0,0,0,0,0,0,0,0,1,1,0,0,0,0,0,0,0,1,0,0,1,0,1,0,0,0,0,1,0,0,0,0,1,0,0,1,0,1,0,1,0,0,0,0,0,0,0,0,0,0,0,0,0,0,0,0,0,1,0,0,0,0,0,0,0,0,0,0,0,0,0,0,0,0,0,0,0,0,0,0,0,0,0,0,0,0,0,0,0,0,0,0
d8c4f914-bb81-5df0-aa1f-10b0cce055eb,ff658cda-6eba-5f4e-b87a-9fa42dd741ab,Kilifi Fish Farming Farm #0420,Coastal Lowlands,Kilifi,Fish Farming,5.0,-3.554875,40.131174,14,True,Commercial Market Leader,2,20.4,5,Future Ready Farm,0.8,0.84,0.84,0.84,0.84,0.84,1.0,0.8,1,0,1,1,0,0,1,1,0,1,1,1,1,1,1,1,1,1,1,1,1,1,1,1,0,1,1,0,1,1,1,1,0,1,1,1,1,1,1,0,0,1,1,1,1,1,1,1,1,1,1,1,1,1,0,1,1,1,1,1,1,1,0,1,1,1,1,1,0,0,1,1,1,1,1,1,1,0,1,1,1,1,0,1,1,1,1,0,1,1,1,1,0,1,1,1,1,1,1,1,1,1,1,0,1,1,1,1,1,1,1,1,1,1,1,1,1,1,1,0,0,1,1,1,0,1,1,0,1,1,1,0,1,1,1,1,1,1,1,1,1,1,1,1,1,1,1,0,0,1,1,1,1,1,1,1,1,1,1,1,1,1,1,1,1,1,1,1,1,1,1,1,1,1,1,1,1,1,1,0,1,1,1,0,0,1,0,1,1,1,1,1,1,1,1,1,1,1,0,1
ee219093-3786-5cb7-a5a4-b7a9c5678355,0ab564fb-680b-511f-ab72-c7be91f02fce,Bungoma Cassava Farm #0421,Western Kenya,Bungoma,Cassava,10.66,0.791874,34.192593,14,True,Transitioning Agribusiness,1,12.96,3,Structured Farm,0.44,0.44,0.56,0.8,0.52,0.52,0.6,0.44,0,1,0,0,0,1,1,0,0,1,1,0,1,1,0,1,0,1,0,0,0,1,1,0,0,0,0,0,0,0,1,1,1,1,0,1,1,1,1,0,0,0,0,0,0,1,1,0,0,1,1,1,0,1,0,1,0,1,0,0,0,1,1,1,0,0,1,0,1,0,1,1,0,1,1,1,1,1,1,1,1,1,0,1,0,1,1,0,1,0,1,1,1,1,1,1,1,1,1,0,0,1,0,0,1,0,1,0,0,0,1,1,1,1,0,1,1,1,0,1,1,1,0,0,0,1,1,0,0,0,1,0,1,1,0,1,1,1,1,0,1,0,1,0,1,0,1,0,0,0,1,0,1,0,0,1,1,1,1,0,1,0,0,1,0,0,1,1,1,1,1,1,1,0,0,0,1,0,1,0,0,1,1,1,0,0,1,0,0,0,1,0,0,1,0,1,0,1,0,1
e2505503-7125-5e2a-911c-6b16a6b74635,cc0f22ec-2fa2-5c65-b840-6abbc9e4ae9b,Nyeri Tea Farm #0422,Central Highlands,Nyeri,Tea,3.7,-0.37837,37.034309,13,False,Informal Smallholder,0,5.4,2,Emerging Agribusiness,0.12,0.16,0.2,0.52,0.08,0.28,0.28,0.16,0,0,0,0,0,1,0,0,0,0,0,0,0,0,0,0,0,1,0,0,1,0,0,0,0,0,0,0,0,0,0,0,0,0,0,1,0,0,0,0,1,1,0,0,0,1,0,0,0,0,1,0,0,0,0,1,1,0,0,0,0,0,0,0,0,1,0,0,0,0,1,0,0,0,0,0,1,0,1,0,1,1,1,0,0,1,1,1,1,0,1,0,0,0,0,1,1,1,0,0,0,0,0,0,0,0,0,0,0,0,1,0,0,0,0,1,0,0,0,0,0,0,0,0,0,0,0,0,0,0,1,0,1,0,0,1,0,1,0,0,0,0,0,0,0,1,1,1,0,0,0,0,0,0,0,1,1,0,1,0,1,1,0,0,0,0,0,0,1,0,0,0,1,0,0,0,0,0,0,0,0,1,0,0,0,1,0,0,1,0,1,0,0,0,0,0,0,0,0,0
a30cec32-92f4-5e85-932d-16e81e929923,e1fb44d7-0c44-5adf-8ae6-828befcee537,Nyeri Macadamia Farm #0423,Central Highlands,Nyeri,Macadamia,2.38,0.227932,37.044469,6,False,Informal Smallholder,0,4.68,5,Future Ready Farm,0.24,0.24,0.12,0.4,0.12,0.08,0.16,0.2,0,1,0,0,0,0,0,0,0,0,1,1,0,0,1,0,0,1,0,0,0,0,1,0,0,1,1,1,0,0,1,0,0,0,0,0,0,0,0,0,0,1,0,0,0,0,0,0,0,1,0,0,0,0,0,0,1,0,0,0,0,1,0,0,0,0,0,0,0,0,0,1,0,0,0,0,0,1,0,1,1,1,1,0,0,0,0,0,0,0,1,1,0,1,0,1,1,0,0,0,0,0,0,0,0,1,0,0,0,0,0,0,0,0,0,1,0,0,0,0,1,0,0,0,0,0,0,0,1,0,0,0,0,0,0,0,0,0,0,0,1,0,0,0,0,0,0,0,0,0,0,0,0,0,0,1,1,1,0,0,0,0,0,0,0,0,1,0,0,0,0,0,0,0,0,0,0,0,0,0,1,1,0,0,0,0,0,0,0,0,1,1,0,0,0,0,0,1,0,0
6d23e309-af46-58c2-86a5-28a88ae0592a,5d62daf1-13b4-5b25-b496-3a36244f150a,Kisumu Horticulture Farm #0424,Western Kenya,Kisumu,Horticulture,3.15,1.0006,35.114988,2,False,Informal Smallholder,0,5.64,2,Emerging Agribusiness,0.24,0.28,0.36,0.4,0.12,0.2,0.2,0.08,1,1,0,0,0,0,0,0,0,0,1,1,0,0,0,0,1,0,0,0,1,0,0,0,0,1,1,0,0,0,0,1,1,0,0,1,0,0,0,0,0,1,0,0,1,0,0,0,0,0,0,1,0,0,1,1,0,0,0,0,1,1,0,0,1,0,0,0,1,0,1,0,1,0,0,1,1,1,0,0,1,0,1,1,1,0,1,0,0,0,1,1,0,0,0,0,0,0,0,0,0,0,1,0,0,0,0,0,0,0,1,0,0,0,0,0,0,0,0,0,0,1,0,0,0,0,0,0,0,0,0,0,1,0,0,1,0,0,1,0,1,0,0,0,0,0,1,0,0,0,0,0,0,0,0,0,1,0,0,0,1,0,0,0,0,1,0,0,1,0,0,1,0,0,0,0,0,0,0,0,0,1,1,0,0,0,0,0,0,0,0,0,0,0,0,0,0,0,0,0
1e47c791-3d98-5515-9642-01d9cb78e265,4e631fc5-a982-5319-9088-02aec03873e0,Kericho Wheat Farm #0425,Rift Valley,Kericho,Wheat,12.19,-0.542314,35.724704,8,True,Transitioning Agribusiness,1,12.48,3,Structured Farm,0.44,0.48,0.68,0.68,0.48,0.6,0.44,0.36,0,1,0,1,0,0,1,0,1,0,0,1,1,1,0,0,1,1,0,0,1,1,0,0,0,1,1,1,0,0,0,1,1,0,0,1,0,0,0,0,0,1,1,0,1,1,0,1,1,0,0,0,1,1,0,1,1,1,1,0,1,1,1,1,1,1,0,1,1,0,1,0,1,0,1,1,1,0,1,0,1,0,1,1,1,1,1,1,1,0,0,1,1,0,0,1,1,1,0,1,1,1,0,0,0,1,1,0,0,0,1,0,1,0,0,1,1,1,1,0,0,1,1,0,0,1,1,0,1,1,1,1,0,1,0,0,1,1,1,0,1,1,0,0,0,1,0,1,1,0,1,0,0,1,0,1,0,1,1,0,1,1,1,0,0,1,0,0,0,0,0,1,0,1,0,1,0,1,0,0,1,0,1,0,0,0,0,0,0,1,0,0,0,0,1,0,0,1,1,1
cfc452aa-b65e-57df-939c-c5b863b918f2,adcf2375-e859-5c74-a3f4-d90e43a1bc93,Uasin Gishu Tea Farm #0426,Rift Valley,Uasin Gishu,Tea,2.96,-0.969254,35.148206,11,True,Transitioning Agribusiness,1,13.2,3,Structured Farm,0.64,0.56,0.56,0.52,0.52,0.68,0.64,0.28,1,0,0,0,1,1,1,0,1,1,1,1,1,1,1,1,1,0,0,0,1,0,1,1,0,1,1,0,1,0,1,0,1,0,0,1,1,1,1,0,0,0,0,1,1,0,1,1,1,0,1,1,0,0,1,0,1,0,0,0,1,1,1,0,0,1,0,0,1,1,1,1,1,1,0,0,1,0,1,0,1,0,0,1,0,1,1,0,0,0,1,0,0,1,1,1,1,1,1,0,1,0,1,0,0,0,1,1,1,1,1,0,0,1,0,1,0,1,1,0,0,1,0,1,0,0,1,1,0,0,1,1,1,1,0,1,1,0,0,1,1,1,1,1,1,1,1,0,1,0,1,1,1,1,1,1,1,1,0,0,0,0,1,0,0,1,1,1,0,1,1,1,0,0,1,1,0,1,0,0,0,1,0,0,0,1,0,0,0,0,1,0,0,1,0,1,0,0,0,0
d6aa5bfc-62dd-5ab7-94bb-02b21d501f7a,f07cbad8-ea5f-5e55-8987-1ea36f8ceb99,Bomet Dairy Farm #0427,Rift Valley,Bomet,Dairy,3.22,-0.950213,35.123628,1,False,Informal Smallholder,0,5.28,2,Emerging Agribusiness,0.28,0.24,0.12,0.56,0.08,0.32,0.12,0.04,1,0,0,0,0,1,0,0,0,0,1,1,1,0,0,1,1,0,0,0,0,0,0,0,0,0,0,0,0,0,1,0,0,0,0,0,0,1,1,0,0,0,1,0,0,1,0,0,1,0,0,0,0,0,0,0,0,0,0,0,0,1,0,0,0,0,0,1,1,0,0,0,0,0,0,0,1,1,0,0,1,1,0,0,1,1,1,0,0,1,1,1,1,1,0,0,0,1,0,1,1,0,0,0,0,0,0,0,0,0,0,0,0,0,0,0,0,0,1,0,0,0,0,0,0,1,0,1,1,0,0,0,0,0,0,0,1,0,0,0,1,0,1,0,0,1,0,1,0,0,0,1,0,0,0,0,0,0,0,0,0,0,0,0,1,1,0,0,0,0,0,0,0,0,0,0,0,0,0,0,0,0,0,0,0,0,0,0,0,0,0,0,1,0,0,0,0,0,0,0
5e35bbdb-f47e-50fc-9aec-7b259eb1b6b5,0aa49119-8669-5a65-ab95-2c3c5d0bb428,Uasin Gishu Horticulture Farm #0428,Rift Valley,Uasin Gishu,Horticulture,5.7,-0.480868,36.254199,18,False,Transitioning Agribusiness,1,10.68,3,Structured Farm,0.4,0.32,0.2,0.72,0.48,0.56,0.6,0.28,1,0,0,1,1,0,0,0,1,0,0,1,0,1,0,1,1,0,0,1,1,0,0,0,0,0,0,0,0,0,0,1,1,0,0,1,1,0,0,0,1,0,0,1,1,0,0,1,0,0,0,0,0,0,0,0,1,0,0,0,1,1,0,0,0,0,0,0,1,0,0,0,1,0,0,1,0,0,1,1,1,1,1,0,1,1,1,1,0,1,1,1,1,0,1,0,1,0,1,1,1,1,1,0,0,0,1,1,0,0,1,1,0,0,1,0,1,1,0,0,0,1,0,1,0,1,1,1,1,0,1,1,0,0,0,0,1,0,0,0,1,1,1,1,0,1,1,1,0,0,0,1,1,1,1,1,1,1,0,0,1,1,0,1,0,1,1,1,0,0,1,0,0,0,1,1,1,0,0,0,0,0,1,0,0,0,1,0,0,0,0,1,0,1,0,0,1,0,0,0
412eebc1-c22e-568f-9bf2-12016f0cbd02,81e2b80c-75a1-5260-a9b2-62dafb407d0a,Kakamega Poultry Farm #0429,Western Kenya,Kakamega,Poultry,1.18,0.413737,34.266292,12,False,Informal Smallholder,0,6.36,2,Emerging Agribusiness,0.16,0.2,0.48,0.56,0.12,0.32,0.2,0.08,1,0,0,0,0,0,1,0,0,0,0,1,0,0,0,1,0,0,0,0,0,0,0,0,0,0,0,1,0,0,0,0,0,1,0,1,0,0,0,0,1,0,1,0,0,0,0,0,0,0,0,0,0,0,0,1,0,0,1,0,1,1,1,0,1,1,1,1,0,0,1,1,0,1,0,0,1,0,1,0,1,1,1,1,0,1,0,0,1,1,1,0,0,0,1,1,1,1,0,0,1,0,0,0,0,0,0,0,0,1,1,0,0,0,0,0,0,0,0,0,0,0,0,0,0,0,1,0,0,0,0,1,0,1,0,1,1,0,0,1,0,0,0,0,0,1,1,0,0,0,0,0,0,0,0,1,0,0,0,1,0,0,0,0,0,0,1,0,1,0,0,0,1,0,0,0,0,0,0,0,0,0,0,0,0,0,1,0,0,0,1,0,0,0,0,0,0,0,0,0
bdb40337-f2b9-5dd1-aa84-6139c5667ffc,56665e7c-199c-5b7b-8099-e6fc1b35162c,Busia Horticulture Farm #0430,Western Kenya,Busia,Horticulture,6.62,0.650568,35.003227,12,True,Transitioning Agribusiness,1,12.48,3,Structured Farm,0.52,0.4,0.52,0.72,0.56,0.6,0.52,0.32,1,0,0,0,1,1,0,0,1,1,1,1,1,0,0,1,1,0,0,0,0,1,1,0,1,1,1,0,1,0,0,0,1,0,0,1,0,0,0,0,0,1,1,1,0,1,1,0,0,0,1,1,1,0,0,1,1,1,0,0,1,1,0,0,1,1,1,0,0,0,1,0,1,0,0,1,1,0,0,1,1,1,1,1,1,1,1,1,1,0,1,1,1,1,0,0,1,1,0,0,0,1,1,0,0,1,1,0,1,1,1,0,0,1,0,0,0,1,1,0,1,1,1,1,0,1,1,1,1,0,1,1,1,1,0,1,1,1,1,0,0,0,0,1,0,0,1,1,0,0,1,0,0,1,1,1,1,0,0,0,1,1,1,0,0,1,1,1,0,1,0,0,0,0,1,0,0,0,1,0,1,0,1,1,0,0,0,0,0,0,0,0,1,1,0,0,1,1,0,0
1cc664c7-f8c7-5c28-b2b8-9bad1b6daeae,ea9cc38e-095a-5fab-8af7-9d2ce4766fd5,Embu Coffee Farm #0431,Central Highlands,Embu,Coffee,21.5,-0.584756,36.629265,8,True,Commercial Market Leader,2,19.92,4,Investment Ready Farm,0.84,0.64,0.96,0.88,0.76,0.88,0.92,0.76,1,1,1,1,1,1,1,1,1,0,1,1,1,1,0,1,1,1,0,1,1,1,1,1,0,1,1,0,1,0,1,0,1,1,0,0,1,1,0,0,1,1,1,0,0,1,1,1,1,1,1,1,1,1,1,1,1,1,1,1,1,1,1,1,0,1,1,1,1,1,1,1,1,1,1,1,1,1,1,1,1,1,1,1,1,1,1,1,1,1,1,1,1,1,0,1,1,1,0,0,1,1,1,1,0,1,1,0,1,1,1,1,1,0,1,0,1,0,1,1,0,1,1,1,1,1,1,1,1,0,1,1,1,1,1,1,0,1,1,0,1,1,1,1,1,1,1,1,1,1,1,1,1,1,0,1,1,1,1,1,1,1,1,1,1,1,1,1,1,1,1,1,1,1,0,1,1,1,0,1,1,0,0,1,1,1,1,1,0,1,1,1,1,1,0,1,1,1,0,1
93c654e9-543f-5f41-b431-9f15ffa593a1,51c8a001-f5bd-5097-a666-db037f897421,Kirinyaga Dairy Farm #0432,Central Highlands,Kirinyaga,Dairy,8.18,-1.168049,37.294192,6,True,Transitioning Agribusiness,1,13.2,3,Structured Farm,0.4,0.64,0.52,0.64,0.56,0.72,0.52,0.4,1,0,0,0,0,1,1,1,1,0,0,1,0,0,1,1,0,0,1,0,1,0,0,0,0,1,1,1,0,0,1,1,1,1,0,0,1,1,1,0,1,0,1,0,0,1,1,1,1,0,1,1,1,0,0,0,1,1,0,1,1,0,1,1,0,1,0,1,0,0,1,1,0,0,0,0,1,1,1,0,1,1,0,0,0,1,1,1,1,0,1,1,1,0,0,1,1,1,1,0,1,1,1,0,0,1,0,0,0,0,0,0,0,1,0,1,1,1,1,0,1,1,1,1,1,1,1,1,1,0,1,1,1,1,0,1,0,1,1,0,1,1,1,1,0,0,1,0,1,1,1,0,0,0,0,1,1,0,0,0,0,1,1,1,0,1,1,0,0,1,1,1,1,1,0,1,1,0,0,0,1,1,0,1,0,1,0,0,0,0,0,1,0,0,0,0,1,1,1,0
6d2757dd-3ff1-5b65-8f01-9d3abd530838,b286f211-23a4-5af4-9fb8-1a0cc5967818,Busia Horticulture Farm #0433,Western Kenya,Busia,Horticulture,6.82,0.362861,35.072114,2,False,Transitioning Agribusiness,1,11.88,3,Structured Farm,0.36,0.4,0.6,0.76,0.52,0.4,0.52,0.4,0,0,1,1,0,1,0,0,0,0,0,0,0,0,0,1,1,0,1,0,0,1,0,1,1,1,0,1,0,1,0,0,1,0,0,0,1,0,0,0,0,1,0,0,0,1,1,1,0,1,1,1,1,1,0,1,1,1,1,0,0,1,0,0,0,1,0,1,1,0,1,0,1,1,0,1,1,1,0,1,1,1,0,1,0,1,1,1,1,0,1,1,1,1,1,1,1,0,1,0,1,1,1,0,0,1,1,0,1,0,0,0,1,0,0,1,0,0,1,0,1,1,1,1,0,1,1,0,0,0,0,0,1,0,0,0,1,1,1,0,0,1,0,0,0,1,1,0,0,1,1,0,0,0,1,1,1,1,0,0,1,1,0,0,0,1,0,1,0,0,1,1,1,1,0,1,0,0,0,0,0,1,0,1,0,0,0,1,0,0,0,1,1,0,0,0,1,1,1,1
97eae74a-2f91-5e15-b796-9f2dadc93aea,3e77f3fb-bd2f-5afe-94ae-08a1985c4cc0,Kericho Potatoes Farm #0434,Rift Valley,Kericho,Potatoes,6.88,0.133671,35.762955,11,True,Transitioning Agribusiness,1,14.28,3,Structured Farm,0.4,0.52,0.68,0.72,0.64,0.64,0.68,0.48,0,0,0,0,0,0,1,0,0,1,0,1,1,1,1,1,1,0,1,0,0,0,0,1,0,1,1,1,0,1,0,0,0,1,1,1,1,1,0,0,1,0,1,1,1,0,0,0,0,0,1,1,1,1,0,1,1,1,1,1,1,0,1,0,0,1,1,1,0,0,1,1,1,0,0,1,1,1,1,0,1,1,1,0,1,1,1,1,1,0,0,1,1,0,1,1,1,0,1,0,1,1,0,1,0,1,1,1,0,0,1,1,1,1,0,1,1,1,0,0,1,1,1,0,0,1,1,1,0,0,1,1,1,1,1,1,1,0,1,0,1,1,0,1,0,1,0,1,0,0,1,1,1,1,0,0,1,1,0,0,1,1,0,0,1,1,1,0,1,1,1,1,1,1,0,0,1,0,1,0,1,1,1,0,0,1,0,1,0,0,0,1,1,0,0,1,1,0,1,0
47a41b84-ab0b-5c32-9015-86390303aa91,6fd04ef9-a755-58e3-9eb1-eb6600adde04,Busia Dairy Farm #0435,Western Kenya,Busia,Dairy,1.58,1.063051,34.304785,7,False,Informal Smallholder,0,6.48,2,Emerging Agribusiness,0.12,0.2,0.28,0.6,0.12,0.44,0.28,0.12,1,0,0,1,0,1,0,0,0,0,0,0,0,0,0,0,0,0,0,0,0,0,0,0,0,1,0,0,0,0,1,1,0,0,0,1,0,0,0,0,0,0,0,1,0,0,0,0,0,0,0,0,1,0,0,0,1,0,0,0,1,1,0,0,0,1,0,0,1,0,0,1,0,0,0,1,1,0,0,0,1,1,0,1,0,1,1,0,1,0,1,0,1,1,0,0,1,1,1,1,0,0,1,1,0,0,0,0,0,0,0,0,0,0,0,0,0,0,0,0,0,0,1,0,0,0,1,0,0,0,1,1,1,0,0,0,1,0,0,1,1,1,0,0,0,0,1,1,1,0,0,0,0,0,1,0,1,1,0,0,1,1,0,0,0,1,0,0,0,0,0,1,0,0,0,0,0,0,0,0,0,0,0,0,0,0,1,0,0,0,1,1,0,0,0,0,0,0,0,0
7b7740de-44d9-5e9b-83e5-76027962fae5,839eb846-147b-50e3-80bf-6b9d98e74685,Bomet Maize Farm #0436,Rift Valley,Bomet,Maize,0.5,0.757421,35.119201,15,True,Informal Smallholder,0,5.28,2,Emerging Agribusiness,0.12,0.2,0.32,0.64,0.08,0.28,0.08,0.04,0,0,0,0,0,1,0,1,0,0,0,0,0,0,0,0,0,0,0,0,0,1,0,0,0,0,1,1,0,0,1,1,0,0,0,0,0,1,0,0,0,0,0,0,0,0,0,0,0,0,1,1,1,0,0,0,0,1,1,0,0,1,0,0,0,0,0,0,0,0,0,1,0,1,0,0,1,1,0,1,1,0,1,1,0,1,1,0,0,1,0,1,1,1,0,1,1,1,1,0,0,0,0,0,0,0,1,0,0,0,0,0,0,0,0,0,0,0,0,1,0,0,0,0,0,1,1,1,0,0,0,1,0,0,0,1,0,0,0,0,0,1,0,0,0,0,1,0,0,0,0,0,0,0,0,1,0,0,0,0,0,1,0,0,0,0,0,0,0,0,0,0,0,0,0,0,0,0,0,0,0,0,0,0,0,0,0,0,0,0,0,0,0,0,0,0,1,0,0,0
c28972d6-e28d-5163-b0fe-1cef829f6121,a15ac202-6ef6-53fb-a122-e06271d496c1,Kilifi Cassava Farm #0437,Coastal Lowlands,Kilifi,Cassava,2.04,-3.164435,38.702974,20,True,Informal Smallholder,0,5.52,2,Emerging Agribusiness,0.16,0.2,0.2,0.48,0.12,0.36,0.16,0.16,0,0,1,0,0,0,0,0,1,0,0,0,0,1,0,0,1,0,0,0,0,0,0,0,0,1,0,0,0,0,0,0,0,0,0,0,0,0,0,1,1,0,0,0,0,0,1,1,0,0,1,1,0,0,0,0,0,0,0,0,1,0,0,0,0,0,1,0,0,0,0,1,0,0,0,1,1,0,1,0,1,1,0,1,0,1,1,0,0,0,1,1,0,1,0,0,0,0,1,0,0,0,0,0,0,0,1,0,0,0,0,0,0,0,0,0,0,0,0,0,1,0,0,1,0,1,0,0,0,0,1,0,1,0,1,1,1,0,0,0,1,1,0,0,0,0,0,0,1,0,0,1,0,0,0,0,0,0,0,0,1,1,1,0,0,0,0,0,0,0,0,0,0,0,0,1,1,0,0,0,0,0,0,0,0,0,0,0,0,0,1,0,0,1,0,0,0,0,0,0
fcc7af96-1e10-58d3-99a4-13606f463a02,356a696d-7b99-51f9-9432-7e7b9d8b8946,Kitui Mangoes Farm #0438,Eastern Semi-Arid,Kitui,Mangoes,1.5,-1.796182,38.390742,7,True,Transitioning Agribusiness,1,14.04,3,Structured Farm,0.48,0.56,0.56,0.76,0.72,0.6,0.6,0.4,1,1,0,0,1,0,1,1,1,0,1,0,1,0,0,0,1,1,0,0,1,1,0,0,0,0,1,1,0,1,1,0,0,1,1,1,0,0,0,1,1,0,1,0,0,1,1,1,0,1,1,0,1,0,0,1,0,1,1,0,1,1,1,0,0,0,0,1,1,0,1,1,1,1,0,1,1,1,1,1,1,1,1,1,0,1,0,1,1,0,1,1,1,0,1,0,1,1,0,1,1,1,1,0,1,1,1,1,0,0,1,1,1,0,1,1,1,1,1,0,1,1,1,0,0,1,1,0,0,0,0,0,1,1,1,1,1,1,1,0,1,1,0,0,1,1,1,0,1,0,1,0,0,0,0,1,1,1,1,1,1,1,1,0,1,1,0,0,0,0,1,1,1,1,0,1,1,0,0,0,0,0,1,1,0,1,0,0,1,0,0,1,1,1,0,1,0,0,0,0
8bcd2a17-ae60-58b3-8172-3d13e4831537,0bd3a9e9-9577-50cc-abb5-ed61b3837690,Kisumu Sugarcane Farm #0439,Western Kenya,Kisumu,Sugarcane,12.17,0.686323,35.030966,8,True,Transitioning Agribusiness,1,11.76,3,Structured Farm,0.52,0.48,0.64,0.68,0.28,0.56,0.44,0.32,1,1,1,1,0,1,0,1,0,1,1,0,1,0,0,1,0,0,0,0,1,1,0,1,0,1,0,1,0,0,0,1,0,0,0,1,1,1,0,0,1,0,1,0,0,1,1,1,1,0,0,1,1,1,1,1,0,1,1,1,1,1,0,1,0,1,1,1,0,0,1,0,1,0,0,1,1,0,1,0,1,1,1,1,0,1,1,1,0,1,0,1,1,1,1,1,0,1,0,0,1,1,0,0,0,1,1,1,0,0,0,0,1,0,0,1,0,0,0,0,0,0,0,0,0,1,1,1,0,0,1,0,0,0,1,1,1,1,1,0,1,0,0,0,1,1,1,1,0,0,1,0,1,0,1,1,0,0,1,0,1,1,0,0,0,1,1,0,0,0,0,1,0,1,0,1,0,0,0,0,1,0,1,0,0,1,0,1,0,0,1,1,0,0,0,1,0,0,0,0
0c14f667-f62d-5fe0-8720-40eba72d8166,2c989ec9-b6e8-5cfe-979b-fe4286c653d3,Taita Taveta Cashew Farm #0440,Coastal Lowlands,Taita Taveta,Cashew,5.27,-4.133713,39.941163,12,True,Transitioning Agribusiness,1,12.0,3,Structured Farm,0.36,0.4,0.64,0.72,0.4,0.56,0.64,0.28,0,1,0,0,0,1,0,1,0,0,1,1,0,0,0,0,1,1,1,0,0,0,0,1,0,1,1,0,0,1,0,0,1,0,0,1,0,0,0,0,1,1,0,0,0,1,0,1,1,0,1,1,0,0,1,1,0,1,1,1,1,1,1,1,0,1,1,1,0,0,0,1,1,0,0,1,1,0,1,0,1,1,1,1,0,1,1,1,0,0,0,1,1,1,1,1,1,1,0,1,1,1,0,0,0,1,1,1,0,0,1,0,0,0,0,0,1,1,0,0,1,1,0,0,0,1,1,0,1,0,1,0,0,0,0,1,1,1,0,1,1,1,0,1,0,1,1,1,0,0,1,0,1,1,0,1,1,1,0,0,1,1,0,1,0,1,1,1,1,1,1,1,0,0,0,1,0,0,0,0,0,0,1,0,0,0,0,0,0,0,1,1,0,0,0,1,0,1,0,1
7e6308b7-92de-5b41-ba17-402c8a5f88ac,e0d7c6ac-7e8a-5fce-a887-7e5744adc8c0,Machakos Pigeon Peas Farm #0441,Eastern Semi-Arid,Machakos,Pigeon Peas,24.25,-0.784524,38.500101,13,False,Commercial Market Leader,2,18.84,4,Investment Ready Farm,0.72,0.72,0.84,0.84,0.84,0.8,0.84,0.68,1,1,1,0,1,1,0,0,1,1,1,1,0,1,1,1,1,1,0,0,0,1,1,1,1,1,0,0,1,0,0,1,1,1,1,1,1,0,1,1,1,1,0,0,1,1,1,1,1,1,1,1,1,1,0,1,1,1,0,1,1,0,0,1,1,1,1,1,1,1,1,1,1,1,1,1,0,1,0,1,1,1,1,1,1,1,1,1,1,1,1,1,0,1,1,1,1,0,1,1,1,1,1,0,1,1,1,1,1,0,1,1,1,1,1,1,1,1,1,0,1,1,1,1,0,1,0,1,1,1,1,1,1,1,0,0,1,1,1,1,1,1,1,0,0,1,1,1,1,1,1,1,1,1,0,1,1,1,1,0,1,0,1,1,1,1,1,1,0,1,1,1,1,1,1,0,0,1,0,1,1,1,1,0,1,1,1,0,1,1,1,1,1,1,0,1,0,1,1,0
b076b4f7-4b9d-5382-94f2-b73f7406a93a,0c54fa45-2eb5-5040-bea4-4750fde8478f,Busia Horticulture Farm #0442,Western Kenya,Busia,Horticulture,0.51,0.626068,34.773011,6,False,Informal Smallholder,0,4.68,5,Future Ready Farm,0.12,0.2,0.2,0.48,0.08,0.24,0.08,0.16,1,0,0,0,0,0,0,0,0,0,0,1,0,0,0,0,1,0,0,0,0,0,0,0,0,0,0,0,0,0,0,0,0,0,0,1,0,1,0,1,0,1,0,0,0,1,0,0,0,0,0,0,0,0,0,1,0,0,1,0,0,0,0,0,0,1,0,0,0,0,1,1,0,0,0,1,1,0,0,0,1,1,0,1,0,0,1,0,0,0,1,1,0,0,0,1,1,1,1,0,1,0,0,0,0,0,0,0,0,0,0,0,1,0,0,0,0,0,0,0,0,0,0,0,0,0,0,0,0,0,0,0,1,0,0,0,0,1,0,1,1,0,0,0,0,1,1,0,0,0,0,0,0,0,0,0,0,0,0,0,0,0,1,0,0,0,1,0,0,0,0,0,0,0,0,1,0,0,0,0,0,0,0,0,0,1,0,1,0,0,1,0,0,0,0,0,0,0,0,0
9df51bfa-4e80-50ba-960d-1768f758bc97,4a23a0e5-3569-568f-843d-f56b5e49d59a,Bomet Tea Farm #0443,Rift Valley,Bomet,Tea,4.89,1.291555,35.934053,10,False,Transitioning Agribusiness,1,12.36,3,Structured Farm,0.52,0.48,0.64,0.76,0.48,0.52,0.44,0.28,1,1,1,1,0,1,0,1,0,0,1,1,1,0,0,1,0,1,0,0,0,1,1,0,0,1,1,1,1,0,0,0,1,1,0,0,0,1,0,0,1,1,1,0,0,1,1,0,0,0,1,1,0,1,0,0,1,1,1,0,1,1,1,0,1,0,1,1,0,1,0,1,1,1,0,1,1,1,0,1,1,1,1,1,1,1,1,1,0,0,1,1,1,0,0,1,1,1,1,0,1,0,1,0,0,1,0,1,0,1,0,1,0,1,0,0,1,1,0,0,1,1,1,0,0,1,1,0,0,0,0,1,1,0,1,1,0,1,1,0,0,1,1,0,1,0,0,1,0,1,1,0,1,0,0,0,0,0,0,0,1,1,0,0,0,1,0,0,1,0,1,1,1,1,1,1,0,0,0,0,1,0,1,0,0,0,1,0,0,0,0,0,0,0,1,1,1,0,0,0
7ca11995-366e-5768-a700-da8649c593f4,ddca45c1-e4e7-5552-a3c8-3b09afb5aab7,Nyeri Tea Farm #0444,Central Highlands,Nyeri,Tea,0.81,-0.892973,37.56309,2,False,Informal Smallholder,0,5.76,2,Emerging Agribusiness,0.36,0.16,0.2,0.48,0.12,0.28,0.16,0.16,1,1,0,0,0,1,1,0,0,0,0,0,1,1,0,1,0,0,0,0,1,0,0,1,0,0,0,0,0,0,0,0,0,0,0,1,0,1,0,0,0,0,0,0,0,0,1,1,0,0,0,1,0,0,0,1,0,0,0,0,1,0,0,0,0,1,0,0,0,0,1,0,0,0,0,0,0,0,1,1,0,0,1,1,0,1,1,0,1,0,1,1,0,0,0,0,1,0,1,1,1,0,0,0,0,0,0,0,0,0,1,0,0,0,0,0,1,0,0,0,0,0,0,0,0,1,0,0,0,0,0,1,1,0,0,0,0,0,0,1,0,1,0,0,0,1,0,0,0,1,1,0,0,1,0,0,1,0,0,0,0,0,0,0,0,1,0,0,0,0,0,0,0,0,0,0,0,0,0,0,0,0,1,0,0,0,0,0,0,1,0,0,0,0,0,1,0,0,1,0
c98eff32-5096-5d6f-8da8-4db9adc8b2e2,abd31d53-d295-590d-8f31-fe5f2db4bb50,Bomet Maize Farm #0445,Rift Valley,Bomet,Maize,2.65,-1.06466,35.660979,12,True,Informal Smallholder,0,6.0,2,Emerging Agribusiness,0.2,0.24,0.2,0.52,0.2,0.32,0.24,0.08,0,1,0,0,0,1,0,0,0,0,1,0,0,0,0,0,0,0,0,0,0,1,0,1,0,1,1,1,0,0,0,1,0,0,0,0,0,0,0,0,1,0,0,0,0,1,0,0,0,0,0,0,0,0,0,1,1,0,0,0,0,1,0,0,0,1,0,0,0,0,0,0,1,0,0,1,1,1,0,0,1,1,1,0,0,1,1,1,0,0,1,1,0,0,0,0,1,0,1,0,0,1,1,0,0,0,1,0,0,0,0,1,1,0,0,0,0,0,0,0,0,0,0,0,0,0,0,1,0,0,0,1,0,1,0,0,0,0,0,0,1,1,0,0,0,1,1,0,1,0,1,0,0,0,0,0,1,0,0,0,1,0,0,1,0,1,0,0,0,0,1,0,0,0,0,0,0,0,0,0,0,0,0,0,0,0,0,0,0,0,1,1,0,0,0,0,0,0,0,0
2cc667f0-7fb6-5ba0-b65f-8afd45c43aac,d053d7ed-5fae-5a1e-9cc6-0c1df23dff9d,Kiambu Avocado Farm #0446,Central Highlands,Kiambu,Avocado,1.5,-0.143852,37.504766,14,True,Transitioning Agribusiness,1,12.48,3,Structured Farm,0.56,0.32,0.56,0.84,0.52,0.6,0.52,0.24,1,1,1,1,1,1,1,0,0,1,1,0,1,0,0,0,0,0,1,1,1,1,0,0,0,0,0,1,0,0,1,1,0,1,0,1,0,0,0,0,1,1,1,0,0,0,0,0,0,0,1,1,1,1,0,1,1,1,0,0,1,0,0,0,0,0,1,1,0,0,1,1,1,1,0,1,1,1,0,0,1,1,1,1,1,1,1,1,0,1,1,1,1,1,0,1,1,1,1,1,1,0,1,1,0,0,1,1,0,1,1,1,0,0,0,1,1,1,1,0,1,0,0,0,0,1,1,0,1,0,1,1,0,1,1,0,1,1,1,1,0,1,0,0,1,0,0,1,0,1,1,1,1,1,1,1,1,1,0,0,1,1,0,0,0,0,0,0,1,0,1,1,0,0,0,0,1,0,0,0,1,0,0,0,0,0,0,1,0,0,1,0,1,0,0,1,0,0,0,0
0cff414d-ff23-585d-8e04-d0ca87a7372f,a5937911-1db4-50f6-86d0-8d6921910177,Embu Horticulture Farm #0447,Central Highlands,Embu,Horticulture,52.74,-0.69483,36.875516,19,True,Commercial Market Leader,2,20.88,5,Future Ready Farm,0.88,0.84,0.92,0.8,0.88,0.84,0.92,0.88,1,1,1,1,1,1,1,1,1,1,1,1,1,0,1,1,1,1,0,0,1,1,1,1,1,0,1,1,1,1,1,1,1,1,1,1,1,1,1,1,1,1,1,1,0,0,1,1,1,0,1,1,1,1,1,1,1,1,1,1,0,1,1,1,1,1,1,1,0,1,1,1,1,1,1,1,1,1,1,0,1,0,1,1,1,1,0,1,1,1,1,1,0,1,0,1,1,1,1,1,1,1,1,1,1,1,1,1,1,1,1,1,1,0,1,1,1,1,1,0,1,1,1,1,0,1,1,1,1,1,1,0,1,1,1,0,1,1,1,1,1,1,1,1,1,1,0,1,1,0,1,1,1,0,1,1,1,1,1,0,1,1,1,1,1,1,1,1,1,1,1,1,1,1,1,1,1,0,1,1,1,1,1,1,1,1,1,1,1,1,1,1,1,0,0,1,1,1,1,1
48e68490-abb3-53a3-854a-175fd1e5a582,46e4c5a1-80a2-5e58-b5f9-a1963fdc9925,Kilifi Coconut Farm #0448,Coastal Lowlands,Kilifi,Coconut,5.2,-3.682722,38.786574,2,False,Transitioning Agribusiness,1,13.2,3,Structured Farm,0.52,0.48,0.72,0.68,0.44,0.64,0.52,0.4,1,1,0,1,0,1,1,1,0,0,1,0,0,0,1,1,1,1,0,0,1,1,0,0,0,0,0,1,0,0,1,1,1,0,0,1,1,0,0,0,1,0,1,1,0,1,0,1,1,0,1,1,1,1,0,1,1,1,0,0,1,1,1,0,1,1,1,0,1,0,1,1,1,1,0,1,0,1,1,0,1,1,1,0,1,0,0,1,1,0,1,1,1,1,0,1,1,1,0,1,0,1,1,0,0,1,1,0,0,1,1,0,1,0,0,1,1,0,1,0,0,1,0,0,0,1,0,1,1,0,1,1,1,0,1,1,1,0,1,0,0,1,0,0,0,1,1,1,1,1,1,1,1,0,0,1,0,1,0,0,1,0,1,1,0,0,1,0,0,1,1,0,1,0,1,0,1,1,0,0,1,0,0,1,0,1,1,0,0,0,1,1,0,0,0,0,1,0,1,0
cd774cfd-6ff5-5041-ba59-d4ad0c6606d0,8a4c365d-9a68-5867-8334-78e6cb91cba3,Kirinyaga Macadamia Farm #0449,Central Highlands,Kirinyaga,Macadamia,1.8,0.171763,37.17729,10,False,Informal Smallholder,0,4.8,5,Future Ready Farm,0.2,0.16,0.32,0.32,0.16,0.24,0.12,0.08,0,0,0,0,0,1,0,1,0,0,0,0,0,0,0,1,0,1,0,0,1,0,0,0,0,1,1,0,0,0,0,0,0,0,0,1,0,0,0,0,0,0,0,0,0,1,0,0,0,0,1,1,1,0,0,0,0,0,0,0,1,0,0,0,0,1,1,0,0,0,1,0,1,0,0,0,0,1,1,0,0,1,0,0,0,1,0,0,0,0,1,0,0,1,0,1,0,1,0,0,0,0,0,0,0,1,1,0,0,0,1,0,0,0,0,0,0,0,0,0,0,0,1,0,0,0,1,0,1,0,1,0,0,0,0,0,1,0,0,0,0,1,0,0,0,1,0,0,0,0,0,0,0,0,0,0,0,0,0,0,0,1,0,1,0,1,0,0,0,0,0,0,0,0,0,1,0,0,0,0,0,0,0,0,0,1,0,0,0,0,0,0,0,0,0,0,0,0,0,0
1b0c318d-1284-5cab-ab6c-18e00d585ee4,3fe8add7-1b0a-539f-aebe-62c9dcfb011f,Kitui Green Grams Farm #0450,Eastern Semi-Arid,Kitui,Green Grams,8.23,-0.623399,37.63022,12,True,Transitioning Agribusiness,1,12.48,3,Structured Farm,0.68,0.44,0.56,0.72,0.4,0.44,0.52,0.4,1,1,0,1,1,1,1,1,0,0,1,0,1,1,1,0,1,1,1,0,1,1,1,0,0,0,1,0,0,0,1,1,0,1,0,1,1,1,0,0,0,1,0,0,1,1,0,0,1,0,0,1,0,1,1,0,1,0,0,1,0,1,1,0,0,1,1,0,1,1,1,1,1,0,0,1,0,1,1,0,1,0,1,1,1,1,1,1,1,0,0,1,0,1,0,1,1,1,1,1,1,1,0,1,0,1,0,0,0,1,0,0,1,0,0,1,0,0,0,0,0,1,1,1,0,1,1,0,1,0,0,0,0,1,0,1,1,0,0,0,0,0,1,0,0,1,1,1,1,0,1,0,1,0,0,1,1,1,1,0,0,1,1,0,1,0,0,1,0,0,1,1,1,0,0,1,0,0,0,0,1,0,1,0,0,1,0,1,0,0,1,1,1,0,0,1,1,0,0,0
b190883a-41fe-54b4-96ca-53f9abcae5f8,8136096f-c958-5df3-b0a1-c88d0eab2e36,Trans Nzoia Maize Farm #0451,Rift Valley,Trans Nzoia,Maize,3.03,-0.154393,35.248691,16,True,Informal Smallholder,0,5.16,2,Emerging Agribusiness,0.16,0.12,0.2,0.52,0.16,0.36,0.12,0.08,0,0,0,0,0,1,0,1,0,0,0,0,0,0,0,0,0,0,0,1,1,0,0,0,0,0,0,0,0,0,0,0,1,0,0,0,0,1,0,0,0,0,1,0,0,0,0,0,0,0,1,0,0,0,0,1,1,0,0,0,0,0,0,0,0,1,0,0,0,0,0,0,0,1,0,1,1,1,0,0,0,1,1,0,0,1,0,0,1,1,0,1,1,1,0,1,0,1,0,0,1,1,0,0,0,0,0,0,0,0,1,0,0,0,0,0,0,0,0,0,1,0,0,0,0,0,1,1,0,1,1,1,0,0,0,0,0,0,0,0,1,0,1,0,0,1,0,0,0,1,1,0,0,0,0,0,0,0,0,0,0,0,0,1,0,0,0,0,0,0,0,0,0,1,0,0,1,0,0,0,0,0,0,0,0,0,0,0,0,0,0,0,0,0,0,1,0,0,0,0
e6f9a555-78d5-5db6-9b88-7806d27d146a,9895be75-a441-5d83-87b6-985881c52e3c,Kilifi Vegetables Farm #0452,Coastal Lowlands,Kilifi,Vegetables,13.01,-2.822803,40.082413,17,True,Commercial Market Leader,2,19.32,4,Investment Ready Farm,0.96,0.68,0.88,0.68,0.76,0.92,0.84,0.72,1,1,1,1,0,1,1,1,1,1,1,1,1,1,1,1,1,1,1,1,1,1,1,1,1,1,1,1,1,0,1,0,1,1,0,1,1,1,1,1,1,0,1,1,1,1,0,0,0,0,1,1,1,1,1,1,1,1,1,0,1,1,1,1,1,0,1,1,1,1,1,1,1,1,0,0,1,1,0,0,0,0,1,1,1,0,1,1,1,1,1,1,1,0,1,1,1,1,0,1,1,1,1,1,0,0,1,1,0,1,1,0,0,1,1,1,1,1,0,1,1,1,1,1,1,1,1,1,1,1,1,1,1,1,1,1,1,0,1,1,1,1,1,0,1,1,1,1,1,1,1,1,1,1,1,1,1,1,1,0,0,1,1,1,0,1,0,1,1,1,1,1,1,1,1,0,1,1,0,1,1,1,1,1,0,1,1,0,0,0,1,0,1,1,1,1,1,1,1,1
3a79334b-393a-5066-aea8-a9061a625d29,fd9fc1e8-b771-5f89-8bf4-f1876e5deb04,Kilifi Coconut Farm #0453,Coastal Lowlands,Kilifi,Coconut,8.97,-2.611366,38.901282,16,False,Transitioning Agribusiness,1,12.24,3,Structured Farm,0.56,0.48,0.48,0.76,0.4,0.48,0.52,0.4,1,1,0,0,0,1,1,0,0,0,0,1,1,0,1,1,1,1,1,0,1,1,1,0,0,1,1,0,0,0,1,1,1,0,0,0,1,0,0,0,1,1,1,0,0,1,1,1,0,0,1,1,0,0,1,0,1,1,0,0,1,0,1,1,0,0,1,1,0,0,0,1,1,0,0,1,1,1,1,0,1,1,0,0,0,0,1,1,1,1,1,1,1,1,1,1,1,0,1,1,1,1,0,0,0,1,1,0,0,0,1,0,0,0,0,0,1,0,1,0,1,0,1,1,0,0,1,0,0,1,1,1,0,0,0,0,0,1,1,0,1,1,1,0,0,1,1,0,1,0,1,0,1,1,1,0,1,0,0,0,1,1,1,0,0,1,1,1,0,0,0,1,1,0,0,1,1,1,1,0,1,1,0,1,0,1,0,0,0,0,1,0,0,0,0,0,0,0,1,0
a38d9bef-c321-5f8f-8c97-b9343c5f7c48,766f14ae-9d6e-5789-aca9-5515e315f7fa,Nyeri Macadamia Farm #0454,Central Highlands,Nyeri,Macadamia,5.28,-0.8977,37.326233,11,False,Informal Smallholder,0,5.28,2,Emerging Agribusiness,0.2,0.28,0.2,0.56,0.16,0.16,0.16,0.04,0,0,0,0,1,1,1,0,0,0,1,0,0,0,0,0,0,0,1,0,0,0,0,0,0,0,1,1,0,0,1,1,0,0,0,0,1,0,1,0,0,1,0,0,0,0,0,0,0,0,0,0,0,0,0,0,1,0,1,0,0,0,0,0,0,0,0,0,0,0,1,1,1,0,0,1,1,1,1,0,1,1,0,1,0,1,0,1,0,1,0,1,1,0,0,0,1,0,1,0,1,1,1,0,0,0,0,0,0,0,0,0,0,1,0,0,0,0,0,0,0,0,0,0,0,1,0,0,0,0,1,1,0,0,0,0,0,0,0,0,1,0,0,0,0,0,0,0,0,0,1,0,0,0,0,0,0,1,0,0,1,0,0,0,0,0,0,0,0,0,0,0,0,1,0,0,0,0,0,0,0,0,0,0,0,1,0,0,0,0,0,0,0,0,0,0,0,0,0,0
a261df4e-a8d1-5c66-a11c-e4bdd537b820,42aef17d-4b8b-51d3-b720-5135d351f2fe,Lamu Cassava Farm #0455,Coastal Lowlands,Lamu,Cassava,1.36,-3.592545,39.290462,18,False,Informal Smallholder,0,5.16,2,Emerging Agribusiness,0.08,0.28,0.12,0.52,0.08,0.32,0.2,0.12,0,0,0,0,0,0,0,0,0,0,1,0,1,0,0,0,0,0,0,0,0,0,0,0,0,1,1,0,0,0,1,0,0,0,0,1,0,0,0,0,0,0,0,1,0,0,1,1,0,0,0,0,0,0,1,0,0,0,1,0,0,1,0,0,0,0,0,0,0,0,0,0,0,0,0,0,1,0,1,0,1,1,1,0,1,1,0,1,0,0,0,0,1,0,0,1,0,1,1,1,0,1,0,0,0,0,0,1,0,0,0,0,0,0,0,0,0,0,0,0,0,0,0,0,0,1,0,0,0,0,0,1,1,0,0,0,1,1,0,0,1,0,0,0,0,0,0,1,1,0,0,1,0,0,1,0,1,0,0,0,0,0,0,0,0,0,1,0,0,0,0,1,0,0,0,1,1,0,0,0,0,0,0,0,0,1,0,0,0,0,0,0,0,0,0,0,0,0,0,0
6c1efb85-15ab-50da-9f17-d6ea02845939,534d883e-e1f4-5837-af6d-1c842008e606,Uasin Gishu Tea Farm #0456,Rift Valley,Uasin Gishu,Tea,3.14,1.022305,36.235061,1,True,Informal Smallholder,0,4.8,5,Future Ready Farm,0.12,0.12,0.32,0.56,0.04,0.32,0.08,0.04,0,0,0,0,0,1,0,0,0,0,0,0,0,0,0,1,0,0,0,0,1,0,0,0,0,1,0,0,0,0,0,0,1,0,0,1,0,0,0,0,0,0,0,0,0,0,0,0,0,0,1,1,0,0,0,0,0,1,0,0,1,1,0,0,0,0,1,0,0,0,1,1,0,0,0,1,1,1,0,0,1,0,1,0,1,0,1,1,1,0,1,1,0,1,0,1,1,0,0,0,0,0,0,0,0,0,1,0,0,0,0,0,0,0,0,0,0,0,0,0,0,0,0,0,0,1,0,1,0,0,1,0,0,0,0,0,1,1,0,0,1,0,1,0,1,0,0,0,0,0,0,0,0,0,0,0,0,0,0,0,0,0,1,0,0,0,0,1,0,0,0,0,0,0,0,0,0,1,0,0,0,0,0,0,0,0,0,0,0,0,0,0,0,0,0,0,0,0,0,0
951cd2a5-57b0-556a-8bd8-6f51e7861c56,73d0670b-5581-548d-ad7d-9951ccf93684,Kakamega Cassava Farm #0457,Western Kenya,Kakamega,Cassava,23.57,-0.101989,34.391857,11,True,Commercial Market Leader,2,20.16,5,Future Ready Farm,0.88,0.88,0.76,0.76,0.92,0.8,0.88,0.84,1,1,1,1,1,1,1,0,0,1,1,1,1,1,1,1,1,1,0,1,1,1,1,1,1,1,1,1,1,1,1,1,1,0,1,1,1,1,1,1,1,1,0,1,0,1,1,1,1,1,0,1,1,0,1,0,1,1,1,0,1,1,1,1,0,1,1,0,1,1,1,1,1,1,1,0,1,1,1,1,1,1,1,1,0,1,1,0,1,1,1,1,1,1,1,1,1,0,0,0,1,1,1,1,1,1,1,1,1,1,1,1,1,1,1,1,1,1,1,1,1,1,0,1,0,1,1,1,1,0,1,1,1,1,1,1,1,1,1,0,1,0,1,1,1,1,1,1,0,0,1,0,1,1,0,1,1,1,1,1,1,1,0,1,1,1,1,1,1,1,1,1,1,1,1,1,1,1,0,1,1,1,1,1,0,1,1,1,1,1,1,1,1,1,0,1,1,1,1,0
7c199030-93c8-56f7-b3a1-679471655fdc,843c614f-2c54-5af5-8e37-26301cdb6728,Kwale Vegetables Farm #0458,Coastal Lowlands,Kwale,Vegetables,2.3,-4.58431,39.192011,7,True,Informal Smallholder,0,6.72,2,Emerging Agribusiness,0.08,0.24,0.36,0.64,0.12,0.36,0.28,0.16,0,0,1,0,0,0,0,0,0,0,0,0,0,0,0,0,0,0,0,0,1,0,0,0,0,1,1,0,0,0,1,0,0,0,0,1,0,0,0,0,1,0,0,0,0,0,1,0,0,0,0,0,0,1,0,1,0,0,0,1,1,0,1,0,0,1,1,1,0,0,0,1,0,0,0,1,1,0,0,1,1,1,1,1,1,1,1,0,1,0,1,1,1,0,1,0,0,0,1,0,0,0,0,0,0,1,0,0,0,1,1,0,0,0,0,0,0,0,0,0,0,0,0,0,0,1,1,1,0,0,1,1,0,0,0,1,0,0,0,0,1,0,1,0,0,1,0,0,0,0,0,0,1,0,0,1,1,0,0,0,1,0,0,0,0,0,1,0,0,0,1,1,0,0,0,0,0,1,0,0,0,1,0,0,0,1,1,0,0,0,0,0,0,0,0,0,0,0,0,0
f5156b5f-0c30-5e96-8d49-9a676c8c6513,b7576c3b-0e86-5d62-bdff-da6841fc9f8e,Embu Horticulture Farm #0459,Central Highlands,Embu,Horticulture,5.47,-0.565363,37.470034,10,True,Transitioning Agribusiness,1,11.76,3,Structured Farm,0.4,0.48,0.44,0.76,0.48,0.56,0.52,0.28,1,1,0,0,0,0,1,1,0,0,1,1,0,0,0,0,1,1,0,0,0,0,1,0,1,0,0,1,1,0,1,1,1,0,0,0,0,1,1,0,1,1,1,0,1,1,0,0,0,0,0,1,0,1,0,1,1,0,0,0,0,1,1,0,1,1,0,1,0,0,1,1,0,0,0,1,1,0,0,1,1,1,0,1,1,1,1,1,1,1,1,1,1,1,0,1,1,1,0,0,1,1,1,0,0,1,0,1,0,0,1,1,0,0,0,1,1,1,0,0,0,1,1,0,0,1,1,1,0,0,0,0,1,0,1,0,1,1,1,0,1,1,1,1,0,0,1,0,0,1,1,1,1,0,0,1,0,0,1,0,0,0,1,1,1,1,0,1,1,0,0,1,0,0,1,0,1,1,0,0,1,0,1,1,0,1,0,0,0,0,0,0,1,0,0,0,0,0,0,0
cf82d44e-f50a-5a5d-a43d-2e0f6f8e32e5,30268997-b76c-5ecf-a6ed-2963a2beaee0,Tharaka Nithi Green Grams Farm #0460,Eastern Semi-Arid,Tharaka Nithi,Green Grams,4.84,-0.429987,37.768222,21,False,Transitioning Agribusiness,1,13.32,3,Structured Farm,0.6,0.44,0.84,0.68,0.4,0.72,0.44,0.32,0,1,1,1,1,1,0,1,0,1,0,0,0,0,1,1,1,1,1,0,0,1,1,1,0,0,1,0,1,1,1,1,0,0,0,1,0,1,0,0,1,1,0,1,0,1,0,0,0,0,1,1,1,1,1,1,1,1,1,0,1,1,1,1,1,0,1,1,1,0,1,1,1,1,0,1,1,1,1,1,1,0,1,1,0,0,1,1,0,1,1,1,1,0,1,0,1,0,1,0,1,1,0,1,0,1,0,1,0,1,1,0,1,0,0,0,0,0,0,0,1,0,1,0,0,1,1,1,1,0,1,1,1,1,0,1,1,1,1,0,1,1,1,1,0,1,1,0,0,0,1,0,0,0,0,1,1,0,0,0,1,1,1,0,0,1,1,1,0,0,1,0,1,0,0,1,0,1,0,0,1,0,1,0,0,0,1,0,1,0,0,0,1,0,0,0,0,0,0,1
33a1ba31-b7f9-5534-83bb-7500b752ebf0,b09e9f14-bfd0-5e0f-a7f0-7600f7085ee8,Kisumu Poultry Farm #0461,Western Kenya,Kisumu,Poultry,8.6,0.108589,35.171544,7,True,Transitioning Agribusiness,1,14.16,3,Structured Farm,0.48,0.36,0.64,0.92,0.6,0.72,0.64,0.36,1,1,0,0,1,1,1,0,0,0,1,1,0,0,0,1,1,1,0,0,1,1,0,0,0,1,1,0,0,0,1,1,0,0,0,0,1,0,0,0,1,0,1,0,0,1,0,0,1,0,1,1,0,0,1,1,1,1,1,0,1,1,1,1,0,0,1,0,0,1,1,1,1,0,0,1,1,1,1,1,1,1,1,1,0,1,1,1,1,0,1,1,1,1,1,1,1,1,1,1,1,1,1,0,1,1,1,1,1,0,1,1,0,0,1,1,0,0,0,0,1,1,1,0,0,1,1,1,0,0,1,1,0,1,0,1,1,1,1,0,1,1,1,1,1,0,1,1,0,1,1,1,1,1,1,1,1,0,1,0,1,1,1,0,1,0,1,0,1,0,1,1,0,0,0,0,0,0,0,0,0,0,1,1,0,1,0,0,0,0,0,1,1,0,1,0,1,1,1,0
4948f09f-0039-5d77-abfc-cef46b35195f,3ef48872-745b-5586-82e7-f50c51b92658,Busia Sugarcane Farm #0462,Western Kenya,Busia,Sugarcane,3.08,-0.073385,34.615578,15,True,Informal Smallholder,0,5.28,2,Emerging Agribusiness,0.28,0.24,0.24,0.44,0.04,0.28,0.12,0.12,1,0,0,0,0,0,1,0,0,1,1,1,0,0,0,0,1,1,0,0,0,0,0,0,0,1,0,1,0,0,1,0,0,0,0,1,1,0,0,0,0,1,0,0,0,0,0,0,0,0,1,0,0,0,0,0,1,0,1,0,0,1,0,0,0,0,1,0,0,0,0,1,0,0,0,1,1,0,1,0,0,1,0,0,0,0,0,1,1,0,1,0,1,1,0,0,1,0,0,1,0,0,0,0,0,0,0,0,0,0,0,0,0,0,0,0,0,0,0,0,1,0,0,0,0,0,1,0,0,0,0,1,1,1,0,1,0,0,0,0,0,0,0,0,0,1,1,0,0,0,0,0,0,0,0,1,0,0,0,0,0,0,0,0,0,1,1,0,0,0,0,0,0,0,0,0,0,0,0,0,1,0,0,0,0,1,0,0,0,0,0,1,0,0,0,0,0,0,0,0
83cf3ad7-3009-564d-8f0f-0d6a6fa7f146,b2c49e6e-869b-5d09-be78-177723b70f2c,Kirinyaga Dairy Farm #0463,Central Highlands,Kirinyaga,Dairy,28.89,0.126812,37.053775,9,False,Commercial Market Leader,2,19.8,4,Investment Ready Farm,0.88,0.8,0.8,0.8,0.8,0.8,0.96,0.76,1,1,1,1,1,1,1,1,0,1,1,1,1,1,0,1,1,1,1,1,1,0,1,1,1,1,1,0,1,0,1,1,1,0,1,1,1,1,0,1,1,1,1,1,1,0,1,1,1,1,1,1,0,1,1,1,1,1,1,0,1,1,1,1,1,1,1,0,1,1,1,0,1,0,1,1,1,1,1,1,1,1,0,0,1,1,1,0,1,1,1,1,1,0,1,1,1,0,1,1,1,1,1,1,0,1,1,1,0,1,0,1,1,1,1,1,1,1,1,1,1,1,0,1,0,1,1,1,1,0,1,1,1,1,1,1,1,1,0,0,1,1,0,1,1,1,1,1,0,1,1,1,1,1,1,1,1,1,1,1,1,1,1,1,1,1,1,1,1,1,1,1,1,0,1,1,1,1,1,0,1,1,1,1,0,1,1,0,1,0,1,1,1,1,0,1,1,1,1,0
3a91d105-2de4-5675-9579-017f427c9651,096771f3-1116-5aba-aacb-48f8c44536b2,Kirinyaga Macadamia Farm #0464,Central Highlands,Kirinyaga,Macadamia,3.61,-1.392007,36.92963,9,True,Informal Smallholder,0,6.12,2,Emerging Agribusiness,0.36,0.24,0.16,0.56,0.12,0.36,0.16,0.08,1,0,0,0,0,1,0,0,0,0,0,1,0,0,0,1,0,1,1,1,1,1,0,0,0,1,0,0,1,0,1,0,0,0,0,1,0,0,0,0,0,1,0,0,0,0,0,0,0,1,1,0,0,0,1,0,1,0,0,0,0,0,0,0,0,1,0,0,0,0,0,0,0,0,0,1,0,0,1,0,1,1,1,1,0,1,0,1,0,0,1,1,1,0,1,0,0,1,0,1,0,0,0,0,0,0,0,0,0,0,1,0,0,0,1,1,0,0,0,0,0,0,0,0,0,0,0,0,0,0,0,1,1,0,0,1,1,0,0,0,1,0,1,0,0,1,1,0,1,0,0,0,0,0,0,1,1,0,0,0,0,1,0,0,0,0,0,0,0,0,1,0,0,0,0,0,0,1,0,0,0,0,0,0,0,0,1,0,0,0,0,0,0,0,0,0,0,0,0,0
83b49571-8e8a-55d7-aa78-6a3701d940bd,1cee07e9-ade8-5537-ad6c-d01894c5df24,Kitui Mangoes Farm #0465,Eastern Semi-Arid,Kitui,Mangoes,20.14,-0.021256,38.16272,3,True,Transitioning Agribusiness,1,13.32,3,Structured Farm,0.52,0.48,0.64,0.8,0.64,0.6,0.52,0.24,0,0,1,0,0,1,1,1,1,0,1,1,1,1,0,1,0,1,0,0,1,1,0,0,0,1,1,0,0,0,1,0,1,1,0,1,0,0,1,0,0,1,0,0,1,1,1,1,0,0,1,1,1,0,0,1,1,1,1,0,1,1,1,1,0,1,1,0,0,0,1,1,0,0,1,1,1,1,1,0,1,1,1,1,1,1,1,1,0,0,1,1,1,0,0,1,1,1,1,1,1,1,1,1,0,0,1,0,0,0,1,1,1,1,0,1,1,0,1,1,1,0,1,1,0,1,1,1,0,0,0,1,1,1,0,1,0,1,0,0,1,1,1,1,0,1,1,1,0,0,1,1,1,0,0,0,1,1,0,0,1,1,0,1,0,0,0,1,1,1,1,0,1,0,0,0,0,0,0,0,1,0,0,1,0,1,1,0,0,0,1,0,0,0,0,1,0,0,0,0
65b0190e-97f2-5221-9b98-d3c601c602a7,fa76e2ca-7d5e-5bf7-aca4-33968b05b971,Taita Taveta Vegetables Farm #0466,Coastal Lowlands,Taita Taveta,Vegetables,5.16,-4.089237,38.560393,15,True,Transitioning Agribusiness,1,12.36,3,Structured Farm,0.44,0.44,0.52,0.68,0.64,0.6,0.52,0.28,1,1,0,1,1,1,0,1,0,0,1,0,0,1,0,1,0,0,0,0,1,1,0,0,0,1,0,1,0,0,1,1,0,0,0,1,0,0,1,0,1,1,1,0,0,1,1,0,0,0,1,0,1,1,0,1,1,1,0,0,0,1,0,1,0,1,1,0,0,0,1,1,0,1,0,1,1,1,1,1,1,1,1,1,0,0,1,0,1,0,1,1,1,1,0,1,1,0,0,0,1,1,1,0,0,1,1,1,1,1,0,0,0,1,1,1,0,0,1,0,1,1,1,0,1,0,1,0,0,0,0,1,0,0,1,1,1,1,1,0,1,1,0,1,1,1,1,1,1,0,1,1,0,1,0,1,1,0,0,0,1,1,1,0,0,1,0,1,0,0,0,1,1,1,0,1,1,0,0,0,0,0,0,0,0,1,0,0,1,0,1,0,0,0,0,1,1,0,0,0
26e1d8b3-b787-52d3-936f-b46e279fdae7,390d447e-16f0-5378-abe3-f2c7d7b6e7d1,Kitui Sorghum Farm #0467,Eastern Semi-Arid,Kitui,Sorghum,2.21,-2.224726,37.434946,1,True,Transitioning Agribusiness,1,12.24,3,Structured Farm,0.48,0.52,0.6,0.64,0.44,0.52,0.56,0.32,1,1,1,0,0,1,0,0,1,0,1,1,0,1,0,1,1,0,0,0,0,1,0,1,0,1,1,1,0,0,0,1,1,1,0,1,1,1,1,0,1,1,0,0,0,0,0,1,0,0,1,1,0,1,1,1,0,1,0,0,0,1,1,1,0,1,1,1,0,0,0,1,1,0,1,1,0,0,0,0,1,1,0,0,0,1,1,1,1,1,1,1,1,1,0,1,1,1,1,0,0,1,0,0,0,1,1,0,0,0,1,1,1,1,0,1,1,1,0,0,0,0,0,1,0,1,1,1,0,0,1,1,1,0,0,0,1,0,0,0,0,0,1,1,1,0,1,1,1,0,1,1,0,0,1,1,1,0,1,0,1,1,1,0,0,1,0,1,1,1,1,0,0,0,0,1,0,1,0,0,0,1,0,0,0,1,0,1,0,0,0,0,1,0,0,1,0,1,0,0
f6112f18-b202-5465-a8d9-c55f238bffb4,cc1c0bfb-9ec2-5f88-b11a-8effad7f3691,Vihiga Poultry Farm #0468,Western Kenya,Vihiga,Poultry,15.11,0.242124,35.194032,14,True,Commercial Market Leader,2,19.44,4,Investment Ready Farm,0.88,0.8,0.88,0.72,0.84,0.76,0.88,0.72,1,1,1,0,1,1,1,1,1,1,1,1,1,1,1,1,1,1,1,0,1,1,0,1,1,1,1,1,1,1,1,1,1,0,1,1,1,1,0,1,1,1,1,1,1,1,1,0,0,0,1,1,1,1,0,1,1,1,1,0,1,1,1,1,1,1,1,1,1,1,1,0,1,1,1,1,0,0,1,0,1,1,1,1,1,1,1,1,0,1,0,1,1,1,1,1,1,1,0,0,1,1,1,1,1,1,1,1,1,0,1,1,0,1,0,1,1,1,1,0,1,1,1,1,1,1,1,1,1,0,1,1,1,1,1,1,1,1,1,0,0,1,1,0,1,1,1,0,1,0,1,1,1,1,1,1,1,1,1,0,1,1,1,1,0,1,1,1,0,1,1,1,1,1,1,1,0,1,0,0,1,1,1,1,0,1,1,1,1,1,1,1,1,1,0,0,1,1,0,1
fd32870e-45d9-526c-9191-ac9d488b0e81,955ba437-d773-5b36-b2b0-13024d271b8c,Taita Taveta Coconut Farm #0469,Coastal Lowlands,Taita Taveta,Coconut,2.13,-4.494979,38.748768,18,False,Informal Smallholder,0,6.72,2,Emerging Agribusiness,0.28,0.2,0.2,0.56,0.2,0.44,0.24,0.12,0,1,0,0,0,1,0,0,1,0,1,0,1,0,0,1,0,0,0,0,0,1,0,0,0,1,0,0,0,0,0,1,0,0,0,1,0,0,0,0,0,1,0,0,0,0,0,1,0,0,1,0,0,0,0,0,1,0,0,0,0,0,0,0,0,1,0,1,0,0,0,1,0,0,0,1,0,0,0,0,1,1,0,1,0,1,1,1,1,0,1,1,1,0,0,1,0,1,1,0,0,0,0,0,0,1,0,1,0,0,1,0,0,0,0,0,1,0,0,0,1,0,0,0,0,1,1,1,0,0,0,0,1,1,0,1,0,1,0,0,1,0,1,0,0,0,1,1,0,0,0,0,0,0,0,1,0,1,0,0,1,0,0,0,1,0,1,0,0,0,0,0,0,1,0,0,0,1,0,0,0,0,0,0,0,1,0,0,0,0,0,0,0,0,0,0,1,0,0,0
9e33ff15-840f-5e34-a46b-62b5963939f5,32c86755-69dd-5dd2-9f4c-092aba38aaa7,Meru Dairy Farm #0470,Central Highlands,Meru,Dairy,2.85,-1.30843,36.963577,16,True,Transitioning Agribusiness,1,12.24,3,Structured Farm,0.52,0.6,0.44,0.6,0.56,0.6,0.52,0.24,0,0,0,1,0,1,1,0,1,0,0,1,0,1,1,1,1,1,0,0,1,1,0,1,0,1,1,0,1,0,1,1,0,1,0,1,0,1,0,0,0,1,1,0,0,1,1,1,1,1,0,0,0,0,1,0,1,1,0,0,1,1,0,1,0,1,1,0,1,0,1,1,0,0,0,1,0,0,0,1,1,1,1,0,1,0,1,1,0,0,1,1,0,0,1,1,0,1,1,1,1,1,0,1,0,1,1,1,0,0,1,1,1,0,0,0,0,1,1,1,1,0,0,1,0,1,0,0,0,1,1,1,0,0,0,1,1,1,1,0,0,0,1,1,1,1,1,1,1,0,1,1,1,1,0,1,1,1,0,0,1,0,1,0,0,1,0,0,0,0,0,1,1,1,0,0,0,0,0,0,1,0,0,0,0,0,1,1,0,0,0,1,1,1,0,0,0,0,0,0
4a28aeee-a0fb-50c5-a1db-961c18147508,90c7668d-8f80-54e2-bf27-541001c0d6cc,Lamu Fish Farming Farm #0471,Coastal Lowlands,Lamu,Fish Farming,2.0,-4.500417,40.347951,13,True,Informal Smallholder,0,5.88,2,Emerging Agribusiness,0.2,0.16,0.36,0.6,0.08,0.28,0.2,0.08,1,0,0,0,0,0,0,1,0,0,0,0,1,0,0,0,0,1,0,0,1,0,0,0,0,1,0,0,0,1,0,0,0,0,0,1,0,0,0,1,0,0,0,0,0,0,0,0,0,0,0,0,1,1,0,1,1,1,0,0,1,1,0,0,0,0,0,0,0,1,0,1,0,0,0,1,1,1,1,1,1,1,1,1,0,1,0,0,0,0,1,1,0,0,1,1,1,0,0,0,1,0,0,0,0,0,0,0,0,0,1,0,0,0,0,0,0,0,0,0,0,0,0,0,0,1,1,0,0,0,0,1,0,0,0,1,0,1,0,0,1,0,0,0,0,1,0,0,0,0,0,0,1,0,0,1,0,0,0,0,0,0,0,1,0,0,0,0,0,0,0,1,0,1,0,0,0,0,0,0,0,0,0,0,0,0,0,0,0,0,0,1,0,0,0,0,1,0,0,0
0392601d-b3c3-55b5-9158-bba0b010932a,5adcf655-93cb-50dc-af49-26a72d245051,Kakamega Dairy Farm #0472,Western Kenya,Kakamega,Dairy,3.89,-0.132952,35.039418,17,False,Informal Smallholder,0,5.4,2,Emerging Agribusiness,0.24,0.16,0.12,0.56,0.16,0.16,0.28,0.12,0,1,0,0,0,0,0,1,0,0,1,1,0,0,0,1,0,0,0,0,0,1,0,0,0,0,1,0,0,0,0,0,0,1,0,1,0,0,0,0,1,0,0,0,0,0,0,0,0,0,0,0,0,0,0,1,1,0,0,0,0,0,0,0,0,0,0,0,0,1,0,0,0,0,0,1,1,1,1,0,1,1,1,0,1,1,1,1,0,1,0,0,0,0,0,1,0,1,0,0,1,0,0,0,0,1,0,0,0,0,1,0,0,0,0,0,0,0,0,0,0,0,1,0,0,1,0,0,0,0,0,0,0,0,0,1,0,0,0,1,0,0,0,0,0,0,1,0,0,0,1,1,0,0,0,0,0,0,0,1,0,0,0,0,0,1,0,0,0,0,1,1,1,0,0,0,0,0,0,0,1,0,0,0,0,0,0,0,0,0,0,0,1,0,0,1,0,0,0,0
312ea422-2c91-5f9d-a01a-efe381920131,6d148c8c-146e-57a9-8250-0601162c75b0,Nandi Potatoes Farm #0473,Rift Valley,Nandi,Potatoes,1.65,0.720591,36.380579,8,True,Informal Smallholder,0,5.64,2,Emerging Agribusiness,0.2,0.16,0.44,0.44,0.08,0.28,0.12,0.16,0,0,0,0,0,1,0,0,0,0,0,0,0,0,0,1,1,0,0,0,1,0,1,0,0,1,0,0,0,0,1,0,0,0,0,1,0,0,0,0,0,0,0,0,0,0,0,1,0,0,1,0,0,0,0,0,1,0,0,0,1,1,1,0,0,1,0,0,1,1,1,1,1,0,0,0,1,0,0,1,1,1,0,0,0,0,0,0,1,0,1,1,0,0,1,1,0,1,1,0,0,1,0,0,0,0,0,0,0,0,0,1,0,0,0,0,0,0,0,0,0,0,0,0,0,0,1,1,0,0,1,1,0,0,0,1,1,0,0,0,1,0,0,0,0,0,0,0,0,0,1,1,0,0,0,0,0,0,0,0,0,0,0,0,0,0,0,0,0,0,1,0,0,0,0,0,0,0,0,0,0,0,0,1,0,0,0,0,0,0,1,1,1,0,0,0,0,0,0,0
86506231-0ad0-5c3f-bcc8-4fa0627417db,a86c89d8-0ad4-5d87-918c-52db17311115,Makueni Mangoes Farm #0474,Eastern Semi-Arid,Makueni,Mangoes,1.47,-2.480548,37.441915,13,True,Informal Smallholder,0,5.52,2,Emerging Agribusiness,0.2,0.2,0.36,0.48,0.12,0.24,0.12,0.12,0,1,0,0,0,0,1,0,0,0,1,0,0,0,0,0,0,0,0,0,1,1,0,0,0,1,0,0,0,0,1,0,0,0,0,0,0,0,0,0,1,0,1,0,0,0,1,0,0,0,1,1,1,0,0,1,1,0,0,0,0,0,0,0,0,0,0,0,0,0,1,1,1,1,0,1,0,0,0,0,1,0,0,1,0,1,1,1,0,1,1,1,0,0,1,1,1,0,0,0,0,0,0,0,0,0,1,0,0,0,0,0,1,0,0,0,0,0,0,0,0,0,0,1,0,0,0,1,0,0,0,0,0,0,0,1,0,0,0,0,1,1,0,0,0,1,1,0,0,0,0,0,0,1,0,1,0,1,0,0,0,0,0,0,0,0,0,0,0,0,0,0,0,0,0,0,1,0,0,0,0,0,1,0,0,0,0,0,0,0,0,0,0,0,0,1,0,0,0,0
0b0a4437-6093-57d1-99d2-a508192af50a,7523927e-d104-5afd-a84c-5df524577144,Busia Dairy Farm #0475,Western Kenya,Busia,Dairy,3.74,-0.241759,34.435628,14,True,Informal Smallholder,0,5.76,2,Emerging Agribusiness,0.32,0.2,0.2,0.52,0.16,0.2,0.2,0.12,1,0,1,1,0,0,0,0,0,0,0,1,1,0,0,1,1,0,0,0,1,0,0,0,0,0,0,1,0,0,1,0,0,0,0,1,0,0,0,0,1,0,0,0,0,0,1,0,0,0,0,0,0,0,0,1,0,0,0,0,1,0,1,1,0,0,0,0,0,0,0,1,0,0,0,0,1,1,0,0,1,0,1,0,0,1,1,1,0,0,1,1,1,0,0,1,1,1,0,0,1,0,0,0,0,0,0,0,0,0,1,0,0,0,0,1,0,1,0,0,0,0,0,0,0,0,0,0,0,0,1,0,0,1,0,0,0,0,0,0,1,1,0,0,0,0,1,0,0,0,0,0,0,0,0,0,0,1,1,0,0,1,0,0,0,0,0,0,0,0,1,0,1,0,0,0,0,0,0,0,0,1,0,0,1,1,0,0,0,0,0,0,0,0,0,0,0,0,0,0
7d17dfe9-2583-56fa-97e7-dee95961e27b,31daf60e-b534-59e0-8dc3-be4b61b0b7f1,Trans Nzoia Maize Farm #0476,Rift Valley,Trans Nzoia,Maize,3.36,-0.398978,35.556484,15,False,Informal Smallholder,0,5.28,2,Emerging Agribusiness,0.24,0.12,0.24,0.44,0.12,0.4,0.04,0.16,0,1,0,0,0,0,0,0,1,0,1,0,0,0,0,0,0,0,0,1,1,1,0,0,0,0,0,0,0,0,0,0,0,0,0,0,1,0,0,0,0,0,0,0,0,1,0,0,1,0,0,1,1,0,0,0,0,1,0,0,0,0,0,0,0,0,0,1,0,0,1,1,0,0,0,0,0,1,0,1,1,1,0,0,0,1,0,0,1,0,1,1,1,0,1,0,1,0,0,0,1,0,0,0,0,1,0,0,0,0,1,0,0,0,0,0,0,0,0,0,0,0,0,0,0,0,0,1,0,0,1,0,0,1,0,1,1,1,0,1,1,0,0,0,0,1,1,0,0,0,0,0,0,0,0,0,1,0,0,0,0,0,0,0,0,0,0,0,0,0,0,0,0,0,0,1,0,0,1,0,0,0,0,0,0,1,0,0,0,0,1,0,0,0,0,0,0,0,0,0
d3296490-357a-5cd9-9154-c8422f4be2de,460f202a-839f-547b-bb91-5fd71608c557,Kilifi Fish Farming Farm #0477,Coastal Lowlands,Kilifi,Fish Farming,2.82,-3.990572,39.807373,7,False,Informal Smallholder,0,4.44,5,Future Ready Farm,0.16,0.28,0.12,0.4,0.12,0.16,0.12,0.12,1,1,0,0,0,0,0,0,0,0,0,1,0,0,0,0,0,0,0,0,0,0,0,1,0,0,0,0,0,1,1,0,0,0,0,1,0,0,0,0,0,1,1,0,0,1,0,1,0,0,1,0,0,0,0,1,0,0,0,0,1,0,0,0,0,0,0,0,0,0,0,0,0,0,0,0,1,0,1,0,1,0,0,0,0,1,1,1,1,0,1,0,1,1,0,0,0,0,0,0,0,0,0,1,0,1,0,0,0,0,0,0,0,0,0,0,0,0,0,0,1,0,0,0,0,0,0,1,0,0,0,1,0,1,0,0,0,0,0,0,0,1,0,0,0,0,0,0,0,0,0,1,0,0,0,0,0,1,0,0,0,0,0,0,0,0,0,0,0,0,0,0,1,0,0,0,0,0,0,1,0,1,0,0,0,1,0,0,0,0,0,0,0,0,0,0,0,0,0,0
f553b64d-b32d-5e15-8769-920f3e08d23c,7dde6ea3-0eff-5d45-ab0d-74587e8c8f14,Kisumu Dairy Farm #0478,Western Kenya,Kisumu,Dairy,1.77,-0.306503,34.242473,8,True,Transitioning Agribusiness,1,12.84,3,Structured Farm,0.64,0.6,0.52,0.76,0.52,0.36,0.52,0.36,1,1,1,0,0,1,1,0,1,0,1,1,0,0,1,1,1,0,1,1,1,1,0,0,1,1,1,0,1,1,1,0,1,0,0,1,0,0,1,0,0,1,1,1,0,1,1,1,1,0,1,1,1,0,1,1,1,0,1,0,1,1,0,0,0,1,1,0,0,0,0,0,1,1,0,1,1,1,1,1,1,0,1,1,0,1,1,1,1,0,1,1,1,1,0,1,1,0,1,0,0,1,1,1,0,1,1,1,0,0,1,0,1,0,1,1,0,0,1,0,1,0,1,0,0,1,1,0,0,1,0,1,0,0,0,1,0,0,0,0,1,0,0,1,0,1,1,0,0,0,1,1,1,0,0,1,1,1,0,0,1,1,0,0,0,0,1,0,0,1,1,1,1,0,0,1,1,0,0,1,1,0,0,0,0,1,0,1,0,0,0,0,0,1,0,1,0,1,0,0
6703552a-462b-56ba-a02b-f564d5c71a1d,8ff51028-5a55-53fe-9154-b8e5da50486e,Kericho Maize Farm #0479,Rift Valley,Kericho,Maize,9.8,-0.029331,35.927507,14,True,Transitioning Agribusiness,1,11.76,3,Structured Farm,0.6,0.56,0.52,0.52,0.44,0.64,0.56,0.08,1,1,1,0,0,1,1,1,0,0,1,1,1,0,0,0,1,0,1,1,1,1,0,1,0,1,1,0,0,0,0,1,0,0,1,1,1,1,1,0,1,1,1,0,0,1,1,1,0,0,1,0,1,0,0,1,1,0,1,0,1,0,1,1,0,1,0,1,0,0,1,1,0,1,0,1,0,1,1,1,1,1,1,1,0,0,0,0,0,0,1,1,0,0,0,1,1,1,0,0,0,0,1,1,0,1,0,0,1,0,1,1,1,0,1,0,1,1,0,0,0,0,1,0,0,1,1,1,0,0,0,1,0,0,1,1,1,1,1,1,0,1,1,1,1,1,0,1,0,0,1,1,1,1,0,0,0,0,1,0,1,1,1,1,1,1,0,1,0,0,1,0,0,0,1,0,1,0,0,0,0,0,0,0,0,0,0,0,0,0,0,0,0,0,0,1,0,0,0,0
3c6fa12f-ab59-5cb2-8a01-b98c8c639861,6d770bdb-7e3f-5257-bc41-adfb35afb5ce,Nakuru Horticulture Farm #0480,Rift Valley,Nakuru,Horticulture,0.5,0.638007,35.540219,10,True,Informal Smallholder,0,4.44,5,Future Ready Farm,0.16,0.2,0.12,0.32,0.16,0.2,0.12,0.2,0,0,0,0,0,0,1,0,0,0,1,0,0,0,0,1,0,0,0,1,0,0,0,0,0,0,0,0,0,0,1,0,0,1,0,0,0,0,0,0,0,0,0,0,0,1,1,1,0,0,0,1,0,0,0,0,0,0,0,0,0,0,0,0,0,0,1,1,0,0,0,0,0,0,0,1,1,0,0,0,1,1,0,0,0,1,1,0,1,0,0,1,0,0,0,0,0,0,0,0,0,1,1,0,0,0,0,0,0,0,0,0,0,0,0,0,0,1,0,0,1,0,0,0,0,1,0,0,0,0,0,1,0,0,0,1,0,1,0,0,0,0,1,0,0,0,0,0,0,0,1,0,0,0,0,0,1,0,0,0,0,0,0,0,0,0,0,1,0,0,0,0,0,0,0,0,0,0,0,0,0,0,0,0,0,0,0,0,1,0,0,1,0,0,1,1,1,0,0,0
99d7838e-49ce-55b4-80c9-0f784b3d4ca4,41637bd6-5de1-5caa-9658-073283cbb3f8,Embu Avocado Farm #0481,Central Highlands,Embu,Avocado,2.59,-0.535005,37.34974,2,False,Informal Smallholder,0,5.04,2,Emerging Agribusiness,0.12,0.16,0.32,0.52,0.12,0.2,0.16,0.08,1,0,0,0,0,1,0,0,0,0,0,0,0,0,0,0,0,0,0,0,1,0,0,0,0,1,1,0,0,0,1,0,0,0,0,1,0,0,0,0,0,0,0,0,0,0,0,0,0,0,1,0,0,1,0,0,0,0,0,0,1,0,0,0,0,1,0,1,0,0,1,1,0,1,0,0,1,0,1,0,1,1,0,0,0,1,0,1,0,0,1,1,0,1,1,1,1,1,0,0,0,0,0,0,0,1,0,1,0,0,0,0,0,0,0,0,0,1,0,0,0,0,0,0,0,0,0,0,0,0,1,0,1,0,0,1,0,0,0,0,0,1,0,0,0,1,0,0,0,0,0,0,0,0,0,0,0,0,0,0,1,0,1,0,0,0,0,0,0,0,1,1,0,0,0,1,0,0,0,0,0,0,0,0,0,0,0,0,0,0,0,0,0,0,0,0,1,0,0,0
51b48a65-d463-50e3-aa09-8d228cf2b24c,5639e7d2-faea-5f04-84f0-6aab31d8e869,Taita Taveta Vegetables Farm #0482,Coastal Lowlands,Taita Taveta,Vegetables,1.81,-3.884373,40.198649,13,True,Informal Smallholder,0,5.4,2,Emerging Agribusiness,0.16,0.32,0.16,0.52,0.16,0.24,0.2,0.04,0,0,0,0,0,0,1,0,0,0,0,1,0,1,0,0,0,0,1,0,0,0,0,0,0,1,1,0,0,0,0,1,0,0,0,0,0,0,0,0,1,0,1,0,0,1,0,0,1,1,1,1,0,0,0,0,0,0,0,0,0,0,1,0,0,0,1,0,0,0,0,0,0,0,0,1,0,1,1,1,1,0,1,0,1,1,0,1,0,0,1,0,0,1,0,0,0,0,1,1,0,0,0,0,0,0,0,0,0,0,1,1,0,0,0,0,0,0,0,0,1,1,0,0,0,0,1,0,0,0,1,1,0,0,0,0,1,0,1,0,0,0,0,0,0,1,0,0,0,0,0,1,0,0,0,1,0,0,0,0,1,1,1,0,0,0,0,0,0,0,0,0,0,0,0,0,1,0,0,0,0,0,0,0,0,0,0,0,0,0,0,0,0,0,0,0,0,0,0,0
e3ec1dc9-d08a-5bb1-aa8c-5a51692bdb27,ec3980af-ed08-5394-b09a-6f0b9c233155,Kakamega Maize Farm #0483,Western Kenya,Kakamega,Maize,14.28,0.905209,35.19878,8,True,Transitioning Agribusiness,1,11.52,3,Structured Farm,0.4,0.48,0.68,0.6,0.4,0.44,0.56,0.28,1,0,1,1,0,1,1,0,0,0,1,1,1,0,0,1,0,0,0,0,0,1,0,0,0,0,1,0,1,0,0,0,1,0,0,1,1,0,1,1,1,1,0,0,0,0,1,1,0,1,1,0,1,0,1,1,1,1,1,0,1,1,1,1,0,1,1,0,1,0,1,1,0,0,1,1,1,1,0,0,1,1,0,1,0,1,1,0,1,0,1,1,1,0,0,1,1,1,0,0,1,1,1,0,0,0,1,0,1,0,1,1,0,0,0,1,0,0,0,0,1,1,0,0,0,0,0,0,0,0,1,0,1,0,0,1,1,0,1,0,1,1,0,0,0,1,1,1,1,0,0,0,1,1,0,0,0,1,0,1,1,1,1,0,1,1,1,1,0,0,1,1,0,1,0,1,1,1,0,0,0,0,0,0,0,0,0,1,0,0,0,1,0,0,0,1,1,0,0,0
12a2e828-c1b8-5e72-b580-0b3fe1d9c267,464320fb-5867-5897-8ece-cec10489ae0a,Kirinyaga Avocado Farm #0484,Central Highlands,Kirinyaga,Avocado,3.36,0.255999,36.868846,9,False,Informal Smallholder,0,6.24,2,Emerging Agribusiness,0.24,0.2,0.28,0.56,0.16,0.36,0.16,0.12,1,1,0,0,0,1,1,0,0,0,1,0,0,0,0,0,0,0,0,1,0,0,0,0,0,1,0,0,0,0,0,1,0,0,0,1,0,0,0,0,0,0,1,0,0,0,1,0,0,0,1,1,1,0,0,0,0,0,0,0,1,0,0,1,0,0,1,0,0,0,1,0,0,0,0,0,1,1,0,0,1,1,1,0,0,1,1,0,0,0,1,1,1,1,0,1,1,0,1,0,0,1,0,0,0,0,1,0,0,1,0,0,1,0,0,0,0,0,0,0,0,0,0,0,0,1,1,0,0,0,0,1,0,0,0,1,0,0,1,0,1,0,0,0,1,0,1,1,0,0,0,0,0,0,0,0,0,0,0,0,1,0,0,0,0,0,1,0,1,0,1,0,0,0,0,0,0,0,0,0,0,1,0,0,0,0,1,0,0,0,0,0,0,0,0,1,0,0,0,0
447326b7-63cb-51c2-bc12-35d17aae158f,58f7a34d-dc4c-5070-b8a7-544d028b61e8,Meru Dairy Farm #0485,Central Highlands,Meru,Dairy,3.73,-0.765335,36.849115,3,False,Informal Smallholder,0,5.88,2,Emerging Agribusiness,0.12,0.36,0.16,0.64,0.0,0.28,0.2,0.2,0,1,0,0,0,0,0,0,0,0,0,0,1,0,0,0,0,0,0,0,1,0,0,0,0,0,0,0,1,0,1,1,0,0,0,1,0,0,0,0,1,1,1,0,0,1,0,0,1,0,0,0,0,0,0,1,1,0,0,0,0,0,0,0,0,0,0,1,0,0,1,0,0,0,0,1,0,1,0,1,0,1,1,1,0,0,1,0,0,1,1,1,1,0,0,1,1,1,1,1,0,0,0,0,0,0,0,0,0,0,0,0,0,0,0,0,0,0,0,0,0,0,0,0,0,1,1,0,0,0,0,0,0,0,0,0,0,0,0,0,1,1,0,0,0,1,0,1,1,0,1,0,0,0,0,1,0,0,0,0,0,0,0,0,0,0,1,1,0,0,0,0,1,0,0,1,0,0,0,0,0,0,0,0,0,1,1,0,0,0,0,0,1,0,0,0,0,1,0,0
2c6ee904-6aa8-5507-9919-1bf343c7ca90,4ed8c54a-390d-54be-8ba3-95ae93285b7f,Siaya Horticulture Farm #0486,Western Kenya,Siaya,Horticulture,2.75,0.626598,34.93408,11,False,Informal Smallholder,0,6.48,2,Emerging Agribusiness,0.24,0.44,0.24,0.6,0.16,0.28,0.16,0.04,1,0,0,0,0,1,0,0,1,0,0,0,0,1,0,1,0,0,0,0,0,0,1,0,0,1,1,0,0,1,0,1,0,0,0,1,1,0,0,0,1,1,0,1,0,0,1,1,0,0,0,1,0,0,0,0,1,1,0,0,1,0,0,0,0,1,0,0,0,0,1,0,0,0,0,1,1,0,0,0,1,1,0,1,0,1,1,1,0,0,1,0,1,1,0,1,1,1,0,1,0,0,0,0,0,1,0,0,0,1,1,0,0,0,0,0,0,0,0,0,0,1,0,0,0,0,1,0,0,0,0,0,0,0,0,1,0,1,0,0,1,1,0,0,0,1,0,0,1,0,1,0,0,0,0,1,0,0,0,1,0,0,0,0,0,0,0,1,0,0,0,0,0,0,0,0,0,0,0,0,0,0,0,0,0,0,0,0,0,0,0,0,0,0,0,0,1,0,0,0
fe61155f-202b-5c4c-b475-1a69670bd066,75aeddb6-60c1-545d-b12e-304d7c3925db,Murang'a Horticulture Farm #0487,Central Highlands,Murang'a,Horticulture,0.68,0.27836,36.926079,10,False,Informal Smallholder,0,4.56,5,Future Ready Farm,0.08,0.12,0.4,0.44,0.04,0.36,0.04,0.04,0,0,0,0,0,0,0,0,0,0,0,0,0,0,0,0,0,0,0,0,1,0,0,1,0,0,0,1,0,0,1,0,0,0,0,0,0,0,0,0,1,0,0,0,0,0,0,0,0,0,1,1,1,0,0,1,1,1,0,0,0,0,0,0,0,1,0,0,0,0,1,1,0,1,0,1,0,1,0,1,1,0,0,1,0,0,0,1,1,0,0,0,0,0,0,1,1,1,1,0,0,0,0,0,0,1,0,0,0,0,0,0,0,0,0,0,0,0,0,0,0,0,0,0,0,1,0,1,1,0,0,0,0,0,0,1,1,0,1,0,0,0,0,1,0,1,1,0,0,0,0,0,0,0,0,0,0,0,0,0,0,0,0,1,0,0,0,0,0,0,0,0,0,0,0,0,0,0,1,0,0,0,0,0,0,0,0,0,0,0,0,0,0,0,0,0,0,0,0,0
9a104887-03c8-5c82-b6bc-55fbcf193e63,e9906e48-555f-5c7f-8594-0f8179d46624,Kakamega Dairy Farm #0488,Western Kenya,Kakamega,Dairy,3.62,-0.098432,34.954135,11,True,Informal Smallholder,0,5.16,2,Emerging Agribusiness,0.12,0.16,0.2,0.6,0.12,0.24,0.2,0.08,0,1,0,0,0,0,0,1,0,0,1,0,0,0,0,0,0,0,0,0,0,0,0,0,0,0,0,0,0,0,1,1,0,0,0,0,1,0,0,0,0,0,1,0,0,0,0,0,0,0,1,0,0,0,0,0,1,0,0,1,1,0,0,0,0,0,0,0,0,0,1,0,0,0,0,1,1,1,1,0,1,0,1,1,0,1,1,1,0,0,1,0,1,1,0,1,0,1,0,0,0,1,0,1,0,0,0,0,0,0,0,0,0,0,0,0,1,0,0,0,0,0,0,0,0,0,0,0,0,0,1,1,1,0,0,1,0,0,0,0,0,0,0,0,0,0,1,0,1,0,1,0,0,0,0,0,0,0,0,0,0,0,0,0,0,1,0,0,0,0,1,1,0,0,1,0,0,0,0,0,0,0,0,0,1,0,0,0,0,0,1,0,0,0,0,0,0,0,0,0
0dbf227f-c977-5c80-a962-99fc4705732d,12359ffd-c288-5fbb-8a8f-785bef50c653,Machakos Pigeon Peas Farm #0489,Eastern Semi-Arid,Machakos,Pigeon Peas,9.22,-0.059453,37.854687,12,True,Transitioning Agribusiness,1,11.16,3,Structured Farm,0.36,0.44,0.36,0.56,0.52,0.56,0.48,0.44,0,0,0,0,0,1,1,0,0,0,1,0,0,0,0,1,0,1,0,1,1,0,1,0,1,0,0,0,0,0,1,1,1,0,0,1,0,1,0,0,1,1,1,0,0,1,0,1,1,0,1,0,1,0,0,1,1,1,0,0,0,1,0,1,0,1,0,0,0,0,0,0,1,0,0,0,1,1,1,0,1,0,1,1,1,1,1,0,0,1,1,1,1,0,0,1,0,0,0,0,1,1,0,0,0,0,1,1,0,1,1,1,0,0,0,1,1,0,1,0,1,1,1,0,0,1,1,0,1,0,1,0,1,1,0,1,1,0,0,0,1,1,1,1,0,0,1,1,0,0,1,1,0,0,1,1,0,0,1,0,1,1,1,0,0,0,1,0,0,0,0,1,1,0,1,1,1,1,1,0,1,0,1,1,1,1,1,0,0,0,0,0,0,0,0,0,0,1,0,0
e1c2619c-d990-55d1-bf60-46d90dec6a0f,d8157d9f-aecd-5d1f-8cbd-822241a466e0,Nakuru Tea Farm #0490,Rift Valley,Nakuru,Tea,1.97,-0.145412,35.824135,22,True,Transitioning Agribusiness,1,13.44,3,Structured Farm,0.64,0.52,0.44,0.72,0.64,0.56,0.56,0.4,0,1,1,0,0,1,1,1,0,1,1,1,0,0,0,1,1,1,1,0,1,1,1,0,1,1,1,0,1,0,0,1,1,1,0,1,1,1,0,0,0,1,1,0,1,0,1,0,0,0,1,0,0,1,0,1,0,1,0,0,1,1,0,0,0,1,1,1,1,0,1,0,0,0,0,1,0,1,1,1,1,0,1,0,1,0,1,1,0,0,1,1,1,1,1,1,1,1,0,1,1,0,1,0,0,1,1,0,1,0,1,1,1,0,1,1,1,1,1,0,1,0,0,1,1,1,0,0,0,0,1,0,1,1,0,1,1,1,0,0,1,0,1,1,0,1,1,1,0,1,0,0,0,0,1,1,1,0,0,0,1,1,1,0,1,1,0,1,0,0,1,1,1,1,1,1,0,0,0,0,1,1,0,0,1,0,1,0,0,0,0,1,1,1,0,1,0,0,1,0
7eb7bbe7-122d-53e2-87fe-ab937037c61c,9edab985-5236-5670-958f-d59382e4f708,Taita Taveta Cashew Farm #0491,Coastal Lowlands,Taita Taveta,Cashew,12.26,-2.108114,39.985432,13,True,Transitioning Agribusiness,1,12.0,3,Structured Farm,0.52,0.36,0.4,0.64,0.56,0.68,0.44,0.4,1,0,0,0,1,0,0,1,1,0,1,1,1,0,0,1,1,1,0,0,1,1,1,0,0,0,0,0,0,0,1,0,1,0,0,1,0,0,0,0,1,1,1,0,1,1,1,0,0,0,1,1,0,1,1,0,0,1,0,0,0,1,0,0,0,1,1,0,0,0,1,0,0,1,0,1,1,1,1,0,1,1,0,0,0,1,1,1,0,1,1,1,0,0,0,1,1,1,1,0,1,1,0,1,0,1,1,1,0,0,1,1,1,0,0,0,1,0,0,1,1,1,1,0,0,1,1,1,1,1,1,1,1,0,0,1,1,1,1,0,0,1,0,0,0,1,1,1,0,1,0,1,0,1,0,1,0,0,1,0,1,1,1,0,0,1,0,0,1,0,1,1,0,0,0,1,0,0,1,0,0,1,1,0,0,0,1,1,0,0,1,1,1,0,0,0,1,0,0,0
c566d35b-7b60-5227-a60b-19622a947ba2,cbc47b86-961d-5f7d-a19c-359b7cce8f5b,Vihiga Poultry Farm #0492,Western Kenya,Vihiga,Poultry,2.21,-0.478931,35.162928,17,True,Transitioning Agribusiness,1,12.24,3,Structured Farm,0.6,0.44,0.68,0.56,0.32,0.64,0.44,0.4,0,1,1,1,1,1,1,0,0,1,1,0,1,0,0,1,1,1,1,0,1,0,0,1,0,1,0,0,1,0,1,0,0,0,0,1,1,1,0,0,1,0,1,0,0,1,1,1,0,0,1,1,1,0,0,1,1,1,0,0,1,1,1,1,1,0,0,1,0,0,1,1,1,1,1,1,0,1,0,1,1,1,0,1,0,1,1,0,0,0,1,1,1,0,0,1,1,0,1,0,1,1,0,0,0,1,0,1,0,0,1,0,1,0,0,1,1,0,0,0,0,0,0,0,0,1,1,0,1,0,1,1,1,0,0,1,1,1,0,0,1,1,1,0,1,1,1,0,1,0,1,1,1,0,0,1,0,0,1,0,0,1,0,1,0,1,0,0,0,0,1,1,0,1,0,1,0,0,0,0,0,1,0,1,0,1,0,1,0,0,1,1,0,1,1,0,1,0,0,0
5110914a-d10f-5d62-b5f3-72afd1f97299,5cee9a42-6943-511f-b488-dd7b5838e8b8,Taita Taveta Cashew Farm #0493,Coastal Lowlands,Taita Taveta,Cashew,4.93,-2.356019,38.553257,9,True,Transitioning Agribusiness,1,12.96,3,Structured Farm,0.52,0.44,0.64,0.72,0.52,0.68,0.44,0.36,1,0,0,0,0,0,1,0,1,1,1,1,1,0,0,0,1,1,1,0,1,1,0,1,0,1,0,0,1,0,1,0,1,0,1,0,0,0,0,0,1,1,1,0,1,0,1,0,1,0,1,0,1,0,1,1,0,0,1,1,1,1,1,1,0,1,0,1,1,0,1,1,1,0,0,1,1,1,1,0,1,1,1,1,0,1,1,1,1,0,1,1,1,0,0,0,1,1,0,1,1,1,1,0,0,1,1,1,1,0,1,1,0,0,0,0,1,0,1,1,0,1,0,0,0,1,0,1,1,0,1,0,1,1,0,1,1,1,1,1,1,0,1,0,0,1,1,1,1,0,1,0,1,1,0,1,1,0,0,0,0,1,1,0,0,1,0,0,0,1,1,1,0,0,0,1,1,0,0,0,1,1,0,0,0,1,1,0,0,0,0,0,1,0,0,1,1,0,0,0
5e5f447e-9ded-578c-a50a-68c04c4d263c,96c01ca4-6865-5236-902d-e7ef186760fc,Siaya Cassava Farm #0494,Western Kenya,Siaya,Cassava,2.47,0.437648,34.865702,13,True,Informal Smallholder,0,5.52,2,Emerging Agribusiness,0.32,0.32,0.16,0.44,0.12,0.2,0.24,0.04,0,0,1,1,0,0,0,0,0,0,0,1,0,0,0,1,1,0,0,0,1,0,0,1,1,1,0,0,0,1,0,1,1,0,0,0,1,0,0,0,0,1,0,0,0,1,1,0,0,0,0,0,0,0,0,1,0,0,0,0,0,1,0,0,0,1,0,0,0,1,0,0,0,0,0,1,1,1,0,0,1,0,0,0,1,1,0,0,0,0,1,1,0,0,0,0,1,1,1,0,0,0,0,0,0,0,0,0,0,0,1,1,0,0,0,0,0,0,0,0,1,0,0,0,0,0,0,0,0,0,0,0,1,0,0,0,1,0,0,0,0,1,1,0,0,1,0,0,0,0,1,0,0,0,1,0,0,0,1,0,0,0,0,0,0,0,1,0,0,0,1,1,0,0,0,0,0,0,0,0,0,0,0,0,0,1,0,0,0,0,0,0,0,0,0,0,0,0,0,0
72d5abbb-009e-575e-b902-daa44b9f70e4,6c369163-6c18-575c-b09c-551eebf87404,Taita Taveta Fish Farming Farm #0495,Coastal Lowlands,Taita Taveta,Fish Farming,8.89,-4.057159,40.481184,14,True,Transitioning Agribusiness,1,11.04,3,Structured Farm,0.44,0.44,0.52,0.6,0.44,0.52,0.4,0.32,1,0,0,0,0,1,1,1,0,1,0,0,1,1,0,1,0,1,0,0,1,0,0,1,0,1,0,0,0,0,1,1,0,0,0,1,1,0,1,0,1,1,0,0,0,1,1,0,1,0,1,0,1,0,0,1,0,1,0,0,1,0,1,1,0,1,1,1,0,0,1,0,1,1,0,0,1,0,1,1,0,0,1,0,0,1,1,1,1,0,1,1,1,1,0,1,1,1,0,0,0,0,1,1,0,0,0,0,0,0,0,0,1,0,0,1,1,0,1,1,1,1,1,1,0,1,1,0,0,1,1,0,0,0,0,1,1,1,1,0,1,1,1,0,0,1,0,0,0,1,0,1,0,0,0,1,0,1,0,0,1,0,1,0,0,0,1,1,0,1,0,0,1,1,0,0,1,0,0,0,0,1,0,0,0,0,0,1,0,0,0,0,0,1,0,1,1,1,0,1
501f0bf7-c805-5831-8639-f0ed66aecaf8,2c022ba4-6f34-5983-a6b3-1b80d0652b29,Kitui Livestock Farm #0496,Eastern Semi-Arid,Kitui,Livestock,6.48,-1.743963,37.573051,14,True,Transitioning Agribusiness,1,11.88,3,Structured Farm,0.4,0.44,0.64,0.6,0.56,0.52,0.32,0.48,1,0,0,0,0,1,0,1,0,0,1,1,1,0,0,1,0,0,0,0,1,1,1,0,0,0,0,1,0,0,1,0,1,0,0,1,1,1,1,0,1,1,0,0,0,1,0,0,0,1,1,1,1,1,0,1,1,1,1,0,1,1,1,1,0,1,1,1,0,0,1,0,0,0,0,0,1,1,1,0,1,1,1,1,0,1,1,0,0,1,1,0,1,1,0,1,0,0,0,1,1,1,1,1,1,1,0,0,1,0,1,1,0,0,0,0,1,0,0,0,1,1,1,0,1,1,1,0,0,0,1,1,1,0,0,1,0,1,0,1,1,1,0,0,0,1,1,1,0,0,0,0,0,0,0,0,0,0,0,0,1,1,1,0,0,0,1,1,0,0,1,1,1,0,0,0,1,1,0,0,1,1,1,0,0,1,1,1,1,0,1,0,0,0,0,1,1,0,0,0
b3925f45-7819-5b11-b568-2f3f56cbcadb,15addf9e-bfa1-53e2-86f9-a6ccd5ce9cf8,Embu Horticulture Farm #0497,Central Highlands,Embu,Horticulture,4.09,-0.794528,36.695657,5,False,Informal Smallholder,0,5.88,2,Emerging Agribusiness,0.2,0.16,0.28,0.6,0.24,0.12,0.16,0.2,1,0,0,0,0,0,0,0,0,0,0,1,0,1,0,0,0,0,0,0,1,1,0,0,0,0,0,0,0,0,1,0,0,0,0,0,0,0,1,0,0,0,0,0,1,0,1,0,0,0,1,1,0,1,0,1,0,0,0,0,0,0,0,0,0,0,1,1,0,0,1,0,0,0,0,1,1,1,0,1,1,0,0,1,1,1,1,0,1,0,0,1,1,0,0,1,0,1,1,0,0,0,0,0,0,1,1,0,0,0,0,1,1,0,0,0,0,0,0,0,0,1,1,0,0,0,0,0,0,0,0,0,0,0,0,0,0,0,0,0,0,1,0,0,0,1,0,0,0,1,0,0,0,0,0,1,0,0,0,1,1,1,0,0,0,0,0,0,0,0,0,0,0,0,0,1,1,0,0,0,0,0,0,0,0,1,0,0,0,0,1,0,0,0,0,0,1,0,0,0
d98be75c-3e2d-591c-a56f-46f27eb40e82,9c084cf0-8fcb-547c-947c-23de43fa2a68,Tharaka Nithi Green Grams Farm #0498,Eastern Semi-Arid,Tharaka Nithi,Green Grams,5.75,-1.935731,38.249677,10,True,Transitioning Agribusiness,1,11.52,3,Structured Farm,0.56,0.32,0.44,0.68,0.52,0.48,0.52,0.32,0,1,1,0,0,0,1,1,1,1,1,0,1,0,0,1,1,1,0,0,1,1,0,0,1,1,0,1,0,0,0,0,1,0,0,1,0,0,0,0,1,1,1,0,0,0,0,1,0,0,0,0,1,0,0,1,1,0,1,1,1,1,0,0,0,1,0,0,0,0,0,0,1,1,1,1,1,0,1,1,1,0,1,1,0,1,1,0,0,0,1,1,1,1,0,0,1,1,1,1,1,1,0,1,0,1,1,1,0,0,0,1,1,0,0,1,1,1,1,0,1,0,0,0,0,1,1,0,0,0,1,0,1,0,1,0,0,1,0,0,1,0,1,1,0,1,1,1,0,0,1,0,0,0,0,0,1,1,1,0,1,1,0,0,0,1,1,1,1,0,1,1,1,0,0,1,0,1,0,0,1,0,0,0,0,0,0,1,0,0,1,1,0,0,0,1,1,0,0,0
5948643b-6e1e-536b-8dd4-d37555601d31,d0afd98e-c153-517d-9f38-55c524bd7bb1,Kwale Cashew Farm #0499,Coastal Lowlands,Kwale,Cashew,2.51,-4.090483,38.720253,8,False,Informal Smallholder,0,6.24,2,Emerging Agribusiness,0.32,0.16,0.24,0.64,0.24,0.2,0.16,0.12,1,1,0,0,0,1,0,0,0,0,1,0,0,0,0,1,0,1,1,0,0,1,0,0,0,0,0,0,0,0,0,0,0,0,0,0,1,0,0,0,1,1,0,0,0,1,0,0,0,0,0,0,0,0,0,0,1,0,0,0,1,0,1,0,0,0,0,0,1,1,1,0,0,0,0,1,1,1,0,0,1,1,0,0,1,1,1,1,0,0,1,1,1,1,0,1,1,1,0,0,1,1,0,0,0,0,0,0,0,0,1,0,0,0,0,0,0,1,0,0,1,1,0,0,0,1,0,0,0,0,1,1,0,0,0,1,0,0,0,0,0,0,0,0,0,0,1,0,0,0,0,0,0,0,0,0,0,1,0,0,0,0,0,0,0,1,0,0,1,0,1,0,0,0,0,0,1,0,0,0,1,0,0,0,0,1,0,0,0,0,0,0,0,0,0,0,0,0,0,0
5d213b3f-806b-57d7-ac51-ba11e74a4e52,68d5b6c0-83b8-5cd7-b823-a1574840e29f,Kericho Wheat Farm #0500,Rift Valley,Kericho,Wheat,6.41,1.257626,36.485579,17,True,Transitioning Agribusiness,1,10.92,3,Structured Farm,0.6,0.4,0.36,0.64,0.32,0.56,0.36,0.4,1,1,1,1,0,1,1,1,1,0,0,0,0,1,0,1,0,0,1,0,1,1,1,1,0,0,0,1,0,0,0,1,0,0,0,1,0,1,0,0,1,1,1,0,0,0,1,1,1,0,0,0,0,0,0,1,0,0,0,1,1,1,1,1,0,1,0,0,0,0,1,1,0,0,0,1,1,1,0,0,1,0,1,1,0,1,1,1,0,0,1,1,1,1,0,1,1,0,1,0,0,0,0,0,0,0,0,1,0,0,0,0,1,0,1,1,0,0,0,0,1,1,1,1,0,1,1,0,1,0,1,1,0,1,0,1,0,1,0,0,1,1,0,1,0,1,0,1,0,1,1,0,0,0,0,0,1,1,0,0,1,1,0,0,0,1,1,1,0,0,0,0,1,0,0,1,0,0,0,0,1,1,1,1,0,1,0,1,0,0,1,0,1,0,0,1,0,0,0,0
763d0300-3489-590b-a962-9c510176a35a,d1667dcf-127f-532f-874a-0e87304f58db,Kericho Maize Farm #0501,Rift Valley,Kericho,Maize,5.87,0.157045,35.000397,21,False,Transitioning Agribusiness,1,11.16,3,Structured Farm,0.44,0.56,0.52,0.52,0.48,0.48,0.32,0.4,1,1,0,0,0,1,1,0,0,0,1,0,0,0,1,0,1,1,0,0,1,1,1,0,0,0,1,0,1,1,1,0,0,1,0,1,1,0,1,0,0,1,0,1,0,1,1,1,0,1,1,0,0,1,0,1,0,1,1,1,0,0,1,0,0,1,1,0,1,0,1,1,1,0,0,1,1,0,1,1,1,1,0,0,0,1,1,0,0,0,1,0,1,1,0,1,1,0,0,0,1,1,0,0,0,1,0,1,0,0,1,0,0,0,0,1,1,1,0,1,0,1,1,1,0,1,1,0,0,0,1,0,0,0,0,1,1,0,1,1,1,1,1,0,0,1,1,0,0,0,1,1,0,0,0,0,1,0,0,0,0,0,0,0,0,0,1,1,0,0,1,0,1,0,1,1,0,1,0,0,1,1,0,0,0,1,1,0,0,0,0,1,0,0,0,1,1,1,0,0
af1689c4-8674-5194-9469-348d51e7df0f,989cedcb-4adb-5b05-8de2-04030eef3dab,Meru Horticulture Farm #0502,Central Highlands,Meru,Horticulture,9.18,-0.39507,36.820454,23,True,Commercial Market Leader,2,20.88,5,Future Ready Farm,0.88,0.84,0.84,0.88,0.8,0.92,1.0,0.8,1,1,1,1,1,1,1,1,1,1,1,1,0,0,1,1,1,1,1,1,1,1,1,1,0,1,1,1,1,1,1,1,1,0,1,1,0,1,0,1,1,1,1,1,1,1,0,1,1,1,1,0,1,1,1,1,1,0,1,0,1,1,1,1,1,1,1,1,1,1,1,1,0,1,1,1,0,1,1,1,1,0,1,1,1,1,1,1,1,1,0,1,1,1,1,1,1,1,1,1,1,0,1,0,0,1,1,1,1,0,0,1,1,1,1,1,1,1,1,1,1,1,1,1,1,1,1,1,1,1,1,1,1,1,1,1,1,1,1,1,1,1,0,0,1,1,1,1,1,1,1,1,1,1,1,1,1,1,1,1,1,1,1,1,1,1,1,1,1,1,1,1,1,1,1,1,1,1,1,1,1,1,0,1,0,0,1,0,1,1,1,1,1,0,1,1,1,1,1,1
cff2e7f0-3b92-53cf-8238-8d91742a6262,c9a7db0a-dad3-5d8c-a31d-9174dbef97f1,Busia Horticulture Farm #0503,Western Kenya,Busia,Horticulture,18.99,1.083362,34.990326,16,True,Commercial Market Leader,2,19.92,4,Investment Ready Farm,0.88,0.76,0.88,0.8,0.8,0.84,0.88,0.8,1,1,1,1,1,0,1,1,1,1,1,1,1,1,1,1,1,1,1,0,1,1,1,1,0,1,1,1,0,1,1,0,1,1,0,1,1,1,1,1,1,0,1,1,0,1,1,1,1,0,1,1,1,1,1,1,1,1,1,1,1,0,1,1,1,1,0,1,1,1,1,1,0,1,1,0,0,1,1,0,1,1,1,1,1,1,1,1,1,1,1,1,1,1,1,1,0,1,1,0,1,1,0,1,1,1,1,0,1,1,1,0,1,1,0,0,1,1,1,1,1,1,1,1,1,1,1,0,1,1,1,1,1,1,1,1,0,1,1,1,1,1,1,1,1,1,1,1,0,0,1,1,1,1,0,1,1,1,1,1,1,1,1,1,0,1,1,0,1,1,1,1,1,1,1,1,1,1,1,1,1,1,0,1,0,1,1,1,1,1,1,1,0,0,1,1,1,1,1,0
f3d84e34-6fd4-519f-85b2-cd2274b3dc49,a53d4bb6-f709-50b6-b77d-26c18c67a565,Kisumu Maize Farm #0504,Western Kenya,Kisumu,Maize,6.64,0.381129,34.278948,9,False,Transitioning Agribusiness,1,11.04,3,Structured Farm,0.68,0.44,0.56,0.44,0.48,0.48,0.36,0.24,1,1,1,0,0,1,1,1,0,0,1,1,1,1,0,1,1,1,0,0,1,1,0,1,1,0,0,0,1,0,1,1,1,0,0,1,1,0,1,0,0,0,0,1,0,0,1,1,0,1,1,1,0,1,0,1,0,1,0,0,1,1,1,1,0,1,1,1,0,0,0,1,0,1,0,1,0,0,0,0,0,1,1,0,0,1,1,0,0,0,1,1,1,0,1,1,1,0,0,0,1,1,0,1,0,1,1,0,0,1,1,1,0,0,1,1,0,1,0,0,0,0,1,0,0,1,1,1,0,0,1,0,0,0,0,1,0,1,1,0,1,1,1,0,0,1,1,0,0,0,0,1,1,0,0,0,1,1,1,0,0,1,0,0,0,1,0,0,1,0,1,0,0,0,0,0,0,0,0,0,1,1,0,0,0,0,0,0,0,1,1,1,1,0,0,0,0,0,0,0
6a0ecc08-4069-5d21-9f04-76d830aa50aa,df720c78-c98a-5779-8994-ca99032af635,Busia Cassava Farm #0505,Western Kenya,Busia,Cassava,7.8,0.336006,34.342652,13,True,Transitioning Agribusiness,1,12.72,3,Structured Farm,0.48,0.48,0.6,0.8,0.48,0.48,0.48,0.44,1,1,1,0,0,1,0,0,0,0,1,1,0,0,0,1,1,0,0,0,1,1,1,0,1,1,1,0,0,0,1,1,0,0,0,1,0,1,0,1,0,0,1,0,0,1,1,1,1,0,1,1,1,0,0,1,1,1,0,0,1,1,1,0,0,0,1,1,0,0,1,1,1,1,0,0,1,1,1,1,1,1,0,1,1,1,1,1,1,1,1,1,1,0,1,0,1,1,0,1,1,1,1,0,0,0,1,1,0,0,1,1,0,0,0,1,0,0,1,0,1,0,1,1,0,1,1,0,0,0,0,1,1,0,0,1,0,1,0,0,1,1,0,0,0,1,1,1,1,0,1,0,0,0,0,1,1,1,1,0,1,0,1,1,0,1,1,0,0,0,1,0,1,0,0,0,1,1,0,0,1,1,1,0,0,1,1,0,1,0,1,0,0,0,0,0,0,1,1,0
e14c07f0-51a6-5df6-8070-e1e8dba2eb8d,4be9f3c5-8593-568a-a1a5-1f1e6d7c5814,Taita Taveta Vegetables Farm #0506,Coastal Lowlands,Taita Taveta,Vegetables,11.88,-3.105283,38.75216,9,True,Transitioning Agribusiness,1,11.76,3,Structured Farm,0.52,0.36,0.56,0.76,0.48,0.56,0.4,0.28,1,0,0,0,0,0,1,0,0,1,1,1,1,0,0,1,1,0,0,1,1,1,1,0,1,1,0,1,0,0,0,0,1,0,0,0,0,1,0,0,1,0,0,1,0,1,1,1,0,0,1,1,1,1,1,1,1,0,1,0,1,0,0,0,0,1,0,0,1,1,1,0,0,1,0,1,1,1,0,1,0,1,1,1,1,1,1,1,1,0,1,1,1,1,1,0,1,0,1,0,1,1,0,0,0,1,0,1,1,0,1,1,0,1,0,1,1,0,0,1,0,1,0,0,0,0,1,0,0,1,0,1,1,1,1,1,1,0,0,1,1,0,1,1,0,1,0,0,1,0,0,1,1,0,1,0,1,1,0,0,1,0,0,0,0,1,0,1,0,0,1,0,0,1,0,0,0,0,0,0,1,1,0,1,0,1,0,0,0,0,1,0,0,0,0,1,0,1,0,0
b2af5f71-5443-530b-b163-0672e5cd7a4b,6cd9fd16-afa7-5052-b06f-df050143d3fb,Murang'a Horticulture Farm #0507,Central Highlands,Murang'a,Horticulture,2.18,-0.616181,37.452799,20,False,Informal Smallholder,0,6.96,2,Emerging Agribusiness,0.24,0.12,0.44,0.6,0.16,0.36,0.32,0.08,0,1,0,0,0,0,1,0,1,0,0,1,0,0,0,1,0,0,0,0,1,0,0,0,0,1,0,0,0,0,0,1,0,0,0,0,1,0,0,0,0,0,0,0,0,0,0,0,0,0,1,0,0,0,0,1,0,1,1,0,1,1,0,0,0,1,1,0,1,0,0,1,1,0,0,1,1,1,0,0,1,1,0,1,1,1,1,0,1,0,1,1,1,0,0,1,0,0,1,0,1,0,0,0,0,0,0,0,0,1,0,0,1,0,0,0,0,0,0,0,0,0,1,0,0,0,1,0,1,0,0,0,0,0,0,0,0,1,0,0,1,1,1,1,0,0,0,1,1,0,1,0,0,0,0,1,1,0,0,0,0,1,0,0,0,1,0,1,0,1,0,1,0,0,0,0,0,0,0,0,0,0,0,0,0,0,0,0,0,0,0,0,0,0,0,1,0,1,0,0
74459781-ac05-50db-8318-4fc94ed68d52,24e22419-74d6-5381-9178-8192ccd44637,Bungoma Poultry Farm #0508,Western Kenya,Bungoma,Poultry,7.92,-0.233448,35.02066,13,True,Transitioning Agribusiness,1,12.12,3,Structured Farm,0.4,0.44,0.56,0.72,0.56,0.56,0.44,0.36,1,0,0,0,0,0,0,0,0,0,0,0,1,1,0,1,0,1,1,0,1,1,1,1,0,0,1,0,1,0,0,1,0,0,1,1,1,0,1,0,0,0,1,1,0,1,0,1,0,0,1,1,1,1,0,1,1,1,0,0,1,1,0,0,0,1,1,0,1,0,1,1,0,0,0,1,0,1,1,0,1,1,1,1,0,1,1,0,1,0,1,1,1,1,0,1,1,1,0,1,1,0,1,1,0,1,1,0,1,0,1,0,1,0,0,0,1,1,1,0,0,1,1,1,0,0,1,0,0,0,1,1,0,1,0,0,1,1,1,1,1,0,0,1,1,1,0,1,0,1,0,1,0,0,1,1,0,1,0,0,1,1,0,0,0,1,1,0,1,0,1,1,0,0,0,1,1,0,0,0,1,0,1,0,0,1,0,1,0,1,0,0,1,0,1,0,0,0,0,0
cc13146b-6535-5982-a17c-380eafffeaf5,37474d27-3382-5742-a394-03479069704a,Taita Taveta Cashew Farm #0509,Coastal Lowlands,Taita Taveta,Cashew,1.76,-2.844412,39.169681,6,False,Informal Smallholder,0,6.0,2,Emerging Agribusiness,0.28,0.12,0.28,0.56,0.24,0.2,0.16,0.16,1,0,0,0,0,1,0,0,0,0,1,0,0,0,0,0,1,1,0,0,1,0,1,0,0,0,0,0,0,0,0,0,0,0,0,1,0,0,0,0,0,1,0,0,0,0,0,0,1,0,1,1,0,0,0,1,0,0,1,0,0,0,1,0,0,1,1,0,0,0,0,0,0,0,0,1,1,1,0,1,1,1,1,0,1,0,1,0,0,0,1,0,0,1,0,1,0,1,1,0,0,1,0,1,0,0,0,0,0,0,1,1,0,0,0,1,1,0,0,0,0,0,0,0,0,1,1,0,0,0,0,0,0,0,0,0,1,0,0,0,0,0,0,0,0,0,1,1,0,0,1,0,0,0,0,0,1,0,0,0,0,1,0,0,0,0,0,0,1,0,0,0,0,0,0,1,0,0,0,0,0,0,0,0,0,1,0,0,0,1,0,0,0,0,0,0,0,1,0,0
6a88a05e-d0d6-534a-86d4-899b18758efd,fba762c4-dbcd-5384-bc57-d91f635e225b,Embu Dairy Farm #0510,Central Highlands,Embu,Dairy,2.2,-0.533332,37.089605,14,True,Informal Smallholder,0,5.04,2,Emerging Agribusiness,0.04,0.4,0.2,0.4,0.16,0.12,0.16,0.2,1,0,0,0,0,0,0,0,0,0,0,0,0,0,0,0,0,0,0,0,0,0,0,0,0,1,1,0,0,0,0,1,0,0,0,1,1,1,1,0,0,1,1,0,0,1,0,0,0,0,0,1,1,1,0,0,0,0,0,0,1,0,0,0,0,0,0,0,0,1,0,0,0,0,0,0,0,1,0,0,1,0,0,0,0,1,0,1,0,0,1,1,1,1,1,0,0,1,0,0,0,0,0,0,0,0,0,1,0,0,1,0,1,0,0,0,0,0,0,0,1,0,0,0,0,1,0,0,0,0,0,0,0,0,0,0,0,0,0,0,1,0,0,0,0,0,0,0,1,0,0,1,0,0,0,0,0,0,0,0,0,0,0,0,0,1,0,0,0,1,0,0,1,0,0,1,1,0,0,0,1,0,0,0,1,1,0,0,0,0,0,0,0,0,0,0,0,0,0,0
8d2cc6f4-0055-58ea-8c18-de54a53de577,e31eefd3-4959-577d-8b13-c965bfc9abe4,Nandi Dairy Farm #0511,Rift Valley,Nandi,Dairy,1.46,-0.331494,35.19602,20,True,Informal Smallholder,0,6.36,2,Emerging Agribusiness,0.36,0.2,0.2,0.56,0.12,0.36,0.2,0.12,1,1,1,1,0,1,1,0,0,0,0,0,0,0,0,1,0,0,1,0,0,0,1,0,0,1,0,1,0,0,1,1,0,0,0,0,0,0,0,0,0,0,0,0,0,0,0,0,1,0,0,1,0,0,0,1,1,0,0,0,0,0,0,0,0,1,1,0,0,0,0,0,0,0,0,1,1,0,0,0,1,1,0,0,0,1,1,0,1,0,1,0,1,0,0,1,1,1,1,1,1,0,0,0,0,0,0,0,0,0,0,0,0,0,0,1,0,0,0,0,0,1,0,0,0,1,0,0,0,0,1,1,1,0,0,1,1,0,0,1,1,0,0,0,0,1,0,0,0,0,1,1,0,1,0,0,0,0,0,0,0,0,0,0,0,1,1,0,0,0,0,0,0,0,0,0,0,0,0,0,0,0,0,0,0,1,0,0,0,0,1,0,0,0,0,0,1,0,0,0
7c1cc152-c34c-5fb2-8c09-af87073573ff,6bb534b2-406f-5440-bb8e-58bb6cfabbc9,Machakos Cowpeas Farm #0512,Eastern Semi-Arid,Machakos,Cowpeas,9.79,-1.492643,37.242542,15,False,Transitioning Agribusiness,1,12.12,3,Structured Farm,0.56,0.44,0.6,0.72,0.48,0.6,0.36,0.28,0,1,1,0,0,1,1,1,1,0,1,0,1,1,0,1,1,1,0,0,1,1,0,0,0,1,0,0,1,0,1,1,0,0,0,0,1,0,1,0,1,0,0,1,0,0,1,1,1,0,1,1,0,1,0,1,1,1,1,0,1,1,0,0,0,1,1,1,1,0,1,1,0,0,0,1,0,0,0,1,1,1,1,1,0,1,1,1,0,0,1,1,1,1,1,1,1,1,0,1,1,1,1,1,0,0,1,0,1,0,1,1,1,0,0,1,0,0,0,0,1,0,0,1,0,1,0,0,1,1,1,1,0,1,0,1,1,1,0,0,1,1,1,0,1,1,0,0,1,0,0,1,0,0,0,1,1,1,0,0,1,0,0,0,0,1,0,0,0,1,0,1,1,0,0,1,0,0,0,1,1,0,0,0,0,1,1,1,0,1,0,0,0,0,0,0,0,0,0,0
a591a307-0e2e-53f4-b02e-4fa77aa1f17c,7195841d-cd05-5489-9c4d-590364bcd050,Bungoma Cassava Farm #0513,Western Kenya,Bungoma,Cassava,2.58,0.970486,34.670107,7,False,Informal Smallholder,0,5.88,2,Emerging Agribusiness,0.12,0.16,0.28,0.68,0.24,0.24,0.08,0.16,0,0,0,0,0,0,0,0,1,0,0,1,0,0,0,0,0,0,0,0,1,0,0,0,0,0,0,0,0,0,1,0,1,0,0,0,0,0,0,0,1,0,0,0,0,0,0,1,0,0,1,0,0,1,0,0,0,0,0,0,1,0,0,1,0,0,0,0,1,0,1,1,0,0,0,1,1,1,0,0,1,1,1,0,0,1,1,1,1,1,1,1,1,0,0,1,1,1,0,0,1,1,0,0,0,1,0,0,0,0,0,1,0,0,0,1,0,0,1,0,0,0,0,0,0,0,0,0,0,0,0,1,0,0,0,0,0,0,0,1,0,0,1,0,0,1,1,0,0,1,0,1,0,0,0,0,0,0,0,0,0,0,0,0,0,0,0,0,0,0,0,0,0,0,1,0,0,0,0,1,0,0,0,0,0,0,1,1,0,0,0,1,0,0,0,0,0,0,0,0
9f13d8a7-ae0d-5b57-92a6-81155c6459b6,534836b5-b1f2-5c73-9dfc-a5d8b67b7312,Uasin Gishu Maize Farm #0514,Rift Valley,Uasin Gishu,Maize,2.16,0.318033,35.998746,20,False,Informal Smallholder,0,6.0,2,Emerging Agribusiness,0.12,0.32,0.2,0.56,0.08,0.4,0.2,0.12,0,0,0,0,0,1,0,0,0,0,1,0,0,0,0,1,0,0,0,0,0,0,0,0,0,0,1,0,1,0,0,0,0,0,0,0,1,1,0,0,0,0,0,0,1,0,1,1,0,1,0,0,0,1,0,1,0,0,0,0,0,0,0,0,0,1,1,0,0,0,0,1,0,0,0,1,0,0,1,0,1,1,0,1,1,1,0,1,0,0,1,1,0,0,0,1,0,1,1,1,1,0,0,0,0,0,0,0,0,0,0,0,0,0,0,0,1,0,0,0,0,0,0,0,0,1,1,1,0,0,1,0,0,0,0,1,1,0,0,0,1,1,1,0,0,0,1,0,0,0,1,0,0,0,0,1,0,0,0,1,0,1,0,0,0,0,0,0,0,0,0,1,0,0,0,0,1,0,1,0,0,0,0,0,0,0,0,0,0,0,1,0,0,0,0,0,0,0,0,0
768d1856-b173-5bf6-9ba6-e521e49b6886,946de161-97bb-53d3-b416-266f97625fb9,Kitui Pigeon Peas Farm #0515,Eastern Semi-Arid,Kitui,Pigeon Peas,2.95,-0.118788,37.899072,12,False,Informal Smallholder,0,6.36,2,Emerging Agribusiness,0.24,0.2,0.2,0.56,0.28,0.28,0.24,0.12,0,1,0,0,1,1,0,0,1,0,1,0,0,0,0,0,0,0,0,0,1,0,0,0,0,1,1,0,0,0,1,0,0,0,0,0,0,0,0,0,0,0,0,0,0,0,1,1,0,0,0,0,0,1,0,0,0,0,0,0,0,0,0,0,0,1,0,0,1,0,1,0,1,0,0,1,0,0,0,1,1,1,0,1,0,1,1,1,1,0,1,1,1,0,0,1,0,0,0,1,1,0,0,0,0,1,1,1,0,0,1,0,0,0,0,0,0,0,0,0,1,0,1,0,0,1,0,0,0,0,1,0,0,0,0,1,1,0,0,0,1,0,0,0,0,0,1,1,0,0,1,0,0,0,0,0,0,0,0,0,1,1,1,0,0,0,0,0,0,0,1,0,0,1,0,1,0,0,0,0,0,0,1,0,0,1,0,0,0,0,0,0,0,0,0,0,0,0,0,0
a35d712c-a69d-5f1b-9c5f-062c79852263,2621b2a6-0782-5c69-b795-f4c4245dca9b,Tharaka Nithi Sorghum Farm #0516,Eastern Semi-Arid,Tharaka Nithi,Sorghum,4.36,-0.235966,38.053914,19,False,Informal Smallholder,0,5.52,2,Emerging Agribusiness,0.2,0.24,0.2,0.48,0.08,0.24,0.28,0.12,0,0,0,0,0,0,0,0,1,0,0,0,0,1,0,0,0,1,0,0,1,0,1,0,0,0,0,0,0,0,0,0,0,1,0,1,1,0,0,0,1,1,0,0,0,0,1,0,0,0,0,1,0,0,0,0,0,0,0,0,0,0,1,1,0,0,0,0,0,0,1,0,1,0,0,1,1,0,0,0,1,0,1,0,0,1,1,0,0,1,1,0,1,0,0,1,1,1,0,0,0,1,0,0,0,0,1,0,0,0,0,0,0,0,0,0,0,0,0,0,0,0,0,0,0,0,0,0,0,0,1,0,0,1,0,1,1,0,0,0,0,0,0,0,0,1,1,0,0,0,0,1,0,0,0,0,0,1,0,0,0,1,1,1,0,1,0,1,0,0,0,0,0,0,0,0,0,0,0,0,0,1,0,0,0,0,0,0,0,0,1,0,0,0,0,0,0,1,0,0
b6cf1fbb-fa11-517c-a1c0-83fb661648d5,924cd135-fcf6-507e-9976-58fb3a5609f6,Kericho Dairy Farm #0517,Rift Valley,Kericho,Dairy,2.63,1.232933,35.04961,14,False,Informal Smallholder,0,5.52,2,Emerging Agribusiness,0.12,0.24,0.08,0.64,0.16,0.28,0.2,0.12,0,0,0,0,0,1,0,1,0,0,1,0,0,0,0,0,0,0,0,0,0,0,0,0,0,1,0,1,0,0,0,0,0,0,1,0,0,0,1,0,1,0,0,0,0,0,1,0,0,0,1,0,0,0,0,0,0,0,0,0,0,1,0,0,0,0,0,0,0,0,0,0,0,0,0,1,1,1,0,0,1,1,1,1,0,1,1,1,1,1,1,1,0,0,0,0,0,1,1,0,1,0,0,0,0,1,0,0,0,0,0,0,0,0,1,0,0,0,0,0,0,1,0,0,0,1,0,0,0,0,1,1,0,1,0,0,1,0,0,0,1,0,0,0,0,0,0,0,1,0,1,1,0,0,0,1,0,1,0,0,0,0,0,0,0,0,1,0,0,0,0,0,0,0,0,0,0,0,0,0,0,0,1,0,0,1,0,0,0,0,0,0,0,0,1,0,0,0,0,0
8ac42d0c-26a9-5c48-91b7-65eaf46e5d4e,eb4e0a33-6ed3-5c32-8292-0d6f3ca086d5,Kisumu Maize Farm #0518,Western Kenya,Kisumu,Maize,4.86,0.453427,35.092346,13,True,Transitioning Agribusiness,1,11.4,3,Structured Farm,0.24,0.36,0.64,0.64,0.48,0.56,0.52,0.36,0,0,1,0,0,1,0,0,0,0,0,1,0,0,0,1,1,0,0,0,0,0,0,0,1,1,1,0,0,0,0,1,0,0,0,0,0,0,0,0,1,0,1,1,0,1,1,1,0,0,1,1,0,1,0,1,1,1,1,0,1,1,1,1,0,0,0,0,1,1,1,1,1,0,0,1,1,0,1,0,1,1,1,0,1,1,1,1,0,0,1,1,1,1,0,1,1,0,0,0,1,1,1,1,0,0,1,0,0,0,1,0,0,1,0,0,1,1,1,0,1,1,0,0,0,1,1,1,0,0,1,1,1,1,0,1,0,0,1,0,0,0,1,1,1,1,1,0,0,0,1,0,1,0,0,0,1,1,0,0,1,1,1,1,0,1,0,0,0,1,1,1,1,0,0,0,1,1,1,0,0,0,0,0,0,0,0,0,0,0,1,1,1,0,0,1,0,1,1,0
ba9f6ea8-0f6b-5c8e-9179-fd616ed1421e,55146a78-b9bf-596d-92d3-be9ef7494ae2,Kitui Livestock Farm #0519,Eastern Semi-Arid,Kitui,Livestock,2.13,-0.697081,37.59788,13,False,Informal Smallholder,0,6.0,2,Emerging Agribusiness,0.16,0.24,0.36,0.56,0.12,0.32,0.16,0.08,0,1,0,0,0,0,0,0,0,0,0,0,0,0,0,1,0,0,0,0,1,1,0,0,0,1,1,0,0,0,1,0,0,0,0,0,1,0,1,0,0,0,0,0,0,1,0,0,0,0,0,0,0,1,0,0,0,1,1,0,0,1,1,0,0,1,1,0,1,0,1,0,0,0,0,1,1,1,1,0,1,1,0,0,0,1,0,1,1,0,1,0,1,0,0,1,1,1,0,0,0,0,0,1,0,1,0,0,0,0,0,0,0,0,0,1,0,0,0,0,0,0,0,0,0,1,0,1,0,0,1,1,0,0,0,0,0,1,0,0,0,1,0,0,0,1,1,0,0,0,0,0,0,0,0,0,0,0,0,0,0,1,0,0,0,0,1,0,0,0,0,0,1,0,1,0,0,0,0,0,1,0,0,0,0,0,0,0,0,0,1,0,0,0,0,0,0,0,0,0
8d5b8365-9982-5968-a207-04604ebd16a5,7552a7b6-ea9f-560a-8f0b-2672644fba58,Uasin Gishu Horticulture Farm #0520,Rift Valley,Uasin Gishu,Horticulture,5.03,0.712312,35.810531,1,True,Transitioning Agribusiness,1,11.16,3,Structured Farm,0.32,0.36,0.6,0.68,0.4,0.56,0.6,0.2,1,1,0,0,1,1,1,0,0,0,1,1,0,0,0,0,1,0,0,0,0,0,0,0,0,0,0,0,0,0,0,1,1,0,1,1,0,0,1,0,1,1,0,1,0,0,1,0,0,0,1,1,0,0,0,1,1,1,0,1,1,0,0,1,0,1,1,1,0,0,1,1,1,1,0,1,0,1,0,1,1,1,1,0,1,1,1,0,1,0,1,1,1,1,0,1,1,1,0,0,0,1,0,1,0,1,1,0,0,0,1,0,1,0,0,1,1,0,0,0,1,0,1,0,0,0,1,1,0,1,1,1,0,0,1,1,0,1,0,0,1,1,0,1,0,1,1,1,0,0,1,1,1,0,0,1,1,0,0,1,1,1,0,0,0,0,1,0,1,1,1,1,1,0,1,0,0,0,0,0,1,0,0,0,0,1,0,0,0,0,0,0,1,0,0,1,0,0,1,0
de6bc714-0b75-5328-ac26-4fd4bc70db15,94930354-4a04-56fc-9b1a-9bd4f7d5db9b,Bungoma Maize Farm #0521,Western Kenya,Bungoma,Maize,14.01,0.145145,34.512977,16,True,Commercial Market Leader,2,19.56,4,Investment Ready Farm,0.96,0.8,0.96,0.64,0.84,0.72,0.92,0.68,1,1,1,1,1,1,1,1,1,1,1,1,1,1,0,1,1,1,1,1,1,1,1,1,1,1,1,1,1,0,1,1,1,1,0,1,1,0,1,1,1,1,0,1,1,1,1,1,0,1,1,1,1,1,1,1,1,1,1,1,1,1,1,1,1,1,1,1,1,1,1,1,0,1,1,1,0,0,1,0,1,1,0,1,1,1,1,0,1,0,1,1,1,0,1,1,0,1,1,0,1,1,1,1,1,1,1,1,0,0,1,1,1,0,1,1,1,1,1,0,1,1,1,1,1,1,1,1,0,1,1,0,1,0,1,1,1,0,0,1,1,1,1,1,0,1,1,1,0,1,1,1,1,1,1,1,1,1,0,1,1,1,1,1,1,1,1,1,1,1,0,1,1,1,1,1,1,1,1,1,1,0,1,0,1,1,1,1,0,1,0,1,1,1,0,1,1,0,0,0
8513f354-9bee-5803-a056-4748bc6362b2,05e2fb48-974d-5248-914b-1ceeaec8e517,Makueni Cowpeas Farm #0522,Eastern Semi-Arid,Makueni,Cowpeas,1.93,-2.019345,38.189278,23,True,Informal Smallholder,0,5.4,2,Emerging Agribusiness,0.28,0.16,0.36,0.48,0.16,0.28,0.04,0.04,1,0,0,0,0,1,1,0,1,0,0,0,0,0,0,0,1,1,0,0,0,0,1,0,0,0,1,1,0,0,0,0,0,0,0,0,0,0,0,0,0,1,0,0,0,0,1,0,0,0,1,1,0,0,0,0,0,1,0,0,1,1,1,0,1,0,0,0,0,0,1,1,0,0,0,0,1,1,0,0,1,1,0,0,0,1,0,0,1,0,1,0,1,1,0,1,1,1,0,0,0,0,0,1,0,0,0,0,0,0,0,0,0,0,0,1,0,1,0,0,0,1,0,0,0,0,0,0,0,0,0,0,1,0,0,0,1,0,0,0,1,1,0,1,0,1,0,1,0,0,0,0,0,0,0,0,1,0,0,0,0,0,0,0,0,0,0,0,0,0,0,0,0,0,0,0,0,0,0,0,0,0,0,0,0,1,0,0,0,0,0,0,0,0,0,0,0,0,0,0
c332763f-beed-56bc-a74b-14f52e05ced9,9bda99ea-ac8e-57ba-9dc9-a2985c8e1f06,Makueni Pigeon Peas Farm #0523,Eastern Semi-Arid,Makueni,Pigeon Peas,1.22,-0.556551,38.44385,2,False,Informal Smallholder,0,5.52,2,Emerging Agribusiness,0.12,0.16,0.12,0.6,0.2,0.32,0.24,0.08,0,0,0,0,0,0,1,0,0,0,0,1,0,0,0,1,0,0,0,0,0,0,0,0,0,0,1,0,0,0,0,0,0,0,1,0,0,0,0,0,1,1,0,0,0,0,0,0,0,0,0,0,0,0,0,0,0,0,0,0,0,0,0,1,0,1,0,0,0,0,0,1,0,0,0,1,0,1,0,0,1,0,0,1,1,1,1,0,0,0,1,1,1,1,1,1,1,0,1,0,1,0,0,0,0,0,1,0,1,0,0,0,0,0,0,0,1,1,0,0,0,0,0,0,0,0,1,0,0,0,1,1,0,0,0,1,0,0,0,0,1,0,1,0,0,1,0,0,1,0,1,1,0,1,0,0,1,0,0,0,1,0,0,0,0,0,0,0,0,0,1,0,0,0,0,0,1,0,0,0,0,0,1,0,0,0,0,0,0,0,0,0,0,0,0,0,0,0,0,0
27e64be3-68ae-5642-9dfe-245274e48a92,913cacdf-4c8d-5277-b796-ebad4d4f81f5,Taita Taveta Fish Farming Farm #0524,Coastal Lowlands,Taita Taveta,Fish Farming,4.17,-2.607646,40.466455,7,True,Transitioning Agribusiness,1,12.36,3,Structured Farm,0.64,0.36,0.6,0.72,0.48,0.56,0.44,0.32,1,1,1,1,0,1,1,0,1,1,1,0,0,1,1,0,0,1,0,0,1,1,1,1,0,0,0,1,0,0,1,1,1,0,0,0,1,1,0,1,1,1,0,0,0,0,0,0,0,0,1,1,1,0,0,1,0,0,0,0,1,1,1,1,1,0,1,1,1,1,1,1,0,0,0,1,0,1,1,1,1,0,1,1,1,1,1,1,1,0,1,1,1,0,0,1,1,0,0,1,1,1,0,0,0,1,1,0,0,0,0,1,0,0,0,1,1,1,1,0,1,1,1,0,0,1,1,1,1,0,1,0,1,0,0,1,1,1,0,1,1,1,0,0,1,1,0,0,0,0,1,1,1,0,0,1,0,0,1,1,0,0,0,1,0,0,1,1,1,0,0,1,0,0,0,1,0,0,1,0,0,0,1,0,1,0,1,0,0,0,1,0,0,0,0,1,1,0,0,0
ed3d957f-aa87-5062-a96a-be53fc6f6d9e,c9abbd63-8895-50e2-a10a-fcc7be2c0e18,Bungoma Poultry Farm #0525,Western Kenya,Bungoma,Poultry,3.3,-0.02264,34.529294,18,False,Informal Smallholder,0,6.6,2,Emerging Agribusiness,0.36,0.2,0.2,0.52,0.16,0.48,0.16,0.12,0,0,1,0,0,1,1,1,0,0,0,1,1,1,0,0,0,0,1,0,0,0,1,0,0,1,1,0,0,0,1,0,0,0,0,1,0,0,0,0,0,0,0,0,0,1,0,0,0,0,0,0,0,0,1,1,0,0,0,0,0,1,0,0,0,0,1,0,0,0,1,0,0,0,0,1,1,0,1,0,0,0,1,0,0,1,1,0,0,0,1,1,0,1,0,1,1,1,1,0,0,0,0,0,0,0,0,1,0,0,1,0,1,0,0,1,0,0,0,0,0,0,0,0,0,1,0,1,0,0,1,0,0,1,0,0,1,1,1,0,1,1,0,0,0,1,1,1,0,0,0,0,1,0,0,0,0,0,0,0,0,0,0,1,0,0,0,0,0,1,0,1,0,0,0,1,0,0,0,0,0,0,0,0,0,0,0,0,0,0,0,0,0,0,0,0,1,0,0,1
c837f387-80da-5c44-bdc4-c78c0a3b820a,d1225d53-4cef-54df-a2ce-b78836438a49,Bungoma Horticulture Farm #0526,Western Kenya,Bungoma,Horticulture,1.94,0.087694,35.113665,20,False,Informal Smallholder,0,5.64,2,Emerging Agribusiness,0.2,0.2,0.2,0.48,0.2,0.2,0.28,0.12,1,0,0,0,0,1,0,0,0,0,0,1,1,0,0,0,0,0,0,1,0,0,0,0,0,0,0,1,0,0,0,1,0,0,0,0,0,1,0,0,0,0,0,0,0,1,0,0,0,1,1,1,1,0,0,0,0,0,0,0,0,0,0,0,0,1,1,0,0,0,0,0,0,0,0,1,0,1,1,1,0,1,0,1,0,1,1,0,0,0,1,0,1,0,0,1,0,0,1,0,1,1,0,0,0,0,0,0,0,0,1,1,0,0,0,0,0,0,0,0,0,1,0,0,0,1,0,0,0,0,1,0,0,0,0,1,0,0,0,0,0,0,0,0,0,1,1,0,0,0,1,0,0,1,0,0,1,0,0,0,1,1,0,0,0,1,1,0,0,0,0,0,0,0,0,0,0,1,0,0,0,0,0,0,0,1,0,0,0,0,0,0,0,0,0,0,0,0,1,0
beb47044-3352-5a88-98ff-6bd606caa7a8,50657020-0330-5034-aa9e-ea9b5a1a61eb,Kirinyaga Coffee Farm #0527,Central Highlands,Kirinyaga,Coffee,31.81,-0.758279,37.426619,16,True,Commercial Market Leader,2,20.52,5,Future Ready Farm,0.96,0.76,0.96,0.76,0.84,0.88,0.92,0.76,1,1,1,0,1,1,1,1,1,1,1,1,1,1,1,1,1,1,1,1,1,1,1,1,1,1,1,1,1,0,1,0,1,0,0,1,1,1,0,1,1,1,1,1,0,1,1,1,1,1,1,1,1,1,1,1,1,0,1,1,1,1,1,1,1,1,1,1,1,1,1,1,1,1,1,1,1,1,1,0,1,0,1,1,1,1,1,1,1,0,1,1,1,1,0,1,0,1,0,1,1,1,0,1,0,1,1,1,1,1,1,1,1,1,0,0,1,1,1,1,1,1,1,1,1,1,1,1,1,0,1,1,1,1,1,1,1,1,0,0,1,1,1,1,1,1,1,1,1,1,1,1,1,1,1,1,1,1,1,1,1,1,1,1,0,1,1,1,1,1,1,1,1,0,1,0,1,0,1,1,1,1,1,0,1,1,1,1,1,0,1,0,1,1,0,1,1,1,1,1
0ef673d5-0948-51c1-825a-43c5b9ce9c4e,8e624fcb-1394-5575-b298-abcbfe4ef660,Uasin Gishu Potatoes Farm #0528,Rift Valley,Uasin Gishu,Potatoes,27.86,0.53059,35.498193,18,True,Commercial Market Leader,2,20.88,5,Future Ready Farm,0.84,0.8,0.88,0.88,0.88,0.84,0.96,0.88,1,1,1,1,0,1,1,1,1,0,1,1,0,1,1,1,1,1,1,1,0,1,1,1,1,1,1,1,0,1,1,1,1,0,1,1,1,1,1,1,1,1,1,1,0,1,1,1,0,0,1,1,1,1,1,1,1,1,1,0,1,1,1,0,1,1,1,1,1,0,1,1,1,1,1,1,0,1,1,1,1,0,1,1,1,1,1,1,1,0,1,1,1,1,1,1,1,1,1,1,1,1,1,1,1,1,1,1,1,1,1,0,1,1,1,1,1,1,1,0,1,1,1,1,0,1,1,0,1,1,1,1,1,1,0,1,1,0,1,1,1,1,1,1,1,1,0,1,1,1,1,1,1,1,1,1,1,1,1,1,1,1,1,1,1,1,1,1,1,1,1,1,1,1,0,1,1,1,1,1,1,1,1,1,0,1,1,1,1,1,1,1,1,1,0,1,1,1,0,1
5ae18f38-0a2e-541a-beff-3c4ae9afb7cf,eb85870b-d6c9-5a60-b897-110e0f74e74d,Meru Dairy Farm #0529,Central Highlands,Meru,Dairy,13.01,-1.174185,37.736865,15,True,Transitioning Agribusiness,1,12.48,3,Structured Farm,0.48,0.44,0.64,0.76,0.6,0.44,0.44,0.36,1,0,0,1,0,1,1,1,0,0,1,0,1,0,0,1,1,1,1,0,1,0,0,0,0,1,0,1,1,0,0,1,1,1,0,1,0,1,0,0,1,0,1,0,0,1,0,0,0,0,1,1,1,1,0,1,1,1,0,1,0,1,1,0,1,0,1,1,1,0,1,1,0,0,0,1,1,0,1,1,1,0,1,0,1,1,1,0,1,0,1,1,1,1,1,1,1,1,1,0,1,1,0,1,0,1,1,1,0,1,1,1,1,0,0,1,0,1,0,0,1,1,0,0,1,1,1,0,0,0,1,1,1,0,0,1,1,1,0,0,0,0,0,0,0,1,0,0,1,1,1,1,0,1,0,1,0,0,1,0,1,0,1,0,0,0,0,1,1,0,1,1,0,0,0,0,0,0,0,0,0,1,0,1,0,1,0,0,0,1,1,0,0,1,0,1,1,1,0,0
7bd41146-78c7-516e-b198-0b9285f9273e,de86f2a9-3836-5c58-b9d4-1d69a7576397,Vihiga Cassava Farm #0530,Western Kenya,Vihiga,Cassava,2.09,-0.244909,35.193729,11,False,Informal Smallholder,0,6.36,2,Emerging Agribusiness,0.16,0.24,0.4,0.68,0.16,0.16,0.2,0.12,1,0,0,0,0,1,0,0,0,0,0,0,0,0,0,0,0,0,0,0,0,1,0,1,0,0,1,0,0,0,0,0,0,0,0,1,1,1,0,0,1,0,1,0,0,0,0,0,0,0,1,1,1,0,0,0,1,0,1,0,0,1,1,0,1,1,0,0,0,0,1,0,0,0,0,1,1,1,1,0,1,1,0,1,0,1,1,1,1,1,1,1,1,0,0,1,1,0,0,0,0,0,0,0,0,1,0,0,1,0,0,0,0,0,0,1,0,0,0,0,0,1,0,0,0,0,1,0,0,0,0,0,0,1,0,0,0,0,0,0,1,0,0,0,0,1,0,0,0,0,0,0,0,0,0,1,1,0,0,0,1,0,0,0,0,0,0,1,0,0,1,0,0,0,0,0,0,0,0,0,0,0,1,0,0,0,0,0,1,0,0,0,0,0,0,1,0,0,0,0
50795050-2c1e-5db2-a3e7-1cc888499744,eea7aa30-4405-558e-8354-6f319f066096,Lamu Coconut Farm #0531,Coastal Lowlands,Lamu,Coconut,5.3,-3.156667,39.650798,3,True,Transitioning Agribusiness,1,11.52,3,Structured Farm,0.52,0.36,0.48,0.56,0.48,0.6,0.36,0.48,1,1,1,0,0,1,1,0,1,0,1,1,1,0,0,1,0,0,1,0,0,1,1,0,0,0,0,0,1,0,0,0,0,0,0,1,0,1,1,0,1,1,0,0,1,0,1,1,0,0,1,1,1,0,0,1,1,1,0,1,1,0,1,0,0,1,0,1,0,0,0,0,1,0,0,1,0,0,0,0,1,1,1,1,0,1,0,1,0,0,1,1,1,1,0,1,1,0,1,0,0,1,1,0,0,1,0,0,1,0,1,1,0,1,0,1,1,0,1,0,1,0,0,0,1,1,0,1,0,0,0,0,0,1,0,1,1,1,1,0,1,1,0,1,1,1,1,1,0,1,0,0,0,1,0,0,1,0,0,0,1,0,1,0,0,1,1,0,1,0,1,0,0,1,0,1,0,1,1,0,1,1,0,1,0,1,1,0,1,0,0,0,0,0,0,1,1,1,0,0
ae7f10e1-0d09-57f0-861b-442227ef8014,4a1f0b6c-a792-5f96-a3d1-7ebf6f7667f6,Kiambu Coffee Farm #0532,Central Highlands,Kiambu,Coffee,8.21,-1.09155,36.915568,4,True,Transitioning Agribusiness,1,12.24,3,Structured Farm,0.48,0.4,0.6,0.76,0.32,0.56,0.44,0.52,0,1,1,0,0,0,1,1,1,0,1,1,0,0,0,1,1,0,1,0,1,0,1,0,0,0,0,0,0,0,1,1,1,1,1,1,0,1,0,0,1,0,0,1,0,1,0,0,0,0,1,0,1,0,0,1,0,0,1,1,1,0,1,0,1,1,1,1,1,1,1,0,0,1,0,1,1,1,1,1,1,1,1,1,0,1,1,1,0,0,1,1,1,0,0,1,1,1,1,0,1,0,0,0,0,0,0,0,0,0,1,1,0,0,0,1,1,0,1,0,1,1,0,0,0,1,1,1,0,1,0,1,0,0,0,1,1,1,0,1,0,1,0,1,0,1,1,0,1,0,1,1,1,1,0,1,0,0,1,0,1,0,0,1,0,1,1,0,1,0,0,0,0,0,0,0,1,0,1,0,1,0,1,0,0,0,1,0,1,1,1,1,1,0,1,1,0,0,1,0
64540a46-2010-5abb-8f02-3944986afd1d,ee094eaf-4093-50b0-95ba-44e0b9162b1a,Tharaka Nithi Sorghum Farm #0533,Eastern Semi-Arid,Tharaka Nithi,Sorghum,1.87,-1.45964,37.695698,8,False,Informal Smallholder,0,5.28,2,Emerging Agribusiness,0.16,0.16,0.16,0.76,0.12,0.2,0.12,0.08,0,1,0,0,0,0,0,0,0,0,1,0,0,0,0,0,0,0,0,0,0,0,0,1,1,0,0,0,0,0,0,1,0,0,0,0,0,0,0,1,1,1,0,0,0,0,0,0,0,0,0,0,0,0,0,0,0,1,0,0,0,0,0,0,0,1,0,0,0,0,0,0,0,1,1,1,1,1,1,0,1,1,1,1,0,1,1,0,1,1,0,1,1,1,1,1,1,0,1,0,0,0,0,0,0,0,0,0,0,0,0,1,0,0,0,0,0,0,0,0,0,1,1,0,0,0,0,0,0,1,1,1,0,0,0,1,0,0,0,0,0,0,0,0,0,1,0,0,0,0,1,0,0,0,0,0,1,0,0,0,0,0,0,0,0,1,0,0,0,0,0,0,0,0,0,0,0,0,0,0,0,0,0,0,0,0,1,0,0,0,0,1,0,0,0,0,0,0,0,0
28c0f5f1-bd91-5e1f-9212-fa0c9f763f68,3bb33783-8c85-5ec2-9378-e79424e840ba,Siaya Dairy Farm #0534,Western Kenya,Siaya,Dairy,7.74,0.616927,34.316157,21,True,Transitioning Agribusiness,1,13.44,3,Structured Farm,0.48,0.4,0.56,0.72,0.56,0.76,0.52,0.48,0,1,0,0,0,1,1,0,1,0,1,1,0,0,0,0,1,0,1,0,1,1,1,1,0,0,1,0,0,1,0,1,0,0,0,1,0,0,1,1,0,0,1,0,0,1,1,1,0,0,1,1,1,1,0,1,1,1,0,0,0,1,1,0,0,1,1,0,1,0,1,0,1,0,0,1,1,0,1,1,1,1,0,1,1,1,0,1,1,0,1,1,0,1,1,0,1,1,0,1,1,1,1,0,0,1,0,0,1,0,1,1,0,0,0,1,1,0,1,0,1,1,0,1,1,1,1,0,1,0,1,0,1,1,0,1,1,1,1,0,1,1,1,1,1,1,1,1,0,1,0,0,1,0,0,1,0,1,1,0,1,1,0,1,1,1,1,1,0,0,1,0,0,1,0,1,0,1,0,0,1,1,0,0,0,1,0,1,1,0,0,1,1,0,0,1,1,1,0,0
cada0f77-5b77-54a3-bedb-1a3533cabb55,f6349c9f-20f5-5e63-9f7e-39b267d2cb2e,Lamu Fish Farming Farm #0535,Coastal Lowlands,Lamu,Fish Farming,3.49,-3.141054,39.817849,13,False,Informal Smallholder,0,6.0,2,Emerging Agribusiness,0.24,0.24,0.32,0.48,0.2,0.2,0.28,0.04,1,0,0,0,0,0,0,0,1,0,0,1,0,0,0,0,0,0,0,1,1,1,0,0,0,0,0,0,0,0,1,0,0,0,0,1,1,1,0,0,0,0,0,0,0,0,1,0,1,0,0,1,0,0,0,0,1,0,0,0,1,0,1,1,0,0,0,0,0,1,1,1,0,0,0,1,0,0,1,0,1,1,1,1,0,1,1,0,0,0,1,0,0,0,1,1,0,0,1,0,0,1,1,0,0,0,0,0,0,0,0,0,0,0,0,1,0,0,0,0,0,1,0,1,0,0,0,0,1,0,0,0,0,1,0,1,0,0,0,0,0,1,0,0,0,0,1,0,0,0,1,0,0,0,0,1,0,0,0,0,1,0,0,0,0,1,0,0,0,0,1,0,1,0,1,0,0,0,0,0,0,0,0,0,0,0,0,0,0,0,1,0,0,0,0,0,0,0,0,0
e0fc70dc-c336-5312-906e-12b11974e7f4,f61b06c3-eed0-5338-92ec-6c7c8409e529,Tharaka Nithi Pigeon Peas Farm #0536,Eastern Semi-Arid,Tharaka Nithi,Pigeon Peas,1.07,-0.149708,38.180969,19,False,Informal Smallholder,0,4.32,5,Future Ready Farm,0.08,0.16,0.08,0.52,0.12,0.28,0.16,0.04,1,0,0,0,0,0,0,0,0,0,0,0,0,0,0,0,0,0,0,0,1,0,0,0,0,1,0,0,0,0,0,0,0,0,0,0,0,0,1,0,1,1,0,0,0,0,0,0,0,0,0,0,0,0,0,0,0,0,0,0,1,0,0,1,0,0,0,0,0,0,0,0,0,0,0,0,1,1,0,1,1,0,1,0,0,1,1,1,1,0,1,0,0,0,0,1,1,0,0,1,0,0,0,0,0,0,0,0,0,0,0,0,1,0,0,0,0,0,0,0,0,1,0,0,1,0,1,1,0,0,0,1,0,0,0,0,1,1,0,0,0,1,0,0,0,1,0,0,0,0,0,0,1,0,0,0,0,0,0,0,1,0,0,0,0,0,0,0,0,0,0,1,1,0,0,0,0,0,0,0,0,1,0,0,0,0,0,0,0,0,0,0,0,0,0,0,0,0,0,0
3875d388-425c-5500-89d2-3b817467ec10,ea79b17e-a81f-54ce-aec6-13fc118ac890,Busia Dairy Farm #0537,Western Kenya,Busia,Dairy,10.25,-0.157809,35.181526,14,True,Transitioning Agribusiness,1,11.04,3,Structured Farm,0.56,0.36,0.48,0.64,0.52,0.32,0.48,0.32,1,0,1,1,0,1,1,1,0,0,0,1,0,0,0,1,1,0,1,0,1,1,0,1,1,1,0,1,0,1,1,0,0,0,0,1,0,0,1,0,0,1,0,0,0,1,1,0,0,0,0,1,1,0,0,0,1,1,0,0,1,1,1,0,0,1,1,0,0,0,0,1,1,1,0,1,1,1,1,0,1,1,1,0,1,1,0,1,1,0,1,1,1,0,0,1,0,0,1,0,1,1,1,0,1,1,1,0,0,1,1,0,1,0,0,1,1,1,0,0,1,0,0,0,0,1,1,1,0,1,1,0,1,0,0,1,0,1,0,0,0,0,0,0,0,0,0,0,0,0,1,1,1,0,0,1,1,1,0,0,1,0,0,1,0,1,0,1,0,0,1,0,0,1,0,1,1,0,1,0,1,1,0,1,0,0,0,0,0,0,1,0,0,0,0,0,0,0,1,0
ab5118be-9d72-512f-9a5c-ddc4b811c6e9,4da77829-2a44-563b-9c0f-ee5c0b3524b6,Embu Horticulture Farm #0538,Central Highlands,Embu,Horticulture,3.7,-0.804839,37.16591,13,False,Informal Smallholder,0,4.92,5,Future Ready Farm,0.2,0.08,0.2,0.56,0.08,0.16,0.2,0.16,0,1,0,0,0,1,1,0,0,0,1,0,0,0,0,1,0,0,0,0,0,0,0,0,0,0,0,1,1,0,0,0,0,0,0,0,0,0,0,0,0,0,0,0,0,0,0,0,0,0,0,0,1,0,0,1,1,0,0,0,1,1,0,0,0,0,0,0,0,0,0,0,0,0,0,1,1,0,1,0,1,0,1,0,0,1,0,1,0,0,1,1,1,1,1,1,0,0,1,0,1,0,0,0,0,1,0,0,0,0,0,0,0,0,0,0,0,0,0,0,0,0,0,0,0,0,0,1,0,0,0,0,0,0,0,1,0,0,0,0,1,0,0,0,0,1,0,0,0,0,1,1,0,0,0,0,1,0,0,0,0,0,0,0,0,1,0,0,0,0,0,0,1,0,0,0,0,0,0,0,0,0,0,0,0,1,0,0,1,0,1,0,0,0,0,1,0,0,0,0
693561a8-fdab-50d5-8e3d-65c600998b03,dc3f95f9-c799-5a88-9122-d7768690b179,Nakuru Maize Farm #0539,Rift Valley,Nakuru,Maize,1.23,0.683921,35.031278,17,False,Informal Smallholder,0,5.88,2,Emerging Agribusiness,0.2,0.12,0.2,0.72,0.16,0.24,0.2,0.12,1,0,0,0,0,0,1,0,0,0,0,0,0,0,0,1,1,0,0,0,1,0,0,0,0,0,0,1,1,0,0,0,0,0,0,0,0,0,0,0,1,0,0,0,0,0,0,0,0,0,0,1,0,1,0,0,1,0,0,0,0,0,0,0,0,0,0,0,0,0,1,1,0,0,0,0,1,1,1,1,1,1,1,1,1,1,1,1,0,0,1,1,1,0,0,0,1,1,1,0,1,0,0,0,0,1,0,0,0,0,0,0,0,0,0,1,0,0,0,0,1,0,0,0,0,1,0,0,0,0,0,1,1,0,0,1,1,0,0,0,0,0,0,0,0,0,1,0,0,0,1,0,0,0,0,1,1,0,0,0,1,0,0,0,0,0,0,1,0,0,0,0,0,0,0,0,0,0,1,1,0,0,1,0,0,0,0,0,0,0,0,0,0,0,0,0,0,0,0,0
22dc9894-9911-5b69-bd26-faa4c5db7260,154ec075-37e5-539a-beed-553ff7b481a8,Uasin Gishu Potatoes Farm #0540,Rift Valley,Uasin Gishu,Potatoes,7.98,0.728849,35.559938,11,True,Transitioning Agribusiness,1,11.52,3,Structured Farm,0.48,0.44,0.56,0.68,0.36,0.56,0.36,0.4,0,0,1,0,0,0,0,1,0,1,1,1,1,0,0,1,1,1,0,0,1,1,0,1,0,1,0,0,1,0,1,0,1,0,1,1,1,0,1,0,1,1,0,0,0,1,0,0,0,0,1,1,1,0,0,1,1,1,0,1,1,1,1,0,0,0,1,0,1,0,1,1,0,0,0,1,1,1,1,0,1,0,1,1,0,1,1,1,0,0,1,1,0,1,1,1,1,1,0,0,1,0,0,0,0,0,0,0,0,0,1,1,1,0,1,1,1,0,0,0,1,1,0,0,0,1,1,1,0,0,1,1,1,0,1,1,1,1,0,1,1,1,0,0,0,1,0,0,0,0,0,1,0,0,1,1,1,0,0,0,0,0,0,0,0,1,1,1,0,1,0,1,0,0,0,0,1,0,1,0,0,1,1,0,0,0,1,0,0,0,1,1,1,0,0,0,1,1,0,0
27c3bdcd-9844-5ebf-8420-6bb1992d0a2e,a134f0a3-6f80-597d-a1ec-c13c0fb6657c,Kakamega Maize Farm #0541,Western Kenya,Kakamega,Maize,17.19,0.957723,34.450433,12,True,Commercial Market Leader,2,20.28,5,Future Ready Farm,0.88,0.72,0.8,0.88,0.92,0.88,0.92,0.76,0,1,1,1,0,1,1,1,0,1,1,1,1,1,1,1,1,1,1,1,1,1,1,1,1,1,1,1,1,1,1,1,1,1,0,0,1,1,1,0,1,1,0,1,0,1,1,0,1,0,0,0,1,1,0,1,0,1,1,1,1,1,1,1,1,1,1,1,1,1,1,1,1,1,0,0,1,1,1,1,1,1,1,1,1,1,1,1,0,1,1,1,1,1,1,1,1,1,0,1,1,1,1,1,1,1,1,1,1,1,1,1,1,1,0,1,1,0,1,1,1,1,1,1,1,1,1,1,1,1,1,0,1,1,1,1,1,1,0,1,1,1,1,1,0,1,1,1,1,1,1,1,1,1,0,1,1,1,1,1,1,1,1,1,0,1,1,1,1,1,1,1,1,1,1,1,1,1,0,0,1,0,1,1,1,1,1,1,1,1,1,1,1,0,0,1,0,1,1,1
319a0b8a-16b7-5d72-9b1e-3bb88b71e7c4,803d24cf-efa7-5bbf-a6e4-62deed67f6ec,Kakamega Poultry Farm #0542,Western Kenya,Kakamega,Poultry,3.16,0.208793,34.743378,22,True,Transitioning Agribusiness,1,11.28,3,Structured Farm,0.44,0.32,0.56,0.68,0.44,0.52,0.6,0.2,1,1,0,0,0,1,1,0,0,0,1,1,1,1,0,0,0,0,0,0,1,0,1,1,0,1,1,0,0,0,0,0,0,0,0,1,0,0,1,0,1,0,1,0,0,1,0,1,0,0,0,1,0,1,0,1,0,1,0,1,1,1,0,1,0,1,1,1,1,0,0,1,0,1,0,1,1,0,0,0,1,1,1,0,0,0,1,1,1,1,1,1,1,0,0,1,1,1,1,1,1,1,0,0,0,1,1,1,0,0,1,0,0,0,0,1,1,1,0,0,1,0,0,1,0,1,0,1,0,0,1,1,1,1,0,1,1,0,0,0,1,1,1,0,0,1,1,0,0,0,0,0,0,1,0,0,1,1,1,0,1,1,1,0,0,1,1,1,1,1,1,1,0,0,1,1,0,0,0,0,0,0,0,0,0,0,0,0,1,0,1,0,0,1,0,1,0,0,0,0
3119aadf-0c96-5993-8e0b-00913672fed8,8a85d593-60e7-52ce-897d-3f1ecc07e108,Nandi Horticulture Farm #0543,Rift Valley,Nandi,Horticulture,1.5,-0.611051,35.47131,12,True,Transitioning Agribusiness,1,12.24,3,Structured Farm,0.6,0.44,0.6,0.68,0.48,0.52,0.36,0.4,1,1,1,0,0,1,1,1,0,0,1,1,1,0,1,1,1,0,0,1,1,0,1,0,0,1,1,1,0,1,0,0,1,0,0,0,1,0,1,0,1,1,1,0,0,0,1,0,0,0,0,1,1,1,0,1,0,0,1,1,0,1,1,1,0,1,1,1,0,0,1,1,1,0,0,1,1,1,1,0,1,1,0,0,0,1,1,1,1,1,1,1,1,0,0,1,0,1,1,0,0,0,1,0,1,1,1,1,0,1,1,0,0,1,0,0,0,1,1,0,1,0,1,0,0,1,1,1,0,1,0,0,0,0,0,1,1,1,0,0,1,1,1,1,0,1,1,0,0,0,1,1,0,0,0,1,0,0,1,0,1,0,0,1,0,0,0,1,0,0,1,1,0,0,0,0,1,0,0,0,0,0,0,0,0,1,0,1,1,0,1,1,1,0,0,1,1,1,0,0
8a1548d9-3f74-5b5b-88f1-717de3cd8206,5bc745b8-9fdd-562a-b601-493365cb75b4,Busia Cassava Farm #0544,Western Kenya,Busia,Cassava,12.0,-0.083797,34.719793,10,True,Commercial Market Leader,2,20.04,5,Future Ready Farm,0.72,0.92,0.92,0.8,0.84,0.88,0.88,0.72,1,0,1,1,1,1,1,1,1,1,1,1,1,1,0,1,1,0,1,0,1,0,0,1,0,1,1,1,1,1,1,1,1,1,1,1,1,1,1,1,1,1,1,0,1,1,1,1,1,0,1,1,1,1,1,1,1,1,1,1,1,1,1,1,0,1,1,0,1,1,1,1,1,1,1,1,1,1,1,1,1,1,0,1,0,1,1,1,0,1,1,1,1,0,1,1,1,0,1,1,1,1,1,0,1,0,1,1,1,1,1,1,0,1,1,1,1,1,1,1,1,1,0,1,1,1,1,1,1,1,1,1,1,0,1,1,1,1,1,1,1,0,1,1,0,1,1,1,1,1,1,1,0,1,1,1,1,1,1,1,1,1,1,1,1,1,1,1,0,1,1,1,1,0,1,1,1,1,1,0,1,1,1,0,0,1,1,0,1,0,1,1,0,1,0,1,1,1,1,1
7bfaa6dd-cb28-54e6-9caf-12f6a26940ce,84080a7f-ccb2-551c-b7bf-66fb3aceedcc,Siaya Cassava Farm #0545,Western Kenya,Siaya,Cassava,2.09,0.001801,34.767274,16,False,Informal Smallholder,0,6.48,2,Emerging Agribusiness,0.2,0.28,0.36,0.56,0.32,0.2,0.12,0.12,1,0,0,0,1,0,1,1,0,0,1,0,0,0,0,0,0,0,0,0,0,0,0,0,0,1,0,0,0,0,1,0,0,0,0,1,0,1,0,0,1,0,0,1,0,0,1,0,0,0,1,1,1,0,0,1,0,0,0,0,1,0,1,0,0,1,0,0,0,0,1,0,0,1,0,1,1,1,0,0,1,1,1,0,0,1,1,1,1,0,1,0,1,0,0,0,1,0,0,1,0,0,1,1,0,0,1,0,0,0,0,1,1,0,0,1,1,0,0,0,0,1,0,0,0,0,0,0,0,0,0,0,1,0,0,1,0,0,0,0,0,0,1,0,0,1,1,0,0,0,0,0,0,0,0,0,0,0,0,0,0,0,0,0,0,1,0,0,0,0,0,1,1,0,0,0,0,1,0,0,0,0,0,1,0,0,1,0,0,0,0,0,0,0,0,0,0,0,0,0
54a3a678-b23b-5fd5-a6ca-e437fc70b3da,26b21d9b-0e7d-5134-bb0d-6d31a276b92f,Kitui Sorghum Farm #0546,Eastern Semi-Arid,Kitui,Sorghum,1.63,-0.313272,37.57271,4,True,Informal Smallholder,0,6.96,2,Emerging Agribusiness,0.2,0.16,0.2,0.68,0.24,0.4,0.28,0.16,1,1,0,0,0,0,1,0,0,0,0,1,0,0,0,0,0,0,0,0,1,0,0,0,0,0,0,1,0,0,0,0,0,0,0,0,0,1,0,0,0,0,0,0,0,0,1,0,0,1,0,1,0,0,0,0,0,0,1,0,0,0,0,0,0,1,0,1,0,0,1,0,0,0,0,1,1,1,1,0,1,1,1,0,0,1,1,1,1,0,1,1,1,0,0,0,1,1,1,0,1,0,0,0,0,1,0,0,0,0,1,1,1,0,0,1,0,0,0,0,0,0,0,0,0,1,1,0,0,0,0,1,0,0,0,1,1,1,0,0,1,0,1,1,0,0,0,1,0,0,1,0,0,0,1,1,0,1,0,0,1,0,1,0,0,0,0,0,0,0,1,0,0,0,0,0,0,0,0,0,0,0,0,0,0,1,0,0,0,0,1,0,0,0,0,1,1,0,0,0
0becb2c8-3004-5297-b088-bca85793b066,891a9924-1877-5cad-bf08-ccc40466960e,Taita Taveta Cassava Farm #0547,Coastal Lowlands,Taita Taveta,Cassava,0.5,-2.845763,39.747271,17,False,Informal Smallholder,0,4.56,5,Future Ready Farm,0.12,0.08,0.28,0.56,0.08,0.24,0.08,0.08,0,0,0,0,0,1,0,0,0,0,0,1,0,0,0,1,0,0,0,0,0,0,0,0,0,1,0,0,0,0,0,0,0,0,0,0,0,1,0,0,0,0,0,0,0,0,0,0,0,0,0,1,0,0,0,1,1,0,0,0,1,1,0,0,0,1,0,0,0,0,1,0,0,0,0,1,0,1,0,0,1,0,1,0,0,1,1,1,1,1,1,0,1,0,0,1,0,1,0,1,0,0,0,0,0,0,0,0,0,0,0,0,0,0,0,1,0,0,0,0,0,1,0,0,0,0,0,1,0,0,0,1,1,0,0,1,0,1,0,0,0,0,0,0,0,1,0,0,0,0,0,0,0,0,0,0,1,0,0,0,1,0,0,0,0,0,0,0,0,0,0,0,0,0,0,0,0,0,0,0,0,0,0,0,0,0,1,0,0,0,0,0,0,0,0,0,0,1,0,0
7b4ed74d-2e1f-5207-b8d2-bda3bfde0484,085c8cc8-7122-5d84-b313-501c8f5900bc,Kirinyaga Tea Farm #0548,Central Highlands,Kirinyaga,Tea,0.5,-0.006732,37.098842,13,False,Informal Smallholder,0,5.76,2,Emerging Agribusiness,0.28,0.12,0.16,0.64,0.24,0.2,0.2,0.08,0,1,0,1,0,1,1,0,0,0,1,1,0,0,0,0,0,0,0,0,0,0,0,1,0,0,0,0,0,1,1,0,0,0,0,0,0,0,0,0,0,1,0,0,0,0,0,0,0,0,0,0,1,0,0,0,1,0,0,0,0,0,0,1,0,0,0,0,0,0,0,1,0,0,0,1,1,0,1,0,1,1,1,1,0,1,0,0,0,1,1,1,1,0,0,1,0,1,1,1,1,0,0,0,0,0,0,0,0,0,1,1,0,0,0,1,1,0,0,0,1,0,0,0,0,1,0,0,0,0,1,0,0,0,0,0,1,0,0,0,1,0,0,0,0,1,0,0,0,0,1,0,1,0,0,0,1,0,0,0,0,0,1,0,0,0,1,0,0,0,0,0,0,0,0,0,1,0,0,0,0,0,0,0,0,0,0,0,0,0,0,1,0,0,0,0,0,0,0,0
87536790-7470-5898-a351-70a9be7019fd,bcb77fd7-4063-5ea2-86e8-426aab3866d7,Makueni Pigeon Peas Farm #0549,Eastern Semi-Arid,Makueni,Pigeon Peas,7.23,-1.19373,38.366134,17,True,Transitioning Agribusiness,1,13.08,3,Structured Farm,0.52,0.6,0.68,0.72,0.52,0.32,0.56,0.44,0,1,1,0,0,0,0,0,1,0,1,1,0,0,0,1,1,0,0,1,1,1,1,1,1,1,1,1,0,0,1,1,1,1,1,1,1,0,1,0,1,0,0,0,0,1,1,0,1,0,1,1,0,1,0,1,1,0,0,0,1,1,1,1,1,1,1,1,0,0,1,1,1,0,1,1,0,1,1,0,1,1,1,1,0,1,1,1,1,1,1,1,1,1,0,1,0,1,0,0,0,1,0,0,0,1,1,0,1,1,0,0,1,0,0,1,1,0,1,0,1,0,1,1,1,1,1,1,0,0,1,0,0,0,0,1,0,0,0,0,0,0,0,0,0,1,1,0,1,0,1,0,0,1,0,1,1,1,1,0,1,1,1,1,0,1,0,0,0,0,1,0,1,1,0,1,0,0,0,0,1,1,0,1,0,1,1,0,0,0,1,0,0,0,0,1,0,1,1,1
5045a45f-7ea1-563f-a59c-5e64729b2266,ea6312c2-6480-5c17-9db6-7e76ec944334,Trans Nzoia Wheat Farm #0550,Rift Valley,Trans Nzoia,Wheat,0.5,-0.032191,35.717727,20,False,Informal Smallholder,0,6.36,2,Emerging Agribusiness,0.2,0.32,0.36,0.64,0.08,0.16,0.24,0.12,0,1,1,0,0,0,1,0,0,0,0,0,0,0,0,0,0,0,0,0,1,1,0,0,0,0,1,1,0,0,0,0,0,0,0,1,0,1,0,0,1,0,0,1,0,1,1,0,0,0,0,0,0,0,0,1,0,0,0,0,1,1,1,0,0,1,1,0,1,0,1,0,0,1,0,1,1,1,1,0,1,0,1,0,0,1,1,1,1,0,1,0,1,1,0,1,1,1,0,0,1,0,0,0,0,0,0,0,0,0,0,1,0,0,0,0,0,0,0,0,0,0,0,0,0,1,0,0,0,0,0,0,0,0,0,0,0,1,0,0,1,0,0,0,0,1,0,0,0,0,0,0,0,0,0,1,0,0,0,0,0,0,0,0,0,1,0,1,0,0,1,1,1,0,0,0,0,0,0,0,0,0,0,0,0,1,1,0,0,0,0,0,0,0,0,0,1,0,0,0
b975b184-2941-54a4-902e-dda952b37344,a2a4bc13-731e-5409-8721-daafa3d4ffb7,Kirinyaga Horticulture Farm #0551,Central Highlands,Kirinyaga,Horticulture,0.5,-1.280997,37.625455,11,False,Informal Smallholder,0,5.52,2,Emerging Agribusiness,0.12,0.16,0.36,0.52,0.16,0.32,0.16,0.04,0,0,0,0,0,1,0,0,0,0,0,1,0,0,0,0,1,0,0,0,0,0,0,0,0,0,0,0,0,0,0,0,0,1,0,1,0,0,0,0,0,0,1,0,1,0,0,0,0,0,1,1,1,0,0,1,0,0,0,0,0,1,1,0,0,0,1,0,0,0,0,1,1,0,0,0,1,1,0,0,1,1,1,1,0,0,1,0,0,1,1,0,0,0,0,1,1,1,1,0,0,0,0,0,0,1,0,0,0,0,1,0,0,0,0,0,1,0,0,0,0,0,1,0,0,0,1,0,0,0,1,1,0,0,0,0,0,1,0,0,1,0,1,0,0,0,0,1,1,0,0,0,0,0,0,0,0,0,0,0,1,0,0,1,0,1,0,0,0,0,1,0,0,0,0,0,0,0,0,0,0,0,0,0,0,0,0,0,0,0,0,0,0,0,0,0,0,1,0,0
6d14603e-1eab-5f9e-b122-f0665dd49004,def91217-151e-5c86-95b5-200fa9ec3fca,Tharaka Nithi Green Grams Farm #0552,Eastern Semi-Arid,Tharaka Nithi,Green Grams,2.34,-1.052597,38.361164,8,False,Informal Smallholder,0,5.28,2,Emerging Agribusiness,0.24,0.32,0.08,0.52,0.12,0.24,0.16,0.08,0,0,1,0,0,0,0,0,0,0,1,1,0,0,0,1,0,0,1,0,0,0,0,1,0,0,1,1,0,0,0,0,0,1,0,1,0,0,0,0,1,1,0,0,0,1,0,0,0,1,0,0,0,0,0,0,0,0,0,0,1,0,0,0,0,0,0,0,0,0,0,0,0,0,1,0,1,0,0,0,1,1,1,0,0,1,1,1,0,0,0,1,0,1,1,1,1,1,0,0,0,0,0,0,1,0,0,1,0,0,0,0,0,0,0,0,0,0,0,0,0,1,0,0,0,0,1,0,0,0,0,1,0,1,0,1,0,0,0,0,1,0,0,0,0,0,1,0,0,0,0,0,0,0,0,0,1,0,1,0,0,0,0,0,0,0,0,0,0,0,1,0,0,0,1,1,0,0,0,0,0,0,0,0,1,0,0,0,0,0,0,0,0,0,0,0,0,0,0,0
733036ea-f2aa-5a84-a6c0-59996a727343,3066f8a2-14d7-5877-819d-40417b88f80b,Kiambu Avocado Farm #0553,Central Highlands,Kiambu,Avocado,0.74,-0.777798,37.340941,4,False,Informal Smallholder,0,6.12,2,Emerging Agribusiness,0.24,0.12,0.24,0.64,0.24,0.36,0.16,0.04,0,1,0,0,0,1,0,0,0,0,0,0,0,1,0,1,0,0,0,0,0,0,1,0,1,0,0,0,0,0,0,0,0,0,0,0,1,0,0,0,0,0,1,0,0,0,1,0,0,0,0,1,1,0,0,0,0,0,0,0,1,1,0,0,0,1,0,0,1,0,0,0,0,0,0,1,1,0,1,0,1,1,1,1,0,0,1,1,0,0,1,1,1,0,0,1,1,1,0,1,0,0,1,0,0,1,0,0,1,0,1,0,0,0,0,0,0,0,0,0,1,1,0,0,0,1,0,1,0,0,0,1,0,0,0,1,0,0,0,0,1,1,1,0,0,1,0,1,0,0,0,0,0,0,0,0,0,0,0,0,0,0,1,0,0,1,0,1,0,0,1,0,0,0,0,0,0,0,0,0,0,0,0,0,0,0,0,0,0,0,0,0,0,0,0,1,0,0,0,0
16458798-3114-541d-afd4-7b9dc1fe37d5,952dc21c-d4d6-555c-a78f-e4b85d735db4,Taita Taveta Fish Farming Farm #0554,Coastal Lowlands,Taita Taveta,Fish Farming,31.56,-3.136877,39.559643,15,True,Commercial Market Leader,2,19.32,4,Investment Ready Farm,0.72,0.72,0.84,0.84,0.76,0.84,0.92,0.8,0,1,1,0,1,0,1,1,1,0,0,1,0,1,1,1,1,1,0,1,1,1,1,1,1,1,1,1,1,0,0,1,1,1,1,1,1,1,1,0,0,1,1,1,0,1,1,0,1,0,1,1,1,1,0,1,1,1,1,1,0,1,1,1,1,1,1,1,1,0,1,1,0,1,1,1,1,1,1,1,1,1,1,1,0,0,1,1,1,0,1,1,0,1,1,1,1,1,1,1,1,1,1,1,0,1,1,1,0,0,1,1,1,1,0,1,1,1,1,1,1,1,0,1,0,0,1,1,1,0,1,1,1,1,1,1,1,1,1,1,1,1,1,1,0,1,1,1,1,0,1,1,1,1,1,1,1,1,1,1,1,1,1,1,0,1,1,1,1,1,1,1,1,1,0,1,1,1,1,1,1,1,0,1,0,1,1,0,1,1,1,1,1,1,0,1,1,0,1,1
75d962b4-f3fa-591f-8a2c-2608697a6407,7f0bb851-128b-50fd-940d-6e633f2b6f22,Murang'a Tea Farm #0555,Central Highlands,Murang'a,Tea,2.69,-1.084919,36.642901,1,True,Informal Smallholder,0,5.88,2,Emerging Agribusiness,0.12,0.28,0.12,0.6,0.28,0.4,0.16,0.0,0,0,0,0,0,0,0,0,0,0,1,0,0,0,0,0,0,0,0,0,0,1,1,0,0,1,0,0,0,0,0,0,1,0,0,1,0,0,1,0,0,1,1,0,1,0,0,0,0,0,0,0,0,0,0,0,1,0,0,0,0,0,0,0,0,0,1,0,0,0,0,0,1,0,0,1,1,1,1,1,0,0,0,0,1,1,0,1,0,1,1,1,1,1,0,0,1,0,1,0,0,0,1,0,0,1,0,1,0,0,1,0,0,0,0,0,0,0,0,0,1,0,1,0,1,1,1,1,0,0,1,1,1,0,1,1,0,0,0,1,0,0,0,0,0,1,0,0,0,0,1,0,0,0,0,0,0,0,0,0,0,1,0,0,0,1,0,0,0,0,0,0,1,0,0,0,0,0,0,0,0,0,0,0,0,0,0,0,0,0,0,0,0,0,0,0,0,0,0,0
3e5b698c-5af9-597d-b4d6-0e92505ffdb8,5d4697d4-4c84-5f1a-83f1-8de07344aa11,Machakos Mangoes Farm #0556,Eastern Semi-Arid,Machakos,Mangoes,0.69,-0.420046,38.314367,12,True,Informal Smallholder,0,6.12,2,Emerging Agribusiness,0.16,0.2,0.36,0.72,0.04,0.32,0.16,0.08,1,0,0,0,0,0,1,0,0,0,0,0,0,0,0,0,1,0,0,0,1,0,0,0,0,1,0,0,0,0,1,0,0,0,0,1,0,0,0,0,0,0,0,1,0,0,0,1,0,0,0,0,0,0,0,1,0,1,1,0,1,0,0,0,0,1,1,1,1,0,0,0,1,0,0,1,1,1,0,0,1,1,1,1,0,1,1,1,0,1,1,1,1,0,0,1,1,1,0,1,0,0,0,0,0,0,0,0,0,0,1,0,0,0,0,0,0,0,0,0,0,0,0,0,0,1,1,0,0,0,1,0,0,1,0,0,1,1,0,0,1,0,0,0,0,1,0,0,0,0,1,0,0,0,0,0,0,1,0,0,0,0,0,0,0,1,0,0,1,0,0,0,0,0,0,1,0,0,0,0,0,0,0,0,0,0,1,0,0,0,0,0,0,0,0,0,0,0,0,0
e1978193-e2ca-5c80-a7ca-15aca14b1499,bd9c0311-4ad1-5761-9fdb-159a2e1bb656,Tharaka Nithi Livestock Farm #0557,Eastern Semi-Arid,Tharaka Nithi,Livestock,1.85,-0.629999,38.72474,15,False,Informal Smallholder,0,6.24,2,Emerging Agribusiness,0.4,0.32,0.28,0.48,0.08,0.12,0.28,0.12,0,1,0,0,0,1,1,0,1,0,0,1,1,1,0,1,1,0,0,0,1,0,0,0,0,0,0,0,0,1,1,1,1,0,0,1,0,0,0,0,1,0,0,0,0,1,1,0,0,0,0,1,0,1,0,0,0,0,0,0,0,0,0,0,0,1,0,0,1,0,0,1,1,1,0,0,0,1,0,0,1,1,1,0,0,1,1,1,0,0,1,1,0,0,0,1,1,1,0,0,0,0,0,0,0,0,1,0,1,0,0,0,0,0,0,0,0,0,0,0,0,0,0,0,0,0,0,0,0,0,0,0,0,0,0,0,0,0,0,0,0,0,0,1,0,0,1,0,0,1,0,0,1,0,0,0,0,1,1,0,0,0,1,0,1,0,1,0,0,0,0,0,0,0,1,0,0,0,0,0,1,0,0,0,0,0,1,0,0,0,0,0,0,0,0,0,1,0,0,0
b8cbbfea-5a68-57ef-9419-1373d915d67a,0e7c0729-937c-58bd-85e8-237f9fa2174a,Nakuru Tea Farm #0558,Rift Valley,Nakuru,Tea,3.01,0.442702,36.148775,11,False,Informal Smallholder,0,5.16,2,Emerging Agribusiness,0.08,0.08,0.32,0.56,0.08,0.24,0.32,0.04,0,0,0,0,0,0,0,0,0,0,0,0,0,0,0,1,0,0,0,0,1,0,0,0,0,1,0,0,0,0,0,0,0,0,0,0,0,0,0,0,0,1,0,0,0,0,0,0,0,0,0,1,0,0,0,1,1,0,1,0,0,1,0,1,0,0,0,1,0,0,1,0,0,0,0,1,1,1,0,1,1,1,1,0,0,1,1,1,0,1,1,1,0,0,0,1,0,0,0,0,1,0,0,1,0,0,0,0,0,0,0,0,0,0,0,0,0,0,0,0,0,0,0,0,0,0,0,0,0,0,0,1,0,0,0,1,0,0,1,0,1,0,0,0,0,1,1,0,0,0,0,0,0,0,0,1,1,0,1,0,0,1,0,0,0,1,0,0,0,0,1,1,1,0,0,0,0,0,0,0,0,0,0,1,0,0,0,0,0,0,0,0,0,0,0,0,0,0,0,0
9ea37e5b-9081-50b5-9973-a9ac7b02b81f,00cf5902-f9cd-5aa4-85f0-f155e9b866a6,Nakuru Wheat Farm #0559,Rift Valley,Nakuru,Wheat,9.6,0.569562,36.427453,13,True,Transitioning Agribusiness,1,12.72,3,Structured Farm,0.44,0.48,0.44,0.6,0.48,0.72,0.64,0.44,0,0,0,0,0,0,1,1,0,0,1,0,0,1,1,1,1,0,0,0,1,1,1,1,0,0,1,1,0,0,1,0,0,0,0,1,1,1,0,0,1,1,0,1,0,1,1,1,0,0,1,0,1,0,0,0,1,0,0,0,1,0,1,0,0,1,1,0,0,0,1,1,1,0,1,1,1,0,1,0,1,0,1,0,0,1,1,1,0,1,1,1,1,1,0,0,0,1,1,0,1,0,0,0,0,1,1,1,0,0,1,1,1,0,0,0,1,1,0,0,0,1,1,1,0,0,1,0,1,1,0,1,1,1,1,1,1,1,1,0,1,1,1,1,1,1,0,0,1,0,1,1,1,1,0,1,1,1,0,1,1,0,1,0,0,1,1,1,0,1,1,1,0,0,0,1,1,1,0,0,1,1,1,1,0,0,1,0,0,0,0,0,1,0,0,0,1,0,1,0
77e9106a-5265-5fa4-999b-5b0e10557dae,d63248da-5e14-52b7-91d2-f868730cf47b,Kwale Cashew Farm #0560,Coastal Lowlands,Kwale,Cashew,2.22,-4.058254,38.546623,19,False,Informal Smallholder,0,5.04,2,Emerging Agribusiness,0.12,0.28,0.08,0.56,0.16,0.28,0.12,0.08,0,0,0,0,0,0,0,0,0,0,0,0,0,0,0,0,1,0,0,1,1,0,0,0,0,1,0,0,0,0,0,0,0,0,0,1,1,0,0,0,0,0,1,1,1,0,1,0,0,0,0,0,0,0,0,1,0,0,0,0,0,0,1,0,0,0,0,0,0,0,0,0,0,0,0,1,0,1,1,0,0,1,1,1,0,1,0,0,0,0,1,1,1,0,1,0,1,0,1,1,0,0,0,0,1,0,0,0,0,0,0,0,0,1,0,0,0,0,1,0,1,0,0,0,0,1,0,0,1,0,0,0,1,0,0,0,0,0,0,0,0,0,1,1,0,1,0,0,1,0,0,0,0,0,0,0,1,0,0,0,0,0,0,0,0,0,1,0,1,0,0,0,0,0,0,0,0,0,0,0,0,0,0,0,0,0,0,0,1,0,1,0,0,0,0,0,0,0,0,0
2717768c-c481-55d8-b60a-1949e6e72579,6e7a5e76-aa30-541a-9dce-91aa942453e4,Kisumu Horticulture Farm #0561,Western Kenya,Kisumu,Horticulture,0.77,-0.249332,34.802955,7,False,Informal Smallholder,0,5.64,2,Emerging Agribusiness,0.12,0.24,0.28,0.6,0.2,0.28,0.12,0.04,1,0,0,0,0,0,0,0,0,0,0,0,0,1,0,1,0,0,0,0,0,0,0,0,0,0,0,1,0,0,0,0,0,0,1,1,0,1,0,0,1,0,0,0,0,1,0,0,0,0,1,0,0,0,0,0,1,0,0,0,1,0,0,0,0,1,0,0,0,0,1,1,1,0,0,1,1,1,0,0,1,1,1,0,0,1,1,1,0,0,1,1,1,1,0,0,1,1,0,0,1,0,0,0,0,0,0,0,1,0,0,0,0,1,0,0,0,1,0,0,1,0,0,0,0,1,1,0,0,0,1,0,0,0,0,1,0,1,0,0,0,0,0,1,0,0,0,1,0,0,0,1,0,0,0,0,0,0,0,0,1,0,0,0,0,1,0,0,0,0,0,0,0,0,0,0,1,0,0,0,0,0,0,0,0,0,0,0,0,0,0,0,0,0,0,0,0,0,0,0
628d4745-40cb-5622-b027-4925fa869461,fca1fcd9-8022-5eba-b862-2498731fcd23,Kirinyaga Horticulture Farm #0562,Central Highlands,Kirinyaga,Horticulture,1.62,-0.180526,37.202718,4,False,Informal Smallholder,0,4.68,5,Future Ready Farm,0.16,0.16,0.36,0.36,0.12,0.4,0.0,0.0,0,0,0,0,0,1,0,0,0,0,1,1,0,0,0,0,1,0,0,0,0,0,0,0,0,0,1,1,0,0,1,0,0,0,0,1,0,0,0,0,0,0,0,0,0,0,0,0,0,0,0,0,0,1,0,1,0,0,0,0,0,1,1,1,0,0,1,1,0,0,0,1,1,0,0,1,0,0,1,0,0,0,1,0,0,1,0,0,1,0,1,0,1,0,1,0,1,0,0,0,1,0,0,0,0,0,0,0,0,0,0,0,0,0,0,0,0,1,0,0,0,0,0,1,0,1,1,0,0,0,0,1,1,0,0,0,0,0,1,0,1,1,0,1,0,1,1,0,0,0,0,0,0,0,0,0,0,0,0,0,0,0,0,0,0,0,0,0,0,0,0,0,0,0,0,0,0,0,0,0,0,0,0,0,0,0,0,0,0,0,0,0,0,0,0,0,0,0,0,0
69ee55cc-03c4-5b1e-9c33-6028fe23eabf,daee2c8a-001a-5333-ab6d-a41458e0cf93,Machakos Livestock Farm #0563,Eastern Semi-Arid,Machakos,Livestock,1.5,-1.729461,37.975001,7,True,Transitioning Agribusiness,1,10.8,3,Structured Farm,0.36,0.44,0.48,0.72,0.56,0.4,0.48,0.16,0,1,0,1,0,1,1,0,0,0,1,0,0,1,0,0,0,0,0,0,1,1,0,1,0,1,1,0,1,0,1,0,0,1,0,0,0,1,0,0,1,0,1,0,0,1,1,0,0,1,0,1,1,1,0,1,0,0,1,0,1,1,0,0,0,1,1,0,1,0,1,1,0,0,0,0,1,1,0,0,0,1,0,1,1,1,1,1,1,1,1,1,1,1,1,1,0,1,1,0,0,1,1,1,0,1,0,0,1,0,0,1,1,0,0,1,1,0,0,0,1,1,1,1,1,1,0,0,0,0,1,1,1,0,0,1,0,0,0,0,1,1,0,1,0,0,1,0,1,0,1,1,0,0,1,0,1,1,0,0,1,0,0,1,0,0,0,1,1,0,1,1,0,0,1,0,0,0,0,1,0,0,0,0,0,0,1,1,0,0,0,0,0,0,0,0,1,0,0,0
1faa9150-a83c-5153-a834-f2d0b37c534b,5ded4f94-21e5-5a14-a81b-d867dfbe82cc,Kwale Cassava Farm #0564,Coastal Lowlands,Kwale,Cassava,3.41,-4.150347,39.377546,14,True,Transitioning Agribusiness,1,11.4,3,Structured Farm,0.48,0.16,0.52,0.72,0.24,0.6,0.68,0.4,1,1,1,0,0,1,1,1,1,1,0,1,1,0,0,1,1,0,0,0,0,0,0,0,0,1,0,0,0,0,1,0,0,0,0,0,0,0,0,0,1,1,0,0,0,0,0,0,0,0,0,0,1,0,0,0,1,1,0,0,1,0,1,1,1,0,1,0,1,1,1,1,1,0,0,1,1,1,1,0,1,1,0,1,0,0,1,1,0,1,1,1,1,1,0,1,1,1,0,1,0,1,0,0,0,0,0,0,1,0,1,1,1,0,0,1,0,0,0,0,0,0,0,0,0,1,1,1,1,0,1,1,0,1,1,1,1,0,0,0,0,1,0,0,1,1,0,1,1,0,1,1,1,0,0,1,1,0,0,0,1,0,0,1,0,1,1,1,1,1,1,1,1,1,1,1,1,0,0,0,0,1,0,1,0,1,0,0,1,0,1,0,1,0,0,1,1,0,0,0
80b05fc8-716c-5845-876d-eb8cd79c55da,95d1eef3-97cd-52c0-a4e3-d816673eca3e,Bomet Potatoes Farm #0565,Rift Valley,Bomet,Potatoes,3.63,0.722331,35.773972,11,True,Transitioning Agribusiness,1,12.24,3,Structured Farm,0.36,0.48,0.6,0.76,0.56,0.44,0.52,0.36,0,0,1,0,0,1,1,1,0,1,0,0,0,0,1,0,0,1,1,0,1,0,0,0,0,1,1,0,0,1,0,1,1,0,0,1,1,1,0,0,1,1,0,1,0,0,1,0,0,0,1,1,0,1,0,1,0,0,0,1,0,1,0,1,1,1,0,0,1,1,1,1,1,1,0,0,1,1,0,0,1,1,1,1,1,1,1,1,1,1,1,1,0,1,0,1,1,1,1,0,1,0,1,1,0,1,0,1,0,0,1,0,1,1,0,1,1,1,0,0,1,1,1,0,0,1,1,0,1,0,0,1,0,1,0,0,0,0,0,0,1,1,0,1,1,1,1,0,0,0,1,1,1,0,0,1,0,0,1,0,1,1,0,1,0,1,1,0,1,0,1,1,0,0,0,1,1,0,0,0,1,1,0,0,0,0,1,0,0,0,0,1,0,1,0,1,0,1,0,0
4abe33b6-12db-51a9-92b2-81e9d994a0aa,cea7d095-7033-5c15-8ebe-af0260fd6944,Nandi Dairy Farm #0566,Rift Valley,Nandi,Dairy,10.53,0.527123,35.212867,13,True,Transitioning Agribusiness,1,12.72,3,Structured Farm,0.56,0.4,0.72,0.6,0.44,0.64,0.48,0.4,0,1,1,0,1,1,1,0,0,0,1,0,1,0,0,1,1,1,1,0,1,1,1,0,0,0,1,1,0,0,1,1,0,0,0,1,0,0,0,0,0,1,0,1,0,1,1,1,0,0,1,1,1,1,1,1,1,1,0,0,1,1,0,1,0,1,1,1,0,0,1,1,0,1,1,1,0,0,1,0,1,1,0,0,0,1,1,1,1,1,1,1,0,0,1,1,1,1,0,0,1,0,0,1,0,1,0,0,0,1,1,0,0,1,0,1,0,1,0,0,0,0,1,1,1,1,1,1,1,0,1,0,1,0,0,1,1,0,1,1,1,0,1,1,0,1,0,1,1,0,1,0,1,1,0,1,0,1,0,0,1,1,0,0,0,1,1,0,1,0,1,0,1,0,0,1,0,1,0,0,1,1,0,1,1,1,0,1,0,0,0,0,1,0,0,1,0,0,0,0
f9c8925f-a07c-5525-9cd7-2e8f37ffe0cb,8eb021cf-a9ff-5caf-b8f0-982c287c084d,Taita Taveta Vegetables Farm #0567,Coastal Lowlands,Taita Taveta,Vegetables,4.26,-3.184779,39.879724,8,False,Transitioning Agribusiness,1,12.24,3,Structured Farm,0.64,0.4,0.6,0.68,0.36,0.44,0.6,0.36,1,1,0,1,0,1,1,1,0,1,1,1,1,0,0,1,1,1,1,0,1,0,0,1,0,0,1,1,0,0,1,1,0,0,0,1,1,0,0,0,1,0,1,0,0,1,0,0,1,0,0,1,1,0,0,1,1,0,0,1,1,1,1,0,0,1,1,1,1,0,1,1,1,0,0,1,1,1,1,0,1,1,0,1,0,1,0,0,1,0,1,1,1,1,0,0,1,1,1,1,0,1,1,0,0,0,1,0,0,0,1,0,0,0,0,0,0,1,0,0,1,1,1,0,1,1,1,1,0,0,0,1,0,0,0,1,1,0,0,0,1,1,1,1,0,0,0,1,0,0,1,1,0,0,0,1,0,1,1,0,1,1,1,0,0,1,1,1,0,0,1,1,1,1,0,0,1,1,1,1,1,1,0,0,0,0,0,0,0,0,1,1,0,0,0,1,0,0,0,0
0075aa7c-4bda-597b-95a0-b5edd8003c6f,488acf62-db84-5bf6-8661-7f516211ce91,Kericho Dairy Farm #0568,Rift Valley,Kericho,Dairy,4.23,1.0509,35.307374,6,False,Informal Smallholder,0,6.24,2,Emerging Agribusiness,0.24,0.2,0.32,0.56,0.24,0.32,0.12,0.08,1,0,0,0,0,0,1,1,0,0,0,0,0,0,0,0,0,1,0,0,0,1,0,0,1,1,0,0,0,0,0,0,1,0,0,0,1,1,0,0,0,0,0,0,0,0,0,1,0,0,1,0,1,0,0,0,0,0,1,0,1,0,0,0,0,1,1,0,0,0,1,0,0,1,0,0,1,0,0,1,1,0,0,0,1,1,1,1,0,0,1,1,1,1,0,1,1,1,0,0,1,0,0,0,0,1,0,0,0,1,1,0,0,0,0,0,1,0,0,0,0,1,0,0,0,1,0,0,0,0,1,1,0,0,0,0,1,0,1,0,1,0,0,0,0,1,0,0,1,0,0,0,0,0,0,0,1,0,0,0,0,0,0,0,0,0,1,0,1,0,0,0,0,0,0,0,1,0,0,0,1,0,0,0,0,0,0,0,0,0,0,0,0,0,0,0,0,0,0,0
f994e9c1-3307-5762-a661-49d5fe1d50cc,98fd1047-b4ce-5dd7-ad86-e90edb6602ef,Bungoma Dairy Farm #0569,Western Kenya,Bungoma,Dairy,2.25,-0.328103,34.986865,13,False,Informal Smallholder,0,5.04,2,Emerging Agribusiness,0.16,0.08,0.2,0.52,0.2,0.32,0.08,0.12,0,0,0,0,0,0,0,0,0,0,1,0,1,0,0,0,0,1,0,0,1,0,0,0,0,0,0,0,0,0,0,0,0,0,0,0,0,0,0,0,1,1,0,0,0,0,0,0,0,0,1,0,0,0,0,0,1,0,0,0,1,0,0,0,0,0,0,0,0,0,0,1,1,0,0,0,1,1,1,0,1,1,1,0,0,1,0,1,0,0,1,0,1,0,1,0,1,0,1,0,1,0,0,0,0,0,0,0,0,0,1,0,0,0,0,1,0,1,0,0,0,1,0,0,0,1,1,0,0,0,0,1,0,0,0,1,1,0,0,1,0,0,1,0,0,0,0,0,1,0,0,0,0,0,0,1,0,0,0,0,0,0,0,0,0,1,0,0,0,0,0,0,0,0,0,0,0,0,0,0,1,0,0,0,1,0,0,0,0,0,0,0,1,0,0,0,0,0,0,0
afce950e-c2c4-519f-a67d-d94f861e4817,8adb8651-8948-51bd-8495-c7687918bad8,Kericho Potatoes Farm #0570,Rift Valley,Kericho,Potatoes,9.83,0.858219,35.275103,4,True,Transitioning Agribusiness,1,10.2,3,Structured Farm,0.4,0.36,0.6,0.52,0.4,0.56,0.32,0.24,1,1,0,1,0,1,0,1,0,0,0,0,0,1,0,1,0,1,0,0,1,0,1,0,0,1,1,1,0,0,0,1,1,0,0,0,0,0,0,0,1,0,1,0,0,1,0,1,0,0,1,1,1,0,1,1,0,0,0,0,1,1,1,1,0,1,1,0,0,1,1,0,1,1,0,1,1,1,0,0,1,0,1,0,0,1,1,1,0,0,1,1,0,0,0,1,1,0,1,0,0,0,0,1,0,1,1,0,0,0,1,1,0,0,0,1,0,0,1,1,1,0,1,0,0,1,1,1,1,0,0,1,1,0,0,1,0,1,0,0,1,0,1,0,0,1,1,1,1,0,1,0,0,0,1,1,1,0,0,0,1,0,1,0,0,1,0,1,0,0,0,0,0,0,0,0,1,0,0,1,1,0,0,0,0,0,0,0,0,0,0,1,0,0,0,1,1,0,0,0
e41f86e5-c11d-5bdb-8340-e9ffc70979d3,01fbd65c-5cdb-51a5-b25f-edb73e69adcc,Murang'a Macadamia Farm #0571,Central Highlands,Murang'a,Macadamia,4.21,-0.899852,36.922226,4,False,Informal Smallholder,0,5.4,2,Emerging Agribusiness,0.12,0.12,0.24,0.76,0.08,0.16,0.16,0.16,0,1,0,0,0,0,0,0,0,0,0,1,0,0,0,0,0,0,0,0,1,0,0,0,0,0,0,1,0,0,1,0,0,0,0,0,1,0,0,0,0,0,0,0,0,0,0,0,0,0,0,0,0,0,0,1,0,0,1,0,0,0,1,0,0,0,1,0,0,0,0,0,1,1,0,1,1,0,1,0,1,1,1,1,0,1,1,1,1,0,1,1,1,1,1,1,1,1,0,0,0,0,0,0,0,1,1,0,0,0,0,0,0,0,0,0,0,0,0,0,0,0,0,0,0,1,0,0,0,0,1,0,0,0,0,1,0,0,0,0,0,0,0,0,0,0,0,0,1,0,0,0,0,1,0,1,0,0,0,0,0,0,0,0,0,0,0,0,0,1,1,0,0,0,0,0,1,0,0,0,0,0,0,0,0,0,0,0,0,0,1,1,0,0,0,0,0,0,0,1
d8b4b42a-a2ee-51b2-a823-977d8e4b645d,1e2f8045-79e2-5960-9136-5dc6210ab14c,Kwale Cassava Farm #0572,Coastal Lowlands,Kwale,Cassava,12.15,-3.612153,39.826984,9,True,Transitioning Agribusiness,1,14.16,3,Structured Farm,0.52,0.6,0.64,0.72,0.48,0.68,0.6,0.48,1,1,0,0,0,1,1,0,0,0,1,1,0,0,0,1,1,0,0,0,1,1,1,1,1,1,1,1,1,0,1,1,1,0,0,1,1,0,1,0,1,0,1,0,0,1,0,1,1,0,1,1,0,0,0,1,1,1,0,0,1,1,1,0,1,1,1,0,1,0,1,1,1,1,0,1,0,0,0,1,1,0,0,1,1,1,1,1,1,0,1,1,1,1,1,1,0,1,1,1,1,0,1,0,1,1,1,1,0,0,1,0,0,0,0,1,1,0,1,0,1,0,1,0,0,1,0,1,0,0,1,1,1,1,0,1,0,1,1,0,1,1,1,1,1,1,1,1,0,0,0,0,0,1,0,1,0,1,1,0,0,1,1,1,0,1,1,1,1,1,1,1,0,0,1,0,1,0,1,0,1,1,0,0,0,0,1,1,1,0,1,0,1,0,0,0,0,1,1,1
9776c52a-9925-50bd-b40f-6105e2ddb175,e0f7e2fd-76c4-5857-b2cc-b4333f796583,Meru Macadamia Farm #0573,Central Highlands,Meru,Macadamia,5.33,-0.763655,37.394546,18,True,Informal Smallholder,0,4.68,5,Future Ready Farm,0.04,0.2,0.16,0.4,0.24,0.24,0.24,0.04,0,0,0,0,0,0,0,0,0,0,0,0,0,0,0,0,0,0,0,0,0,0,0,0,1,0,0,0,0,0,1,0,0,0,0,0,1,0,0,0,0,1,0,1,0,0,1,0,0,0,0,0,0,0,0,1,0,0,0,0,0,1,1,0,0,0,0,0,0,0,1,0,0,0,0,0,1,0,1,1,1,1,1,0,0,1,0,0,0,0,0,0,1,0,0,0,1,0,1,0,1,1,0,1,0,0,0,0,0,0,0,0,1,0,0,1,0,0,0,0,0,0,1,0,0,1,1,0,0,0,0,0,0,0,0,0,1,0,0,0,0,0,1,0,0,1,0,0,1,0,0,0,0,0,0,1,1,0,0,0,1,1,0,0,0,0,1,0,0,0,1,0,0,0,0,0,0,0,0,0,0,0,0,0,0,0,1,0,0,0,0,0,0,0,0,0,0,0,0,0
794eef32-3142-5098-8e70-a940c7f71893,fd81be26-4691-5640-bfc7-e07dd964f041,Kirinyaga Coffee Farm #0574,Central Highlands,Kirinyaga,Coffee,7.67,-1.167351,36.843342,16,True,Transitioning Agribusiness,1,11.16,3,Structured Farm,0.44,0.44,0.44,0.72,0.32,0.52,0.48,0.36,1,0,1,0,0,1,0,1,0,0,1,1,0,0,0,1,0,0,1,0,1,1,1,0,0,1,1,0,0,0,0,1,1,1,0,1,1,0,0,0,1,0,1,0,0,0,1,0,1,0,0,1,1,0,0,1,0,0,0,0,1,1,0,0,0,1,1,0,1,1,0,0,1,1,0,1,1,1,0,0,0,1,0,0,1,1,1,1,1,1,1,1,1,0,1,1,1,0,1,1,1,0,0,0,1,1,0,0,0,0,1,0,0,0,0,1,0,0,1,0,1,0,0,1,0,1,0,0,1,1,0,1,0,1,0,1,1,0,0,0,1,1,0,0,1,1,1,0,1,0,0,0,0,1,1,1,0,1,0,0,1,1,1,1,1,1,0,1,0,0,1,0,0,0,0,0,0,1,0,0,1,1,1,1,0,0,1,1,0,0,0,0,1,0,0,1,0,0,0,0
641aba18-441f-560c-b365-2aca7fba0ccf,45a56227-a3de-5eed-a304-39f95d61e510,Murang'a Dairy Farm #0575,Central Highlands,Murang'a,Dairy,11.73,-1.063064,37.245595,4,True,Commercial Market Leader,2,19.8,4,Investment Ready Farm,0.92,0.68,0.88,0.72,0.84,0.84,0.92,0.8,1,1,1,1,1,1,1,0,1,1,1,1,1,1,1,1,1,1,0,1,1,1,1,1,1,0,1,1,0,1,1,1,0,1,0,1,0,1,0,1,1,1,0,1,1,1,0,1,1,1,0,1,1,0,1,1,1,1,1,1,1,1,1,1,1,1,1,1,1,1,1,1,0,1,1,1,1,0,1,0,1,1,1,1,1,1,0,1,0,1,1,1,0,0,0,1,1,1,1,1,1,1,1,1,0,1,1,0,1,1,1,1,1,1,1,1,1,1,1,0,1,1,1,1,0,1,1,1,1,0,1,1,1,1,1,1,1,1,1,1,1,1,0,1,1,1,0,0,1,1,1,1,1,1,1,1,1,0,1,1,1,1,1,1,1,1,1,1,1,1,1,1,1,0,1,1,1,1,0,1,1,1,1,1,0,1,1,1,1,0,1,0,1,1,1,1,1,1,0,1
1c7479ee-9fac-57aa-9954-eaf482d46129,adcad844-a2fd-5524-83a1-c85b36803ebc,Vihiga Cassava Farm #0576,Western Kenya,Vihiga,Cassava,3.96,-0.201999,34.019417,13,False,Transitioning Agribusiness,1,12.72,3,Structured Farm,0.32,0.52,0.68,0.72,0.56,0.64,0.6,0.2,1,0,0,0,0,0,1,0,0,0,0,1,0,0,0,0,0,1,1,0,1,1,1,0,0,1,0,0,1,0,0,1,0,0,0,1,1,1,0,0,1,1,0,0,1,1,1,1,1,0,1,1,1,1,0,1,0,1,1,1,1,1,1,1,0,1,0,1,0,0,1,1,0,0,1,1,1,1,1,1,1,0,0,1,1,1,1,1,0,1,1,1,1,0,0,1,0,1,1,0,1,1,1,0,0,1,1,1,1,1,1,1,0,1,0,1,1,0,1,0,0,0,0,0,0,1,1,0,0,0,1,1,1,1,0,1,1,0,1,0,1,1,1,1,1,1,0,1,0,0,1,0,0,1,0,1,1,1,1,0,1,1,1,0,0,0,1,1,1,0,1,0,1,1,0,1,0,0,0,0,1,0,1,0,1,0,1,0,0,0,0,0,0,0,0,0,0,0,0,0
5ea2f6a3-b494-578f-bce0-fee943493cef,74978b21-c723-5f50-ad59-caa633fe220a,Murang'a Macadamia Farm #0577,Central Highlands,Murang'a,Macadamia,33.1,-1.121855,37.502642,13,True,Commercial Market Leader,2,18.12,4,Investment Ready Farm,0.84,0.72,0.76,0.76,0.68,0.76,0.84,0.68,1,0,1,0,1,1,1,1,0,1,1,1,1,1,1,1,1,1,1,1,1,1,1,1,0,1,0,1,1,1,1,1,0,1,1,1,0,1,1,0,1,1,1,0,1,1,1,0,1,0,1,1,1,0,0,1,1,1,1,0,1,1,1,0,1,1,1,1,1,0,1,1,1,0,1,1,0,1,1,1,0,1,1,1,1,1,1,1,0,0,1,1,1,1,0,1,1,1,0,1,0,1,0,0,1,1,1,0,1,1,1,1,0,1,1,1,1,1,1,0,0,1,1,1,0,1,1,1,1,0,1,1,1,0,1,1,0,1,1,0,1,1,1,1,0,1,1,1,0,1,1,1,1,1,1,1,0,1,1,0,1,1,1,1,1,1,1,1,1,1,1,1,1,0,0,1,1,0,1,0,1,1,0,1,0,1,1,0,1,1,1,0,0,1,1,1,1,1,1,0
87a630c8-b553-5eff-bf0a-aa9b6814690a,4fd619d5-69f3-5285-9633-2e93deee56d5,Kiambu Coffee Farm #0578,Central Highlands,Kiambu,Coffee,3.55,-0.889105,36.677061,19,True,Transitioning Agribusiness,1,11.16,3,Structured Farm,0.6,0.44,0.48,0.56,0.4,0.44,0.48,0.32,1,1,0,1,1,1,0,0,1,0,1,1,1,0,0,1,1,1,0,1,1,1,0,0,0,1,0,1,0,0,1,1,0,0,0,1,1,0,0,0,1,0,0,0,0,1,1,1,1,0,1,1,0,1,0,0,1,0,0,0,1,0,1,0,0,0,0,1,1,0,1,1,1,0,1,1,1,1,1,0,1,1,0,0,0,1,1,0,0,0,1,1,0,0,0,1,1,1,0,1,1,0,1,0,0,1,0,1,0,0,1,1,0,0,0,1,0,0,0,0,1,1,1,0,0,1,0,1,0,0,0,0,1,0,0,1,1,0,0,0,1,1,0,0,1,1,0,0,1,1,1,1,0,1,0,1,1,1,1,0,1,1,0,0,0,1,0,1,0,0,0,1,0,0,0,1,1,0,0,0,1,0,0,0,0,0,0,0,1,0,0,1,0,1,0,1,0,1,0,0
d7594af6-34a5-5e60-8c3e-99c8f09cdf65,4e05d2b9-3380-5f74-83d2-6774d8f8a671,Nandi Wheat Farm #0579,Rift Valley,Nandi,Wheat,26.78,-0.317161,35.350427,8,True,Commercial Market Leader,2,19.92,4,Investment Ready Farm,0.92,0.8,0.88,0.6,0.96,0.84,0.96,0.68,1,1,1,1,0,1,1,1,1,0,1,1,1,1,1,1,1,1,1,1,1,1,1,1,1,1,1,0,1,1,1,0,1,1,0,1,1,0,1,1,1,1,1,0,1,1,1,1,1,1,1,1,1,1,1,1,1,1,1,0,1,1,1,1,0,1,1,1,1,1,1,1,1,0,1,1,1,1,0,1,1,1,1,0,1,0,1,1,1,0,1,1,0,1,0,1,0,0,0,0,1,1,1,1,1,1,1,1,1,1,1,0,1,1,1,1,1,1,1,1,1,1,1,1,1,1,1,1,1,1,1,1,1,1,0,1,1,1,1,0,1,1,1,1,1,1,1,1,0,0,1,1,1,1,1,1,1,0,1,1,1,1,1,1,1,1,1,1,1,1,1,1,1,1,1,1,0,1,0,0,1,1,1,0,0,1,0,1,0,1,1,1,1,1,1,1,1,1,0,1
c333d610-2ed5-51b3-965c-2c032d630445,b46ba9bc-5d52-59d7-8ced-de7fcb2aedfa,Kakamega Dairy Farm #0580,Western Kenya,Kakamega,Dairy,2.28,0.407776,34.762064,8,False,Informal Smallholder,0,6.24,2,Emerging Agribusiness,0.08,0.28,0.4,0.56,0.12,0.28,0.24,0.12,0,0,0,0,0,0,0,0,0,1,0,0,0,0,0,0,0,0,0,0,0,0,0,0,1,0,0,1,1,0,0,0,1,0,0,0,1,0,1,0,0,0,0,0,0,1,1,0,0,0,1,1,0,0,0,1,0,1,0,0,1,0,1,0,0,1,0,1,0,0,0,1,0,0,1,1,1,1,0,0,1,1,0,0,1,0,1,1,0,1,1,1,1,0,0,1,0,0,0,1,0,0,0,0,0,1,1,0,0,0,0,0,0,0,0,0,0,0,0,0,1,0,0,0,0,1,0,0,1,0,1,1,0,0,0,1,0,0,0,0,1,1,0,0,0,0,0,0,0,0,0,0,0,0,0,1,0,0,0,0,1,0,0,0,0,1,1,0,0,0,0,1,1,0,0,0,0,0,0,0,0,0,0,0,0,1,0,0,0,0,0,0,0,0,0,0,1,1,0,0
14a01107-0fec-5029-a9f0-ae31d55a50a1,d33c4b4b-30e5-577a-971c-9faee53128a8,Kisumu Horticulture Farm #0581,Western Kenya,Kisumu,Horticulture,2.94,-0.255803,34.11272,14,True,Informal Smallholder,0,6.0,2,Emerging Agribusiness,0.28,0.24,0.24,0.6,0.2,0.28,0.16,0.0,1,0,0,0,0,1,0,0,0,0,1,0,0,1,0,0,1,0,0,0,0,0,1,1,0,1,1,1,0,0,0,0,0,0,0,1,0,0,0,1,0,0,0,0,0,1,0,0,0,0,1,0,0,0,0,1,0,0,1,0,1,0,0,0,0,0,0,0,0,0,1,0,1,0,0,0,1,1,1,1,1,1,1,1,1,1,0,1,0,0,1,1,0,0,1,1,0,0,0,0,0,1,0,0,1,1,0,0,0,0,1,0,0,0,0,0,0,1,0,0,0,0,0,0,0,1,0,0,0,1,1,0,1,0,0,0,0,0,0,0,1,1,0,0,0,1,0,0,0,0,0,1,0,0,0,1,0,0,0,0,1,0,0,0,0,0,0,0,0,0,0,1,0,0,0,0,0,0,0,0,0,0,0,0,0,0,0,0,0,0,0,0,0,0,0,0,0,0,0,0
eb736190-9a70-5197-8eeb-eba2a21088d1,6f7b3fdc-4d96-549d-92ba-e7c51e20612d,Kakamega Maize Farm #0582,Western Kenya,Kakamega,Maize,2.83,-0.442788,34.552535,15,True,Transitioning Agribusiness,1,11.28,3,Structured Farm,0.44,0.56,0.64,0.44,0.36,0.48,0.52,0.32,0,1,1,0,0,0,1,0,0,0,1,1,1,0,0,0,1,1,0,0,1,1,1,0,0,1,1,1,1,0,1,1,0,0,0,0,0,1,0,1,1,1,1,0,0,1,1,1,0,0,1,0,1,1,0,1,0,1,1,0,1,1,1,1,0,0,1,1,0,0,1,1,0,1,1,1,0,0,1,0,0,1,0,1,1,1,0,1,0,0,0,1,1,1,1,0,0,0,0,0,1,1,1,0,0,1,0,1,1,0,0,0,0,0,0,1,1,0,0,0,0,1,0,0,0,1,0,1,0,0,1,0,1,0,0,1,0,1,0,0,1,1,0,0,0,1,1,1,1,0,1,1,1,0,0,1,1,1,0,0,1,0,0,1,0,1,1,0,0,0,1,1,0,1,0,1,1,0,0,0,1,0,0,1,0,0,0,0,0,0,1,0,0,0,1,1,1,0,0,0
66d7b62e-ec93-524d-85e8-23cec63f682b,49791d93-8527-5642-a19a-a04640691379,Murang'a Coffee Farm #0583,Central Highlands,Murang'a,Coffee,1.76,-0.159397,37.608753,1,True,Informal Smallholder,0,5.64,2,Emerging Agribusiness,0.16,0.16,0.24,0.6,0.24,0.24,0.12,0.12,0,0,0,0,0,1,0,0,0,0,0,0,0,0,0,1,1,1,0,0,0,0,0,0,0,0,0,0,0,0,1,0,0,0,0,1,0,0,0,0,1,0,0,0,0,1,0,0,0,0,0,1,0,0,0,1,0,0,0,0,0,1,0,0,0,1,1,0,0,0,1,0,0,0,0,1,1,1,1,1,1,0,0,0,0,1,1,1,0,0,1,1,1,1,0,0,1,0,1,0,0,1,0,0,0,0,0,0,0,0,1,1,0,0,0,1,1,0,0,0,1,0,0,0,0,0,0,0,0,1,0,0,1,0,0,0,1,0,0,0,0,1,0,0,0,0,0,1,1,0,0,1,0,0,0,0,0,0,0,0,0,1,0,0,0,0,0,0,0,0,1,0,0,0,0,0,0,0,0,0,1,0,1,0,0,0,0,0,0,0,0,0,0,0,0,1,0,0,0,0
2ab9592a-dda0-56a3-99d4-1eb0f18e70a0,74b87e81-8210-56ea-864a-b4017cb1b385,Kwale Cassava Farm #0584,Coastal Lowlands,Kwale,Cassava,2.49,-3.637196,38.60469,10,False,Informal Smallholder,0,5.64,2,Emerging Agribusiness,0.24,0.32,0.2,0.56,0.08,0.2,0.2,0.08,0,1,1,0,0,0,1,1,0,0,1,1,0,0,0,0,0,0,0,0,0,0,0,0,0,0,1,1,1,0,1,1,1,0,0,0,0,1,0,0,1,0,0,0,0,0,0,0,0,0,0,0,0,1,0,1,0,0,0,0,1,0,0,0,0,0,0,1,0,0,1,0,0,0,0,1,1,1,0,0,1,1,0,1,0,1,1,1,0,0,1,1,0,1,0,1,1,0,0,0,0,0,0,0,0,1,1,0,0,0,0,0,0,0,0,0,0,0,0,0,0,0,0,0,0,1,0,1,0,0,0,1,0,0,0,0,0,0,0,0,1,0,0,0,0,0,1,0,0,0,1,0,0,0,1,0,0,0,0,0,1,1,0,0,0,1,0,0,0,0,0,0,0,0,0,0,0,0,0,0,1,0,0,0,0,0,1,0,0,0,0,0,0,0,0,0,0,0,0,0
d9e8c608-5256-5af2-ad3f-69976a56e37a,808084a1-26fb-5d64-a591-89b54734987c,Makueni Green Grams Farm #0585,Eastern Semi-Arid,Makueni,Green Grams,36.41,-1.052539,38.245326,15,True,Commercial Market Leader,2,20.28,5,Future Ready Farm,0.92,0.76,0.88,0.76,0.92,0.8,0.84,0.88,1,1,1,1,1,1,1,1,1,1,1,1,1,1,1,1,1,1,1,0,1,1,1,1,0,1,0,1,1,1,1,1,1,1,0,1,1,1,0,0,1,1,1,1,0,1,1,1,0,1,1,1,1,0,1,1,1,1,0,0,1,1,1,1,1,1,1,1,1,1,1,1,1,1,1,1,1,0,1,0,1,0,1,1,1,0,1,1,1,1,1,1,1,0,1,1,1,1,1,0,1,1,1,1,1,1,1,1,1,1,1,1,1,1,1,1,1,1,1,0,1,1,1,1,0,1,0,1,1,1,1,1,1,0,1,0,0,1,1,1,1,1,1,1,1,1,1,1,1,0,1,1,1,1,1,1,1,1,1,1,1,0,0,1,1,1,0,1,1,1,1,1,1,1,0,1,1,1,1,1,1,1,0,1,1,1,1,1,1,0,1,1,1,1,1,1,1,0,1,1
6e1ea4a2-11e8-5bd4-a807-2efbe37c861a,1474c04b-ab08-57ad-a328-c44cf0b91fd7,Kirinyaga Tea Farm #0586,Central Highlands,Kirinyaga,Tea,7.95,0.165401,37.46323,14,False,Transitioning Agribusiness,1,12.24,3,Structured Farm,0.52,0.36,0.64,0.72,0.52,0.6,0.4,0.32,1,0,1,0,0,1,1,1,0,0,1,0,0,0,0,1,0,1,1,1,0,1,1,1,0,1,0,0,0,1,0,0,0,0,0,1,1,0,1,0,1,0,0,0,0,1,1,1,0,0,1,1,1,1,0,0,1,1,0,1,1,1,1,0,0,1,1,1,0,1,0,1,0,1,0,1,1,1,0,1,1,1,1,0,0,1,1,1,0,0,1,1,0,1,0,1,1,1,1,1,1,1,1,0,0,1,1,1,0,0,1,0,0,1,0,1,1,0,0,0,0,0,1,1,1,1,1,0,0,1,0,0,1,1,0,1,0,1,1,0,1,1,1,1,0,1,1,0,1,0,1,0,0,1,0,0,0,1,1,0,0,1,0,0,0,1,1,1,0,0,0,1,1,0,0,1,0,1,0,0,1,1,0,1,0,0,0,1,0,0,0,1,1,0,0,0,0,0,0,0
5c6e3c26-5061-5395-8aad-8ffb211797da,0157e01a-6840-5c61-9eba-e0f12fd17a0d,Trans Nzoia Horticulture Farm #0587,Rift Valley,Trans Nzoia,Horticulture,2.68,0.863573,35.190053,16,False,Informal Smallholder,0,6.36,2,Emerging Agribusiness,0.24,0.12,0.2,0.48,0.24,0.36,0.32,0.16,1,1,0,0,0,0,0,0,0,0,1,1,0,0,0,1,1,0,0,0,0,0,0,0,0,0,0,0,0,0,0,0,1,0,0,1,0,0,0,0,0,0,0,0,0,1,0,0,0,0,1,0,0,0,0,1,1,0,0,0,0,0,0,1,0,0,1,0,0,0,0,0,0,0,0,1,1,0,1,0,1,0,0,0,1,1,1,0,0,0,1,1,0,0,0,1,0,1,1,0,1,0,0,0,0,1,0,0,0,0,0,1,0,0,0,1,0,0,0,1,0,0,1,0,0,1,0,0,0,0,1,0,0,0,0,1,1,0,0,0,1,1,0,0,0,1,1,1,0,0,1,1,0,0,0,1,1,1,0,0,1,0,0,0,0,1,0,0,0,0,1,0,0,0,0,1,1,0,0,0,0,0,0,0,0,0,0,0,0,0,0,0,0,0,1,0,1,0,0,0
f46e29b5-0ca2-5c7b-836f-b13f0df64fc1,8dc794f1-b095-5ae7-a47e-09526b7d3bf3,Nyeri Horticulture Farm #0588,Central Highlands,Nyeri,Horticulture,2.06,0.258216,36.929594,19,True,Informal Smallholder,0,5.04,2,Emerging Agribusiness,0.2,0.16,0.28,0.44,0.0,0.32,0.2,0.08,0,0,0,0,0,0,0,0,1,0,1,0,0,0,0,0,1,1,0,1,0,0,0,0,0,0,1,0,0,0,0,0,0,0,0,0,0,0,0,0,1,0,0,0,0,1,1,0,0,0,0,0,0,0,0,1,0,1,0,0,0,0,1,0,0,1,1,0,0,0,0,1,1,0,0,1,1,0,0,0,0,1,1,0,0,0,1,1,1,0,1,1,0,0,1,1,0,0,0,0,0,0,0,0,0,0,0,0,0,0,0,0,0,0,0,0,0,0,0,0,0,0,0,0,0,1,1,1,0,0,0,1,0,0,0,1,0,0,0,0,0,1,0,0,0,1,1,0,0,0,0,0,0,0,0,1,1,0,0,0,0,1,0,0,0,1,0,0,0,0,0,1,0,0,0,1,1,0,0,0,0,0,0,0,0,0,0,0,0,0,0,0,0,0,0,0,0,0,0,0
d928d52e-49ae-5a64-9167-4da172244a2f,fc7c7b4d-7129-51f8-8a9d-26b4d0ab8a2d,Kakamega Horticulture Farm #0589,Western Kenya,Kakamega,Horticulture,1.28,0.136859,34.078618,7,False,Informal Smallholder,0,5.88,2,Emerging Agribusiness,0.2,0.2,0.2,0.6,0.24,0.2,0.16,0.16,0,0,0,0,1,0,0,0,0,0,1,0,1,0,0,1,0,0,0,0,1,0,0,0,0,1,0,0,0,0,1,1,0,0,0,1,1,0,0,0,0,0,0,0,0,0,0,0,0,0,0,0,0,0,0,1,0,0,0,0,0,0,1,0,0,1,1,0,0,0,0,0,1,0,0,1,1,1,1,0,1,1,0,0,0,1,1,1,0,0,1,1,0,1,0,0,1,1,1,0,1,0,0,1,1,0,0,1,0,0,0,0,0,0,0,0,1,0,0,0,1,0,0,0,0,1,0,0,0,0,1,0,0,0,0,1,0,0,0,0,0,0,0,0,0,1,0,0,1,0,0,0,0,0,0,0,0,1,0,0,0,0,0,0,0,0,0,1,0,0,1,0,1,0,0,1,0,0,0,0,0,0,0,1,0,1,0,1,0,0,0,0,0,0,0,0,0,0,0,0
786ca2eb-ff19-53bd-88ce-30068678ba21,6ba9ece8-8f84-54e4-a846-04d26d4499c6,Trans Nzoia Tea Farm #0590,Rift Valley,Trans Nzoia,Tea,0.5,-0.238773,36.462192,15,True,Informal Smallholder,0,5.28,2,Emerging Agribusiness,0.24,0.2,0.32,0.44,0.12,0.28,0.08,0.08,0,0,1,1,0,0,0,0,0,0,0,0,0,1,0,1,0,0,0,0,0,1,1,0,0,0,0,0,0,0,0,0,0,0,0,0,0,1,0,0,1,0,0,0,1,1,1,0,0,0,1,1,0,0,1,0,0,0,0,0,0,0,1,0,0,1,0,1,0,0,1,1,0,0,0,1,0,1,0,0,1,1,0,0,0,1,1,0,1,0,1,1,0,0,0,0,0,1,0,1,1,0,0,0,0,1,0,0,0,0,0,0,0,0,0,1,0,0,0,0,0,0,0,0,0,0,0,0,0,0,0,1,1,1,0,1,1,1,0,0,0,0,0,0,0,0,1,0,0,0,0,0,0,0,0,0,1,0,0,0,0,0,0,0,0,0,0,1,0,0,0,0,0,0,0,0,0,0,0,0,0,0,0,0,0,0,0,0,0,0,1,0,0,0,0,0,0,0,1,0
6c0d8f8b-bcf5-5e9f-bfdf-f07ba479972b,502eac41-571c-5c8f-a139-59327c46ec43,Lamu Vegetables Farm #0591,Coastal Lowlands,Lamu,Vegetables,49.61,-3.841928,39.373649,14,True,Commercial Market Leader,2,19.56,4,Investment Ready Farm,0.64,0.92,0.96,0.68,0.84,0.72,0.84,0.92,1,1,0,1,0,0,1,1,1,1,1,1,0,0,1,1,0,1,0,1,0,1,1,0,1,1,1,1,1,1,1,1,1,0,1,1,1,1,1,1,1,1,1,1,1,1,1,1,1,0,1,1,1,1,1,1,1,1,1,1,1,1,1,1,1,1,1,0,1,1,1,1,1,1,1,0,1,1,0,1,1,1,1,1,0,0,1,1,0,1,1,1,0,0,1,1,1,1,1,0,0,1,1,0,1,1,1,1,1,1,1,1,1,1,1,1,1,0,1,0,1,1,1,1,1,1,0,1,0,1,1,1,1,0,1,1,1,1,0,1,1,1,1,1,0,1,0,1,1,0,1,1,1,1,1,1,1,1,1,1,0,1,1,0,1,1,1,1,1,1,1,1,0,1,0,1,1,1,1,0,1,1,1,1,1,1,0,1,1,1,1,1,1,1,1,1,1,1,1,1
5b647ccd-7d10-5143-9e81-74218178be2f,c1cba671-633a-591e-a5c3-d7d6fbe915ba,Kwale Cassava Farm #0592,Coastal Lowlands,Kwale,Cassava,3.67,-3.990916,40.211392,11,False,Informal Smallholder,0,6.6,2,Emerging Agribusiness,0.24,0.2,0.28,0.68,0.12,0.28,0.16,0.24,0,0,1,0,0,1,1,0,0,0,0,0,1,0,0,1,0,0,0,1,0,0,0,0,0,0,1,0,0,0,1,0,1,0,0,0,0,1,0,0,0,0,0,0,0,0,0,0,0,1,1,0,0,0,0,0,0,0,0,0,0,1,0,1,0,0,1,0,0,0,1,1,1,0,0,1,1,1,0,1,1,1,1,0,1,1,1,1,1,0,1,0,1,0,1,1,0,1,0,0,0,0,0,0,0,0,0,1,0,0,0,0,0,0,0,0,0,0,0,0,1,1,0,0,0,1,0,0,0,0,1,1,0,0,0,0,0,1,0,0,1,0,0,1,0,0,1,0,0,0,1,1,0,0,0,0,0,0,0,0,0,0,0,0,0,1,0,0,0,0,0,1,0,0,0,1,0,0,0,0,1,0,1,0,0,0,1,0,1,0,1,0,0,0,0,0,0,0,0,0
457990b3-9e31-50c9-a4b3-819144d60866,384dd3aa-01eb-5fb2-89ac-935fe6fe73c1,Siaya Dairy Farm #0593,Western Kenya,Siaya,Dairy,3.88,0.343135,34.059335,5,True,Informal Smallholder,0,5.52,2,Emerging Agribusiness,0.24,0.16,0.16,0.6,0.08,0.28,0.16,0.16,1,0,0,0,0,1,0,0,0,0,1,0,0,0,0,1,1,1,0,0,0,0,0,0,0,0,1,0,0,0,0,0,0,0,0,1,0,0,0,0,0,0,0,0,0,1,1,0,0,0,1,0,0,0,0,0,1,0,0,0,0,0,0,0,0,0,0,0,0,0,0,1,1,0,0,0,0,1,1,0,0,1,0,1,0,1,1,1,1,0,0,1,1,1,1,0,1,1,0,1,0,0,0,0,0,0,0,0,0,0,0,0,0,0,0,1,0,0,1,0,0,0,0,0,0,1,0,0,0,0,1,0,0,1,0,0,0,0,1,0,1,0,0,0,0,0,0,1,1,0,0,0,0,1,0,1,0,0,0,0,0,1,0,0,0,0,1,0,0,0,0,0,0,0,0,1,0,1,0,0,0,0,0,0,0,0,0,0,0,1,0,0,0,0,0,1,0,0,0,0
5dd41069-264a-5327-9752-1fd8e64fc72b,113efcfe-e2b0-50e0-87d7-bb1b5eeaa53b,Meru Coffee Farm #0594,Central Highlands,Meru,Coffee,7.54,-0.486235,36.773143,5,True,Transitioning Agribusiness,1,12.12,3,Structured Farm,0.48,0.44,0.64,0.64,0.44,0.72,0.48,0.2,1,0,1,0,0,1,1,1,0,1,1,0,0,0,0,1,1,1,0,0,0,1,1,0,0,1,1,0,1,0,1,0,1,1,0,0,1,0,0,0,1,1,1,0,0,0,1,0,0,0,1,1,1,0,1,1,1,0,0,1,1,1,1,0,0,1,1,1,0,0,1,1,1,0,0,1,1,1,1,0,1,1,1,0,0,0,1,1,1,0,0,1,1,1,0,1,1,1,0,0,1,1,0,1,0,1,1,1,0,0,1,0,1,0,0,1,0,0,1,0,1,0,0,0,0,1,1,1,1,0,1,1,0,0,1,1,1,1,1,0,1,1,0,0,1,1,1,1,1,0,1,1,1,0,1,1,0,0,1,0,1,1,0,0,1,1,1,1,0,0,0,0,0,0,0,1,0,0,0,0,0,0,0,0,0,0,1,0,0,1,1,1,0,0,0,0,0,0,0,0
4b617222-20ce-545e-98ea-f91ec677ecfe,ae2fd58b-0e36-506f-837f-b6eed6f8653f,Taita Taveta Cashew Farm #0595,Coastal Lowlands,Taita Taveta,Cashew,0.5,-2.701748,40.338155,12,True,Informal Smallholder,0,5.52,2,Emerging Agribusiness,0.2,0.2,0.16,0.4,0.2,0.28,0.28,0.12,1,0,0,0,0,0,0,0,0,0,1,0,1,0,0,0,1,0,0,0,1,0,0,0,0,1,1,0,0,0,0,0,1,0,0,1,0,0,0,0,0,0,0,0,0,0,0,1,0,0,0,0,1,0,0,0,0,0,0,0,0,0,1,0,0,1,1,0,0,0,0,0,0,0,0,0,0,0,0,0,1,1,0,1,0,1,1,0,0,0,1,0,0,0,1,1,0,0,1,1,0,1,0,0,0,0,1,0,1,0,0,1,0,0,0,0,0,0,0,0,0,0,0,1,0,0,1,0,0,1,0,0,1,0,0,0,0,0,0,0,1,1,1,0,0,0,0,1,0,0,0,0,0,0,0,1,0,0,0,0,0,1,1,0,0,1,0,1,0,1,0,0,1,0,0,0,0,1,0,0,0,0,0,0,0,0,0,0,0,0,1,0,1,0,0,0,0,0,0,0
afceac5d-ed9c-5ea0-80c1-4f5512715d97,10bab66f-b763-5191-a9f8-0fde094b5b37,Trans Nzoia Potatoes Farm #0596,Rift Valley,Trans Nzoia,Potatoes,1.22,0.432972,36.283746,18,False,Informal Smallholder,0,6.84,2,Emerging Agribusiness,0.28,0.2,0.32,0.6,0.32,0.28,0.16,0.12,1,0,0,0,0,1,0,0,0,0,1,0,0,0,0,1,1,0,0,0,1,0,0,1,0,0,0,0,0,0,0,0,0,1,0,0,0,1,1,0,1,0,0,0,0,1,0,0,0,0,0,0,1,0,0,1,0,1,0,0,1,0,1,1,0,1,0,1,0,0,0,0,0,0,0,0,1,0,0,0,1,1,1,1,0,1,1,0,1,0,1,0,1,0,0,1,1,1,1,1,1,0,0,0,0,0,0,0,0,0,1,1,1,0,0,1,0,1,0,0,1,0,1,0,0,1,0,1,0,0,0,0,0,0,1,0,1,0,0,0,0,0,1,1,0,1,0,0,0,0,0,0,0,1,0,0,1,0,1,0,0,0,0,0,0,1,0,0,0,0,0,0,0,0,0,1,0,0,0,0,1,0,0,0,0,0,1,0,0,0,0,0,0,0,0,0,0,0,0,0
87a025f8-1919-57af-b2bc-29e3d7918ce3,db0dd574-cea4-5d4a-b50a-c51bd6818d17,Bomet Horticulture Farm #0597,Rift Valley,Bomet,Horticulture,8.27,-0.45595,35.101983,18,True,Transitioning Agribusiness,1,12.6,3,Structured Farm,0.6,0.32,0.6,0.88,0.36,0.52,0.52,0.4,1,1,0,1,1,1,1,1,1,0,1,1,0,1,1,0,0,1,0,0,1,1,0,0,0,1,0,0,0,0,0,1,1,1,0,0,1,0,0,0,1,0,0,0,0,1,1,0,0,0,0,0,1,1,1,0,1,0,0,0,1,1,1,1,0,0,1,0,0,1,1,1,1,1,1,1,1,1,1,1,1,1,1,1,0,1,1,1,1,1,1,1,1,1,0,1,1,1,0,1,1,0,1,0,0,1,1,0,0,0,1,0,0,0,0,1,0,0,0,0,1,1,0,0,1,1,1,0,0,0,1,1,1,0,1,1,0,1,0,0,0,1,0,0,0,1,1,1,1,0,1,1,0,1,0,1,1,1,1,0,1,0,1,0,0,0,1,1,1,0,0,0,0,1,0,1,1,1,0,0,0,1,1,0,0,1,0,0,1,0,1,1,0,0,0,1,0,0,0,0
fc619314-75b3-5a82-9c04-c580a5d1dd93,3e910990-3351-5334-b265-052c9545a89a,Makueni Sorghum Farm #0598,Eastern Semi-Arid,Makueni,Sorghum,8.28,-0.669127,38.745008,3,True,Transitioning Agribusiness,1,11.76,3,Structured Farm,0.36,0.32,0.56,0.76,0.52,0.52,0.56,0.32,1,1,1,0,0,0,0,0,1,0,0,0,1,0,0,0,1,1,0,0,1,1,0,0,0,1,0,0,1,0,1,1,0,1,0,0,0,0,1,0,0,1,0,0,0,0,1,0,0,0,1,0,1,1,1,0,1,0,1,0,1,1,1,0,0,1,0,1,0,0,1,1,1,0,0,1,1,1,1,1,1,0,0,0,1,1,1,1,0,1,1,1,1,1,0,1,1,0,1,1,1,0,1,0,0,1,0,0,1,0,1,1,1,1,0,1,1,0,0,0,1,1,1,0,0,1,1,1,0,0,1,1,1,0,0,0,1,1,0,0,1,1,1,1,0,1,0,0,0,0,1,0,0,1,0,1,1,0,0,0,1,1,0,1,0,1,1,1,0,0,1,1,1,1,0,0,1,0,0,0,1,1,0,0,0,0,0,1,0,0,1,1,0,0,0,1,0,1,0,0
9001763e-b601-54cc-bad1-77ecabb01e81,e71ce901-511c-527f-8041-2480c8da7143,Taita Taveta Vegetables Farm #0599,Coastal Lowlands,Taita Taveta,Vegetables,36.06,-2.404205,39.024856,1,True,Commercial Market Leader,2,21.36,5,Future Ready Farm,0.84,0.84,1.0,0.92,0.88,0.88,0.84,0.92,1,1,1,1,0,1,1,0,1,1,1,1,1,1,1,1,1,1,1,0,1,1,0,1,1,0,1,1,1,1,1,0,0,1,1,1,1,1,1,1,1,1,1,1,1,1,1,1,0,1,1,1,1,1,1,1,1,1,1,1,1,1,1,1,1,1,1,1,1,1,1,1,1,1,1,1,1,0,1,1,1,1,1,1,1,1,1,1,1,1,1,1,1,1,1,1,0,1,1,1,1,1,1,1,0,1,0,1,1,0,1,1,1,1,1,1,1,1,1,1,1,1,1,1,1,0,1,1,1,1,1,1,1,1,1,1,1,1,1,1,1,1,1,0,1,1,1,0,1,1,0,1,1,1,1,1,1,1,1,0,1,1,1,1,1,1,1,1,1,1,1,1,0,1,0,1,1,1,1,1,1,1,1,1,1,1,1,0,1,1,1,1,0,1,1,1,1,1,1,1
99925bf8-b8b3-5e92-a3e5-028e5a0fdd10,2ba63876-dbb5-51ee-b9f9-e2792d29922d,Vihiga Maize Farm #0600,Western Kenya,Vihiga,Maize,4.24,-0.093198,34.62039,13,True,Transitioning Agribusiness,1,12.48,3,Structured Farm,0.48,0.56,0.48,0.64,0.52,0.52,0.56,0.4,1,1,1,0,1,1,1,0,0,0,1,0,0,0,0,1,0,1,0,0,1,1,1,0,0,1,1,0,0,0,1,1,0,1,1,0,0,1,1,0,0,1,1,0,1,1,0,1,1,0,1,0,1,1,0,0,1,0,1,0,1,1,0,0,0,0,1,0,0,1,1,1,1,0,0,1,0,0,1,0,1,1,1,1,1,1,0,1,0,1,0,1,1,1,0,1,1,0,1,0,1,0,0,0,1,1,0,1,0,0,1,0,1,1,0,1,1,1,1,0,1,0,1,0,0,1,1,0,0,0,0,1,0,1,1,1,0,0,1,0,0,0,1,1,1,1,1,0,0,1,1,1,0,0,0,1,1,0,0,0,1,1,0,1,0,1,1,0,0,0,1,1,1,1,1,1,0,0,0,0,0,1,0,0,0,1,1,0,0,0,1,1,0,1,1,0,1,1,0,0
4b59bbb3-26b1-528a-aaa2-8d5d92aae36b,e2ba8c6f-d85f-5c27-952f-cb2fffe973bf,Taita Taveta Cassava Farm #0601,Coastal Lowlands,Taita Taveta,Cassava,2.93,-3.490195,39.436113,1,True,Informal Smallholder,0,5.4,2,Emerging Agribusiness,0.04,0.2,0.2,0.6,0.2,0.32,0.16,0.08,0,0,0,0,0,0,0,0,0,0,0,0,0,0,0,0,0,0,0,0,0,1,0,0,0,0,0,0,0,0,1,0,0,0,0,1,0,0,0,0,1,1,0,0,0,0,0,1,0,0,1,0,0,0,0,0,0,0,0,0,0,1,1,0,0,0,1,0,0,0,1,0,0,0,0,1,0,1,1,0,1,1,1,0,0,0,1,1,0,0,1,1,1,0,0,1,1,1,1,0,0,1,1,0,0,1,1,0,0,0,0,1,0,0,0,0,0,0,0,0,0,0,0,0,0,0,1,0,0,0,0,1,1,0,0,1,0,1,0,0,1,1,0,0,0,0,1,0,0,0,0,1,0,1,0,0,0,0,0,0,0,0,0,0,0,1,0,0,0,0,0,0,1,0,0,0,0,0,0,0,0,0,1,0,0,0,0,0,0,0,0,0,1,0,0,0,0,0,0,0
544082b3-41fc-57fb-820b-707d03fb3d26,e4f67975-0529-54be-b1c0-a69983fb435b,Kakamega Cassava Farm #0602,Western Kenya,Kakamega,Cassava,8.27,0.769795,34.569024,7,True,Transitioning Agribusiness,1,11.52,3,Structured Farm,0.48,0.4,0.56,0.76,0.44,0.6,0.28,0.32,1,1,0,1,0,1,1,0,0,0,0,1,0,0,0,1,1,0,0,0,1,1,1,1,0,1,1,0,0,0,0,0,1,1,1,0,0,0,0,0,1,1,1,0,0,0,1,0,0,1,0,0,1,1,0,1,1,1,0,0,1,0,1,1,0,1,1,0,1,0,1,1,0,0,1,1,1,1,1,1,1,1,1,1,0,1,0,1,1,0,1,0,0,1,1,1,1,1,0,1,0,0,0,1,0,1,0,1,0,1,1,0,1,0,0,0,1,0,1,0,1,1,1,0,0,1,1,1,0,0,1,0,1,1,0,1,1,1,1,0,1,0,0,1,1,1,1,0,0,0,0,0,1,1,0,0,1,0,0,0,1,1,0,0,0,1,0,0,0,0,0,1,0,0,0,1,1,0,0,0,0,1,1,0,0,1,1,0,0,0,1,0,0,0,0,0,1,0,0,0
9d9eda2d-1f48-5d2b-856e-f02af87fba96,a993c727-9eaa-5e01-b643-fc3dafa2ab35,Machakos Pigeon Peas Farm #0603,Eastern Semi-Arid,Machakos,Pigeon Peas,33.73,-2.24122,38.678682,22,True,Commercial Market Leader,2,20.28,5,Future Ready Farm,0.92,0.84,0.92,0.72,0.96,0.8,0.84,0.76,1,1,1,1,1,1,1,1,1,1,1,0,1,1,1,1,1,1,1,1,1,1,1,0,1,1,1,1,0,1,1,1,0,1,1,1,1,1,1,0,1,1,1,1,1,1,1,1,1,0,1,1,1,1,1,1,1,1,1,0,1,1,1,1,1,1,1,1,1,1,1,1,1,1,0,1,1,0,0,1,1,1,1,1,1,1,1,1,1,1,1,0,0,0,1,1,0,1,0,1,1,1,1,1,1,1,1,1,1,1,1,1,1,1,1,1,1,1,0,1,1,1,1,1,1,1,1,1,0,0,1,1,0,1,0,1,1,1,1,1,1,1,1,0,1,1,1,1,1,1,1,1,1,1,1,1,1,1,1,1,1,1,0,0,1,1,1,0,1,0,1,1,1,1,1,1,1,1,1,0,1,1,0,1,1,0,1,1,1,1,1,1,0,1,0,0,1,1,1,1
1a74022a-c233-5698-b55c-c58506e5a655,350cf100-fd84-5cbf-a94a-2f7ceed8a7b0,Kirinyaga Horticulture Farm #0604,Central Highlands,Kirinyaga,Horticulture,9.48,0.01328,36.748802,13,True,Transitioning Agribusiness,1,13.32,3,Structured Farm,0.6,0.48,0.64,0.72,0.6,0.48,0.44,0.48,1,1,0,1,0,1,0,0,1,1,1,0,0,1,0,0,1,0,1,0,1,1,1,1,1,1,0,1,0,0,1,0,1,1,0,0,0,1,0,0,1,1,1,0,0,0,1,1,1,0,1,0,1,1,0,1,1,1,0,1,1,0,1,0,1,1,0,0,0,0,1,1,1,1,1,1,1,1,1,1,1,1,1,1,0,1,1,1,0,0,0,1,1,1,0,1,0,1,0,1,1,1,1,0,0,1,1,1,1,0,1,0,1,0,0,1,1,1,1,0,1,0,0,1,0,1,1,0,0,1,0,1,1,0,0,1,0,1,0,1,1,1,0,1,0,1,0,0,0,0,1,0,0,0,0,1,0,0,0,1,1,1,1,0,0,1,0,0,1,0,1,1,1,0,0,1,1,1,0,0,1,1,0,0,0,0,0,1,0,0,1,1,0,1,0,1,1,0,1,0
0522671e-3f23-5fd2-8aec-44f554fc2dea,b29c35c4-a07c-5a17-aa2a-58c7d8ca412c,Uasin Gishu Wheat Farm #0605,Rift Valley,Uasin Gishu,Wheat,20.12,-0.040316,36.351978,18,True,Commercial Market Leader,2,20.04,5,Future Ready Farm,0.84,0.72,1.0,0.8,0.8,0.88,0.92,0.72,1,1,1,1,1,0,1,1,1,1,1,1,0,1,1,1,1,1,1,0,1,1,1,1,0,1,1,1,0,0,1,1,1,1,0,1,1,0,1,1,1,1,1,1,0,1,1,1,0,0,1,1,1,1,1,1,1,1,1,1,1,1,1,1,1,1,1,1,1,1,1,1,1,1,1,0,1,1,1,0,1,1,1,1,0,1,1,1,1,0,1,1,1,0,1,1,1,1,1,1,1,1,1,1,0,1,1,0,1,1,1,0,1,1,0,0,1,1,1,1,1,1,1,1,1,1,1,1,0,1,0,1,1,1,1,1,1,1,1,1,1,1,1,1,1,1,1,1,1,0,1,0,1,1,1,1,1,1,1,0,1,1,1,1,1,1,1,1,1,1,1,1,1,1,1,0,1,1,1,1,1,1,1,0,1,1,1,1,1,0,1,0,1,1,0,1,1,1,0,0
93b3d02e-0b47-565d-9a05-2c13208b9099,c0cc9bbc-6664-532c-9ffe-b8fac81206a0,Kwale Cashew Farm #0606,Coastal Lowlands,Kwale,Cashew,11.79,-2.501325,39.682874,4,True,Transitioning Agribusiness,1,12.12,3,Structured Farm,0.44,0.44,0.6,0.6,0.6,0.48,0.52,0.36,0,0,0,1,1,1,1,1,0,0,1,1,0,0,0,1,1,1,0,0,0,0,0,1,0,1,1,0,0,0,1,1,1,0,0,1,1,0,0,0,1,0,0,1,0,1,0,0,1,0,1,0,1,0,0,1,1,0,0,1,1,0,1,1,0,1,0,1,1,1,1,0,1,0,1,0,1,1,1,0,1,1,0,0,0,0,0,0,0,1,1,1,1,0,1,1,1,1,1,1,1,1,0,1,0,1,0,1,0,1,1,1,0,1,0,1,0,1,0,0,1,1,0,1,1,1,1,1,0,0,1,1,0,0,0,0,1,1,0,0,1,1,0,0,0,1,1,0,1,0,1,1,0,0,1,1,1,1,0,0,1,0,0,1,1,1,1,0,0,0,1,1,0,0,0,0,1,0,0,0,1,1,1,0,1,1,0,0,0,1,1,0,0,0,0,1,0,0,0,0
e9a87ce2-eff0-5344-9d63-aa5385902485,af19ba68-1041-5a7e-9e39-8fa7b6ad563b,Murang'a Coffee Farm #0607,Central Highlands,Murang'a,Coffee,5.0,0.140904,37.586816,8,True,Commercial Market Leader,2,20.52,5,Future Ready Farm,0.88,0.88,0.88,0.84,0.8,0.92,0.84,0.8,1,1,1,1,1,1,1,1,1,0,1,1,1,1,1,1,1,1,1,0,1,1,1,0,1,1,1,1,1,1,1,1,1,1,1,1,1,1,1,0,1,1,1,1,0,1,1,1,0,1,1,1,0,1,1,1,1,1,1,0,1,1,1,1,0,1,1,1,1,1,1,1,1,1,1,1,1,1,1,1,1,1,1,1,0,1,1,1,1,1,1,1,1,0,0,1,1,1,1,0,1,1,1,1,1,1,0,0,1,1,1,1,1,0,0,1,1,1,1,1,1,1,1,0,1,1,0,1,1,1,1,1,1,1,1,1,1,1,1,1,1,1,1,1,0,1,1,1,1,1,1,1,0,0,1,1,1,1,1,0,1,1,1,1,0,1,1,1,1,1,1,1,1,1,1,1,1,1,1,0,1,1,1,0,1,1,1,0,0,1,1,1,1,1,1,1,1,1,1,0
f7a55b2a-8199-5c0b-82f4-a056d5e0bd51,c6ee6095-8987-541d-98aa-3751382c6bc5,Kisumu Maize Farm #0608,Western Kenya,Kisumu,Maize,0.5,0.870301,34.722458,2,True,Informal Smallholder,0,5.64,2,Emerging Agribusiness,0.24,0.24,0.16,0.48,0.08,0.28,0.28,0.12,0,0,1,0,0,1,1,0,0,0,0,0,1,0,0,0,0,0,0,0,1,1,0,0,0,1,0,0,0,0,1,1,0,0,0,1,0,0,0,0,1,0,0,0,0,0,0,0,1,0,0,0,0,0,0,0,0,0,0,0,1,1,1,0,1,0,0,0,0,0,0,0,0,0,0,0,0,0,0,1,1,1,1,0,0,0,1,1,0,0,0,1,1,0,0,1,1,1,0,1,0,0,0,0,0,0,1,0,0,0,0,0,1,0,0,0,0,0,0,0,0,0,0,0,0,1,1,0,1,0,1,1,0,0,0,1,0,0,0,1,0,0,0,0,0,0,0,0,0,0,1,0,0,0,0,0,1,0,0,0,0,0,0,1,0,1,0,0,0,1,1,1,0,0,0,0,0,0,0,0,0,0,0,0,0,1,1,0,0,0,0,0,0,0,0,1,0,0,0,0
4ca5fc35-fd9e-57da-8038-0ebd747f44f2,da46a688-1451-5b8b-a8b7-5b8f77583059,Lamu Fish Farming Farm #0609,Coastal Lowlands,Lamu,Fish Farming,1.5,-3.186883,39.493312,20,True,Transitioning Agribusiness,1,10.8,3,Structured Farm,0.4,0.32,0.6,0.6,0.44,0.44,0.56,0.24,1,1,0,0,0,1,0,1,0,0,1,0,1,0,0,0,1,0,1,0,1,1,0,0,0,1,0,1,0,0,1,1,0,0,0,0,1,0,0,0,1,1,0,0,0,0,0,1,0,0,1,1,0,1,0,1,0,1,1,0,1,1,1,0,0,0,1,1,0,0,1,1,0,1,1,1,0,1,0,0,1,1,1,1,0,1,1,1,0,1,1,1,1,0,0,0,1,1,0,0,1,0,0,1,0,1,1,0,0,0,1,1,0,0,0,1,1,0,1,0,1,1,0,0,0,1,0,0,0,0,1,1,0,0,0,1,1,1,0,0,1,1,0,0,1,1,1,0,0,0,1,0,0,1,0,1,1,1,0,1,1,1,1,0,0,1,1,0,1,0,1,1,0,0,0,1,0,0,1,0,0,0,1,0,0,0,0,0,0,0,1,1,0,0,0,1,0,0,0,0
7e5552d1-ff62-5017-93bb-01cb06f334d6,efcbf8ec-e66e-5fb0-a874-2e39b892d5d9,Kilifi Cashew Farm #0610,Coastal Lowlands,Kilifi,Cashew,1.13,-3.684378,39.373532,17,True,Informal Smallholder,0,4.56,5,Future Ready Farm,0.12,0.2,0.28,0.48,0.0,0.16,0.12,0.16,0,0,0,0,0,0,0,0,0,0,1,0,0,0,0,1,0,0,0,0,0,0,0,1,0,0,1,0,0,0,1,0,0,0,0,0,1,0,0,0,0,0,0,0,0,0,1,1,0,0,0,1,0,0,0,1,0,0,0,0,1,0,0,0,0,0,0,0,0,1,1,1,1,0,0,0,1,1,0,0,1,1,0,1,1,1,1,1,0,0,0,0,0,0,1,0,1,1,0,0,0,0,0,0,0,0,0,0,0,0,0,0,0,0,0,0,0,0,0,0,0,0,0,0,0,1,0,0,0,0,0,0,0,0,0,0,1,0,0,0,0,0,1,0,0,0,0,0,0,1,1,0,0,0,0,0,0,0,0,0,0,0,0,0,0,1,1,0,0,0,0,0,0,0,0,0,1,0,0,1,1,0,0,0,0,0,0,0,0,0,0,0,0,0,0,0,1,0,0,0
949d1cd7-e5aa-58c5-bcee-33430ff44ca4,5cb94fc4-c98e-5dc7-ad9a-be07974ec5ca,Vihiga Maize Farm #0611,Western Kenya,Vihiga,Maize,2.71,-0.073435,35.179158,11,False,Transitioning Agribusiness,1,11.28,3,Structured Farm,0.44,0.48,0.48,0.6,0.52,0.44,0.44,0.36,1,0,0,0,0,1,1,1,0,0,0,0,1,0,1,1,1,0,0,0,1,1,1,0,0,1,1,1,0,0,1,0,0,1,0,1,1,0,0,0,0,1,0,1,0,1,0,1,1,0,1,1,0,0,0,1,1,0,1,0,1,0,1,0,0,1,1,1,0,1,0,0,1,0,0,1,1,1,0,1,1,0,0,1,0,1,1,0,1,0,1,0,1,1,1,1,0,0,1,0,1,1,0,0,0,1,1,1,0,0,1,1,1,0,0,1,1,0,1,0,1,1,0,0,0,0,1,0,1,0,1,1,0,0,0,1,1,0,0,0,1,0,0,0,0,1,0,1,1,1,0,1,1,1,0,1,1,0,0,0,1,1,1,1,0,1,0,0,1,0,0,0,0,0,0,1,1,1,0,0,0,1,1,0,0,1,0,0,0,1,0,0,0,0,0,1,1,0,0,0
a022386b-91b5-5025-bef2-16ef96374cfc,f0de97e5-9230-5399-9336-11f8ab5190ed,Bomet Horticulture Farm #0612,Rift Valley,Bomet,Horticulture,3.6,-0.160723,36.100144,9,True,Transitioning Agribusiness,1,11.4,3,Structured Farm,0.52,0.4,0.6,0.64,0.48,0.48,0.44,0.24,1,1,0,1,0,1,1,0,0,0,1,0,0,0,0,1,1,0,1,0,1,1,1,1,0,1,1,1,0,0,0,1,1,0,0,1,0,0,0,0,1,1,0,0,0,1,1,0,0,0,1,1,0,1,0,1,0,0,0,0,1,0,1,1,0,1,1,1,1,1,1,1,0,1,0,1,1,0,1,1,0,0,1,1,0,1,1,0,1,0,1,1,1,0,1,1,1,1,0,0,1,0,0,0,0,1,1,1,1,1,1,1,0,0,1,1,0,1,0,0,0,1,0,0,0,0,0,0,0,0,1,1,1,0,1,1,1,1,1,0,0,1,1,1,0,0,0,1,0,0,1,1,0,0,0,1,1,1,0,0,0,1,1,0,0,0,0,1,0,0,1,0,1,1,0,0,1,1,0,0,0,0,1,0,0,0,1,0,0,0,0,0,0,1,0,0,1,0,0,0
cdb8d9f4-5ab9-5f82-899d-0fa071584233,188577a1-453b-5184-9cc0-51dde7cf4c49,Bungoma Maize Farm #0613,Western Kenya,Bungoma,Maize,38.46,-0.236748,35.152872,6,True,Commercial Market Leader,2,19.8,4,Investment Ready Farm,0.88,0.8,0.92,0.76,0.84,0.72,0.88,0.8,1,1,0,1,0,1,1,1,1,1,1,1,1,0,1,1,1,1,1,1,1,1,1,1,1,1,0,1,0,1,1,1,1,1,1,1,1,1,1,0,1,1,1,1,0,1,1,1,1,0,1,1,1,1,1,1,1,1,1,1,1,1,1,1,0,1,1,1,1,1,1,1,1,0,1,1,0,1,0,1,1,1,1,0,1,1,1,1,1,0,0,1,1,1,1,1,1,1,1,0,1,1,1,1,1,1,1,1,0,0,1,1,1,1,1,1,1,1,1,1,1,1,0,1,0,1,1,0,1,0,1,1,0,1,1,1,1,1,0,0,0,0,1,1,1,1,1,1,1,1,1,1,1,1,1,1,1,1,1,1,0,1,1,1,1,1,1,1,1,0,1,1,1,1,0,1,1,1,0,1,1,1,1,1,1,1,0,1,0,0,1,1,0,1,1,1,1,1,1,1
e70d8a5d-5626-5953-aa4e-23ffafb9a970,9651aba8-e3db-5687-96c1-17e8cfabc7ac,Kwale Cashew Farm #0614,Coastal Lowlands,Kwale,Cashew,7.45,-3.993046,40.430295,9,True,Commercial Market Leader,2,20.52,5,Future Ready Farm,0.76,0.76,0.96,0.92,0.84,0.84,0.84,0.92,1,1,1,1,1,1,1,0,0,1,1,1,1,0,1,1,1,0,1,0,1,0,1,1,1,1,1,1,0,1,1,1,1,1,1,1,1,1,0,0,1,1,1,1,1,0,1,1,0,0,1,0,1,1,1,1,1,1,1,1,1,1,1,1,1,1,1,1,1,1,1,1,1,1,1,1,1,0,1,1,1,1,1,1,1,1,1,0,1,1,1,1,1,1,1,1,1,1,1,1,1,1,1,0,0,1,1,1,1,0,1,1,1,1,0,1,1,1,1,1,1,1,1,1,1,1,1,1,0,1,0,1,1,1,1,1,1,1,0,1,1,1,1,1,1,0,1,1,1,1,1,1,1,1,1,0,1,1,1,1,1,1,1,1,1,1,1,1,0,0,1,1,0,1,1,1,1,1,1,1,1,1,1,1,1,1,1,1,1,1,0,1,1,1,0,1,1,1,1,1
ad6a7796-05d2-5fba-ad08-f7fb24b04c5c,c69bef23-d846-5a75-8e63-88e96ec5b5b3,Bungoma Dairy Farm #0615,Western Kenya,Bungoma,Dairy,2.46,-0.141563,34.943012,12,True,Informal Smallholder,0,6.6,2,Emerging Agribusiness,0.08,0.28,0.2,0.8,0.2,0.32,0.12,0.2,0,1,0,0,0,0,0,0,0,0,0,0,0,0,0,0,0,0,0,0,1,0,0,0,0,0,1,0,0,0,1,1,1,0,0,1,0,1,0,0,0,0,0,0,0,1,0,0,0,0,0,0,0,0,0,0,1,0,0,1,0,0,0,0,0,1,0,0,0,0,0,0,0,1,1,0,0,0,1,1,1,1,1,1,1,1,1,1,1,1,1,1,1,1,0,1,1,1,1,0,0,0,0,0,0,1,0,0,0,0,1,0,0,0,0,0,0,1,0,0,1,1,0,0,0,1,1,0,0,0,1,0,0,0,0,1,0,0,0,0,1,0,0,0,0,1,1,1,0,0,0,0,0,0,0,0,0,0,0,0,0,0,1,0,0,0,0,1,1,0,0,0,0,0,0,1,1,0,0,0,1,1,1,0,0,0,0,0,0,0,0,0,0,0,0,0,0,0,0,0
c1d6ae38-8f7c-55be-8de5-6ac1f791891d,8da37c68-b426-50c7-981a-3b2c618b5d3d,Machakos Pigeon Peas Farm #0616,Eastern Semi-Arid,Machakos,Pigeon Peas,4.09,-0.691114,38.5038,1,True,Transitioning Agribusiness,1,11.88,3,Structured Farm,0.6,0.32,0.68,0.68,0.44,0.4,0.44,0.4,1,1,1,0,0,1,1,0,0,0,1,1,1,1,0,1,1,1,0,1,0,1,1,0,0,1,0,0,0,0,1,1,1,0,0,1,1,0,0,0,1,0,0,0,0,0,0,0,1,0,0,1,1,1,1,1,1,0,1,1,1,1,0,0,0,1,1,0,0,0,1,1,1,1,1,1,1,1,1,0,1,1,1,0,1,1,1,0,0,1,1,0,0,1,0,1,1,1,0,1,0,1,0,0,0,0,1,1,1,1,1,1,1,0,1,0,0,0,0,0,0,1,1,0,0,1,1,0,0,0,0,1,1,1,0,1,0,0,0,0,1,1,0,0,0,0,1,0,1,0,1,0,0,1,0,1,0,0,1,0,1,1,1,0,0,1,0,0,1,0,1,0,1,0,0,0,1,0,0,0,1,0,1,0,0,0,1,0,0,0,1,1,0,1,0,0,1,1,0,1
a328fd4b-1ba9-58ed-a217-21d5c98fc5cc,238258c7-5a5f-5b91-80d1-41634f2dce92,Tharaka Nithi Sorghum Farm #0617,Eastern Semi-Arid,Tharaka Nithi,Sorghum,8.34,-1.4258,37.881632,8,True,Transitioning Agribusiness,1,12.24,3,Structured Farm,0.4,0.56,0.36,0.64,0.64,0.68,0.36,0.44,1,0,1,0,1,0,1,1,0,0,1,0,0,0,1,1,1,0,0,0,0,0,1,0,0,1,1,1,1,1,1,1,0,0,1,1,0,0,0,0,1,1,0,0,0,1,1,0,1,0,0,0,1,0,0,0,0,1,1,1,1,0,0,0,0,1,0,1,1,0,1,0,0,0,0,0,1,0,1,1,1,1,0,1,1,1,0,1,1,0,1,1,1,0,0,1,0,1,1,0,1,1,0,1,0,1,1,1,1,0,1,0,1,1,0,1,1,0,0,0,1,1,0,1,1,1,0,1,0,0,1,1,1,1,0,1,1,0,1,1,1,1,1,0,0,1,1,1,1,0,1,1,0,0,0,1,0,0,0,1,1,0,0,0,0,1,0,1,0,0,1,0,0,1,0,1,0,1,1,0,1,0,1,0,0,1,0,0,1,0,0,1,0,0,0,1,1,0,1,0
87c894f3-309b-552c-929e-96527498e75f,ed804fdb-6631-57c4-a65b-06ccd94b693f,Embu Coffee Farm #0618,Central Highlands,Embu,Coffee,2.92,0.051087,37.221497,17,False,Informal Smallholder,0,7.2,2,Emerging Agribusiness,0.36,0.32,0.16,0.72,0.04,0.4,0.2,0.2,1,1,0,0,1,1,0,0,0,0,1,0,0,0,0,1,1,1,1,0,0,0,0,0,0,0,0,1,0,0,0,1,0,0,0,1,1,0,0,0,0,1,1,0,0,1,0,0,0,1,1,1,0,0,0,0,0,0,0,0,0,0,0,0,0,0,0,1,0,0,1,0,0,0,0,1,1,1,1,1,1,1,1,0,0,1,1,1,1,1,1,0,1,0,0,1,1,1,0,0,0,0,0,0,0,0,0,0,0,0,0,0,0,0,0,0,0,1,0,0,0,0,0,0,0,1,1,1,1,0,0,0,0,0,0,0,1,0,0,0,1,0,1,1,0,1,0,1,0,0,1,0,0,0,0,1,0,0,0,0,1,0,1,0,0,0,0,0,0,0,1,0,0,0,0,0,0,0,0,0,1,0,0,0,0,1,0,0,0,0,0,1,1,0,0,0,0,1,0,0
f18b4e76-a08c-58f1-9369-9a5e537b064e,bf3b2157-837d-53d8-9095-ec22fa2764e6,Kwale Cashew Farm #0619,Coastal Lowlands,Kwale,Cashew,2.87,-4.2792,38.825292,12,False,Informal Smallholder,0,5.88,2,Emerging Agribusiness,0.12,0.4,0.12,0.68,0.12,0.24,0.12,0.16,0,0,0,0,0,1,0,0,0,0,0,0,0,0,0,1,1,0,0,0,0,0,0,0,0,1,0,1,0,0,1,1,0,1,1,0,0,1,0,0,1,0,0,0,0,0,0,1,1,0,0,0,0,0,0,0,0,0,0,0,1,0,0,0,0,1,0,0,0,0,0,0,0,0,1,1,1,1,1,0,1,1,1,0,1,1,0,1,1,0,1,0,1,0,1,1,1,0,1,0,0,0,0,0,0,0,0,0,0,0,0,0,0,0,0,1,0,0,0,0,1,0,0,0,1,0,1,0,0,0,0,1,0,0,0,0,1,0,0,0,0,1,1,0,0,0,0,0,0,1,0,0,0,1,0,0,0,0,0,0,1,0,0,0,0,0,0,0,0,0,0,0,0,1,0,0,0,0,0,0,1,0,0,0,0,0,1,1,1,0,0,0,0,0,0,0,0,0,0,0
db493172-b7b0-567a-814c-b43394a71bea,4699bc76-4ea5-5ace-9bcb-46cd450c192d,Bomet Maize Farm #0620,Rift Valley,Bomet,Maize,0.5,-0.070424,35.07956,15,True,Informal Smallholder,0,6.0,2,Emerging Agribusiness,0.16,0.32,0.24,0.56,0.2,0.24,0.24,0.04,0,0,1,0,0,0,0,0,0,0,1,0,0,0,0,1,1,0,0,0,0,0,0,0,0,1,0,1,0,0,1,0,0,0,0,0,1,1,0,0,1,1,0,0,0,0,1,0,0,0,1,1,0,0,0,1,1,0,0,0,1,0,0,0,0,0,0,0,0,0,0,0,1,0,0,1,1,0,0,0,1,1,0,1,0,1,1,1,1,0,1,0,0,1,1,0,1,1,0,0,1,0,0,0,0,0,1,1,0,0,0,0,0,0,0,1,0,0,0,0,0,1,0,0,0,1,0,0,0,0,1,0,0,0,0,1,0,0,0,0,0,1,0,0,0,1,0,1,0,0,0,1,0,0,0,1,0,0,0,0,1,0,0,0,0,1,0,0,0,0,1,0,0,1,0,0,0,0,0,0,1,0,0,0,0,0,0,0,0,0,0,0,0,0,0,0,0,0,0,0
2e7c6f9b-4592-585f-8325-b3c0483a7b2d,38659986-1cb1-519f-bb72-acb8d074060b,Uasin Gishu Maize Farm #0621,Rift Valley,Uasin Gishu,Maize,7.87,-1.041329,35.278069,9,True,Transitioning Agribusiness,1,10.56,3,Structured Farm,0.4,0.6,0.44,0.44,0.36,0.44,0.36,0.48,0,1,0,0,0,1,1,0,0,0,1,0,0,1,0,1,1,0,1,0,0,0,1,1,0,0,1,1,0,0,1,1,1,0,0,1,1,1,0,1,1,1,1,0,0,1,1,1,0,0,1,0,1,0,0,0,0,0,0,0,1,1,1,1,0,1,1,0,0,0,1,1,1,0,0,1,1,1,0,0,0,1,0,0,0,0,1,0,1,0,1,0,0,1,0,1,1,0,1,0,0,0,1,1,0,1,0,1,1,0,1,0,0,0,0,0,0,1,0,0,1,1,0,0,0,1,1,0,0,0,0,1,1,0,0,1,1,1,0,0,1,0,0,1,0,1,0,1,0,0,0,1,0,0,0,1,1,0,0,0,0,0,0,1,0,1,1,0,0,1,1,1,0,0,0,1,1,1,1,0,1,1,1,0,0,1,0,0,0,0,1,0,0,0,0,0,1,1,1,0
baff7501-6b95-53af-b349-41bff626c6f9,e6f69052-b1f2-5f73-bbf6-8805457b603c,Kisumu Cassava Farm #0622,Western Kenya,Kisumu,Cassava,0.79,0.956574,34.442203,7,True,Informal Smallholder,0,5.76,2,Emerging Agribusiness,0.08,0.2,0.2,0.52,0.08,0.32,0.32,0.2,0,0,0,0,0,1,0,0,0,0,0,0,0,0,0,1,0,0,0,0,0,0,0,0,0,0,0,0,0,0,1,0,0,0,0,0,0,1,0,1,1,0,0,0,0,0,1,0,0,0,1,0,0,0,0,1,1,0,0,0,1,0,1,0,0,0,0,0,0,0,0,0,0,0,0,0,1,0,1,1,0,1,0,0,0,0,1,1,1,0,1,0,1,1,0,1,1,0,1,0,0,0,0,1,0,0,0,0,0,0,0,0,0,0,0,0,0,0,0,0,0,1,0,0,0,1,0,1,0,0,0,0,1,0,0,1,1,0,0,1,1,1,0,0,0,0,0,0,0,0,0,0,1,0,0,1,0,0,0,0,0,1,0,0,1,1,1,0,0,0,1,1,0,0,0,0,0,0,0,0,0,1,1,0,0,1,0,0,0,1,0,0,0,0,0,0,1,0,0,0
2f1e4109-3ea3-5cfa-ae18-87c793bd3451,ee7a0475-5ae9-55e4-8d4d-400483207225,Meru Macadamia Farm #0623,Central Highlands,Meru,Macadamia,35.64,-1.372191,37.071467,12,True,Commercial Market Leader,2,19.92,4,Investment Ready Farm,0.8,0.8,0.92,0.8,0.72,0.84,0.92,0.84,1,1,1,1,0,1,1,0,1,1,1,1,1,1,0,1,1,1,0,1,1,1,1,1,0,1,1,1,1,0,1,0,0,1,1,1,1,1,1,0,0,1,1,1,1,1,1,1,1,1,1,1,1,1,1,1,1,1,1,1,1,1,1,1,0,1,1,1,1,0,1,1,1,1,1,1,1,0,1,1,1,1,0,1,0,1,1,1,1,1,1,1,1,1,0,1,1,1,0,1,1,1,0,1,1,1,1,0,1,0,1,1,1,0,1,1,0,1,1,0,1,1,1,1,0,1,1,1,1,1,1,0,1,0,1,1,1,1,1,1,1,0,1,1,1,1,1,1,1,0,1,1,1,1,1,1,1,1,1,1,1,1,1,1,0,1,1,1,1,1,1,1,1,1,0,1,1,1,1,1,1,1,1,0,1,1,1,1,1,0,1,1,1,1,1,0,1,1,1,0
7a5122ce-f654-5e01-b2fe-3eecf66e77f5,e27a6a87-9491-5547-bf51-152e454f5381,Makueni Sorghum Farm #0624,Eastern Semi-Arid,Makueni,Sorghum,0.5,-1.52384,38.513912,2,False,Informal Smallholder,0,5.64,2,Emerging Agribusiness,0.2,0.24,0.12,0.48,0.2,0.4,0.12,0.12,0,0,0,0,0,0,0,0,1,0,1,1,0,0,0,0,0,1,0,0,1,0,0,0,0,0,0,0,1,0,0,1,0,0,0,1,0,0,0,0,1,0,0,0,1,0,0,1,0,0,0,0,0,0,0,0,0,0,0,0,0,1,1,1,0,0,0,0,0,0,0,0,0,0,0,1,1,1,0,1,0,0,0,0,1,1,1,0,0,0,1,1,1,0,0,1,0,1,0,0,1,0,0,0,0,0,1,0,0,0,1,0,0,0,0,0,1,0,0,0,1,0,0,0,0,1,1,0,0,0,0,1,1,1,0,1,0,1,0,0,0,1,0,0,0,1,1,0,0,0,1,0,0,0,0,0,1,0,0,0,1,0,0,0,0,0,0,0,0,0,0,0,0,0,0,0,0,0,0,0,0,1,0,0,1,0,0,0,0,0,0,0,0,0,0,0,1,0,0,0
04868cde-a482-5948-ae96-9049462ce973,bde38629-80aa-5fa8-85a6-b8baf9532251,Bomet Maize Farm #0625,Rift Valley,Bomet,Maize,47.87,-0.111359,35.279222,12,True,Commercial Market Leader,2,19.68,4,Investment Ready Farm,0.76,0.72,0.92,0.72,0.88,0.8,0.92,0.84,1,1,1,1,0,0,1,1,1,1,1,0,1,1,1,1,1,0,1,0,1,1,1,1,0,1,1,1,1,1,1,1,0,0,0,1,1,0,1,1,1,1,0,1,0,1,1,1,0,1,1,1,1,1,1,1,1,1,1,1,1,0,0,1,1,1,1,1,1,1,1,1,1,1,1,1,1,1,1,0,1,1,1,0,1,0,1,1,1,1,1,0,1,0,0,1,1,1,1,0,1,1,1,1,1,1,1,1,1,1,0,1,0,1,1,1,1,1,1,1,1,1,1,1,0,1,1,1,1,0,1,1,1,0,0,1,1,1,1,1,1,1,1,1,0,1,1,1,1,0,1,1,0,1,1,1,1,1,1,1,1,1,1,1,1,1,1,1,1,1,1,1,1,1,0,1,1,1,1,1,1,1,1,1,1,1,1,1,1,0,0,0,1,1,1,1,1,1,0,1
c942022b-07a3-5877-9514-258fefcb1c7f,8f172e86-17cf-56ff-8ded-3623577d462e,Kisumu Cassava Farm #0626,Western Kenya,Kisumu,Cassava,1.21,-0.280531,34.169431,14,True,Informal Smallholder,0,5.28,2,Emerging Agribusiness,0.2,0.12,0.24,0.52,0.08,0.24,0.12,0.24,0,0,0,0,0,1,1,0,1,0,0,1,0,0,0,0,0,0,0,0,1,0,0,0,0,0,0,0,0,0,1,0,0,0,0,1,0,0,0,0,0,0,0,0,1,0,0,0,0,0,1,1,0,0,0,1,0,0,0,1,0,0,0,0,0,1,1,0,0,0,0,0,0,0,0,1,1,0,1,0,1,1,0,1,0,0,1,1,0,0,1,1,0,1,0,0,0,0,1,1,0,0,0,0,0,1,0,0,0,0,0,0,0,0,0,0,0,0,0,0,1,0,0,0,0,1,0,1,0,0,1,1,0,0,0,1,0,0,0,0,0,0,0,0,0,1,0,0,0,0,0,0,0,0,0,0,0,0,0,0,0,0,0,0,0,0,1,0,1,0,0,1,0,0,0,1,0,0,0,0,1,1,0,0,0,1,0,0,0,0,1,1,0,0,0,0,0,0,0,0
bc16f870-d7ad-59a7-8e4d-c13d78a75a7c,3d5f008c-0a18-586b-ac7d-92347c0ddab0,Kirinyaga Coffee Farm #0627,Central Highlands,Kirinyaga,Coffee,6.37,-0.052152,37.106778,15,True,Transitioning Agribusiness,1,12.24,3,Structured Farm,0.6,0.48,0.56,0.6,0.56,0.4,0.52,0.36,1,0,1,0,0,0,1,0,1,1,0,1,1,1,1,1,1,1,1,1,0,0,1,0,0,1,0,1,0,0,1,1,1,0,0,1,1,1,0,0,0,1,0,0,0,1,1,1,0,0,0,1,1,0,0,1,1,0,1,0,1,1,1,0,0,1,1,1,1,0,0,1,0,1,0,0,0,0,0,1,1,1,1,0,0,0,1,1,1,1,1,1,0,1,1,1,1,0,0,1,1,0,0,1,0,1,1,0,0,0,1,1,1,0,0,1,1,1,1,0,0,1,1,0,1,1,1,0,0,0,1,0,1,0,0,1,1,0,1,0,0,1,0,0,0,1,1,0,0,0,1,0,0,0,0,1,1,1,1,0,0,1,1,0,0,1,0,0,1,0,1,1,1,1,0,1,1,0,0,0,1,0,1,1,0,0,0,0,0,0,0,1,1,0,0,1,1,0,0,0
f29e2387-2070-553e-9cac-42ee91cd5895,15870cd2-3f23-5ecc-b867-0e73a1aaf9e7,Kisumu Sugarcane Farm #0628,Western Kenya,Kisumu,Sugarcane,2.31,0.805282,35.142774,21,False,Informal Smallholder,0,5.16,2,Emerging Agribusiness,0.04,0.2,0.24,0.52,0.16,0.32,0.16,0.08,0,0,0,0,0,0,0,0,0,0,0,0,0,0,0,0,0,0,0,0,0,0,1,0,0,0,0,1,0,0,0,0,0,0,0,0,0,0,0,1,0,1,0,0,0,1,1,0,0,0,0,1,0,0,0,0,1,0,0,0,1,0,0,0,0,1,1,0,0,0,1,0,0,0,0,0,1,0,0,0,1,1,1,0,1,0,1,1,0,0,1,1,1,0,0,1,1,1,0,0,0,0,0,0,0,1,1,0,1,0,0,0,0,0,0,0,1,0,0,0,0,0,0,0,0,0,0,1,1,0,1,0,0,0,0,1,1,0,0,0,1,1,0,1,0,0,0,0,0,0,0,1,1,0,0,0,0,0,0,0,0,0,0,0,0,1,0,0,1,0,0,0,0,0,0,0,0,0,1,0,0,0,0,0,0,0,1,0,0,0,0,0,0,0,0,0,0,0,0,0
edd7bff6-bf01-5c51-b103-b14e642e74d6,2db4549f-1087-5641-b922-a39823202001,Embu Avocado Farm #0629,Central Highlands,Embu,Avocado,13.67,0.265205,37.512977,14,True,Transitioning Agribusiness,1,11.76,3,Structured Farm,0.56,0.48,0.72,0.6,0.44,0.48,0.4,0.24,0,1,1,0,0,1,1,1,1,0,0,1,1,1,0,0,1,1,0,0,1,0,1,1,0,0,1,0,1,0,1,0,1,0,0,1,1,0,0,0,1,1,1,1,0,1,1,0,0,0,0,1,1,1,0,1,1,1,0,0,1,0,1,1,0,1,1,1,1,1,1,1,1,1,0,1,1,0,0,0,1,1,0,0,1,1,1,1,0,0,1,1,1,0,0,1,0,1,1,1,1,1,0,0,1,1,1,0,0,0,1,0,1,0,0,1,0,1,0,0,1,1,0,0,0,1,1,1,0,0,0,0,0,1,0,1,0,0,1,0,0,1,0,0,1,1,1,1,0,1,0,0,0,1,0,0,0,0,1,0,1,0,0,0,1,1,1,1,1,1,0,0,1,0,0,0,1,0,0,0,0,0,0,0,0,0,1,0,0,0,1,1,1,0,0,1,0,0,0,0
70ec208c-d55c-5a90-a5c4-05e2dbaae995,e1b37596-49cc-5a08-9b6b-70cdf7410cbf,Machakos Sorghum Farm #0630,Eastern Semi-Arid,Machakos,Sorghum,11.49,-1.769497,37.310086,5,True,Transitioning Agribusiness,1,11.64,3,Structured Farm,0.32,0.6,0.52,0.52,0.52,0.36,0.48,0.56,1,0,1,0,0,1,1,0,0,0,1,0,0,1,0,0,1,0,0,0,1,0,0,0,0,1,1,0,1,1,0,1,1,1,0,1,0,0,0,0,1,1,1,1,0,0,1,0,1,1,1,1,1,1,0,1,1,1,0,0,0,0,1,0,0,1,1,0,1,0,1,0,0,1,0,1,0,1,0,0,0,1,0,1,0,1,0,0,1,0,1,1,1,1,0,1,1,0,1,0,1,1,0,1,1,1,0,0,0,0,0,1,1,1,0,1,1,1,0,0,1,1,0,0,0,1,0,0,1,0,1,1,0,0,0,0,1,0,0,0,0,1,1,0,0,0,1,0,0,1,0,1,1,0,0,1,0,1,0,1,1,1,0,0,1,0,1,0,1,0,1,1,0,0,0,0,0,0,0,0,1,1,1,0,0,1,1,1,0,0,1,1,1,1,1,1,1,0,1,0
8c815c52-6937-5c30-8638-54cbc0fb41c5,f810d8a4-4a49-553b-b95d-b03d3a268a08,Taita Taveta Vegetables Farm #0631,Coastal Lowlands,Taita Taveta,Vegetables,36.96,-4.438862,40.470205,12,True,Commercial Market Leader,2,20.76,5,Future Ready Farm,0.92,0.88,0.88,0.68,0.92,0.84,0.88,0.92,1,1,0,1,1,1,1,1,1,1,1,1,1,1,1,1,1,1,1,1,1,1,0,1,1,1,1,1,1,0,1,1,1,1,1,1,1,1,1,1,1,1,1,1,0,0,1,1,1,1,1,1,1,1,1,1,1,1,0,1,1,1,1,1,0,1,1,1,1,0,1,1,1,1,1,1,1,1,1,1,1,1,1,1,1,1,1,0,0,0,0,1,1,0,1,1,0,1,0,0,1,1,1,1,1,1,1,1,1,1,1,1,0,1,1,1,1,1,1,1,1,1,1,1,0,1,1,1,1,1,1,1,1,0,1,1,1,0,0,1,1,1,1,1,1,1,1,1,0,1,1,1,1,1,1,1,1,1,1,1,1,1,1,1,0,1,1,1,1,1,0,1,1,1,0,1,1,1,0,1,1,1,0,1,1,1,1,1,1,1,1,1,1,1,1,1,1,1,1,1
0f379db5-3f1c-5469-abfb-9a3d74135601,4852c8e7-1921-5fbc-908d-e47917c54d26,Bungoma Sugarcane Farm #0632,Western Kenya,Bungoma,Sugarcane,9.61,0.102603,34.987646,16,True,Transitioning Agribusiness,1,10.8,3,Structured Farm,0.32,0.44,0.56,0.44,0.36,0.56,0.52,0.4,0,1,1,0,0,0,0,0,0,0,1,0,1,0,0,1,1,0,0,1,0,0,0,0,1,1,0,0,0,1,0,0,1,0,1,1,0,0,0,0,1,1,1,0,0,1,1,0,1,0,1,1,0,0,0,1,1,0,1,0,1,1,1,0,1,0,1,1,0,0,1,1,1,0,0,0,1,0,0,0,0,1,1,0,0,1,1,1,1,0,1,0,1,0,0,1,1,0,0,0,1,0,1,0,0,1,0,0,0,0,1,0,0,0,0,1,0,0,1,1,1,0,1,0,0,1,0,0,0,0,1,1,0,1,1,0,0,0,1,1,1,1,1,1,0,1,1,1,0,0,1,1,0,0,0,0,1,0,0,0,1,1,1,0,1,1,0,1,1,1,1,0,0,0,1,0,0,1,0,0,1,1,0,1,0,1,1,0,1,0,1,0,0,0,0,1,0,1,0,0
2ee0c4f4-37e5-507d-b6c6-a88f08744d1f,5082e3fd-8e06-572c-94fb-04db98917075,Vihiga Maize Farm #0633,Western Kenya,Vihiga,Maize,0.5,-0.231986,34.621191,14,False,Informal Smallholder,0,4.92,5,Future Ready Farm,0.24,0.24,0.12,0.48,0.28,0.16,0.12,0.0,0,1,0,1,0,1,0,1,0,0,0,0,0,0,0,1,0,0,0,0,1,0,0,0,0,1,0,0,0,0,1,1,0,0,0,0,0,0,0,0,1,1,0,0,0,1,0,0,0,0,1,0,0,0,0,0,0,0,0,0,1,0,0,0,0,0,0,0,0,0,1,0,0,0,0,0,1,1,0,0,1,1,1,0,0,1,1,1,0,0,1,0,0,0,0,1,1,0,0,1,0,1,0,0,0,0,1,0,0,0,0,1,1,0,0,1,0,0,1,0,0,1,0,0,0,0,1,0,0,0,0,0,1,0,0,0,0,0,0,0,0,0,1,0,0,1,0,0,0,0,0,0,0,0,0,0,0,0,1,0,0,0,0,0,0,0,0,0,0,0,1,0,1,0,0,0,0,0,0,0,0,0,0,0,0,0,0,0,0,0,0,0,0,0,0,0,0,0,0,0
af34c8be-67a5-5e7e-9930-a1f42b0a4821,093e4dd4-f93a-5c63-b2e9-d73ebf0b71ef,Tharaka Nithi Green Grams Farm #0634,Eastern Semi-Arid,Tharaka Nithi,Green Grams,1.6,-1.375332,38.64033,14,False,Informal Smallholder,0,4.8,5,Future Ready Farm,0.04,0.2,0.12,0.52,0.28,0.24,0.16,0.04,0,0,0,0,0,0,0,0,0,0,0,0,0,0,0,0,0,0,1,0,0,0,0,0,0,1,1,0,0,0,0,0,1,0,0,0,0,0,0,0,0,1,0,0,0,1,0,0,0,0,0,0,0,0,0,0,0,0,0,0,0,0,0,0,1,0,0,1,0,0,1,0,0,0,0,1,1,0,0,0,1,1,1,1,1,1,1,0,0,0,1,1,1,0,0,1,0,0,0,0,0,0,1,0,0,0,1,1,0,0,1,0,1,1,0,0,0,0,0,0,1,0,0,0,0,0,1,0,0,0,1,0,0,0,0,1,0,0,0,0,1,0,0,0,0,0,1,0,1,0,1,0,0,0,0,0,1,0,0,0,0,0,0,0,0,0,1,1,0,0,0,0,0,0,0,0,0,0,0,0,0,0,0,0,0,0,0,0,0,0,0,0,0,0,0,0,0,1,0,0
3dc75cee-520f-50fb-9830-5a113089ee91,d25f22f5-a70b-58f5-a23f-f101ae04e09c,Bomet Potatoes Farm #0635,Rift Valley,Bomet,Potatoes,0.87,-0.621265,36.175331,10,True,Informal Smallholder,0,6.0,2,Emerging Agribusiness,0.12,0.24,0.36,0.52,0.16,0.4,0.12,0.08,0,0,1,0,0,0,0,0,0,0,0,0,0,0,0,0,0,1,0,0,0,0,1,0,0,0,1,1,0,0,0,1,0,0,0,0,0,0,0,0,1,1,0,0,0,1,0,0,0,0,1,1,0,0,0,1,1,0,0,0,1,0,0,0,0,1,0,0,1,0,1,1,0,0,0,1,1,1,0,0,1,1,0,1,0,1,0,0,1,0,1,1,1,0,0,1,1,0,0,0,1,0,0,0,1,0,0,0,0,0,1,0,0,0,0,1,0,0,0,0,0,0,0,0,0,0,1,1,0,0,1,1,0,0,0,0,1,0,1,0,1,1,1,0,0,0,0,1,0,0,1,0,1,0,0,0,0,0,0,0,0,0,0,0,0,1,0,0,0,0,0,0,0,0,0,0,0,0,1,0,0,0,0,1,0,0,0,0,0,0,0,0,0,0,0,0,0,0,0,0
3bd01355-0785-5651-b207-bb1768bf71f4,baa0d4cb-0e0f-5774-9fdc-7f26c63b4ca6,Kericho Horticulture Farm #0636,Rift Valley,Kericho,Horticulture,1.89,0.825677,35.621614,12,True,Informal Smallholder,0,6.0,2,Emerging Agribusiness,0.32,0.32,0.2,0.44,0.16,0.2,0.28,0.08,1,0,1,0,0,0,1,1,1,0,1,0,0,0,0,0,0,0,0,1,1,0,0,0,0,1,1,0,0,0,1,0,0,0,0,1,1,0,0,0,1,0,0,1,0,0,1,0,0,0,0,0,1,0,0,0,1,0,0,0,1,0,0,0,0,0,1,0,0,0,1,0,0,0,0,0,0,1,0,0,0,1,0,1,0,0,0,1,1,0,1,0,1,1,1,1,0,1,0,0,1,0,0,0,0,0,0,0,0,0,1,0,1,0,0,0,0,0,0,0,0,0,1,0,0,1,0,1,0,0,0,1,0,0,0,0,0,0,0,0,1,0,0,0,0,1,0,0,0,0,1,1,0,0,0,0,0,0,0,0,0,0,0,0,1,1,0,1,1,0,1,0,0,0,0,0,0,0,1,0,0,0,0,1,0,0,0,0,0,0,0,0,0,0,0,0,0,0,0,0
f5fe5004-c487-54a9-ad2d-6adf0a43b729,e17fb383-13b7-593b-80f4-d7c714449c3d,Bungoma Dairy Farm #0637,Western Kenya,Bungoma,Dairy,4.23,0.545602,34.662755,7,True,Transitioning Agribusiness,1,12.24,3,Structured Farm,0.48,0.48,0.6,0.72,0.44,0.56,0.6,0.2,1,1,1,1,0,0,0,1,0,0,0,0,1,1,0,0,1,1,1,0,1,1,0,0,0,0,0,1,0,0,0,0,0,1,0,1,1,1,1,0,1,1,1,1,1,0,0,0,1,0,0,1,0,1,1,1,1,1,0,0,1,1,0,0,0,1,1,1,0,1,1,1,1,0,0,1,1,1,1,0,1,1,1,0,0,1,1,1,1,0,1,1,1,1,0,1,1,1,0,0,1,1,0,0,0,1,0,0,0,0,0,1,0,1,0,1,1,1,0,0,1,1,0,0,1,1,1,0,1,0,1,1,1,0,0,1,1,0,0,0,1,0,0,1,1,1,1,1,0,0,1,1,0,0,0,1,1,1,0,0,1,1,1,1,0,1,0,1,1,0,1,0,1,1,0,0,0,0,0,0,1,1,0,0,0,0,1,0,0,0,0,1,0,0,0,0,0,1,0,0
6df25fd9-696f-581f-9116-e0612a1caaf8,4a14ed02-6fbd-5c45-b40a-6436fc7ff8b2,Vihiga Poultry Farm #0638,Western Kenya,Vihiga,Poultry,12.3,-0.227689,34.202357,15,True,Transitioning Agribusiness,1,11.76,3,Structured Farm,0.52,0.52,0.64,0.76,0.32,0.44,0.44,0.28,0,0,0,1,1,1,1,1,0,0,1,1,1,0,1,0,0,0,1,0,0,1,1,0,1,1,1,0,0,0,1,0,0,0,0,1,1,0,1,0,0,1,1,1,0,1,1,1,0,1,1,1,1,0,0,1,1,0,0,0,1,1,1,1,1,1,1,1,0,0,1,1,1,0,0,1,1,0,1,0,1,1,1,0,1,1,1,1,1,1,1,1,1,0,0,1,1,1,0,1,1,0,0,1,0,1,1,0,1,0,0,1,0,1,0,1,0,0,0,0,0,0,0,0,0,1,1,0,0,0,1,0,1,0,0,1,0,1,1,0,1,1,0,0,0,1,0,1,0,0,1,1,0,0,0,1,0,1,1,0,0,0,1,1,0,1,0,1,0,0,1,0,0,0,1,0,1,0,0,0,1,1,0,0,0,0,0,1,1,0,1,0,0,1,0,0,0,0,0,0
a9c2814d-060b-5ee6-8b5d-8cc4593d4c7a,aa2a87f3-4199-5dbc-8a83-38bf2891b322,Nandi Wheat Farm #0639,Rift Valley,Nandi,Wheat,7.57,-0.162922,35.479193,8,True,Transitioning Agribusiness,1,12.48,3,Structured Farm,0.48,0.4,0.52,0.56,0.56,0.52,0.68,0.44,1,1,0,1,0,1,0,0,0,1,1,0,0,1,0,0,1,1,0,1,1,1,0,0,0,0,1,1,1,0,1,0,1,0,0,0,0,1,0,0,0,0,0,1,0,1,1,0,0,1,1,0,1,1,0,1,0,1,1,0,1,0,0,0,0,1,1,0,1,0,1,1,0,0,1,0,1,1,0,1,1,1,1,0,0,0,1,1,0,0,1,1,0,0,0,1,1,1,1,0,1,1,1,0,0,1,1,1,0,0,1,1,0,0,1,1,1,0,0,0,0,1,1,1,0,1,1,1,1,0,0,1,0,0,1,1,1,1,1,0,1,1,0,0,0,0,0,1,0,0,1,1,1,0,1,1,0,1,0,1,1,1,1,1,0,1,1,0,1,1,1,0,1,0,0,1,1,0,0,1,1,0,0,1,0,1,1,0,1,0,1,0,0,1,0,1,0,0,0,0
aece2337-0df4-5cad-93fa-ce11ea51b3c0,f30cd66e-710e-5e93-8616-3c138cf2e85b,Kwale Vegetables Farm #0640,Coastal Lowlands,Kwale,Vegetables,46.23,-3.156261,39.614021,13,True,Commercial Market Leader,2,20.16,5,Future Ready Farm,0.76,0.84,0.96,0.88,0.88,0.84,0.8,0.76,1,1,1,0,0,1,1,1,0,1,1,1,1,1,1,1,1,0,0,1,1,1,1,1,0,1,1,1,1,0,1,1,0,1,0,1,1,1,1,1,1,1,1,1,0,1,1,1,1,1,1,0,1,1,1,1,1,1,1,1,1,1,1,1,1,1,1,1,1,1,1,1,1,1,1,1,1,1,1,0,1,1,1,1,1,1,1,1,1,1,1,1,1,0,1,0,1,1,1,1,1,1,1,1,1,1,1,1,1,0,1,1,1,1,1,1,0,1,1,1,1,1,0,1,1,1,1,1,0,1,1,1,1,1,0,1,1,1,0,1,1,1,1,0,1,1,1,1,1,1,1,1,0,0,1,1,1,0,1,0,1,1,1,1,1,1,1,1,1,1,1,1,1,0,1,1,0,1,1,0,1,1,1,1,1,0,1,1,1,0,1,1,0,1,0,1,1,1,1,1
a1c1e3e3-1c0f-5f40-b7d7-c5b771b62794,4a6f3e39-659c-5e91-87ca-9ea4d1a49001,Kwale Cashew Farm #0641,Coastal Lowlands,Kwale,Cashew,9.5,-3.139263,40.281764,3,True,Transitioning Agribusiness,1,12.36,3,Structured Farm,0.52,0.52,0.44,0.52,0.52,0.56,0.64,0.4,0,1,1,0,0,0,1,0,0,0,1,1,0,1,0,1,1,0,1,1,1,0,1,1,0,0,0,1,0,1,1,1,0,1,0,0,1,1,0,0,1,1,0,1,0,1,1,1,0,0,1,1,1,0,0,0,1,1,0,0,0,1,1,0,0,1,0,1,0,0,0,0,1,1,0,0,1,1,1,1,1,0,0,1,0,1,1,0,0,0,1,0,0,1,0,1,1,1,0,0,1,0,1,0,0,1,0,0,0,1,1,1,0,1,0,1,0,1,1,1,1,0,0,0,1,1,1,0,0,1,1,0,1,0,1,1,1,0,1,0,1,1,0,0,0,0,1,0,1,1,1,0,0,1,1,0,0,1,1,1,1,0,1,1,0,1,1,1,1,0,1,0,1,0,1,1,1,0,0,1,0,1,0,0,0,1,1,1,0,0,0,0,0,0,0,1,1,1,0,0
32a4e4fe-50ae-5d18-a295-fc059cdb346b,7bd74a31-0603-5fb9-bbd5-9d78a6ab8910,Lamu Vegetables Farm #0642,Coastal Lowlands,Lamu,Vegetables,4.78,-2.214133,40.006862,4,True,Transitioning Agribusiness,1,12.36,3,Structured Farm,0.36,0.48,0.56,0.8,0.48,0.64,0.36,0.44,0,0,1,1,0,0,1,0,1,0,0,0,1,0,0,1,0,1,0,0,0,1,0,1,0,0,1,0,0,0,1,1,1,0,0,0,1,1,1,0,1,1,0,0,0,1,1,1,0,0,0,1,1,1,1,1,1,1,0,0,0,1,0,0,0,1,0,1,1,0,1,1,0,0,1,1,1,0,1,0,1,1,1,1,0,1,1,1,1,1,1,1,1,0,1,1,1,1,1,0,1,0,1,1,1,1,0,1,0,0,1,0,0,0,0,1,0,0,0,1,1,1,1,0,0,1,1,1,0,0,1,1,1,0,1,1,1,0,0,1,1,0,1,1,0,1,1,1,0,0,1,0,1,0,0,1,1,1,0,0,1,1,0,0,0,0,0,1,0,0,1,0,0,0,0,1,0,1,0,1,0,1,0,0,0,1,0,1,0,0,0,0,1,1,1,1,0,1,0,0
648eb412-e33e-5ff4-ba1d-742ff3e721d5,6246a1ba-c2d7-5c78-bfde-a5c1839ac629,Uasin Gishu Maize Farm #0643,Rift Valley,Uasin Gishu,Maize,3.96,-0.97669,35.364302,9,True,Informal Smallholder,0,5.52,2,Emerging Agribusiness,0.24,0.16,0.24,0.52,0.16,0.36,0.04,0.12,0,1,0,0,1,1,0,1,0,0,1,0,0,0,0,0,0,0,0,0,0,1,0,0,0,0,0,0,0,0,1,0,0,0,0,0,0,1,0,0,0,0,0,0,0,1,0,0,0,1,1,1,1,0,0,1,0,0,0,0,1,0,1,0,0,0,0,0,0,0,0,0,0,0,0,0,1,0,0,0,1,1,1,1,0,0,1,1,0,0,0,0,1,1,0,1,1,1,1,0,0,0,0,0,0,0,0,0,0,0,0,1,0,0,0,1,0,0,0,0,1,0,1,0,0,1,0,0,0,1,1,1,0,0,1,0,0,0,1,0,1,1,0,0,0,0,0,1,0,0,0,0,0,0,0,0,0,0,0,0,0,0,0,0,0,0,0,1,0,0,0,0,0,0,0,0,1,0,0,0,0,0,0,0,0,0,1,0,1,0,0,0,0,0,0,0,0,0,0,0
1ecec016-edd0-5f8c-80c1-93db79812160,d0c2f12c-00c1-539f-aa2c-d01d825a03fd,Siaya Poultry Farm #0644,Western Kenya,Siaya,Poultry,1.22,-0.357104,35.033031,1,False,Informal Smallholder,0,5.28,2,Emerging Agribusiness,0.16,0.28,0.16,0.6,0.16,0.32,0.04,0.04,0,1,0,0,0,1,0,0,0,0,0,0,0,0,0,0,0,0,1,0,0,1,0,0,0,0,1,1,0,0,1,1,0,0,0,0,0,0,1,0,1,1,0,0,0,0,0,0,0,0,1,0,0,0,0,1,1,0,0,0,1,0,0,0,0,0,0,0,0,0,0,0,0,0,0,0,1,1,1,0,1,1,0,1,0,1,1,0,1,1,1,1,0,1,0,0,1,0,0,1,0,0,0,1,0,1,1,0,0,0,0,0,0,0,0,0,0,0,0,0,0,1,0,0,0,1,0,1,0,0,1,0,0,1,0,0,0,0,1,1,1,0,0,0,0,0,1,0,0,0,0,0,0,0,0,0,0,0,0,0,1,0,0,0,0,0,0,0,0,0,0,0,0,0,0,0,0,0,0,0,0,0,0,0,0,0,0,0,0,0,0,0,0,0,0,0,1,0,0,0
804ae2a7-3f13-5b86-99d7-5c23185097fa,61973157-dcdc-5f10-957c-ddd99cc2ec0b,Lamu Vegetables Farm #0645,Coastal Lowlands,Lamu,Vegetables,6.57,-3.854919,38.898461,8,True,Transitioning Agribusiness,1,13.68,3,Structured Farm,0.56,0.48,0.64,0.72,0.6,0.64,0.48,0.44,0,1,1,1,1,1,1,0,0,0,1,0,1,1,1,1,0,0,0,0,1,1,0,1,0,1,1,0,0,0,1,0,1,1,1,1,1,1,0,0,1,0,1,0,0,0,0,1,0,0,0,0,0,0,1,1,0,0,1,1,1,1,1,1,0,1,1,0,1,1,1,1,1,0,1,1,0,1,1,0,1,0,1,0,0,1,1,1,1,0,0,1,1,1,1,1,1,1,1,1,1,1,1,0,0,1,1,1,0,0,1,1,0,1,0,1,1,1,1,0,1,0,0,1,0,0,0,1,1,0,1,1,0,1,0,1,1,0,1,0,1,1,1,0,1,1,0,1,1,1,1,1,0,0,1,0,0,1,0,0,1,0,0,1,0,1,0,1,1,1,1,0,1,0,0,0,1,0,0,0,1,1,0,1,0,0,1,0,0,0,1,0,1,0,0,1,0,1,1,1
6f32185d-ec7b-5c06-a395-f25e9f1153d7,491b60b9-461b-50fd-81e9-91831f46cd4a,Lamu Cashew Farm #0646,Coastal Lowlands,Lamu,Cashew,13.04,-3.411424,40.449068,8,True,Commercial Market Leader,2,19.8,4,Investment Ready Farm,0.76,0.76,0.92,0.72,0.96,0.88,0.84,0.76,1,1,1,1,0,1,0,1,1,0,1,0,1,1,1,1,1,1,1,1,1,1,1,0,0,1,0,0,0,1,1,1,1,1,1,1,1,1,1,0,1,1,1,1,0,1,1,1,0,1,1,1,1,1,1,1,1,1,1,0,1,1,1,1,0,1,1,1,1,1,1,1,1,1,1,0,1,1,1,1,1,1,1,0,0,1,0,1,0,1,1,1,0,1,0,1,1,1,1,1,1,1,1,0,1,1,1,1,1,1,1,1,1,1,1,1,1,1,1,1,1,1,1,1,1,1,1,1,1,1,1,1,1,1,1,1,1,1,1,1,1,1,0,1,0,1,1,1,0,1,1,1,1,1,0,1,1,1,1,0,1,0,1,1,1,1,1,1,1,0,1,1,1,1,1,1,0,1,1,1,0,1,1,1,1,1,1,1,1,1,1,1,1,0,0,1,1,1,0,0
e761fef6-7050-509b-9953-2f44135291ca,e4ea849c-8efc-5066-9b78-9de338d57192,Makueni Green Grams Farm #0647,Eastern Semi-Arid,Makueni,Green Grams,1.81,-1.743894,37.246695,11,True,Informal Smallholder,0,5.28,2,Emerging Agribusiness,0.2,0.16,0.2,0.52,0.08,0.36,0.12,0.12,0,1,0,0,0,0,0,0,0,0,0,1,0,0,0,0,1,1,0,0,0,0,1,0,0,0,1,0,0,0,1,0,0,0,0,0,0,0,0,0,0,1,0,0,0,1,0,0,0,0,0,0,0,0,0,1,0,0,0,0,1,0,0,0,0,1,0,0,0,0,1,1,0,0,0,1,1,1,1,0,0,1,1,0,0,1,1,1,0,0,1,1,0,0,0,1,1,0,0,0,1,0,0,0,0,0,0,1,0,0,0,0,0,0,0,0,0,0,0,0,0,0,0,0,0,1,1,1,0,1,1,1,0,0,0,0,1,0,1,0,0,0,0,0,0,0,1,0,0,0,1,0,0,0,0,0,0,0,0,0,0,0,1,0,0,1,0,0,0,0,0,0,0,0,0,0,0,0,0,0,0,0,0,0,0,1,0,0,1,0,1,0,0,0,0,0,0,0,0,0
f7108cdf-d8e8-584a-9b65-24d4b5ada1e1,888ace75-9031-5f35-b752-f3b0d13233ae,Bomet Tea Farm #0648,Rift Valley,Bomet,Tea,6.91,1.058685,36.049281,15,True,Transitioning Agribusiness,1,12.12,3,Structured Farm,0.52,0.32,0.6,0.72,0.44,0.4,0.6,0.44,1,0,1,0,0,1,0,1,0,1,0,0,0,1,1,1,1,0,1,0,1,1,1,0,0,1,0,0,0,0,1,0,1,1,0,0,1,0,0,0,0,0,1,0,0,0,0,1,1,0,1,1,0,1,1,1,1,1,0,1,0,0,1,0,0,0,1,0,0,0,1,1,1,1,1,1,0,1,1,1,1,1,1,1,0,1,1,1,1,1,1,1,0,0,0,1,1,0,1,0,1,0,0,0,0,1,0,0,0,0,1,0,0,1,0,1,1,1,1,0,1,1,1,0,0,0,0,0,0,0,1,1,1,0,0,1,1,0,1,0,1,1,1,0,0,1,0,0,0,0,1,1,1,0,1,1,0,0,1,0,1,1,0,1,0,1,1,0,1,0,1,0,1,1,0,0,1,0,0,0,1,0,1,0,0,1,1,1,0,0,1,1,1,1,0,1,0,0,0,0
e450ca0a-ad87-58a3-8453-bbe9218224fc,21c230a0-806a-5c20-b71d-f46fa7df8207,Nyeri Avocado Farm #0649,Central Highlands,Nyeri,Avocado,5.81,-0.499003,36.918984,13,True,Transitioning Agribusiness,1,12.24,3,Structured Farm,0.4,0.44,0.6,0.72,0.36,0.64,0.56,0.36,1,0,0,1,0,1,0,1,0,0,1,0,0,0,0,1,1,0,0,1,0,0,1,1,0,1,0,1,0,0,1,1,0,0,0,1,0,0,0,0,1,1,0,1,0,1,1,1,0,0,1,1,1,0,1,1,0,0,0,0,1,0,1,1,0,1,0,1,1,0,1,1,1,0,1,1,1,1,0,1,1,1,1,0,1,1,1,1,0,0,1,1,1,0,0,1,1,1,0,1,1,0,0,0,0,1,0,1,0,0,1,1,0,0,0,1,0,0,0,1,1,1,0,0,0,1,1,1,1,1,0,1,1,0,0,1,1,0,0,0,1,1,1,1,0,1,1,1,0,0,0,1,1,0,0,1,1,0,1,1,1,1,0,1,0,1,0,0,1,0,0,1,1,1,0,1,1,0,1,0,0,1,0,0,0,1,0,1,0,0,1,0,1,0,0,0,0,0,0,1
f251656d-b045-5767-ad87-7ccb67e8d57a,608f80fd-29a3-52e6-ae50-fd1c7a07fc40,Meru Tea Farm #0650,Central Highlands,Meru,Tea,1.57,-0.557434,37.624725,6,True,Informal Smallholder,0,7.08,2,Emerging Agribusiness,0.16,0.24,0.28,0.64,0.2,0.32,0.36,0.16,0,1,0,0,0,0,0,0,0,0,0,1,0,0,0,1,0,0,0,0,0,1,0,0,0,0,1,0,0,0,0,0,0,1,0,1,0,0,1,0,0,0,0,0,0,1,0,1,0,0,0,0,0,0,0,1,0,1,0,0,0,1,0,0,1,0,1,1,0,0,1,0,0,0,0,1,1,1,1,0,1,1,1,1,0,1,0,0,0,0,1,1,1,0,0,1,1,1,1,0,1,0,0,0,0,0,0,0,0,0,0,1,1,0,0,1,0,1,0,0,0,0,0,0,0,1,1,1,0,0,1,0,0,0,0,0,0,0,0,0,1,0,1,0,0,1,1,0,0,0,1,0,0,0,0,1,1,0,1,0,1,0,0,0,0,0,1,1,0,1,0,1,0,0,0,0,0,1,0,0,0,0,0,0,0,0,0,0,0,0,0,0,0,1,0,0,1,0,1,0
555d9a54-e382-56ab-ac6a-c5daff740a5b,d02e3618-a175-5f5e-bb51-2bf708600672,Uasin Gishu Wheat Farm #0651,Rift Valley,Uasin Gishu,Wheat,2.76,-0.668932,36.180692,5,False,Informal Smallholder,0,4.56,5,Future Ready Farm,0.12,0.28,0.16,0.52,0.16,0.12,0.08,0.08,0,0,0,0,0,0,0,0,0,0,0,1,1,0,0,0,0,0,0,0,0,1,0,0,0,0,0,1,1,0,1,0,1,0,0,0,0,0,0,0,0,0,1,0,0,1,1,0,0,0,0,0,0,0,0,1,0,0,0,0,1,0,1,0,0,0,0,0,0,0,0,1,0,0,0,1,1,0,1,0,1,0,1,0,1,1,0,1,0,0,1,1,0,1,0,0,1,1,0,0,0,1,0,0,0,1,1,0,0,0,0,1,0,0,0,0,0,0,0,0,0,0,0,0,0,0,0,0,0,0,0,0,0,0,0,1,1,0,0,0,0,0,1,0,0,0,0,0,0,0,0,0,0,0,0,0,0,0,0,0,0,0,0,0,0,0,0,1,0,0,0,0,0,0,1,0,0,0,0,0,0,0,0,1,0,0,1,0,0,0,0,0,0,0,0,0,0,0,0,0
b85751d9-a3ba-523e-a664-bcb33e01dbe0,6935e2d1-978c-5a6d-9815-fe35827cd67f,Kitui Green Grams Farm #0652,Eastern Semi-Arid,Kitui,Green Grams,8.87,-1.366627,38.522167,21,True,Commercial Market Leader,2,20.64,5,Future Ready Farm,0.8,0.88,0.96,0.88,0.84,0.84,0.84,0.84,1,1,1,1,0,1,1,1,1,1,1,0,1,0,1,1,1,1,1,0,1,1,1,0,1,1,1,1,1,1,1,1,0,1,1,1,1,0,1,1,1,0,1,1,1,1,1,1,1,1,1,1,1,0,1,1,1,1,1,1,1,1,1,1,1,1,1,1,1,1,1,1,1,1,1,1,1,1,1,1,1,1,1,1,1,1,1,1,0,0,1,1,1,0,1,1,1,1,1,1,1,1,1,1,0,1,1,1,1,0,1,1,1,1,1,1,1,1,0,1,1,0,1,1,1,1,1,1,1,1,1,1,1,1,1,1,0,0,1,1,1,1,1,1,0,1,1,1,0,1,1,1,1,1,1,1,1,1,0,0,1,0,1,1,1,1,1,1,1,1,1,1,1,1,0,1,1,1,0,0,1,1,1,1,0,1,1,1,1,1,1,1,1,1,0,1,1,1,1,1
85fc5c4c-28d1-5f3b-8d89-f5f573c402ea,9713c0b4-26f6-502d-85b7-86531610eb06,Bungoma Dairy Farm #0653,Western Kenya,Bungoma,Dairy,8.53,0.563392,34.048288,4,True,Transitioning Agribusiness,1,12.12,3,Structured Farm,0.52,0.4,0.64,0.68,0.48,0.48,0.4,0.44,1,0,1,0,0,1,0,0,0,0,1,1,1,1,0,1,1,1,0,0,1,1,1,0,0,1,1,0,0,0,1,0,1,0,1,0,0,1,0,0,0,1,1,0,0,1,1,0,0,0,1,0,0,1,1,1,1,1,1,0,1,1,1,0,0,1,1,1,0,0,1,1,1,0,0,1,1,0,1,0,1,1,1,1,0,1,1,0,1,1,0,1,1,1,0,1,1,0,1,0,1,1,0,0,0,0,1,0,1,0,0,0,1,0,0,1,1,0,1,0,1,1,1,1,0,0,1,0,0,0,0,1,0,1,0,1,1,1,1,0,1,0,0,0,0,1,0,1,1,1,0,1,0,1,0,0,1,0,0,0,0,1,0,1,0,1,1,1,0,0,1,0,0,1,0,1,0,0,0,0,1,0,0,1,0,0,1,0,1,0,0,1,1,1,0,1,0,1,1,0
9df01279-1de1-5ad6-a461-e13aaed630da,39bb0d62-8fbb-57e3-92b1-8c20ce45c136,Kakamega Horticulture Farm #0654,Western Kenya,Kakamega,Horticulture,4.1,-0.156036,34.365751,22,False,Informal Smallholder,0,6.0,2,Emerging Agribusiness,0.12,0.32,0.32,0.6,0.16,0.16,0.12,0.2,0,0,0,1,0,0,0,0,0,1,0,0,0,0,0,0,0,0,0,0,0,0,1,0,0,0,0,0,0,0,1,1,1,0,0,0,0,1,1,0,1,0,1,0,0,0,1,0,0,0,1,1,0,0,0,1,1,0,0,0,1,1,0,0,0,1,1,0,0,0,0,0,0,0,0,1,1,1,0,0,1,1,1,0,0,1,1,1,0,0,0,1,1,0,1,1,1,1,0,0,0,0,0,0,0,0,0,0,0,0,0,1,0,0,0,1,1,0,0,0,0,0,1,0,0,1,0,0,0,0,0,1,0,0,0,0,0,0,0,0,1,0,0,0,0,1,0,0,0,0,0,0,1,0,0,0,0,0,0,0,1,0,0,0,0,0,0,0,0,0,1,0,0,0,0,0,1,0,0,1,0,0,0,0,0,0,0,0,1,0,0,0,0,0,0,0,1,1,0,0
892a78c3-f6d7-51c1-b713-bf2e92962258,0fb225fd-2a3c-508b-be46-96cee42b48f7,Trans Nzoia Wheat Farm #0655,Rift Valley,Trans Nzoia,Wheat,22.07,-0.618576,36.012496,15,True,Commercial Market Leader,2,18.48,4,Investment Ready Farm,0.64,0.84,0.84,0.76,0.72,0.84,0.76,0.76,0,1,0,0,1,1,1,0,1,1,1,1,0,0,1,1,1,0,0,0,1,1,1,1,1,1,1,1,1,1,1,1,1,1,1,0,1,0,1,1,1,1,1,1,0,0,1,1,1,1,1,1,1,1,1,1,1,0,1,0,1,1,1,1,1,1,1,1,1,0,1,0,1,1,1,1,0,1,0,1,1,1,1,1,0,0,1,1,1,1,1,1,1,0,1,1,1,1,0,1,1,1,1,0,0,1,1,1,1,1,1,1,1,0,0,1,1,1,0,0,1,1,1,0,1,1,1,0,1,1,1,1,0,1,1,1,1,1,1,0,1,1,1,1,0,1,1,1,1,1,1,1,1,0,1,1,1,1,0,1,1,1,0,0,0,1,1,1,1,1,0,1,1,1,1,1,1,1,1,1,0,1,1,1,0,1,1,0,1,0,1,1,1,1,1,1,1,0,0,1
8613787b-0118-56d2-9199-cdf19d066216,63572201-0b01-5fc2-a402-e3d2c79cea6c,Taita Taveta Cashew Farm #0656,Coastal Lowlands,Taita Taveta,Cashew,3.93,-3.529286,38.874254,10,True,Informal Smallholder,0,5.64,2,Emerging Agribusiness,0.16,0.2,0.36,0.6,0.0,0.36,0.16,0.04,0,0,0,0,0,0,1,0,0,0,1,0,0,0,0,0,0,0,0,0,1,1,0,0,0,0,0,0,0,0,1,0,0,1,0,0,0,0,0,0,1,0,0,0,0,1,1,0,0,0,1,0,0,0,0,1,1,0,0,0,1,0,0,0,0,1,1,1,0,0,1,1,0,0,0,0,1,1,1,1,1,1,1,0,0,1,0,1,0,0,1,1,1,0,0,1,1,0,0,1,0,0,0,0,0,0,0,0,0,0,0,0,0,0,0,0,0,0,0,0,0,0,0,0,0,1,1,1,0,0,1,0,0,0,0,1,1,0,0,0,1,0,0,0,0,0,1,1,0,0,0,0,0,0,0,1,0,0,0,0,0,0,0,0,1,1,0,0,0,0,1,0,0,0,0,0,1,0,0,0,0,0,0,0,0,0,0,0,0,0,0,0,0,0,0,0,0,0,0,0
edea5127-a7ce-56db-8710-b5c97fea98f1,6a1716b9-4a88-540f-be7a-8f18707c1917,Kirinyaga Macadamia Farm #0657,Central Highlands,Kirinyaga,Macadamia,30.22,-1.239787,37.187626,16,True,Commercial Market Leader,2,21.36,5,Future Ready Farm,0.92,0.8,0.96,0.84,0.88,0.84,1.0,0.88,1,1,1,1,1,0,1,1,1,1,1,1,1,1,1,1,1,1,0,1,1,1,1,1,1,1,0,0,0,1,1,1,1,1,1,1,1,1,0,1,0,1,1,1,1,1,1,1,1,1,1,1,1,1,1,1,1,1,1,1,1,1,1,1,1,1,1,1,1,1,1,1,1,1,0,1,1,1,1,1,1,1,1,1,1,1,1,1,1,1,0,1,1,1,0,1,1,1,0,0,1,1,0,0,1,1,1,1,1,1,1,1,1,1,1,0,1,1,1,1,1,1,1,1,1,1,1,1,1,1,1,1,1,1,1,0,1,0,1,0,1,1,1,1,1,1,1,1,0,1,1,1,1,1,1,1,1,1,1,1,1,1,1,1,1,1,1,1,1,1,1,1,1,1,1,1,1,1,1,1,1,1,1,1,1,1,1,1,1,0,1,1,0,1,1,1,0,1,1,1
f16acfc7-60de-59ff-8c6e-dd83bdcc626e,e29bf7c7-8830-562d-8682-5bb5c89056ce,Lamu Fish Farming Farm #0658,Coastal Lowlands,Lamu,Fish Farming,2.81,-4.536739,38.974717,10,True,Informal Smallholder,0,6.0,2,Emerging Agribusiness,0.16,0.2,0.32,0.48,0.08,0.4,0.2,0.16,1,1,0,0,0,0,0,0,0,0,0,0,0,0,0,0,0,0,0,0,1,1,0,0,0,0,0,0,0,0,0,0,0,0,0,1,0,0,0,0,1,0,1,0,0,1,0,1,0,0,1,1,1,1,0,0,1,0,0,0,0,0,1,0,0,1,1,0,0,0,0,0,0,0,0,1,0,1,1,0,1,0,1,1,0,1,0,1,0,0,1,0,0,0,0,1,1,0,0,1,0,0,0,0,0,0,1,0,0,0,0,0,1,0,0,0,0,0,0,0,0,0,0,0,0,1,0,1,0,0,1,0,1,0,0,1,1,0,0,0,1,0,1,0,0,0,1,0,0,1,1,0,0,0,0,0,0,0,0,0,0,0,1,0,0,1,0,0,0,0,1,1,0,0,0,1,0,0,0,1,0,0,0,1,0,0,0,0,0,0,1,0,0,0,0,0,0,0,0,0
c6b95cd7-1e83-5571-a61f-19159cbfcaa1,3a6d7016-1d49-5be9-a5d9-c1ba79701395,Uasin Gishu Dairy Farm #0659,Rift Valley,Uasin Gishu,Dairy,8.03,1.248562,35.231742,7,True,Transitioning Agribusiness,1,11.88,3,Structured Farm,0.32,0.36,0.56,0.8,0.4,0.56,0.6,0.36,1,0,0,0,0,1,0,0,0,0,1,0,0,1,0,1,0,0,0,0,1,0,1,1,0,1,0,1,0,0,0,1,0,1,0,1,1,0,0,0,0,0,0,0,0,1,0,1,1,0,1,0,1,1,0,1,1,1,1,0,1,1,1,0,0,0,1,0,0,0,0,1,0,1,1,1,0,0,1,1,1,1,1,1,0,1,1,0,1,1,1,1,1,1,0,1,1,1,1,1,1,1,1,0,0,0,1,0,1,0,1,0,0,0,0,1,1,0,0,0,0,1,1,0,0,1,1,1,0,0,0,0,1,0,0,1,1,0,1,0,1,1,1,1,1,1,1,0,0,0,0,1,0,1,0,1,0,1,0,0,1,1,0,1,1,1,1,0,1,0,1,1,1,1,0,0,1,1,1,0,1,1,0,0,0,1,0,1,0,0,1,1,0,0,0,0,0,0,0,0
f6611cb6-e266-5680-8a6b-09ea637969a0,4cdd9bcc-f4b2-5981-b8b6-6967c32d055d,Nandi Maize Farm #0660,Rift Valley,Nandi,Maize,1.52,-0.243639,35.731701,9,False,Informal Smallholder,0,6.24,2,Emerging Agribusiness,0.12,0.24,0.28,0.56,0.16,0.36,0.2,0.16,0,0,0,0,0,1,0,0,0,0,1,1,0,0,0,0,0,0,0,0,0,0,0,0,0,0,0,1,0,0,1,0,1,0,0,1,0,0,0,0,0,1,0,0,0,0,0,1,0,0,1,0,0,0,0,0,0,0,0,0,1,1,0,0,0,1,1,0,0,0,0,1,1,0,0,1,0,0,1,1,1,0,1,0,0,1,0,0,1,0,1,1,1,1,0,1,1,0,1,0,1,0,0,0,0,1,0,0,0,0,0,1,0,0,0,0,0,0,0,0,0,1,0,0,0,0,1,0,1,0,1,0,1,0,0,0,1,0,0,0,1,0,0,0,0,1,1,1,0,0,1,0,0,1,0,0,1,0,0,0,1,0,0,0,0,0,0,1,0,0,0,0,0,0,0,0,1,0,0,1,0,0,0,0,0,1,0,0,0,0,0,0,0,0,1,0,0,0,0,0
f7a1826e-875e-5b75-8a24-c54716d1edfa,ba6c0179-302f-5a27-a3a2-b4cbf3824651,Trans Nzoia Maize Farm #0661,Rift Valley,Trans Nzoia,Maize,1.12,1.396047,35.432234,8,False,Informal Smallholder,0,5.76,2,Emerging Agribusiness,0.32,0.16,0.32,0.44,0.16,0.32,0.12,0.08,1,1,0,0,0,1,1,0,0,0,1,0,0,0,0,1,1,0,0,0,1,0,0,0,0,1,0,0,0,0,0,0,0,0,0,1,0,1,0,0,0,0,0,0,1,0,0,0,0,0,1,0,0,0,0,1,1,1,0,0,1,0,0,0,0,1,1,0,0,0,0,1,0,0,0,0,1,0,1,0,1,0,1,1,0,0,1,1,0,0,0,0,0,0,0,1,1,1,1,0,0,0,0,0,0,0,0,0,1,0,0,0,0,0,0,1,0,0,0,0,1,1,0,0,0,1,0,0,0,0,1,1,0,0,0,1,0,0,0,1,0,0,0,0,0,1,1,1,0,0,1,0,0,0,0,0,0,0,0,0,1,0,1,0,0,0,0,0,0,0,0,0,0,0,0,0,0,0,0,0,0,1,0,0,0,0,0,0,0,0,0,0,0,0,0,1,0,0,0,0
0f9da962-0574-599f-816e-b8b8b179e4c0,27a62bac-0ea7-58db-accc-a1967395bc7b,Taita Taveta Cashew Farm #0662,Coastal Lowlands,Taita Taveta,Cashew,25.87,-2.060569,39.907504,16,True,Commercial Market Leader,2,19.44,4,Investment Ready Farm,0.72,0.72,0.84,0.8,0.88,0.8,0.92,0.8,1,1,0,0,0,1,1,1,1,1,1,1,0,1,0,1,1,1,0,1,1,1,0,1,1,1,1,1,1,0,1,1,0,1,1,1,1,1,1,0,0,1,1,1,0,0,1,1,0,1,1,1,1,1,1,1,1,1,0,1,1,1,1,0,1,1,1,0,1,1,1,0,1,1,1,1,1,1,1,0,0,0,1,1,1,1,1,1,1,0,1,1,0,1,1,1,1,1,1,1,0,1,1,1,1,1,1,1,1,1,1,1,0,1,0,1,1,1,1,1,1,1,1,1,1,1,1,1,1,0,0,1,0,0,1,1,1,1,1,1,1,1,1,0,1,1,1,1,1,1,1,1,1,1,1,1,1,1,1,1,1,1,1,1,1,0,1,1,1,0,1,1,1,1,1,0,1,1,0,1,1,0,1,1,1,1,1,1,1,1,1,1,1,0,1,1,1,1,1,0
1b30062e-7cc7-51ff-8ad5-7716da724837,a66d0d04-d275-5ce5-87f6-a295cac7000e,Taita Taveta Vegetables Farm #0663,Coastal Lowlands,Taita Taveta,Vegetables,1.69,-2.022919,40.158901,3,False,Informal Smallholder,0,4.44,5,Future Ready Farm,0.08,0.08,0.12,0.52,0.0,0.36,0.16,0.16,0,0,0,0,0,0,0,0,0,0,0,0,0,0,0,1,0,0,1,0,0,0,0,0,0,0,0,0,0,0,0,0,0,0,0,0,1,0,0,0,0,0,0,0,0,1,0,0,0,0,0,0,0,0,0,0,0,0,0,0,1,0,0,0,0,1,0,0,0,0,1,0,0,0,0,1,0,1,0,0,1,1,0,0,1,1,1,0,1,0,1,1,0,0,0,1,1,1,0,0,0,0,0,0,0,0,0,0,0,0,0,0,0,0,0,0,0,0,0,0,0,0,0,0,0,0,0,0,0,0,1,1,1,0,0,1,0,0,0,0,0,0,1,0,0,1,1,1,1,0,0,0,1,0,1,0,0,0,0,0,1,0,0,0,0,0,1,0,0,0,0,0,0,0,0,1,0,0,0,0,0,0,0,1,0,0,0,0,0,0,0,1,0,0,0,1,0,0,0,0
102c0292-44e7-56e3-9b19-79ebd717666d,c661d1b6-94d8-592c-9dbb-8c7b1d0c09f2,Kericho Tea Farm #0664,Rift Valley,Kericho,Tea,1.82,-0.439154,36.214627,17,False,Informal Smallholder,0,5.4,2,Emerging Agribusiness,0.12,0.16,0.28,0.44,0.12,0.44,0.16,0.08,0,0,0,1,0,0,0,0,0,0,0,0,0,0,0,1,1,0,0,0,0,0,0,0,0,0,0,0,0,0,0,1,0,0,0,0,1,1,0,0,0,1,0,0,0,0,0,0,0,0,1,0,1,0,0,1,0,0,0,1,1,0,0,0,0,0,0,0,0,0,0,1,1,0,0,1,0,0,0,0,0,0,1,1,0,1,0,1,0,0,1,1,1,0,1,1,1,0,0,0,1,1,0,0,0,0,0,0,0,0,0,0,0,0,0,0,0,0,0,0,0,1,0,0,0,1,1,0,1,0,1,1,1,0,0,0,1,1,0,0,1,0,1,0,0,0,0,0,0,1,1,0,0,0,0,0,0,0,0,0,0,1,0,0,0,1,0,0,0,0,1,0,0,0,0,0,0,0,0,0,0,0,0,0,0,1,1,0,0,0,0,0,0,0,0,0,0,0,0,0
5a2a2570-b404-5c73-b451-e431da9f408e,dbba6d9b-3a60-5ea7-9006-d2dacd34886b,Kericho Maize Farm #0665,Rift Valley,Kericho,Maize,3.25,0.940182,35.814113,6,True,Informal Smallholder,0,6.72,2,Emerging Agribusiness,0.16,0.28,0.16,0.64,0.28,0.36,0.2,0.16,1,0,0,0,0,0,0,0,0,0,1,0,0,0,0,1,1,0,0,0,0,0,0,0,0,1,0,0,0,0,1,1,0,0,0,0,0,1,1,0,0,0,0,0,0,1,1,0,0,0,0,0,0,0,0,0,0,0,1,0,1,0,0,0,0,0,1,0,0,0,1,0,0,0,0,1,0,0,1,1,0,1,0,0,1,1,0,1,1,0,1,1,1,1,0,1,1,1,0,1,0,1,1,0,0,1,1,0,0,0,1,0,0,0,0,1,0,0,0,0,1,0,0,0,0,1,0,0,0,0,1,1,0,1,0,1,0,0,0,0,1,0,0,0,0,1,1,0,1,0,0,0,0,0,1,0,0,0,0,0,0,1,0,0,1,0,0,0,0,1,0,1,0,0,0,0,0,0,1,0,1,1,0,0,0,0,0,1,0,0,0,0,0,0,0,0,0,0,0,0
f125903a-70de-5e2c-9028-4c3a0c584cbd,ef1125a4-d577-51da-ad15-1c5a73556cad,Kitui Mangoes Farm #0666,Eastern Semi-Arid,Kitui,Mangoes,6.41,-1.334297,37.924659,16,True,Transitioning Agribusiness,1,11.76,3,Structured Farm,0.52,0.36,0.48,0.72,0.48,0.52,0.4,0.44,1,0,1,1,0,1,1,0,0,0,1,1,1,0,0,0,1,0,1,0,1,0,1,1,0,1,0,0,0,0,0,0,1,1,0,1,0,0,1,0,0,1,0,0,0,0,1,1,0,1,0,1,0,1,0,1,0,1,0,1,1,0,0,0,0,1,1,0,0,0,1,1,1,0,1,1,1,1,1,1,1,1,1,1,1,1,1,1,0,0,1,1,1,0,0,0,1,1,0,0,1,1,0,0,0,0,1,1,0,1,0,1,1,0,1,1,1,1,0,0,1,0,0,0,0,1,1,1,0,0,1,1,1,0,0,0,0,0,1,0,1,1,1,0,0,1,0,1,1,0,1,0,0,0,0,1,1,0,0,1,1,1,0,0,0,1,1,0,0,0,1,1,0,0,0,1,1,0,0,0,0,1,1,0,0,1,1,0,0,0,0,1,1,1,0,1,1,0,0,0
402d1dc1-7ee3-584b-90d8-7fd2e0eaaf4c,43495438-0ced-55e2-8897-5a9f29acca40,Vihiga Maize Farm #0667,Western Kenya,Vihiga,Maize,4.83,0.832421,34.526819,17,True,Transitioning Agribusiness,1,12.36,3,Structured Farm,0.48,0.28,0.6,0.76,0.48,0.6,0.56,0.36,1,1,1,0,0,1,0,0,1,0,1,0,0,1,1,1,1,0,1,0,0,0,0,0,1,0,0,1,0,0,1,1,0,1,0,0,0,0,0,0,1,0,1,0,0,0,0,0,0,1,0,1,0,0,1,1,1,1,1,0,1,0,1,0,0,0,1,1,1,1,1,1,0,1,0,1,1,0,1,1,1,1,1,0,1,1,1,1,0,0,1,1,1,1,0,1,1,1,1,0,1,1,0,0,0,1,0,1,0,0,1,1,0,0,0,0,0,0,1,1,1,0,1,1,1,1,1,1,0,0,1,0,1,0,0,1,1,0,1,0,1,1,1,0,0,1,1,0,1,1,0,0,1,0,0,0,1,1,0,1,1,1,0,0,0,1,1,1,0,0,1,1,1,1,1,0,1,0,0,0,1,1,1,0,0,0,0,0,0,0,1,1,0,1,0,1,0,1,0,0
24856e4b-80b1-5fa9-8e7d-8e62d61dc533,e07f22f7-9cb9-5cd8-ad1a-20d3075f49bb,Kwale Cassava Farm #0668,Coastal Lowlands,Kwale,Cassava,5.0,-3.966435,39.612091,8,True,Commercial Market Leader,2,20.76,5,Future Ready Farm,0.8,0.84,0.84,0.84,0.92,0.88,0.92,0.88,1,1,1,1,0,1,1,1,1,1,1,0,1,1,0,1,1,1,0,1,1,1,1,0,1,1,0,1,1,1,1,1,1,0,1,1,1,1,1,1,1,1,1,0,1,1,1,1,1,0,1,1,0,1,1,1,1,1,1,1,1,1,1,1,1,1,1,1,1,0,1,0,0,1,1,0,1,1,1,1,1,1,1,1,1,1,1,1,0,0,1,1,1,1,1,1,1,1,1,0,1,1,0,1,1,1,1,0,1,1,1,1,1,1,1,1,1,1,1,1,1,1,1,1,1,1,1,1,1,1,1,1,1,1,1,1,1,0,0,1,0,1,1,1,1,1,1,1,1,1,1,1,1,1,1,1,1,1,1,0,1,1,1,1,1,1,1,1,1,1,1,1,1,1,0,1,0,1,1,1,1,1,1,1,1,1,0,1,1,1,0,1,1,1,1,1,1,1,1,1
929a6eaa-ef3f-544a-8aeb-dad1e1efce0a,a16255d6-99e9-50c2-b4a5-ac2c1a529649,Busia Dairy Farm #0669,Western Kenya,Busia,Dairy,2.47,1.098051,34.336464,20,True,Informal Smallholder,0,6.12,2,Emerging Agribusiness,0.28,0.32,0.32,0.56,0.12,0.24,0.08,0.12,0,0,0,0,0,1,0,1,0,0,0,0,0,1,0,0,1,0,1,0,0,1,1,0,0,0,1,0,0,0,1,0,0,0,0,1,1,0,0,0,1,0,1,0,1,1,0,0,0,0,1,1,0,0,0,1,0,0,0,0,1,1,0,0,0,0,1,0,0,0,1,0,1,0,0,1,1,1,0,0,1,1,0,0,1,1,0,1,1,0,0,1,1,0,0,1,1,0,1,0,1,0,0,0,0,0,0,0,0,0,0,0,0,0,0,0,0,0,0,0,1,1,0,0,0,1,0,0,0,0,1,0,1,0,0,1,0,0,0,0,0,1,0,0,0,0,1,0,0,0,0,0,0,0,0,0,1,0,0,0,0,0,0,0,0,0,0,0,0,0,0,0,1,0,0,0,0,0,0,0,0,1,0,1,0,0,0,0,0,0,0,0,0,1,0,0,0,0,0,0
ee783712-456c-52b3-9a5f-59260efb79cf,e42dbd62-e959-5bd8-970f-55327c2a69dc,Nandi Horticulture Farm #0670,Rift Valley,Nandi,Horticulture,1.61,0.531309,35.176201,8,True,Informal Smallholder,0,4.08,5,Future Ready Farm,0.2,0.0,0.24,0.52,0.08,0.12,0.16,0.04,0,0,0,0,0,1,1,0,0,0,1,0,0,0,0,0,1,0,0,0,0,1,0,0,0,0,0,0,0,0,0,0,0,0,0,0,0,0,0,0,0,0,0,0,0,0,0,0,0,0,0,0,1,0,0,0,0,1,0,0,0,1,1,1,0,1,0,0,0,0,0,0,0,0,0,1,1,0,1,0,1,1,0,0,0,0,1,0,1,0,1,1,0,1,0,1,0,1,1,0,0,0,0,0,0,0,0,0,0,0,0,0,0,0,0,1,0,0,0,0,1,0,0,0,0,1,0,0,0,0,1,0,0,0,0,0,0,0,0,0,0,1,0,0,0,0,0,0,0,0,1,0,0,0,0,1,1,0,0,0,0,0,0,0,0,0,0,0,1,0,0,0,0,0,0,0,0,0,0,0,0,0,0,0,0,1,0,0,0,0,0,0,0,0,0,0,0,0,0,0
9a549481-43c5-5d1e-a665-14108590e3cd,6a6d7dff-dff4-558f-9408-9f819bbf976b,Makueni Livestock Farm #0671,Eastern Semi-Arid,Makueni,Livestock,2.28,-1.087849,37.624596,11,False,Informal Smallholder,0,6.36,2,Emerging Agribusiness,0.32,0.24,0.24,0.72,0.08,0.2,0.28,0.04,1,1,0,0,0,0,1,1,0,0,1,0,1,0,1,0,0,0,1,0,0,0,0,0,0,0,0,1,0,0,1,0,1,0,0,0,1,0,0,0,0,0,0,0,0,1,1,0,0,0,0,1,1,0,0,0,0,0,1,0,1,1,0,0,0,0,0,0,0,0,1,0,0,0,0,1,1,1,1,1,1,1,0,0,1,1,1,1,0,1,1,1,0,0,0,1,0,1,1,1,0,0,0,0,1,0,0,0,0,0,0,1,0,0,0,0,0,0,0,0,0,0,0,0,0,1,0,0,0,0,0,1,0,0,0,1,0,0,0,0,1,0,0,0,0,0,0,1,0,0,0,0,0,0,0,1,1,0,0,0,0,0,0,1,0,0,1,0,1,0,1,0,1,0,0,0,0,0,0,0,0,0,0,0,1,0,0,0,0,0,0,0,0,0,0,0,0,0,0,0
de8e4787-f8c4-508c-9701-8c3d7558f10b,f425e378-080e-5200-8ff9-8641f9dd9767,Murang'a Avocado Farm #0672,Central Highlands,Murang'a,Avocado,10.94,-0.144961,37.247515,21,True,Transitioning Agribusiness,1,11.64,3,Structured Farm,0.44,0.52,0.56,0.6,0.44,0.6,0.32,0.4,1,1,1,0,0,0,0,1,0,1,0,1,1,0,0,1,1,1,0,0,1,0,0,0,0,1,0,0,0,1,1,1,1,0,0,0,1,1,1,0,1,1,0,0,0,1,1,0,1,0,1,1,1,0,1,1,0,1,1,0,1,1,0,0,0,1,1,1,0,0,1,1,0,0,0,1,1,0,1,0,1,1,1,1,1,1,1,1,0,0,1,0,1,0,0,1,0,1,0,0,0,1,1,0,0,1,0,0,0,0,0,1,1,0,1,1,0,1,0,1,1,1,0,0,0,1,1,1,0,1,1,1,1,1,0,1,1,1,0,0,1,0,1,1,0,1,0,0,0,0,1,1,1,1,0,0,0,0,0,0,1,1,0,0,0,0,0,0,0,0,0,1,1,0,0,1,1,0,1,0,0,0,0,0,0,0,1,1,1,0,1,0,0,1,0,0,1,0,1,0
48cab04c-b281-5143-ac03-960c57edb0f9,ead84b95-fa46-57a1-814f-c886037881ec,Machakos Sorghum Farm #0673,Eastern Semi-Arid,Machakos,Sorghum,31.9,-0.266194,37.639528,15,True,Commercial Market Leader,2,18.84,4,Investment Ready Farm,0.76,0.68,0.84,0.76,0.72,0.84,0.92,0.76,1,0,0,1,1,1,1,1,1,1,1,1,1,1,0,1,1,1,0,0,1,1,1,0,1,1,1,0,1,0,1,1,1,1,0,1,1,1,1,0,1,0,1,0,0,1,1,0,1,1,1,1,1,0,1,1,1,1,1,1,1,0,1,1,1,1,1,1,1,1,1,1,0,0,1,1,1,0,1,1,1,1,1,1,1,1,0,1,1,1,1,1,1,1,0,1,1,0,0,0,1,1,1,1,0,1,1,1,1,0,1,0,1,0,0,0,1,1,1,1,1,1,1,0,1,1,0,1,0,1,1,1,1,1,1,1,1,1,0,1,1,1,1,0,1,1,1,1,1,1,1,1,1,1,1,1,1,1,1,1,1,1,1,1,1,1,1,1,1,0,0,1,1,1,1,1,1,0,1,0,1,1,1,0,1,1,1,1,0,1,1,1,1,1,0,1,1,1,0,1
e2673f0c-2a69-5e95-8d6c-ff808a99c56a,04e11b0c-4db5-5744-b8ac-4d85fa9cbfc9,Taita Taveta Cassava Farm #0674,Coastal Lowlands,Taita Taveta,Cassava,11.57,-4.371579,40.065765,23,True,Transitioning Agribusiness,1,13.08,3,Structured Farm,0.72,0.4,0.6,0.72,0.56,0.64,0.44,0.28,1,1,1,1,0,0,1,0,0,0,1,1,0,1,1,1,1,1,1,0,1,1,1,1,1,1,1,1,1,0,1,0,0,0,1,1,0,1,0,0,1,0,0,0,0,1,0,0,0,0,1,1,1,0,1,1,0,1,1,0,1,1,0,1,0,1,1,0,0,0,1,1,0,1,0,1,1,1,1,0,1,1,0,1,0,1,1,0,1,0,1,1,0,1,1,1,1,1,0,1,1,1,0,1,0,1,1,0,0,0,1,1,1,1,0,1,1,1,0,0,0,0,1,1,0,1,0,1,0,0,0,1,1,1,0,1,1,1,1,0,1,1,1,0,1,1,1,1,0,0,0,1,0,1,0,1,1,0,0,0,0,0,0,0,1,1,0,0,1,0,1,1,1,1,0,1,0,0,0,0,1,1,0,0,0,1,0,0,0,0,1,1,1,0,0,0,0,0,0,0
6084e7a5-898e-5088-b8b0-8088398b4b20,10a689b6-22a4-5024-aa83-c547849868ab,Kwale Fish Farming Farm #0675,Coastal Lowlands,Kwale,Fish Farming,8.49,-2.570279,39.271551,11,False,Transitioning Agribusiness,1,12.48,3,Structured Farm,0.44,0.48,0.48,0.64,0.6,0.64,0.48,0.4,1,1,1,0,0,0,1,0,0,0,1,1,0,0,0,1,1,1,0,0,1,1,0,0,0,1,1,1,1,0,1,0,0,1,0,1,1,1,1,0,0,0,0,0,0,0,1,0,0,1,1,1,0,0,0,1,0,1,0,0,0,1,0,1,0,1,0,0,0,1,1,1,1,0,1,1,1,1,0,1,1,1,0,0,0,1,1,1,1,1,1,1,1,0,0,0,1,1,0,0,0,1,1,0,0,1,1,1,0,0,1,0,1,1,0,1,1,1,1,0,1,1,0,0,1,1,1,1,1,0,1,1,1,1,0,1,1,1,0,0,1,1,1,0,1,1,0,0,0,0,1,1,1,0,0,1,1,1,0,0,1,0,0,1,0,1,0,0,0,0,1,1,1,0,0,1,0,0,0,0,1,0,1,0,0,1,1,0,1,0,1,1,0,1,0,1,0,0,0,0
8cc7eb27-2b0a-5a3f-8cd7-d785d49e5453,fbc83952-3c7b-5711-971d-47b7e0cdde0b,Kwale Vegetables Farm #0676,Coastal Lowlands,Kwale,Vegetables,1.1,-2.942692,39.423881,9,False,Informal Smallholder,0,5.28,2,Emerging Agribusiness,0.16,0.04,0.08,0.64,0.16,0.32,0.2,0.16,0,0,0,0,0,1,0,0,0,0,0,0,0,0,0,1,1,0,0,0,0,0,0,1,0,0,0,0,0,0,0,0,0,0,0,0,0,0,0,0,0,0,1,0,0,0,0,0,0,0,0,0,0,0,0,0,0,0,0,0,0,1,0,0,0,1,0,0,0,0,0,0,0,0,0,0,1,1,1,0,1,0,1,1,1,1,0,0,0,0,1,1,1,1,1,1,1,1,0,0,0,0,0,0,0,0,0,1,0,0,0,1,0,0,0,0,1,0,0,0,0,1,0,0,0,1,0,1,0,0,0,1,1,0,0,0,1,0,0,0,1,1,0,0,0,0,1,0,0,0,1,0,1,0,0,0,1,0,0,0,1,0,0,0,0,1,0,0,0,0,0,0,0,0,0,0,1,0,0,0,0,1,0,0,0,0,1,0,0,0,0,0,0,0,1,0,0,0,0,0
e7bf277d-3b52-518b-b5d9-cacc3949b68d,8d788f3a-0450-5e40-a822-184ba09cc459,Bomet Dairy Farm #0677,Rift Valley,Bomet,Dairy,41.42,0.20124,35.501628,13,True,Commercial Market Leader,2,20.16,5,Future Ready Farm,0.84,0.68,0.92,0.88,0.92,0.76,0.84,0.88,1,1,0,1,1,1,1,0,1,0,1,1,1,1,1,1,1,0,1,1,1,1,1,1,1,1,1,1,1,0,1,0,1,0,0,1,1,1,1,1,1,1,0,0,0,1,1,1,1,0,1,1,1,1,1,1,1,1,1,1,1,1,1,1,1,1,1,1,0,1,1,1,1,0,1,1,1,1,1,1,1,1,1,0,1,0,1,1,1,1,1,1,1,0,1,1,1,1,1,1,1,1,1,1,1,1,1,1,1,1,1,1,1,1,0,1,1,1,1,1,1,1,1,1,0,1,1,1,0,0,1,1,1,1,1,1,1,1,1,0,1,1,0,1,0,1,1,1,1,0,1,1,1,1,1,1,1,1,1,1,1,1,1,1,0,1,0,1,1,0,1,1,0,1,1,1,1,1,1,0,1,1,1,1,1,1,1,1,1,1,1,1,1,1,1,1,1,0,1,0
49ee1708-0566-5889-a315-987f8b51fdf2,9a70b8f9-5fb9-561c-908e-83d2104c4bf1,Meru Avocado Farm #0678,Central Highlands,Meru,Avocado,2.06,-1.376907,37.554183,4,False,Informal Smallholder,0,4.92,5,Future Ready Farm,0.04,0.24,0.12,0.56,0.24,0.32,0.08,0.04,0,0,0,0,0,1,0,0,0,0,0,0,0,0,0,0,0,0,0,0,0,0,0,0,0,0,0,0,0,1,0,0,0,0,1,1,0,1,0,0,0,0,0,1,0,1,0,0,0,0,0,0,0,0,0,0,0,0,0,0,1,0,0,0,0,0,0,0,0,0,1,1,0,0,0,1,1,1,1,1,0,1,0,1,1,1,1,0,1,0,0,1,0,0,0,1,1,0,0,0,0,0,0,0,0,0,1,0,0,1,0,1,0,1,0,0,1,0,0,0,1,0,0,0,0,1,0,0,0,0,1,0,1,0,0,1,1,0,0,0,1,1,0,0,0,1,0,0,0,0,0,1,0,0,0,0,0,0,0,0,0,0,0,0,0,0,0,0,0,0,0,1,0,0,0,0,0,0,0,0,0,0,0,0,0,0,0,0,0,0,1,0,0,0,0,0,0,0,0,0
70eae28f-e656-526c-8e8c-13d282ee624a,ede4092e-0bb2-5c2e-9cc5-d0162d8041ed,Kwale Vegetables Farm #0679,Coastal Lowlands,Kwale,Vegetables,4.98,-3.131083,38.60001,14,True,Informal Smallholder,0,6.72,2,Emerging Agribusiness,0.2,0.2,0.32,0.52,0.2,0.36,0.32,0.12,0,0,1,0,0,0,0,0,0,0,0,0,1,0,0,1,1,0,0,0,0,0,0,0,1,0,0,1,0,0,0,0,0,0,0,0,1,0,0,0,1,0,0,0,0,1,0,1,0,0,1,1,0,1,0,0,0,0,0,1,1,0,0,0,0,0,1,0,1,0,0,0,1,0,0,1,1,0,1,0,0,1,1,1,1,0,0,0,1,0,1,1,0,0,0,1,1,1,0,0,0,0,0,0,0,1,1,0,0,0,0,1,0,0,0,0,1,1,0,0,0,0,0,0,0,1,1,1,1,0,0,0,1,1,0,1,0,0,0,0,0,1,0,1,0,0,0,0,0,0,1,0,0,0,0,0,0,0,1,1,1,0,1,1,0,1,1,0,0,0,0,0,0,0,0,1,0,0,0,0,0,0,1,0,0,1,0,0,0,0,0,0,0,0,0,0,0,0,0,0
a74acc2b-2530-50f5-87ed-d815079f16cc,e6c246d8-7051-507b-8f19-71696b4807d5,Kakamega Sugarcane Farm #0680,Western Kenya,Kakamega,Sugarcane,2.41,0.026544,35.091599,12,False,Informal Smallholder,0,6.12,2,Emerging Agribusiness,0.08,0.28,0.24,0.56,0.16,0.36,0.24,0.12,1,0,0,0,0,0,0,0,0,0,0,0,0,0,0,0,0,1,0,0,0,0,0,0,0,1,1,0,0,0,0,0,0,0,0,0,0,1,0,0,1,1,0,0,0,1,1,0,0,0,0,0,0,0,0,0,0,0,0,0,1,1,1,0,0,1,0,0,0,0,0,1,0,1,0,0,1,0,1,0,1,1,1,1,0,1,1,0,0,1,1,0,1,1,0,1,0,1,0,0,0,0,0,0,0,1,0,0,0,0,1,0,0,0,0,0,0,0,0,0,1,0,1,0,0,1,0,1,1,0,1,0,0,0,1,0,0,0,0,0,1,0,1,0,0,1,0,1,0,0,0,0,1,0,0,0,1,1,1,0,0,0,0,0,0,0,0,1,0,0,1,0,0,0,0,1,0,0,0,0,1,0,0,0,0,0,0,0,0,0,0,0,0,0,0,1,0,0,0,0
194cb1b7-61d4-5936-98af-b2176b4fd25e,2b43f170-887e-5f4f-8b39-7e20355d3612,Nyeri Macadamia Farm #0681,Central Highlands,Nyeri,Macadamia,1.47,0.134983,36.923886,2,False,Informal Smallholder,0,6.0,2,Emerging Agribusiness,0.2,0.24,0.28,0.52,0.16,0.32,0.24,0.04,1,0,0,0,0,0,0,0,0,0,1,1,0,0,0,0,1,0,0,0,1,0,0,0,0,1,0,0,0,0,0,0,0,1,0,1,1,0,1,0,1,0,0,0,0,0,0,0,0,0,0,0,0,0,0,1,1,0,0,0,1,1,0,0,0,0,1,0,0,0,1,0,1,0,0,1,1,0,1,0,1,1,0,0,0,0,1,1,1,0,1,1,0,0,0,0,1,1,1,0,0,1,0,0,0,0,0,0,0,0,0,0,1,1,0,0,0,0,0,0,1,0,0,0,0,0,0,1,0,0,0,0,1,0,0,0,1,0,0,0,1,0,1,0,0,1,0,1,1,0,1,0,0,0,0,1,0,0,0,0,0,1,0,0,0,0,1,0,0,0,1,1,0,0,0,0,0,0,0,0,0,0,0,0,0,0,0,0,0,0,0,0,0,0,0,1,0,0,0,0
8e4b0051-feab-50a5-b6a9-f777649910fa,eca3bccf-38bc-5b12-9272-a898dae87c82,Kilifi Vegetables Farm #0682,Coastal Lowlands,Kilifi,Vegetables,0.62,-4.035862,38.640756,5,True,Informal Smallholder,0,5.76,2,Emerging Agribusiness,0.12,0.24,0.12,0.68,0.24,0.28,0.2,0.04,0,0,1,0,0,0,0,0,0,0,0,1,0,0,0,0,0,0,0,0,1,0,0,0,0,1,0,0,0,0,0,0,1,0,0,0,0,0,1,0,1,0,0,1,1,0,0,0,0,0,1,1,0,0,0,1,0,0,0,0,0,0,0,0,0,0,0,0,0,0,0,0,0,0,0,1,1,1,0,0,1,1,1,1,1,1,1,0,1,0,1,1,0,1,0,0,1,1,0,1,0,1,0,0,0,0,0,1,0,0,0,0,1,0,0,1,0,0,0,0,1,0,1,0,0,1,1,1,0,0,0,0,0,0,0,0,0,0,0,1,1,0,1,0,0,0,1,0,0,0,0,1,0,0,0,0,0,1,1,0,0,0,0,0,0,0,1,0,0,0,0,1,0,0,0,0,0,0,0,0,0,0,0,0,0,0,0,0,0,0,1,0,0,0,0,0,0,0,0,0
f4613b73-30d2-5cc9-85cc-85be0e711eb5,56cb992e-6a93-5679-b420-4cb77f797abb,Nyeri Avocado Farm #0683,Central Highlands,Nyeri,Avocado,0.5,-0.21531,36.861009,11,True,Informal Smallholder,0,5.64,2,Emerging Agribusiness,0.04,0.24,0.32,0.56,0.08,0.36,0.12,0.16,0,0,0,0,0,0,0,0,0,0,0,0,0,0,0,0,0,0,0,0,0,0,1,0,0,1,1,1,0,0,0,0,0,0,0,0,0,1,0,0,1,0,1,0,0,0,0,0,0,0,1,1,0,0,0,1,0,0,0,0,1,1,0,0,1,1,0,0,0,0,0,0,0,1,0,0,0,0,1,0,1,1,1,1,0,1,0,1,1,0,0,1,1,1,1,1,0,0,0,1,0,0,0,0,0,0,0,1,1,0,0,0,0,0,0,0,0,0,0,0,0,0,0,0,0,1,1,1,1,0,0,0,1,0,0,0,0,0,0,0,1,1,0,0,0,1,1,0,0,0,0,0,0,1,0,0,0,0,0,0,0,1,0,0,0,1,0,0,0,0,0,0,0,0,0,0,1,0,0,0,0,0,0,0,0,0,1,1,0,0,0,0,0,0,0,0,0,1,0,0
bbbf4587-8245-5a54-8238-d6a062aee145,631324a9-83dc-5950-9096-c6d2abbf9221,Meru Coffee Farm #0684,Central Highlands,Meru,Coffee,2.89,-0.614827,36.788453,6,False,Informal Smallholder,0,5.04,2,Emerging Agribusiness,0.08,0.24,0.24,0.44,0.2,0.28,0.04,0.16,0,0,0,0,0,0,0,0,0,0,0,0,1,0,0,1,0,0,0,0,0,0,0,0,0,0,1,0,1,0,0,0,0,0,0,1,1,0,0,0,0,0,0,0,0,0,1,1,0,0,0,0,0,0,0,1,0,1,0,0,0,1,0,0,0,0,1,1,0,0,0,0,0,1,0,1,0,1,0,1,1,0,0,1,0,0,0,1,0,0,1,0,1,1,0,1,1,0,0,0,1,0,0,0,1,0,0,0,0,0,0,1,0,0,0,1,0,0,0,0,1,0,0,0,0,1,1,1,1,0,0,0,0,0,0,1,0,0,0,0,1,1,0,0,0,0,0,0,0,0,0,0,0,0,0,0,0,0,0,0,1,0,0,0,0,0,0,0,0,0,0,0,0,0,0,0,0,0,0,0,0,1,0,1,0,1,0,0,0,0,1,0,0,0,0,0,0,0,0,0
eb35f883-ce2b-5603-9a12-5b11a871693f,5230cfe3-2ebb-50f2-bc26-f6a82301d88a,Machakos Sorghum Farm #0685,Eastern Semi-Arid,Machakos,Sorghum,11.15,-1.079256,38.444433,5,True,Transitioning Agribusiness,1,12.12,3,Structured Farm,0.44,0.52,0.52,0.8,0.64,0.48,0.44,0.2,1,1,0,0,0,1,1,1,0,0,1,0,0,0,0,1,1,0,0,0,1,1,1,0,0,1,1,1,0,0,1,0,0,0,0,1,1,1,1,0,1,1,0,1,1,1,0,0,0,0,0,0,0,0,0,1,1,1,1,0,1,0,1,0,0,1,1,1,0,1,1,1,0,1,0,0,1,1,0,1,1,1,1,1,1,1,1,1,1,0,1,1,1,1,1,1,1,0,1,0,1,1,1,1,0,0,1,0,0,0,1,1,0,1,1,0,1,1,1,0,1,1,1,1,0,1,0,1,0,0,1,0,0,0,0,1,0,1,0,0,1,1,0,1,1,1,1,1,0,0,0,1,1,1,0,1,1,0,0,0,1,0,0,0,0,1,1,0,1,0,1,0,0,1,0,0,0,0,0,0,0,0,0,0,0,0,1,1,0,0,0,0,0,1,0,1,0,1,0,0
1e34919f-1a44-573d-bb66-e658d0d09df8,be51b388-c6ee-53bb-a0d6-e3c741369cf8,Uasin Gishu Horticulture Farm #0686,Rift Valley,Uasin Gishu,Horticulture,2.86,-1.105915,35.903741,2,False,Informal Smallholder,0,5.28,2,Emerging Agribusiness,0.12,0.24,0.16,0.48,0.2,0.28,0.24,0.04,0,0,0,0,0,0,1,0,0,0,0,0,0,0,0,0,1,0,0,0,0,0,1,0,0,1,0,0,0,0,0,1,0,0,0,1,1,1,0,0,1,0,0,0,0,0,0,0,0,0,0,0,1,0,0,1,0,0,1,0,0,1,0,0,0,0,0,0,0,0,0,0,0,0,0,1,1,1,0,0,1,0,1,0,0,0,1,1,0,0,1,1,1,0,0,0,1,1,0,0,0,1,0,0,0,0,1,0,0,0,0,1,0,0,1,0,0,0,0,0,1,0,0,0,0,1,0,0,0,0,0,0,0,0,0,0,1,0,0,0,1,0,0,1,1,1,0,1,0,0,0,1,0,0,0,1,1,0,0,0,0,0,1,0,0,0,0,0,0,0,1,1,0,0,0,0,0,0,0,0,0,0,0,0,0,0,0,0,0,0,0,0,0,0,0,0,0,1,0,0
a9d1c18f-9ab5-5540-9687-00c50c5cf586,b8d5d2c1-cdbd-5b99-afa9-28c8e42ef854,Kwale Fish Farming Farm #0687,Coastal Lowlands,Kwale,Fish Farming,0.68,-2.6747,39.23762,13,True,Informal Smallholder,0,6.6,2,Emerging Agribusiness,0.32,0.28,0.24,0.6,0.12,0.32,0.2,0.12,0,0,1,1,1,1,1,0,0,0,0,1,0,0,0,0,1,0,0,0,1,0,0,0,0,1,0,0,0,0,0,1,0,0,1,1,0,0,0,0,1,0,0,0,0,1,1,0,0,0,1,1,0,0,0,1,0,1,0,0,0,0,0,0,0,0,1,0,0,0,1,0,0,0,0,1,1,1,0,0,1,1,0,1,0,1,1,1,0,0,0,1,1,1,0,1,1,1,0,0,0,0,0,0,0,1,0,0,0,0,0,0,0,0,0,0,1,0,1,0,0,0,0,0,0,0,1,0,0,1,0,0,1,1,0,0,1,1,1,0,1,0,0,0,0,0,0,0,0,0,0,0,0,0,0,1,0,1,0,0,1,0,0,0,0,1,0,0,0,0,1,0,0,0,0,1,1,0,0,0,0,0,0,0,0,0,0,0,0,0,1,0,0,0,0,0,0,0,0,0
422b83cb-ae4d-545a-85bc-7399cb0ce465,d212afb8-7830-5577-8819-507f2346e6fe,Machakos Sorghum Farm #0688,Eastern Semi-Arid,Machakos,Sorghum,39.44,-0.758723,37.70559,11,True,Commercial Market Leader,2,20.28,5,Future Ready Farm,0.84,0.88,0.88,0.76,0.84,0.8,0.88,0.88,1,1,1,1,0,1,0,1,1,1,1,1,1,1,0,1,1,1,1,1,1,1,1,0,1,1,1,0,1,0,1,1,1,1,0,1,1,1,1,1,1,1,1,1,1,1,1,1,1,1,1,1,1,1,0,1,1,1,1,1,1,1,1,1,1,1,1,0,1,1,1,1,1,1,0,1,1,1,1,0,1,1,0,1,0,1,1,1,1,0,0,1,1,1,1,1,0,1,1,1,1,1,1,1,1,0,1,1,0,1,1,1,1,0,1,1,1,1,0,1,1,1,1,1,1,1,1,1,1,1,1,1,1,0,1,1,0,1,1,0,0,0,1,1,1,1,1,1,1,1,0,1,1,0,1,1,1,1,1,1,1,1,1,1,0,1,1,1,1,1,1,1,1,1,1,1,1,1,1,1,1,1,0,1,0,1,1,1,1,1,1,1,1,0,1,1,1,1,1,1
fc686225-9d5d-53c2-80e4-81a4b5ca91e0,14bd731b-cdb3-532f-9828-7b601ca630cf,Kitui Mangoes Farm #0689,Eastern Semi-Arid,Kitui,Mangoes,1.5,-1.201534,37.474352,19,True,Transitioning Agribusiness,1,12.36,3,Structured Farm,0.56,0.52,0.64,0.52,0.36,0.56,0.6,0.36,1,1,1,1,0,0,1,0,0,0,1,1,1,0,0,1,0,1,0,1,1,1,0,0,1,1,0,1,0,0,1,0,1,1,1,1,1,0,1,0,1,0,1,0,0,1,0,0,1,0,0,0,1,1,1,1,1,0,1,1,1,0,1,1,0,1,0,1,1,0,1,1,1,0,0,1,1,1,0,0,1,0,1,0,0,1,1,0,0,0,0,0,1,0,1,1,1,1,1,0,0,1,0,0,0,1,1,1,1,0,0,0,0,0,0,1,1,1,0,0,0,0,1,0,0,0,1,1,0,0,1,1,0,1,0,1,0,0,1,0,1,1,0,1,1,1,1,0,1,0,1,0,1,0,0,0,1,1,0,1,1,0,1,1,1,1,1,0,1,0,1,0,1,1,0,1,1,0,0,0,1,1,0,0,0,1,1,0,0,0,1,1,0,0,0,0,1,0,0,0
31628654-bfff-5483-9206-57f6b1565790,1e96e5c3-4b19-5b91-9791-9d340b0d4de4,Vihiga Maize Farm #0690,Western Kenya,Vihiga,Maize,1.5,-0.047071,34.232064,16,True,Transitioning Agribusiness,1,12.72,3,Structured Farm,0.44,0.44,0.68,0.68,0.56,0.48,0.56,0.4,1,1,1,1,0,0,0,1,0,0,1,1,0,1,0,1,0,0,1,0,1,0,0,0,0,1,1,1,0,0,0,1,0,0,0,1,0,0,1,0,1,1,0,1,0,1,0,0,0,1,1,1,1,1,0,1,1,1,1,0,1,1,1,0,1,1,1,0,0,0,1,1,1,0,0,1,0,1,1,1,1,1,1,0,1,1,1,1,0,0,1,1,1,1,0,1,0,0,1,0,1,1,1,1,0,1,0,0,0,0,1,1,0,0,1,1,1,1,1,0,0,1,1,0,0,0,0,1,0,0,1,0,0,0,1,1,1,1,1,0,0,1,1,0,0,1,0,1,1,0,1,1,0,1,0,1,1,1,0,0,1,0,0,0,1,1,1,1,1,0,1,1,0,0,0,1,1,0,0,0,0,1,0,0,0,1,1,1,0,0,1,0,0,0,0,1,1,1,0,0
46ca795f-ed41-5474-a6a7-b800ddf49778,7e2f5528-f818-5136-a13a-86ebbbf7063d,Kwale Cashew Farm #0691,Coastal Lowlands,Kwale,Cashew,2.8,-2.140012,39.410501,11,False,Informal Smallholder,0,5.04,2,Emerging Agribusiness,0.16,0.12,0.2,0.4,0.12,0.36,0.2,0.12,0,0,1,0,0,0,0,0,0,0,1,0,0,0,1,1,0,0,0,0,0,0,0,0,0,1,0,0,0,0,1,0,0,1,0,0,0,0,0,0,0,0,0,0,0,0,0,0,0,0,0,0,0,0,0,0,1,0,0,0,1,0,0,0,0,1,0,0,0,1,0,1,0,0,0,0,0,1,1,0,0,1,1,0,0,1,1,0,0,0,1,1,1,0,0,0,1,0,0,0,0,1,0,0,0,0,0,0,0,0,1,0,0,0,0,0,0,0,0,0,0,0,1,0,0,1,0,0,0,1,1,0,1,0,0,1,1,0,0,0,1,0,1,0,1,0,0,0,0,0,0,0,0,0,0,1,0,0,0,0,0,1,0,0,0,1,0,1,1,0,0,0,0,0,0,0,0,0,0,0,0,0,1,0,0,0,0,0,0,0,1,0,1,0,0,0,0,0,0,0
557e7e06-89fc-59bf-9d8b-3c9c225f86f9,8a1fd0ee-0b2b-5352-be8f-03b7b46879d9,Kericho Maize Farm #0692,Rift Valley,Kericho,Maize,33.56,-0.677963,35.90754,5,True,Commercial Market Leader,2,19.8,4,Investment Ready Farm,0.8,0.68,0.96,0.92,0.8,0.72,0.84,0.88,1,1,1,1,0,1,1,1,1,1,1,1,0,1,0,1,1,0,1,1,1,1,1,1,0,1,1,1,0,1,1,1,1,0,1,1,1,1,0,1,1,1,0,1,0,1,0,0,1,0,1,1,1,1,1,1,1,1,1,1,1,1,1,1,1,1,1,1,1,0,1,1,1,1,1,1,1,1,0,1,1,1,1,1,1,1,1,1,1,1,1,1,1,1,0,1,1,1,1,1,1,0,1,1,0,1,1,1,0,0,1,1,1,1,1,1,1,1,1,1,1,1,1,1,0,1,0,1,1,0,0,1,0,1,1,1,0,1,1,1,1,1,1,1,0,1,1,0,1,1,1,1,1,1,1,1,1,1,1,0,1,1,1,1,1,1,1,1,1,0,1,0,1,1,0,1,1,0,1,1,1,1,1,1,1,1,1,1,1,0,1,1,1,1,1,1,1,1,0,1
2cbf1e71-3185-5dc6-98a0-b3f34212efa6,f6a29e7a-6e40-52b8-b678-5109b42b573b,Nyeri Coffee Farm #0693,Central Highlands,Nyeri,Coffee,0.92,-1.233209,37.791759,13,False,Informal Smallholder,0,5.64,2,Emerging Agribusiness,0.24,0.28,0.24,0.4,0.2,0.36,0.12,0.04,0,0,1,0,0,0,0,1,0,0,0,0,0,0,1,1,0,0,0,0,1,0,0,0,1,1,0,0,0,0,0,0,1,0,0,1,0,0,0,0,1,0,1,0,0,0,1,1,0,0,0,0,0,0,1,0,0,0,0,0,1,1,0,0,0,1,0,0,1,0,1,0,0,0,0,0,1,1,0,0,0,0,1,1,0,1,1,1,1,0,0,0,1,0,0,0,1,0,0,0,1,1,0,0,1,0,0,0,0,0,1,0,0,0,0,0,0,0,0,0,0,1,0,0,0,0,1,0,0,0,1,0,0,0,1,0,1,0,0,0,1,1,1,0,0,1,0,0,1,0,0,0,0,0,1,1,0,0,0,0,0,0,0,0,0,1,0,0,0,0,0,0,0,0,0,0,0,0,0,0,0,0,0,0,0,0,0,0,0,0,0,0,0,1,0,0,0,0,0,0
1c105410-deb5-5f3f-b6bd-810db49424b8,1a509c95-d28c-51ae-9a5c-25756ae8fa0c,Kakamega Maize Farm #0694,Western Kenya,Kakamega,Maize,3.84,0.667551,34.24637,8,True,Informal Smallholder,0,4.44,5,Future Ready Farm,0.0,0.16,0.2,0.76,0.04,0.12,0.16,0.04,0,0,0,0,0,0,0,0,0,0,0,0,0,0,0,0,0,0,0,0,0,0,0,0,0,0,1,0,0,0,0,0,0,0,0,0,0,1,0,0,0,0,1,0,0,0,1,0,0,0,1,0,0,0,0,0,0,0,0,0,0,1,0,0,0,1,0,0,0,0,1,1,0,0,0,1,1,0,1,1,1,1,1,1,0,1,1,1,1,0,1,1,0,1,0,1,1,1,1,0,0,0,0,0,0,0,0,0,0,0,0,0,0,1,0,0,0,0,0,0,0,0,0,0,0,0,0,0,0,0,0,0,0,0,0,1,0,0,0,0,0,0,1,0,0,1,0,0,0,0,0,0,1,0,1,0,0,0,0,0,0,1,0,0,0,0,0,0,0,0,1,0,0,0,0,0,0,0,0,0,0,0,0,0,0,0,0,0,0,0,0,0,0,0,0,0,0,0,1,0
83db861b-5670-572f-8633-103497a75b6b,9b7f117e-6392-582e-9dd6-c879ee08dd66,Machakos Pigeon Peas Farm #0695,Eastern Semi-Arid,Machakos,Pigeon Peas,22.03,-1.914413,37.423187,14,True,Commercial Market Leader,2,19.08,4,Investment Ready Farm,0.8,0.64,0.88,0.88,0.76,0.76,0.88,0.76,1,1,1,0,0,1,1,1,0,1,1,1,1,1,1,1,1,0,1,1,1,1,1,1,0,1,0,0,0,0,1,1,1,1,0,1,1,1,0,0,1,0,1,1,1,1,1,0,1,1,1,0,1,1,1,1,1,0,1,1,1,1,1,0,1,1,1,1,1,1,1,1,1,1,1,1,1,1,1,1,1,1,1,1,0,1,1,1,1,1,0,1,0,1,1,1,1,1,1,1,1,1,1,1,0,1,1,1,1,0,1,1,0,1,1,1,1,1,1,0,0,1,1,1,0,1,1,1,0,1,1,0,1,0,0,1,1,1,1,0,1,1,0,1,1,1,1,1,1,1,1,1,1,1,0,0,1,1,0,1,1,1,1,1,1,1,1,1,1,1,1,1,1,1,1,1,1,0,1,0,1,1,1,1,1,1,1,1,1,0,1,1,1,1,0,0,1,1,1,0
f3b48c77-7097-5205-bbaf-ac27bd5239a4,8b30a472-6124-548f-9340-caabc58d31bc,Siaya Maize Farm #0696,Western Kenya,Siaya,Maize,12.44,0.902822,34.484398,10,True,Transitioning Agribusiness,1,10.8,3,Structured Farm,0.56,0.48,0.44,0.56,0.52,0.6,0.28,0.16,0,1,0,1,0,1,0,0,0,0,1,1,1,1,0,1,1,1,1,1,0,0,1,0,1,1,1,1,1,1,1,0,0,0,0,1,1,0,1,0,1,0,1,0,0,0,0,0,1,0,1,0,1,0,1,1,0,1,1,0,0,1,0,0,0,0,1,1,0,1,0,0,1,0,0,1,1,1,0,0,1,1,1,0,0,1,0,0,1,0,1,1,1,1,0,0,1,0,1,0,1,1,1,0,0,0,1,1,0,0,1,1,1,0,0,1,1,1,0,0,1,0,1,0,0,1,0,1,0,0,1,1,1,1,0,1,0,1,0,0,1,1,0,1,0,1,1,1,1,0,1,1,0,0,0,1,0,0,0,0,1,1,0,0,0,0,1,0,0,0,0,1,0,0,0,0,0,0,0,0,0,0,0,1,0,1,0,0,0,0,0,0,0,0,0,1,1,0,0,0
ca5c1046-855d-5c59-afbd-c514a5eda498,08aae215-a984-5c71-825b-83a9b7db151f,Nandi Wheat Farm #0697,Rift Valley,Nandi,Wheat,1.5,-0.464066,36.228037,10,True,Transitioning Agribusiness,1,11.64,3,Structured Farm,0.4,0.44,0.44,0.8,0.36,0.6,0.36,0.48,0,1,0,0,0,1,1,0,0,0,0,0,1,0,1,1,1,0,0,0,1,1,1,0,0,1,0,0,1,0,0,0,1,0,1,1,0,1,1,0,0,1,0,0,0,1,1,1,0,0,1,0,0,1,0,1,1,0,1,1,0,0,0,1,0,1,0,0,0,0,1,0,0,1,1,1,1,1,1,1,1,1,1,0,1,1,1,0,1,0,1,1,1,1,0,1,1,1,1,0,1,1,1,0,1,1,0,0,0,0,0,1,0,0,0,0,0,0,0,0,1,1,1,0,0,1,1,1,1,0,1,1,1,0,1,0,0,1,0,0,1,0,1,1,0,1,1,1,0,0,1,0,0,0,0,1,0,0,0,1,1,1,0,0,0,1,1,0,0,0,1,0,0,0,1,1,0,1,0,0,1,1,0,1,1,1,1,0,0,0,0,1,0,0,0,1,1,1,0,0
760344f2-0a74-53de-8a51-e14664f0e821,4bd9d179-ac5a-5905-9d58-eb7fba015617,Bomet Wheat Farm #0698,Rift Valley,Bomet,Wheat,12.15,-1.060576,35.519764,4,True,Transitioning Agribusiness,1,12.96,3,Structured Farm,0.52,0.52,0.64,0.68,0.52,0.68,0.48,0.28,0,0,0,0,0,1,0,0,0,0,1,1,1,1,1,1,1,1,1,0,0,1,1,1,0,1,1,0,0,0,0,1,1,1,1,1,0,1,1,0,1,1,0,1,0,0,1,0,0,0,1,1,1,0,1,1,1,1,0,0,1,1,1,1,0,1,1,1,0,0,0,1,1,0,0,1,1,1,0,0,1,1,0,1,1,1,1,1,1,1,0,1,0,1,1,0,1,1,0,0,1,1,0,0,0,0,1,1,1,0,0,1,0,1,0,1,1,1,1,0,0,1,1,0,0,1,0,0,1,0,1,0,1,1,0,1,1,1,1,1,1,0,1,0,1,1,1,1,1,0,0,0,0,0,1,1,1,0,0,0,1,1,0,0,0,1,1,1,0,0,1,1,1,1,0,0,1,0,0,0,0,0,0,0,0,1,1,0,0,0,0,1,1,0,0,1,0,1,0,0
e9bdc610-2121-5102-9bfc-0939035e1750,c7e6dcdd-ecd3-55eb-a078-efdac16c6c59,Uasin Gishu Dairy Farm #0699,Rift Valley,Uasin Gishu,Dairy,2.02,0.719288,36.282419,2,True,Transitioning Agribusiness,1,10.92,3,Structured Farm,0.44,0.4,0.52,0.64,0.48,0.48,0.44,0.24,0,1,0,0,0,1,0,0,0,0,0,1,1,0,0,1,0,1,1,0,1,1,1,1,0,1,0,1,1,0,1,0,1,1,0,1,0,0,1,0,1,1,0,0,0,0,0,0,0,0,1,1,1,1,0,1,0,0,1,1,1,0,0,0,0,0,0,1,0,1,0,1,1,0,1,0,0,1,0,0,1,1,1,0,0,1,1,1,0,1,1,1,0,1,1,1,1,1,1,0,1,1,0,0,0,1,1,1,0,0,0,1,1,0,0,0,1,1,1,0,0,0,1,1,0,1,1,1,0,0,1,1,0,0,0,0,1,1,1,0,1,0,1,0,0,1,0,0,1,0,0,1,0,1,0,1,0,1,1,1,0,0,1,0,0,1,0,1,0,0,0,1,0,1,0,1,0,0,0,0,0,1,0,0,0,1,0,0,0,0,1,0,0,0,0,1,0,1,0,0
5b63fa65-f73b-5749-acce-764475dc3f88,3a18fb7e-0254-5c0f-a335-9ea038f4c85b,Lamu Fish Farming Farm #0700,Coastal Lowlands,Lamu,Fish Farming,1.86,-3.850921,39.08342,12,False,Informal Smallholder,0,4.8,5,Future Ready Farm,0.12,0.12,0.32,0.52,0.08,0.24,0.04,0.16,0,0,0,0,0,1,0,0,0,0,0,1,0,0,0,0,0,0,0,0,1,0,0,0,0,0,1,0,0,0,1,0,0,0,0,0,0,0,0,0,1,0,0,0,0,0,0,0,0,0,1,0,1,0,0,0,1,0,0,1,0,1,0,0,0,0,0,1,0,1,1,0,0,0,0,1,1,1,0,0,1,0,1,0,0,0,1,1,0,0,0,0,1,0,1,1,1,1,1,0,0,1,0,0,0,1,0,0,0,0,0,0,0,0,0,0,0,0,0,0,0,0,0,0,0,0,0,0,0,0,1,1,0,0,0,0,0,0,0,0,1,1,0,0,0,1,0,1,0,0,0,1,0,0,0,0,0,0,0,0,0,0,0,0,0,0,0,0,0,0,0,0,0,0,0,1,0,1,0,0,1,0,0,0,0,0,0,0,0,1,0,0,0,0,0,0,0,0,0,0
4c4ac0ae-4d06-5065-b841-9775b32eb241,1e25fe63-fed5-5ce1-b7bd-d65bba002e22,Embu Macadamia Farm #0701,Central Highlands,Embu,Macadamia,2.58,-0.785905,37.292242,9,False,Informal Smallholder,0,5.04,2,Emerging Agribusiness,0.12,0.2,0.12,0.52,0.16,0.36,0.12,0.08,0,0,0,0,0,1,0,0,0,0,1,0,0,0,0,0,0,1,0,0,0,0,0,0,0,0,1,0,0,1,0,0,1,0,0,0,0,0,0,0,0,1,0,0,0,1,0,0,0,0,0,0,0,1,0,1,0,0,0,0,0,0,0,0,0,1,0,0,0,0,0,0,0,0,0,1,1,0,0,0,0,1,1,1,0,1,1,1,0,0,0,0,1,0,1,1,1,1,0,0,1,0,0,0,0,0,0,0,0,0,1,0,0,0,0,0,1,0,0,0,1,0,0,0,0,1,1,1,0,0,0,0,1,0,0,1,1,0,0,0,1,1,0,0,0,0,0,0,1,0,0,0,0,0,0,0,0,0,0,0,1,0,0,0,0,0,0,0,0,0,1,0,0,0,1,0,0,0,0,0,0,0,0,0,0,0,0,0,0,0,0,1,1,0,0,0,0,0,0,0
7aeb6d44-a05b-595e-8879-39462effcd13,0813fd77-a208-54e0-b371-1b7c0e32c1cc,Kwale Vegetables Farm #0702,Coastal Lowlands,Kwale,Vegetables,1.22,-4.241701,39.138956,12,False,Informal Smallholder,0,5.88,2,Emerging Agribusiness,0.24,0.2,0.32,0.52,0.16,0.32,0.08,0.12,0,0,0,0,0,1,1,0,0,0,0,0,1,1,0,0,1,0,0,0,1,0,0,0,0,0,0,0,0,0,1,0,0,0,0,1,1,0,1,0,0,0,0,0,0,0,0,0,0,1,1,0,0,1,0,1,1,1,0,0,1,1,0,0,0,0,1,0,0,0,0,0,0,0,0,1,1,1,0,0,1,1,0,1,0,1,1,0,0,0,1,1,1,1,0,1,0,0,0,0,1,0,0,0,0,0,0,0,1,0,1,0,0,0,0,1,0,0,0,0,0,0,0,0,0,1,0,0,0,0,1,1,0,0,0,1,0,1,0,0,1,1,0,0,0,1,0,0,0,0,0,0,0,0,0,1,0,0,0,0,0,0,0,0,0,1,0,0,0,0,0,0,0,0,0,0,1,0,0,0,0,0,0,0,0,1,0,0,0,0,1,0,0,0,0,0,0,0,0,0
25a5ebdd-a88a-5cfd-8bdf-e510a9f7f9aa,31b55218-52a7-5797-a051-38ea4bd87522,Kiambu Tea Farm #0703,Central Highlands,Kiambu,Tea,4.25,-0.523668,37.796429,10,False,Informal Smallholder,0,5.52,2,Emerging Agribusiness,0.12,0.16,0.32,0.48,0.2,0.36,0.16,0.04,0,0,0,0,0,0,0,0,0,0,1,0,0,0,0,0,1,0,0,0,0,0,1,0,0,0,0,0,0,0,0,1,1,0,1,0,0,0,0,0,0,0,0,0,0,0,0,0,1,0,1,1,0,0,0,1,0,0,0,1,1,1,0,0,0,1,0,0,0,0,0,1,0,0,0,1,1,0,1,0,0,0,1,0,1,1,1,1,0,0,1,0,0,0,0,1,1,1,0,0,1,1,0,0,0,1,0,0,0,0,0,1,0,1,0,0,0,0,0,0,0,0,0,0,0,0,0,1,1,0,1,0,0,0,0,1,1,0,0,1,1,0,0,0,0,1,0,1,0,0,0,0,0,0,0,0,0,0,0,1,1,0,1,0,0,0,0,1,0,0,0,0,0,0,0,0,0,0,0,0,0,0,0,0,0,0,1,0,0,0,0,0,0,0,0,0,0,0,0,0
e01bed5c-4596-5f18-9472-3f360cf8818c,2174e0df-bebe-5ecb-a790-8205e3c1d471,Murang'a Dairy Farm #0704,Central Highlands,Murang'a,Dairy,34.1,-0.651465,37.68282,1,True,Commercial Market Leader,2,18.84,4,Investment Ready Farm,0.56,0.92,0.88,0.8,0.76,0.84,0.84,0.68,1,0,1,0,0,1,1,1,0,0,1,1,1,0,0,1,0,1,1,0,1,1,0,1,0,1,1,1,1,1,1,1,1,1,0,1,1,1,1,1,1,1,1,1,0,1,1,1,1,1,1,1,1,1,0,1,1,1,1,1,1,1,0,1,1,1,1,1,1,1,1,1,1,1,0,1,1,0,1,0,1,1,1,1,0,1,1,1,1,0,1,1,1,1,1,0,1,1,1,1,1,1,1,0,1,0,1,1,1,1,1,1,0,0,0,1,1,1,1,0,1,1,1,1,1,1,0,1,0,0,1,1,1,0,1,1,1,1,1,1,1,1,1,1,1,1,1,1,1,1,1,1,1,1,0,1,1,0,1,1,1,1,1,1,1,1,1,1,1,1,0,1,1,1,0,0,1,0,0,1,0,1,1,1,1,1,1,0,0,1,1,1,0,1,0,1,1,1,1,1
84abd549-9a28-54e6-91a3-959d48fe3833,2b7219cd-b709-5c38-93fb-1423dda7ab79,Taita Taveta Vegetables Farm #0705,Coastal Lowlands,Taita Taveta,Vegetables,3.0,-2.322779,38.944783,14,False,Informal Smallholder,0,5.76,2,Emerging Agribusiness,0.2,0.08,0.24,0.68,0.12,0.24,0.2,0.16,0,0,0,0,0,0,1,1,0,0,0,0,0,0,0,1,1,0,0,0,1,0,0,0,0,0,0,0,1,0,0,1,0,0,0,0,0,0,0,0,0,0,0,0,0,0,0,0,0,0,1,0,0,0,0,0,1,0,0,0,0,0,0,0,0,1,0,0,1,0,0,1,0,0,1,1,1,1,1,1,0,1,1,1,0,1,1,0,0,0,1,0,1,1,0,1,1,1,0,1,0,1,0,0,0,0,0,0,0,0,0,0,1,0,0,0,0,0,0,0,0,1,0,0,0,0,1,0,0,0,0,0,0,0,0,0,0,1,0,1,0,0,1,1,0,0,1,0,0,0,1,1,0,0,0,0,1,0,0,0,0,1,0,0,0,0,0,0,0,0,1,0,0,0,0,0,0,0,0,0,1,0,0,0,1,0,0,0,0,1,0,0,0,0,0,0,0,0,1,0
f23644b6-f048-5525-850b-5fe72e2ab1f7,872d784d-990d-5e3d-ae86-4421b1fe84b9,Nakuru Horticulture Farm #0706,Rift Valley,Nakuru,Horticulture,2.73,0.574201,35.453624,20,True,Transitioning Agribusiness,1,13.2,3,Structured Farm,0.48,0.6,0.6,0.72,0.44,0.44,0.72,0.4,1,1,0,0,0,0,0,1,0,0,0,1,1,1,0,1,1,0,0,1,1,1,1,0,0,1,1,1,0,0,1,1,1,1,0,1,1,0,1,0,1,1,1,0,0,1,1,0,0,0,1,1,1,0,0,0,1,1,0,0,1,1,1,1,0,1,1,1,0,0,1,1,1,0,0,1,1,0,1,1,1,1,0,1,0,1,1,0,1,0,1,1,1,1,0,1,1,0,1,1,1,1,0,1,0,1,1,0,0,0,0,1,0,0,0,1,0,0,1,0,1,1,1,0,0,1,1,0,0,0,1,1,1,1,0,1,1,0,0,0,0,0,0,1,0,1,0,1,0,0,1,1,1,0,0,1,0,1,1,0,1,1,1,1,0,1,1,0,1,1,1,1,0,1,1,1,0,0,0,0,1,1,1,0,0,0,1,1,1,0,1,1,0,0,0,0,0,1,0,0
2b1996b6-0d2a-54b2-9d01-10d723b6f0fa,cbbd0871-276c-5bfd-8aac-35159dfa4e23,Tharaka Nithi Cowpeas Farm #0707,Eastern Semi-Arid,Tharaka Nithi,Cowpeas,1.98,-2.224718,38.155472,17,True,Transitioning Agribusiness,1,10.2,3,Structured Farm,0.52,0.48,0.44,0.48,0.4,0.48,0.28,0.32,1,0,0,0,0,1,1,1,0,0,1,1,1,1,0,1,1,0,0,0,1,1,1,0,0,0,0,0,0,0,0,1,1,0,0,1,1,1,1,1,1,1,0,0,0,1,1,0,1,0,1,0,0,0,0,1,1,0,1,0,1,1,0,0,0,1,1,1,0,0,1,0,0,1,0,1,0,0,0,1,1,1,1,0,1,0,1,0,0,0,1,0,0,1,0,1,0,1,1,0,0,0,1,0,0,1,0,0,0,0,0,1,1,0,0,0,1,1,0,0,1,1,1,1,0,0,0,1,0,1,1,1,0,0,0,1,1,0,0,1,1,1,1,1,0,0,1,0,0,0,1,0,1,0,0,0,0,0,1,0,0,0,0,0,0,1,1,0,0,0,1,0,1,0,0,0,1,1,0,0,1,1,0,0,0,0,1,0,0,1,1,0,0,0,0,1,0,0,0,0
a0675fa6-20f6-5006-bfb3-063425062f22,d9fffd21-db18-56bd-b98c-ebf60067d8ac,Kitui Green Grams Farm #0708,Eastern Semi-Arid,Kitui,Green Grams,7.56,-1.828779,38.09697,13,False,Transitioning Agribusiness,1,11.52,3,Structured Farm,0.4,0.52,0.56,0.8,0.36,0.56,0.36,0.28,1,0,0,1,0,1,1,0,1,0,1,0,0,0,0,1,0,1,0,0,1,1,0,0,0,1,1,0,1,0,1,1,0,0,0,0,0,1,1,0,1,0,1,0,0,1,1,1,1,0,1,1,1,0,0,1,1,0,1,0,1,1,0,1,0,1,1,0,1,0,0,1,0,0,1,1,1,1,1,1,1,1,0,1,0,1,1,1,1,0,1,1,1,1,0,1,0,1,1,1,0,0,0,0,0,1,1,1,0,0,0,0,1,1,1,1,0,0,1,0,0,1,0,0,0,1,1,1,0,0,0,1,0,1,0,1,1,0,0,0,1,1,1,1,0,1,1,1,0,0,1,1,0,1,1,1,0,0,0,0,0,0,0,1,0,1,0,0,0,0,1,0,0,1,0,1,0,0,0,1,0,0,0,1,1,0,0,1,0,0,0,0,0,0,0,0,1,0,1,0
71179a01-01d8-5b8c-99b7-417ebf531cb0,e0f3b12c-d81d-5abb-8ddb-6e5bf091fd66,Kiambu Avocado Farm #0709,Central Highlands,Kiambu,Avocado,2.0,0.077086,37.546407,9,False,Informal Smallholder,0,6.12,2,Emerging Agribusiness,0.28,0.24,0.16,0.48,0.32,0.28,0.16,0.12,0,0,0,0,0,1,0,0,0,0,1,1,1,0,0,1,1,0,0,0,0,1,0,0,0,0,1,1,0,0,0,0,1,0,0,0,0,1,0,0,0,0,0,0,0,0,1,0,1,0,0,0,1,0,0,0,0,1,1,0,0,0,0,0,0,0,0,1,0,0,0,0,0,0,0,1,1,1,1,0,1,0,1,1,0,0,0,0,0,0,1,1,1,0,0,1,1,0,0,0,1,0,0,1,0,1,0,0,1,0,0,0,1,0,0,1,0,0,0,0,0,0,0,1,1,1,1,1,0,0,0,1,0,0,0,1,0,0,0,0,1,1,0,0,0,0,0,0,0,0,0,0,0,0,0,0,0,0,0,0,1,0,0,1,0,0,1,1,0,0,0,0,0,0,0,0,0,0,0,0,0,0,0,0,0,1,0,0,0,0,1,0,0,0,0,1,0,0,0,0
685182f4-c2c4-5bd4-8a39-0494459365ca,c05e0eb4-deb4-5e6a-a389-e9e09dea9f14,Makueni Cowpeas Farm #0710,Eastern Semi-Arid,Makueni,Cowpeas,2.98,-2.344173,38.12464,22,True,Informal Smallholder,0,5.28,2,Emerging Agribusiness,0.16,0.08,0.28,0.64,0.2,0.16,0.2,0.04,0,0,0,0,0,1,0,0,0,0,0,0,0,1,0,0,0,0,0,0,0,0,1,1,0,1,0,0,0,0,0,0,0,0,0,0,0,0,0,0,0,0,0,1,0,0,0,0,0,0,1,0,0,0,0,1,1,0,1,0,0,1,1,0,0,1,0,0,0,0,0,0,0,0,0,1,1,1,0,0,1,1,0,1,0,0,1,1,0,1,0,1,1,1,0,1,1,0,1,1,0,1,0,0,0,0,0,0,0,0,1,0,0,0,0,1,0,0,0,0,1,0,1,0,0,1,0,0,0,0,0,0,0,1,0,0,0,0,0,1,0,0,0,0,0,1,0,0,0,0,0,0,0,0,0,1,0,0,0,0,1,0,0,0,1,0,0,0,0,0,1,1,0,0,0,0,0,0,0,0,0,0,0,0,0,0,0,0,0,0,0,0,0,0,1,0,0,0,0,0
f37e63a1-3084-54f2-bb61-f74503e0606a,f383c952-4ddf-5596-b119-cd38a86a7e5d,Nyeri Tea Farm #0711,Central Highlands,Nyeri,Tea,9.97,-0.036501,37.173427,17,True,Commercial Market Leader,2,19.32,4,Investment Ready Farm,0.92,0.76,0.76,0.72,0.88,0.8,0.88,0.72,1,1,1,1,0,1,1,1,1,0,1,1,1,1,1,1,1,1,1,1,1,1,1,1,1,1,1,1,1,1,1,1,1,1,0,1,1,1,1,0,0,1,0,0,0,1,1,1,1,1,1,1,1,1,0,1,1,0,0,1,1,1,1,1,1,1,1,0,0,1,0,1,1,1,1,1,1,1,1,0,0,1,1,1,1,1,1,1,1,0,1,1,0,0,1,0,1,1,1,0,1,0,1,1,1,1,1,1,1,1,1,1,1,1,1,1,1,1,1,1,0,1,1,0,1,1,1,1,0,1,1,1,1,1,0,1,1,1,1,1,1,1,0,1,0,1,1,1,0,1,1,1,1,1,0,1,1,1,1,1,1,1,1,1,0,1,1,1,1,1,1,1,1,1,0,1,1,0,0,1,1,1,1,1,0,1,1,1,1,0,1,1,0,1,1,1,1,1,0,0
6b32b881-6152-5d79-a5ec-deb72eea44ee,26ade0ab-076a-5742-9ab7-8a5f7378f9a4,Kakamega Horticulture Farm #0712,Western Kenya,Kakamega,Horticulture,7.64,-0.098088,34.575931,17,True,Transitioning Agribusiness,1,12.84,3,Structured Farm,0.64,0.32,0.72,0.6,0.56,0.68,0.4,0.36,1,1,0,0,0,1,1,1,1,0,1,1,0,1,0,1,1,0,1,0,0,1,1,1,1,0,1,1,0,0,0,0,1,0,0,0,1,0,0,0,0,0,0,1,0,1,1,1,0,0,1,1,0,0,1,1,0,1,0,1,1,1,1,0,0,1,1,1,1,1,1,1,1,1,0,1,1,1,1,0,1,0,0,0,1,0,1,0,0,0,1,1,1,1,1,1,1,0,0,1,1,0,0,1,0,1,1,0,1,0,1,0,1,0,1,1,0,1,1,0,1,1,1,0,0,1,1,1,1,0,1,1,0,1,0,1,1,0,1,0,1,1,0,1,0,1,1,1,0,1,0,1,1,1,1,1,0,1,0,0,0,0,1,0,0,1,0,0,0,0,1,1,0,0,0,0,0,0,1,0,1,1,0,0,0,1,1,0,0,0,1,1,0,0,0,1,1,0,0,0
bf2a4c85-7b67-5ab2-8745-603c22d34dfa,70573e3e-dd6d-5e25-9a4e-42867d42cb05,Kakamega Maize Farm #0713,Western Kenya,Kakamega,Maize,13.88,0.224994,34.478503,11,True,Transitioning Agribusiness,1,13.2,3,Structured Farm,0.44,0.6,0.56,0.64,0.64,0.64,0.56,0.32,0,1,1,1,0,1,1,1,0,0,1,0,0,0,0,1,1,0,0,0,1,0,0,1,0,0,1,1,1,0,1,1,1,0,0,1,1,1,1,0,0,1,1,0,0,1,1,1,0,0,1,1,1,1,0,1,1,0,1,0,1,1,1,0,0,0,0,0,1,1,1,0,0,1,0,1,0,0,0,1,1,1,0,0,1,1,1,1,0,0,1,1,1,0,1,1,1,0,1,1,1,1,0,1,1,1,1,1,0,1,1,1,1,0,0,1,0,1,0,0,1,1,1,0,0,1,1,0,0,0,1,0,1,0,0,1,1,1,1,1,1,1,1,0,0,1,1,1,1,0,1,1,0,0,0,1,0,1,1,0,1,1,0,1,0,1,1,1,0,0,1,0,1,1,0,1,0,1,0,0,0,1,0,0,0,1,1,0,1,0,0,0,1,0,0,0,1,0,0,0
59128b52-6a15-55af-a611-7510a0eb66a1,24c57cc0-df59-55db-9589-8ae3759ddfd1,Kilifi Coconut Farm #0714,Coastal Lowlands,Kilifi,Coconut,29.57,-2.698476,38.653512,19,True,Commercial Market Leader,2,20.4,5,Future Ready Farm,0.96,0.76,0.84,0.72,0.88,0.96,0.96,0.72,1,1,1,1,1,1,1,1,1,1,1,1,1,1,1,1,1,1,1,0,1,1,1,1,1,1,1,1,1,0,1,1,1,0,1,1,1,1,0,1,1,1,0,1,1,1,0,1,0,1,1,1,1,0,0,1,1,1,1,1,1,1,1,1,1,1,1,1,1,0,1,1,0,1,1,1,1,1,1,1,0,0,1,1,0,0,1,1,1,1,0,1,1,1,1,1,1,0,1,0,1,0,1,1,1,1,1,1,1,1,1,1,1,1,0,1,1,1,1,0,1,1,1,1,1,1,1,1,1,0,1,1,1,1,1,1,1,1,1,1,1,1,1,1,1,1,1,1,1,1,1,1,1,1,1,1,1,1,1,1,1,1,1,1,1,1,1,1,1,0,1,1,1,1,1,1,1,0,1,1,1,1,1,0,1,1,1,0,0,1,0,0,1,1,1,1,1,1,1,0
9f5f2795-075e-530e-b6aa-05d84bee9c60,3aab6e4f-6806-5974-bc48-46f4fa941043,Bungoma Horticulture Farm #0715,Western Kenya,Bungoma,Horticulture,8.96,1.181265,34.950634,13,True,Transitioning Agribusiness,1,12.0,3,Structured Farm,0.68,0.44,0.56,0.64,0.4,0.56,0.44,0.28,1,1,0,0,0,1,0,1,1,0,0,1,1,1,1,1,1,1,1,0,1,1,0,1,1,1,1,1,0,1,1,0,0,0,0,0,1,0,0,0,1,1,1,1,0,0,1,0,0,0,1,0,0,0,1,1,1,1,0,0,1,1,0,1,0,1,0,1,1,0,1,0,1,1,0,1,1,0,1,0,0,1,1,0,0,1,1,1,0,1,1,1,1,0,1,1,0,1,1,0,1,0,0,1,1,1,1,0,0,0,1,0,0,0,0,1,0,0,0,0,1,1,0,1,0,1,0,1,1,0,0,1,0,1,1,0,1,1,0,0,0,1,1,0,0,1,1,1,0,1,0,0,0,0,1,0,1,1,0,0,1,1,0,0,0,1,1,1,0,0,1,1,1,0,0,1,0,1,0,0,1,0,0,0,0,1,0,0,0,0,0,0,1,0,0,0,0,1,1,0
18bb14ee-90d6-5d8e-b774-8ecd85d3ccc4,e3700dc4-23ec-5ec0-ad32-7a824a8938f8,Nyeri Horticulture Farm #0716,Central Highlands,Nyeri,Horticulture,2.74,-0.017834,37.528165,18,True,Informal Smallholder,0,5.28,2,Emerging Agribusiness,0.12,0.2,0.28,0.36,0.16,0.28,0.28,0.08,0,1,0,0,0,0,1,0,0,0,1,0,0,0,0,0,0,0,0,0,0,0,0,0,0,1,1,1,0,0,1,0,0,0,0,0,0,0,0,0,1,0,0,0,0,0,0,0,0,0,1,0,0,0,0,1,0,1,0,0,1,1,0,0,0,0,1,0,0,0,0,0,1,0,0,0,1,0,0,0,1,0,1,0,0,0,1,1,1,0,0,1,1,0,0,1,0,0,0,0,1,0,0,0,0,0,0,0,0,0,0,0,0,1,1,0,0,0,0,0,1,0,0,0,0,0,0,1,0,0,1,1,0,0,0,0,0,0,1,0,0,0,0,1,0,1,1,0,0,0,1,0,0,0,1,1,1,1,0,0,0,0,0,0,0,1,0,1,0,0,0,0,0,0,0,0,0,0,0,0,0,0,0,0,0,0,0,1,0,0,1,0,0,0,0,0,0,0,0,0
df851d38-1471-58f3-a663-076c594dd712,ae06f35a-1eb4-59f2-a357-70f7eeb92169,Kitui Sorghum Farm #0717,Eastern Semi-Arid,Kitui,Sorghum,1.5,-2.42848,38.086194,9,True,Transitioning Agribusiness,1,11.4,3,Structured Farm,0.44,0.44,0.52,0.68,0.36,0.6,0.44,0.32,1,1,0,0,0,0,0,1,1,0,1,1,1,0,0,0,0,1,0,1,0,1,1,0,0,0,1,1,0,0,1,0,0,1,0,1,1,0,0,0,1,1,0,1,0,0,1,1,0,0,1,0,0,0,0,1,1,1,1,0,1,0,0,0,0,1,1,0,1,1,1,1,1,0,0,1,0,0,1,0,1,1,1,0,0,1,0,0,1,0,1,1,1,1,1,1,1,1,1,1,1,0,0,0,0,1,1,0,0,0,1,1,1,0,1,1,0,0,0,0,0,1,0,0,0,1,1,0,1,1,1,1,1,1,0,1,1,0,0,1,0,0,1,1,0,0,1,1,0,0,1,1,1,0,0,0,0,1,0,0,0,0,0,0,0,1,1,1,1,1,1,0,1,0,0,0,0,1,0,0,1,0,1,1,0,0,1,0,1,0,1,0,0,0,0,1,0,0,0,0
d3a34ac5-eaf3-5d59-81db-58b7814d06cf,5b0c81b9-db2f-5665-a0e6-e10a6da4253b,Trans Nzoia Maize Farm #0718,Rift Valley,Trans Nzoia,Maize,4.68,-0.807944,35.482768,11,False,Informal Smallholder,0,5.04,2,Emerging Agribusiness,0.16,0.16,0.28,0.56,0.08,0.2,0.2,0.04,1,0,0,0,0,1,1,0,0,0,0,0,0,0,0,0,0,1,0,0,0,0,0,0,0,1,0,0,0,0,1,0,0,0,1,1,0,0,0,0,0,0,0,0,0,0,0,0,0,0,1,1,0,0,0,0,1,0,0,0,0,0,0,1,1,0,1,0,0,0,0,0,1,0,0,1,1,1,0,0,1,1,0,0,0,1,1,1,1,0,1,1,1,0,0,0,1,0,0,1,0,0,0,0,0,1,0,0,0,0,0,1,0,0,0,0,0,0,0,0,0,0,0,0,0,1,0,0,0,0,0,0,1,0,0,0,0,0,0,0,0,1,1,0,0,1,0,0,0,0,0,1,0,0,0,1,0,0,0,0,0,0,1,0,0,0,0,0,1,0,0,1,0,0,0,1,0,0,0,0,0,0,0,0,0,0,0,0,0,0,0,0,0,0,0,0,0,0,0,0
25c07c2f-b76e-56d8-876e-36f4306c6870,a4009653-1e36-54c1-8254-785fa3e8c75c,Nakuru Maize Farm #0719,Rift Valley,Nakuru,Maize,7.67,-0.612518,36.329747,1,True,Transitioning Agribusiness,1,12.12,3,Structured Farm,0.48,0.48,0.56,0.68,0.44,0.6,0.48,0.32,0,1,1,0,0,1,1,1,0,0,0,0,1,0,0,1,0,0,1,1,0,1,1,0,1,1,0,1,1,1,1,1,0,0,0,1,1,0,1,0,0,0,1,1,0,0,1,0,0,0,1,0,0,0,0,1,1,0,0,0,1,1,0,1,1,1,1,1,0,0,1,1,1,0,1,1,0,1,1,0,0,1,1,0,1,0,1,1,1,0,1,1,1,0,1,1,1,0,1,1,1,0,0,0,0,1,1,1,0,0,0,1,0,0,0,1,1,0,0,0,1,1,1,1,0,1,1,1,1,0,1,1,1,1,0,0,0,0,0,0,0,1,1,0,0,1,1,1,1,1,1,0,0,0,0,0,1,0,0,0,1,1,1,0,0,1,0,1,1,0,1,1,1,0,1,1,1,0,0,0,0,1,0,0,0,1,1,0,1,0,0,0,0,1,0,1,0,0,0,0
3e47f26f-2811-58ac-8710-0ae8d78796f2,c363ab85-322d-5f38-a96b-b32eb3325267,Kwale Fish Farming Farm #0720,Coastal Lowlands,Kwale,Fish Farming,23.54,-4.470937,38.972831,13,True,Commercial Market Leader,2,20.16,5,Future Ready Farm,0.8,0.88,0.96,0.76,0.8,0.92,0.76,0.84,1,1,1,1,1,1,1,1,1,0,1,1,0,0,1,1,1,0,1,1,1,1,1,1,0,1,1,1,0,1,1,1,0,1,1,1,1,1,1,1,1,1,1,0,1,1,1,1,1,1,1,1,1,1,1,1,1,1,1,1,1,1,1,0,1,1,1,1,1,1,1,1,1,1,1,1,1,0,1,1,1,1,1,1,0,1,0,0,1,1,1,1,1,1,0,1,0,1,1,1,1,1,1,1,1,1,1,0,1,1,1,1,0,1,0,1,0,1,1,0,1,1,1,1,1,1,1,1,1,1,1,1,1,1,1,1,0,0,1,1,1,1,1,1,1,1,1,1,1,1,1,1,1,1,0,1,1,0,1,1,1,1,1,1,1,1,0,1,1,0,1,1,0,1,0,1,1,1,1,0,1,1,1,1,0,1,1,1,1,1,0,1,1,0,1,1,1,1,1,1
c115c29a-d37b-55bd-9b54-d7616f186871,6099ebc7-925f-5669-96bd-2e3ecbd5ef71,Kitui Pigeon Peas Farm #0721,Eastern Semi-Arid,Kitui,Pigeon Peas,1.5,-2.344335,37.742687,20,True,Transitioning Agribusiness,1,10.92,3,Structured Farm,0.52,0.44,0.44,0.64,0.44,0.48,0.44,0.24,1,1,1,0,0,0,0,1,0,0,1,1,1,0,0,1,1,1,0,1,1,0,0,1,0,1,1,1,0,0,1,0,0,1,0,1,1,1,0,0,0,0,0,0,1,0,1,1,0,0,1,1,0,1,1,0,1,0,0,0,1,0,1,0,1,1,0,1,0,0,0,1,0,0,0,1,1,1,1,0,1,1,1,0,0,1,1,1,1,0,1,1,0,1,1,0,1,0,0,0,0,1,0,1,0,1,1,0,1,1,1,1,1,0,0,0,0,0,0,0,1,1,0,0,0,1,1,1,0,0,1,0,0,0,0,1,1,0,1,0,1,0,1,1,0,1,1,0,0,0,0,0,0,0,0,1,0,0,1,1,1,1,1,1,0,1,0,1,0,0,1,1,0,0,0,0,0,0,0,0,0,0,0,0,0,1,0,0,0,0,1,1,1,1,0,1,0,0,0,0
62ac5f8a-3501-5c2d-8ce6-f5d86a91e8e5,e6f672e3-b2e8-5a24-885b-b90dd003d26a,Kisumu Horticulture Farm #0722,Western Kenya,Kisumu,Horticulture,2.3,0.880415,34.662873,11,False,Informal Smallholder,0,5.16,2,Emerging Agribusiness,0.16,0.2,0.16,0.6,0.12,0.24,0.16,0.08,1,1,0,0,0,0,0,0,0,0,0,0,0,0,0,1,1,0,0,0,0,0,0,0,0,1,1,0,0,0,1,0,0,0,0,0,0,0,0,0,0,1,1,0,0,0,0,0,0,0,1,0,0,0,0,0,0,0,0,0,0,0,0,0,1,1,0,0,0,0,0,0,1,0,0,1,1,1,0,0,1,0,1,1,0,1,1,1,0,0,1,1,0,1,0,1,1,0,1,0,1,0,1,0,0,1,0,0,0,0,0,0,0,0,0,0,0,0,0,0,0,0,0,0,0,1,0,0,0,0,0,0,0,0,0,0,1,1,0,0,0,1,0,0,0,1,0,1,0,0,0,0,1,0,0,0,0,0,0,0,1,0,1,0,0,0,0,0,0,0,1,0,0,0,0,0,0,0,0,0,0,0,0,0,0,0,0,1,0,0,1,0,0,0,0,0,0,0,0,0
07f97080-0bec-57a8-8b2a-a6d2da7faad1,cef570c9-6195-5313-b4f7-59b27289a4d1,Vihiga Dairy Farm #0723,Western Kenya,Vihiga,Dairy,2.45,0.67948,34.544599,5,False,Informal Smallholder,0,4.92,5,Future Ready Farm,0.12,0.28,0.2,0.4,0.16,0.2,0.12,0.16,1,0,0,0,0,0,0,0,0,1,0,0,0,0,0,1,0,0,0,0,0,0,0,0,0,1,0,0,1,0,0,1,0,0,0,0,0,0,0,1,0,1,0,0,0,0,1,1,0,0,1,0,0,0,0,0,1,0,0,0,0,1,0,0,0,0,1,0,0,0,0,1,0,0,0,1,0,0,1,0,1,1,0,1,0,0,0,1,0,0,0,1,0,1,0,0,1,1,0,0,0,0,0,0,0,1,1,0,0,0,1,0,0,0,0,1,0,0,0,0,0,0,0,0,0,1,0,0,0,0,0,1,0,0,0,1,0,0,0,0,0,1,0,0,0,0,1,0,0,0,0,0,0,1,0,0,0,0,0,0,0,0,0,0,0,1,0,1,0,0,0,0,0,0,0,0,0,0,0,0,1,1,0,0,0,0,1,0,0,0,1,0,0,0,0,0,0,0,0,0
33c0337a-3b7c-5528-97db-afb5d1075956,05357b8e-e255-570a-a618-9739c2d3d1f5,Murang'a Avocado Farm #0724,Central Highlands,Murang'a,Avocado,13.29,0.081151,36.811952,10,True,Commercial Market Leader,2,18.96,4,Investment Ready Farm,0.88,0.64,0.88,0.72,0.88,0.8,0.84,0.68,1,1,1,1,1,1,1,1,1,1,1,1,1,0,0,1,1,1,0,1,1,1,1,1,1,1,1,0,0,1,1,0,1,1,1,1,1,1,1,0,0,1,1,0,0,1,1,0,0,1,1,1,1,1,0,1,1,1,0,1,1,1,1,1,1,1,0,1,1,1,1,1,1,1,1,1,1,0,0,0,1,1,1,1,1,1,1,1,0,0,1,0,1,1,0,1,1,1,1,1,1,1,1,1,0,1,1,1,1,1,1,1,1,1,1,1,1,1,1,0,1,1,1,1,0,1,1,1,1,0,1,1,1,1,0,1,1,1,1,0,1,1,1,1,1,1,0,0,1,1,1,1,0,0,1,1,1,1,0,1,1,1,1,1,0,1,1,1,1,1,1,1,1,1,1,1,0,1,1,0,1,1,1,0,0,1,1,1,1,0,1,1,1,0,0,1,1,1,1,0
9d325872-afdb-5af8-b412-1ab5db5177ea,78103e87-748d-50a2-b660-3f209b326f29,Busia Cassava Farm #0725,Western Kenya,Busia,Cassava,2.09,0.821207,34.477723,15,True,Informal Smallholder,0,5.64,2,Emerging Agribusiness,0.2,0.32,0.12,0.6,0.16,0.16,0.2,0.12,1,1,1,0,0,0,1,0,0,0,0,0,0,0,0,0,0,0,0,0,1,0,0,0,0,0,1,0,1,0,1,0,0,0,0,1,0,0,1,0,1,1,1,0,0,0,0,0,0,0,1,0,0,0,0,0,0,0,0,0,0,0,0,0,0,1,0,0,0,0,1,0,0,0,0,1,1,0,1,0,1,1,0,1,0,1,1,0,0,0,1,0,1,1,1,1,1,1,0,0,0,0,0,0,0,0,0,0,0,0,0,0,0,1,0,1,0,0,0,0,1,1,0,0,0,0,0,1,0,0,0,0,0,0,0,1,0,0,0,0,0,0,0,0,0,1,0,0,0,1,1,0,0,0,0,1,0,1,0,0,1,0,0,0,0,1,0,0,0,0,0,0,0,0,0,0,0,0,0,0,0,0,1,0,0,0,0,0,0,0,0,1,0,0,0,0,1,0,0,0
7b0ae9b4-982d-5489-a9a8-d10093014a56,84b53cb6-3d53-588e-9780-5b6e9232c8ae,Embu Dairy Farm #0726,Central Highlands,Embu,Dairy,2.9,-0.548176,36.909445,10,True,Informal Smallholder,0,6.12,2,Emerging Agribusiness,0.24,0.12,0.28,0.68,0.16,0.32,0.2,0.04,0,1,0,0,0,1,0,0,0,0,0,1,0,0,0,0,1,0,1,0,0,0,0,1,0,1,0,0,0,0,0,0,0,0,0,1,0,0,0,0,0,0,0,0,0,1,0,0,0,0,1,0,0,0,0,0,1,0,1,0,0,1,0,0,0,1,0,1,0,0,1,0,0,0,0,1,0,1,0,0,1,1,0,0,0,1,1,1,1,0,1,1,1,1,0,1,1,1,1,1,1,1,0,0,0,0,1,0,0,0,0,0,1,0,0,0,0,0,0,0,0,0,0,0,0,1,0,1,1,0,1,0,1,0,0,1,0,0,0,0,0,0,0,0,0,0,1,0,1,0,0,0,0,0,1,0,0,0,0,0,0,0,1,0,0,0,1,0,1,0,0,1,0,0,0,0,0,0,0,0,0,0,0,0,0,0,0,0,0,0,0,0,0,0,0,0,1,0,0,0
3e863399-5fea-5ab4-8b5e-f62fd01a6c55,d7f9b59f-ead9-59da-abf8-6c3346d3ee7d,Vihiga Dairy Farm #0727,Western Kenya,Vihiga,Dairy,3.95,0.711752,34.109135,13,False,Informal Smallholder,0,5.04,2,Emerging Agribusiness,0.2,0.2,0.24,0.4,0.16,0.24,0.16,0.08,0,0,1,0,0,0,0,0,0,0,0,0,0,0,0,1,0,0,0,0,1,1,1,0,0,1,0,0,0,0,1,0,0,1,0,0,0,0,0,0,0,1,0,0,0,1,0,0,0,0,0,1,0,0,0,0,0,0,0,0,0,0,0,0,0,1,1,0,1,0,1,1,0,0,0,1,0,1,1,0,0,1,1,0,0,1,1,0,0,0,0,0,0,1,0,1,1,0,0,0,0,0,0,0,0,1,1,0,0,0,1,0,0,0,0,0,0,1,0,0,0,0,0,0,0,1,0,0,0,0,0,1,0,0,0,1,0,0,0,0,0,1,1,0,0,0,1,0,0,0,0,0,0,0,0,0,1,1,0,0,0,0,0,0,1,0,0,0,0,0,0,0,1,0,0,0,1,1,0,0,0,0,0,0,0,0,0,0,0,0,0,0,0,0,0,0,0,0,0,0
762495cb-7b79-56cb-99a4-991f2dcde138,827c0fe2-d1b5-5245-8962-91f41970cab9,Uasin Gishu Maize Farm #0728,Rift Valley,Uasin Gishu,Maize,1.96,-0.996566,36.244149,5,False,Informal Smallholder,0,6.0,2,Emerging Agribusiness,0.16,0.32,0.28,0.4,0.16,0.24,0.32,0.12,0,0,0,0,0,1,0,1,0,0,1,0,0,0,0,0,0,0,0,0,1,0,0,0,0,0,1,0,0,0,1,0,0,0,0,1,0,1,1,1,0,1,0,0,0,0,0,1,0,0,1,0,1,1,0,0,1,0,0,0,0,0,0,0,0,1,0,0,0,0,0,1,0,0,1,0,0,1,0,0,0,1,0,0,1,0,1,1,0,1,1,1,1,0,0,1,0,0,0,0,0,0,0,1,0,0,0,0,0,0,0,0,0,0,0,1,0,0,0,0,1,1,0,0,0,0,1,0,1,0,0,0,0,0,0,1,1,0,0,0,0,1,0,0,0,0,0,1,0,0,1,0,0,0,0,1,1,0,0,0,1,0,0,0,0,1,1,0,1,0,1,0,0,0,0,0,1,0,0,0,0,0,0,0,0,0,1,0,0,1,0,0,0,0,0,0,0,0,0,0
2154957e-cb8f-5351-b4c8-7b7e7b8c7697,70ebf8a2-8fd4-59d9-883e-e99fd0c653eb,Taita Taveta Cashew Farm #0729,Coastal Lowlands,Taita Taveta,Cashew,4.87,-2.322549,40.213751,9,False,Informal Smallholder,0,6.96,2,Emerging Agribusiness,0.36,0.24,0.36,0.44,0.28,0.28,0.12,0.24,0,1,0,0,0,0,0,0,0,1,0,1,0,0,0,0,1,1,0,0,1,1,1,1,0,0,1,1,0,0,1,0,0,1,0,0,0,0,0,0,0,0,0,0,1,0,0,0,0,1,1,0,0,0,0,0,1,0,0,0,1,1,0,0,0,1,1,0,1,0,0,1,0,1,0,1,1,0,0,0,1,1,0,0,0,0,0,1,1,0,1,1,1,0,0,1,1,0,0,0,1,1,0,0,0,0,0,0,0,0,0,1,1,0,0,0,0,0,0,0,1,1,1,0,0,0,1,0,0,0,1,0,0,0,1,1,0,0,0,0,1,1,0,0,0,1,0,0,0,0,0,0,0,0,0,0,0,0,0,0,0,1,0,0,0,0,1,0,0,0,1,0,0,0,0,0,0,1,0,0,1,0,0,0,0,1,0,1,0,0,1,0,1,0,0,0,0,0,0,0
8f23e51e-47e0-5300-bded-41562fba8cc3,fbc34595-60ad-50a5-9364-c8422a5e28b7,Trans Nzoia Tea Farm #0730,Rift Valley,Trans Nzoia,Tea,10.2,-0.74771,36.0236,7,True,Transitioning Agribusiness,1,13.08,3,Structured Farm,0.56,0.56,0.48,0.92,0.44,0.68,0.44,0.28,1,0,0,0,0,0,1,0,0,0,1,1,1,1,1,1,1,1,0,0,1,1,0,1,1,1,1,1,1,0,0,0,0,0,0,1,0,1,1,1,1,1,1,0,0,1,0,1,1,0,0,0,0,0,0,0,0,0,1,0,0,1,1,1,1,1,1,1,1,1,0,0,1,1,0,1,1,1,1,0,1,1,1,1,1,1,1,1,1,1,1,1,1,1,1,1,1,1,1,0,1,0,0,0,0,1,1,1,0,0,1,1,0,0,0,1,1,0,1,1,0,1,0,0,0,1,1,1,1,0,1,0,0,1,0,1,1,1,1,0,1,1,0,1,1,1,1,0,1,0,0,0,0,1,0,1,0,1,0,0,1,1,0,1,0,1,0,1,0,0,1,1,0,1,0,0,0,0,0,0,0,1,1,0,0,0,1,0,0,0,1,0,0,1,0,1,0,0,1,0
b1044c31-3d76-5bb1-8ba8-e6de2b505757,46ac4bc9-e9a6-5cfa-b9b0-7be6a3ace1a5,Murang'a Horticulture Farm #0731,Central Highlands,Murang'a,Horticulture,4.26,-1.257079,37.200061,6,False,Informal Smallholder,0,3.72,1,Informal Farm,0.08,0.12,0.08,0.36,0.2,0.08,0.24,0.08,1,0,0,0,0,0,0,0,0,0,0,1,0,0,0,0,0,0,0,0,0,0,0,0,0,0,1,0,0,0,1,0,0,0,0,0,0,0,0,0,1,0,0,0,0,0,0,0,0,0,0,0,0,0,0,1,0,0,0,0,0,0,0,0,0,0,0,1,0,0,0,0,0,0,0,1,0,1,0,0,0,0,0,0,0,0,0,1,1,0,1,0,0,1,0,1,1,0,0,1,0,0,0,0,0,0,1,0,0,0,0,0,0,0,1,1,0,0,1,0,0,1,0,0,0,1,0,0,0,0,0,0,0,0,0,0,0,0,0,0,0,0,1,0,0,0,0,0,0,0,1,0,1,0,0,0,1,0,0,0,1,0,0,0,0,0,0,0,0,0,1,1,0,0,0,1,0,0,0,0,0,0,0,0,0,0,1,0,0,0,0,0,0,0,0,0,0,0,0,0
08f19744-d320-56e3-8840-233c2a1a7ca9,2e5c462c-5941-5e2c-b1a1-6e1d25b528b1,Kisumu Cassava Farm #0732,Western Kenya,Kisumu,Cassava,0.5,0.903929,34.454602,13,True,Informal Smallholder,0,6.12,2,Emerging Agribusiness,0.32,0.24,0.2,0.56,0.24,0.2,0.24,0.04,1,0,0,1,0,1,1,0,0,0,1,0,0,0,0,1,0,0,0,0,1,1,0,0,0,0,0,0,0,0,0,0,1,0,0,0,0,0,1,0,1,0,0,0,0,1,1,1,0,0,1,0,0,0,0,0,0,0,0,0,1,0,1,0,0,1,1,0,0,0,0,0,0,0,0,1,1,0,1,0,1,0,1,1,1,1,1,0,0,0,1,1,1,0,0,1,0,1,0,0,0,0,0,0,0,0,1,0,0,0,1,0,0,0,1,1,1,0,0,0,1,0,0,0,0,1,0,0,0,0,1,0,0,0,0,0,0,1,0,0,0,1,1,0,0,0,0,0,0,0,1,1,0,0,0,0,0,0,1,0,1,0,0,0,0,0,1,0,0,0,0,1,0,0,0,0,0,0,0,0,0,0,0,0,0,0,0,0,0,0,1,0,0,0,0,0,0,0,0,0
72aea0ea-aa80-5efe-bd33-345d441b963e,4d668d8e-2d2f-5742-bd65-92e0306d237e,Kwale Cassava Farm #0733,Coastal Lowlands,Kwale,Cassava,1.12,-2.671786,39.8555,10,False,Informal Smallholder,0,6.0,2,Emerging Agribusiness,0.36,0.12,0.28,0.48,0.12,0.28,0.2,0.16,1,1,1,0,0,0,1,0,0,0,1,1,0,0,0,1,0,0,0,1,1,0,0,0,0,0,0,1,0,0,1,0,0,0,0,0,0,0,0,0,0,0,0,0,0,0,1,0,0,0,0,1,1,0,0,0,0,0,0,1,0,0,0,0,0,1,0,0,0,0,1,1,1,0,0,0,1,1,0,0,1,1,0,1,0,1,0,1,0,1,1,0,0,0,1,1,0,1,0,0,0,0,0,0,0,0,0,1,0,0,0,0,0,0,0,1,0,0,0,0,0,0,1,0,0,0,1,0,0,0,1,0,1,0,0,1,0,0,1,0,0,0,0,1,0,1,0,0,0,0,0,0,0,0,0,1,0,0,1,0,1,0,0,0,0,0,0,0,1,0,0,0,0,0,1,0,1,0,0,0,1,0,0,0,0,0,0,0,0,0,0,0,0,1,0,1,0,0,0,0
912bb6b1-14ff-5db1-ad81-112d21b1603d,7cdb639c-5b1d-5b76-9a99-4fd16785d638,Siaya Sugarcane Farm #0734,Western Kenya,Siaya,Sugarcane,2.17,0.427302,34.520437,16,True,Informal Smallholder,0,5.64,2,Emerging Agribusiness,0.16,0.28,0.32,0.44,0.16,0.28,0.16,0.08,1,0,0,0,0,0,0,0,0,0,0,0,0,0,0,0,1,0,0,0,0,1,0,1,0,0,1,0,0,0,1,0,0,0,0,0,0,1,0,0,1,1,1,0,0,1,0,0,0,0,0,1,0,0,0,1,0,1,0,0,0,0,0,0,1,1,0,1,1,0,1,0,0,0,0,0,0,0,1,0,0,1,1,0,0,1,0,0,1,0,1,1,1,1,1,1,0,0,0,0,0,0,0,0,0,1,0,0,0,0,0,0,0,0,1,1,1,0,0,0,0,0,0,0,0,0,0,1,0,0,1,0,0,0,0,0,0,0,0,1,1,1,0,0,0,1,1,0,0,0,0,1,0,0,0,1,1,0,0,0,0,0,0,0,1,0,0,0,0,0,0,0,0,0,0,0,0,0,0,0,0,0,0,0,0,1,0,0,0,0,0,0,0,0,0,0,1,0,0,0
4cd07f3a-a706-55dd-bd0a-31245f7aa0b9,2f54f278-fc9e-5e04-b66f-b2b8f5489f62,Kericho Potatoes Farm #0735,Rift Valley,Kericho,Potatoes,2.54,-0.787356,35.087666,5,False,Informal Smallholder,0,6.12,2,Emerging Agribusiness,0.24,0.24,0.36,0.52,0.2,0.28,0.08,0.12,0,0,0,0,1,0,0,1,0,0,0,0,0,0,0,0,0,1,1,0,1,0,0,0,1,1,0,0,0,0,1,1,0,0,0,0,0,0,0,0,1,0,0,0,0,1,0,1,0,0,1,0,1,0,0,1,0,1,0,0,0,0,0,0,0,1,1,0,0,0,0,1,1,1,0,0,1,1,0,0,0,1,0,1,1,1,1,1,0,0,1,1,0,0,0,1,1,0,1,0,0,0,1,0,0,1,0,0,0,0,1,0,0,0,0,0,0,0,0,0,0,0,1,1,0,0,0,0,0,0,0,0,0,0,0,0,1,1,0,0,1,1,0,0,0,1,1,1,0,0,0,0,0,0,1,0,0,0,0,0,0,0,0,0,0,1,0,0,0,0,0,0,0,0,0,0,0,0,0,0,1,0,0,0,0,1,0,0,0,0,0,1,0,0,0,0,0,0,0,0
0d288ef8-5694-50cd-b07f-4c16bf87c3c6,79c54cc0-9cb6-5d4d-9f94-3a12424d23bf,Tharaka Nithi Green Grams Farm #0736,Eastern Semi-Arid,Tharaka Nithi,Green Grams,10.14,-0.292301,38.437249,20,True,Transitioning Agribusiness,1,13.68,3,Structured Farm,0.44,0.52,0.64,0.72,0.44,0.72,0.64,0.44,1,1,1,1,0,0,1,1,1,0,1,0,0,0,0,0,0,0,0,0,1,1,0,0,1,1,1,1,0,0,1,1,1,0,0,1,1,1,0,0,1,1,0,0,0,1,0,0,1,0,1,1,0,0,0,1,1,1,1,0,1,0,0,0,1,1,1,1,1,0,1,1,1,1,0,1,0,0,1,0,1,1,1,1,1,1,1,1,1,0,1,1,0,1,1,1,1,0,1,0,1,0,1,1,0,0,1,1,0,0,0,1,1,0,0,1,1,1,1,0,0,0,0,0,0,1,1,1,1,0,1,1,0,1,1,1,0,1,1,1,1,1,0,1,1,0,1,0,0,1,1,0,1,1,0,1,0,0,1,0,1,0,1,1,0,1,1,1,0,1,1,1,1,1,0,1,1,0,0,0,1,1,0,0,1,1,1,0,0,0,1,0,0,0,1,1,1,0,0,0
ed35f155-4852-58da-a92c-a976c2c91c94,79db0408-3b72-5655-9338-97cdb5e58ff2,Bungoma Maize Farm #0737,Western Kenya,Bungoma,Maize,3.28,-0.131273,34.916576,9,False,Informal Smallholder,0,5.64,2,Emerging Agribusiness,0.2,0.16,0.28,0.56,0.08,0.32,0.28,0.0,0,0,0,0,0,1,0,0,0,0,1,0,0,0,0,0,0,0,0,0,0,1,1,0,1,0,0,0,0,0,0,1,0,0,0,0,0,0,0,0,0,1,0,1,0,1,0,0,0,0,1,0,0,0,0,0,0,0,1,0,0,1,0,0,0,1,1,1,0,0,0,0,1,0,0,1,1,1,0,0,0,1,1,0,1,1,0,0,1,1,1,1,1,0,0,0,1,0,0,1,0,0,0,0,0,0,1,0,0,0,1,0,0,0,0,0,0,0,0,0,0,0,0,0,0,0,0,0,0,0,1,0,0,0,0,1,1,1,1,0,0,1,0,0,0,1,1,0,0,0,0,1,0,0,0,1,0,1,0,0,1,1,0,0,0,1,1,0,0,0,0,0,0,0,0,0,0,0,0,0,0,0,0,0,0,0,0,0,0,0,0,0,0,0,0,0,0,0,0,0
c98eaea1-e5a7-53d5-9ec0-df02a2ee0fd6,6fc6d8e2-bd63-59fe-ab29-d5f6025194a6,Kericho Potatoes Farm #0738,Rift Valley,Kericho,Potatoes,1.24,0.932641,35.685622,8,False,Informal Smallholder,0,6.0,2,Emerging Agribusiness,0.24,0.28,0.2,0.6,0.12,0.2,0.32,0.04,1,1,0,0,0,1,0,0,0,0,0,0,1,0,0,0,0,0,0,0,1,0,1,0,0,0,1,0,1,0,1,0,0,0,0,0,0,0,0,0,0,0,1,0,0,1,1,0,1,0,1,0,0,0,0,1,1,1,0,0,0,0,0,0,0,0,0,1,0,0,0,0,0,0,0,1,1,0,1,1,1,0,1,0,0,1,1,1,1,0,0,1,1,1,0,1,1,0,0,0,0,0,0,0,0,0,0,0,0,0,0,0,0,0,0,0,0,0,0,1,1,0,1,0,0,0,0,0,0,0,0,1,0,0,0,1,0,0,0,0,0,0,0,1,0,1,1,0,0,0,0,0,0,0,0,1,1,0,1,0,1,0,0,0,0,1,1,1,0,0,0,1,0,0,0,0,0,0,0,0,1,0,0,0,0,0,0,0,0,0,0,0,0,0,0,0,0,0,0,0
52cebda8-fae6-5422-a671-30621ce3ec43,1494ef55-abea-52aa-ad68-5beb80d0689a,Tharaka Nithi Green Grams Farm #0739,Eastern Semi-Arid,Tharaka Nithi,Green Grams,4.03,-0.212127,38.120492,15,True,Informal Smallholder,0,4.92,5,Future Ready Farm,0.04,0.32,0.24,0.44,0.08,0.28,0.04,0.2,0,0,0,0,0,0,1,0,0,0,0,0,0,0,0,0,0,0,0,0,0,0,0,0,0,1,0,0,0,1,1,0,0,0,1,0,1,0,1,0,0,1,0,0,0,1,0,0,0,0,1,1,0,0,0,0,0,0,0,0,1,0,0,0,0,0,0,0,1,0,0,1,1,0,0,1,1,1,0,0,0,1,0,0,0,1,1,0,1,0,1,0,0,0,0,1,1,0,1,0,0,1,0,0,0,0,0,0,0,0,0,0,0,0,0,0,0,0,0,0,0,0,1,0,0,0,0,0,0,0,0,0,0,0,0,0,1,0,1,0,1,1,1,0,0,0,1,1,0,0,0,0,0,0,0,0,0,0,0,0,0,0,0,0,0,0,0,0,0,0,1,0,0,0,0,0,1,0,0,0,0,0,1,0,0,0,1,0,0,0,1,0,0,0,0,1,0,0,0,0
f06d9061-60d5-501a-9926-cb24b1417d75,96c04533-c009-5c01-bccb-01f0754746f8,Uasin Gishu Maize Farm #0740,Rift Valley,Uasin Gishu,Maize,2.41,-0.708324,35.916387,11,True,Informal Smallholder,0,4.8,5,Future Ready Farm,0.24,0.04,0.12,0.64,0.08,0.2,0.12,0.16,0,0,0,0,0,1,1,1,0,0,0,0,0,0,0,1,0,0,0,0,1,1,0,0,0,1,0,0,0,0,0,0,0,0,0,0,0,0,0,0,0,0,0,0,0,0,0,0,0,0,1,0,0,0,0,0,0,0,0,0,1,0,0,0,0,0,1,0,0,0,0,0,0,0,0,0,1,1,1,0,0,1,1,1,1,1,1,0,1,1,1,1,0,0,1,1,1,0,0,0,1,0,0,0,0,0,0,0,0,0,0,0,0,0,0,0,0,0,0,0,1,0,0,0,0,1,0,0,0,0,0,0,0,0,0,1,0,1,0,0,0,0,0,0,0,0,1,1,0,0,0,0,1,0,0,1,0,0,0,0,0,0,0,0,0,0,0,0,0,1,0,0,0,0,0,1,0,0,0,0,0,0,0,0,0,0,1,0,0,0,0,1,0,0,0,0,1,0,0,0
f3826678-494e-5d64-bb79-3c0205f59dfd,eab343e5-674f-5524-8929-3d67a7b58ce0,Bungoma Horticulture Farm #0741,Western Kenya,Bungoma,Horticulture,2.36,-0.059527,34.862137,25,False,Informal Smallholder,0,6.36,2,Emerging Agribusiness,0.2,0.28,0.16,0.64,0.16,0.44,0.12,0.12,0,0,0,0,0,1,0,0,0,0,1,0,0,0,0,0,0,1,0,0,1,1,0,0,0,0,0,0,0,1,1,0,1,1,0,0,0,0,1,0,1,0,1,0,0,0,0,0,0,0,0,1,0,0,0,0,1,0,0,0,1,0,0,0,0,0,1,0,0,0,0,0,0,0,0,0,1,1,1,0,1,1,0,0,0,1,1,1,0,0,1,1,1,1,1,1,1,1,0,0,0,1,0,0,0,0,0,0,0,0,0,0,0,0,0,1,1,0,0,0,1,0,0,0,0,1,1,0,0,0,1,1,1,0,1,0,1,1,0,0,1,1,1,0,0,0,0,0,0,0,0,0,0,0,0,0,0,0,0,0,0,0,1,0,0,1,0,0,0,0,1,0,0,0,0,1,0,0,0,0,1,0,0,0,0,0,0,0,0,0,0,0,0,0,0,0,0,1,0,0
82fd4eee-1572-5436-ad26-3c71e2e8f16f,dff509b6-258a-5d18-9381-dac0c68edb2e,Tharaka Nithi Green Grams Farm #0742,Eastern Semi-Arid,Tharaka Nithi,Green Grams,3.71,-0.372365,37.938331,4,False,Informal Smallholder,0,6.36,2,Emerging Agribusiness,0.28,0.28,0.28,0.68,0.12,0.16,0.16,0.16,0,0,0,0,0,1,0,1,0,0,1,0,1,0,0,1,1,0,0,0,0,0,1,0,0,1,1,0,0,0,1,0,1,0,0,0,1,0,0,0,0,0,0,0,0,1,1,0,0,0,1,0,1,0,1,1,1,0,0,0,1,0,0,0,1,0,0,0,0,0,0,0,0,0,0,1,1,0,0,1,1,1,1,0,1,1,1,0,0,1,1,1,1,0,0,0,1,1,1,1,0,1,0,1,0,0,0,0,0,0,0,0,0,0,0,0,0,0,0,1,0,0,0,0,0,0,1,0,0,0,0,1,0,1,0,0,0,0,1,0,0,0,0,0,0,0,0,0,0,0,0,1,0,0,0,1,1,0,0,0,0,0,0,1,0,0,0,0,0,0,0,0,0,0,0,0,0,0,0,0,0,1,0,0,0,1,0,0,0,0,1,0,0,0,0,1,0,0,0,0
75ebd0a1-c56d-5d43-b7b4-81c37affb2e1,4f39d3a0-0661-5d9a-9c04-92b95965a523,Bomet Tea Farm #0743,Rift Valley,Bomet,Tea,27.64,-0.11556,35.302477,16,True,Commercial Market Leader,2,20.28,5,Future Ready Farm,0.76,0.92,0.92,0.84,0.88,0.84,0.92,0.68,1,1,0,1,1,1,1,0,1,0,1,1,1,1,1,1,0,0,1,1,1,1,1,0,1,1,1,1,1,1,1,1,1,1,0,1,1,1,1,1,1,1,1,1,1,1,1,1,1,0,1,1,0,1,1,1,1,1,1,1,1,1,1,1,1,1,1,1,1,0,1,1,1,1,1,1,1,1,1,1,1,1,1,1,0,1,1,1,1,0,1,1,1,1,1,0,1,1,1,0,1,1,1,1,1,1,0,1,1,1,1,1,1,0,0,1,1,1,1,1,1,1,1,1,1,1,1,1,1,0,1,1,1,0,1,1,1,1,1,0,0,1,1,1,1,1,1,1,1,1,1,1,1,1,1,1,1,1,1,0,1,1,1,1,1,1,1,1,1,0,1,1,1,1,1,1,0,1,0,0,1,1,0,1,1,1,1,1,1,1,1,0,1,0,1,1,1,0,0,1
9bc2a2db-107c-5676-96ed-afa84468f73a,90310b7f-29c5-5791-969a-c339ab57cc91,Nyeri Avocado Farm #0744,Central Highlands,Nyeri,Avocado,4.61,0.188621,36.670829,24,False,Informal Smallholder,0,6.12,2,Emerging Agribusiness,0.28,0.16,0.36,0.68,0.08,0.2,0.2,0.08,0,1,0,0,0,0,0,1,0,0,1,1,0,0,1,0,0,0,0,0,1,1,0,0,0,1,0,0,0,0,1,0,0,0,0,1,1,0,0,0,0,0,0,0,0,0,0,0,0,0,1,0,0,0,0,1,0,1,0,1,1,0,0,0,1,0,0,0,1,0,0,1,0,0,1,1,1,1,1,0,1,0,1,0,1,1,1,0,1,0,0,1,0,0,1,1,1,1,1,1,1,0,0,0,0,0,0,0,0,0,1,0,0,0,0,0,0,0,0,0,0,0,0,0,0,0,1,0,0,0,0,0,0,0,0,0,1,0,1,0,0,0,0,0,0,0,1,1,0,0,1,0,0,0,0,1,0,0,0,0,1,0,0,0,0,0,1,0,0,0,1,0,0,0,0,1,0,0,0,0,0,0,0,0,0,0,0,0,0,0,0,0,0,0,0,1,0,0,0,0
6a88538f-ec10-51c7-aa7b-4e0148bf3d6d,9b9d975f-d13c-520c-a7b6-854af42b3e16,Vihiga Cassava Farm #0745,Western Kenya,Vihiga,Cassava,3.62,0.715939,34.638316,12,True,Transitioning Agribusiness,1,11.76,3,Structured Farm,0.48,0.36,0.48,0.72,0.48,0.64,0.56,0.2,0,1,0,0,0,0,1,1,0,1,1,1,0,1,0,1,1,1,0,0,1,1,0,0,0,1,1,1,0,0,1,1,1,0,0,0,0,0,0,0,0,1,0,1,0,0,1,0,0,0,1,1,0,0,1,1,1,0,0,0,1,1,1,0,0,1,1,0,0,0,0,1,0,0,1,1,1,0,0,1,0,1,0,1,1,1,1,1,1,0,1,1,1,0,1,1,1,1,1,0,0,1,1,0,0,1,1,1,1,0,1,1,1,0,0,0,0,1,0,0,1,0,0,0,1,1,1,0,1,0,1,0,1,0,0,1,1,1,0,0,1,1,1,0,1,1,1,1,1,0,1,1,0,1,0,1,0,1,1,0,1,1,0,0,0,1,1,1,0,0,1,1,1,0,0,0,0,1,0,0,1,0,1,0,0,0,1,1,0,0,0,0,0,0,0,0,0,0,0,0
464e4777-e057-53d5-a5c7-cc10abc5b3c4,f5aa1db8-2c5c-5cd7-b0b4-dd928c7a8409,Embu Macadamia Farm #0746,Central Highlands,Embu,Macadamia,2.11,-0.839593,36.862879,10,False,Informal Smallholder,0,4.44,5,Future Ready Farm,0.12,0.28,0.12,0.52,0.04,0.2,0.2,0.0,1,0,0,0,0,0,0,1,0,0,0,0,0,0,0,0,0,1,0,0,0,0,0,0,0,0,0,0,0,0,0,1,0,0,0,1,1,0,0,0,0,0,1,0,0,0,1,1,1,0,0,0,0,0,0,0,0,0,0,0,0,0,0,0,0,0,1,1,0,0,1,0,0,0,0,1,1,0,0,1,0,1,1,1,0,0,1,1,0,0,0,1,0,0,1,0,1,1,1,0,0,0,0,0,0,0,0,0,0,0,0,0,1,0,0,0,0,0,0,0,0,0,0,0,0,0,1,0,0,0,0,0,1,0,0,1,0,0,0,0,0,1,0,0,0,0,1,0,0,0,0,0,0,0,0,1,0,1,0,0,1,0,0,0,0,0,0,0,0,0,1,1,0,0,0,0,0,0,0,0,0,0,0,0,0,0,0,0,0,0,0,0,0,0,0,0,0,0,0,0
d67593ec-904f-5b4c-9323-2d7377a79041,cab8e2f6-4aaa-529a-9f27-656b3af63a3f,Bungoma Cassava Farm #0747,Western Kenya,Bungoma,Cassava,1.36,-0.487346,34.164835,4,False,Informal Smallholder,0,6.0,2,Emerging Agribusiness,0.12,0.44,0.2,0.52,0.16,0.32,0.16,0.08,0,0,0,0,0,0,0,0,0,0,0,0,0,0,0,0,0,1,0,1,1,0,0,0,0,0,1,0,0,0,1,1,0,0,0,1,0,1,0,0,0,1,1,1,1,0,1,1,0,0,0,0,0,0,0,1,1,0,0,0,0,0,0,0,0,1,0,1,0,0,0,1,0,0,0,1,1,1,0,0,1,1,1,0,0,0,1,1,1,0,1,1,0,0,1,1,0,0,0,0,0,0,1,0,0,0,0,0,0,0,0,0,0,0,0,0,0,0,1,0,1,0,1,0,0,1,1,1,0,0,1,0,1,0,0,0,1,0,0,0,0,0,1,0,0,0,1,0,0,0,0,1,0,0,0,0,0,0,1,0,0,0,0,0,0,1,0,0,1,0,0,0,0,0,0,0,0,0,0,0,0,0,0,0,0,0,0,0,0,0,0,0,0,0,0,1,1,0,0,0
7b006ab9-f3b6-5ff1-b650-f36a13f91849,bc9b3ec7-4e9f-5610-a366-a6d3979f15b8,Trans Nzoia Maize Farm #0748,Rift Valley,Trans Nzoia,Maize,2.29,0.866503,35.098833,19,True,Informal Smallholder,0,5.76,2,Emerging Agribusiness,0.2,0.24,0.2,0.6,0.24,0.24,0.08,0.12,0,1,0,0,0,0,0,0,1,0,1,0,0,0,1,0,1,0,0,0,0,0,0,0,0,0,1,0,0,0,0,0,0,1,0,0,1,0,0,0,1,1,0,0,0,1,0,0,0,0,1,1,0,0,0,1,1,0,0,0,1,0,0,0,0,0,0,0,0,0,0,0,0,0,0,0,1,1,0,0,1,1,1,1,0,1,1,0,0,0,1,1,1,0,1,1,1,1,0,0,1,0,0,0,0,1,1,1,0,0,1,0,0,0,0,0,0,0,0,0,1,0,0,0,0,0,1,0,0,0,0,0,1,0,0,1,0,0,0,0,1,0,0,1,0,1,0,0,0,0,0,0,0,0,0,0,0,0,0,0,0,0,1,0,0,1,0,0,0,0,0,0,0,0,0,1,0,1,0,0,0,0,0,0,0,0,0,0,0,0,0,0,0,0,0,0,0,1,0,0
8577eeb4-d454-544e-82fb-a57caa4609d0,4b4c681f-7ae1-5c02-8dbf-c64aa47be292,Embu Avocado Farm #0749,Central Highlands,Embu,Avocado,4.86,-0.17154,36.886167,6,True,Transitioning Agribusiness,1,12.0,3,Structured Farm,0.56,0.4,0.64,0.72,0.32,0.44,0.64,0.28,1,0,1,1,0,1,1,1,0,0,1,1,0,0,0,0,0,1,1,1,1,1,0,1,0,1,1,0,1,1,1,0,0,0,0,1,0,0,0,0,1,0,0,0,1,0,1,1,0,0,0,1,0,1,1,1,1,1,0,0,1,0,1,0,0,1,1,1,1,0,0,1,1,1,1,1,1,1,0,0,1,1,1,1,1,1,0,1,1,0,1,1,1,1,1,1,0,0,1,0,1,0,0,0,0,1,1,1,0,0,1,0,0,0,0,1,0,0,1,0,1,0,0,0,0,1,0,1,0,0,1,1,0,0,0,1,0,1,1,1,1,0,0,0,0,0,1,0,0,1,1,1,1,0,1,1,1,0,0,0,1,1,1,0,0,1,1,1,0,1,1,1,1,0,0,0,1,1,0,0,0,0,1,0,0,0,1,0,0,0,1,0,0,0,0,1,1,0,0,0
1f5d49e6-860d-5c11-972f-3cc6712e893d,c91b1404-7749-5897-8eb5-1db3d9ee1201,Taita Taveta Cashew Farm #0750,Coastal Lowlands,Taita Taveta,Cashew,3.14,-3.813024,39.012897,21,True,Transitioning Agribusiness,1,12.24,3,Structured Farm,0.48,0.44,0.64,0.72,0.48,0.52,0.44,0.36,0,1,0,0,0,1,1,0,0,1,1,0,0,0,0,1,1,1,0,0,1,1,1,1,0,1,0,1,0,1,1,0,0,1,0,1,0,0,0,0,1,0,0,1,0,1,1,0,1,0,1,0,0,1,0,0,1,1,0,0,1,1,0,1,0,1,1,1,1,0,1,1,1,1,1,1,1,1,0,1,1,1,1,0,1,1,1,1,0,1,1,1,1,0,0,1,1,0,1,0,1,0,0,1,0,1,1,0,0,0,1,1,1,0,0,1,1,0,0,0,0,1,1,1,0,1,1,0,0,0,0,1,1,1,0,1,0,0,1,0,1,1,1,0,0,1,1,1,0,0,1,1,0,0,0,1,1,0,1,1,1,0,0,0,0,1,1,1,0,0,0,0,1,0,0,1,0,0,0,0,0,1,1,0,0,1,0,0,0,0,1,1,0,1,0,1,1,0,0,0
26a88fba-0a39-514d-a42a-ece36a7f0239,c2f5525d-e182-55c9-acac-dd9b6ac122af,Nakuru Wheat Farm #0751,Rift Valley,Nakuru,Wheat,5.14,-0.789998,35.047259,4,True,Informal Smallholder,0,5.16,2,Emerging Agribusiness,0.04,0.12,0.12,0.64,0.24,0.36,0.2,0.0,0,0,0,0,0,0,0,0,0,0,1,0,0,0,0,0,0,0,0,0,0,0,0,0,0,0,0,0,1,0,1,0,0,0,0,0,1,0,0,0,0,0,0,0,0,0,0,0,0,0,1,0,0,0,0,0,0,1,0,0,0,0,0,0,0,0,0,0,0,0,0,1,0,0,0,0,1,1,1,0,1,1,1,1,0,1,1,0,1,0,1,0,1,1,0,0,1,1,1,0,1,0,1,0,0,0,0,1,0,0,0,0,0,0,0,0,1,0,1,0,0,1,0,0,0,1,0,0,0,0,1,1,0,0,0,0,1,1,0,0,1,1,0,0,1,1,0,0,0,0,0,1,0,0,0,0,0,0,1,0,0,1,0,0,0,0,0,0,1,0,0,0,0,1,0,0,0,0,0,0,0,0,0,0,0,0,0,0,0,0,0,0,0,0,0,0,0,0,0,0
2800834d-d6a4-5545-98d0-54b9e6e4d456,fc8a156a-5777-5a16-be38-160e91b0c67a,Kericho Maize Farm #0752,Rift Valley,Kericho,Maize,3.35,-0.252785,36.24722,21,True,Informal Smallholder,0,5.76,2,Emerging Agribusiness,0.28,0.16,0.12,0.6,0.16,0.2,0.16,0.24,0,0,0,0,0,1,0,1,0,0,0,0,0,0,0,1,1,0,0,1,1,0,1,0,0,0,0,0,0,0,1,0,0,0,0,0,1,1,0,0,0,0,0,0,0,0,0,1,0,0,1,0,0,0,0,1,0,0,0,0,1,0,0,0,0,0,0,0,0,0,0,0,0,0,0,1,1,0,1,0,1,0,1,0,0,1,0,1,1,1,1,1,0,1,0,1,1,1,0,0,0,0,0,0,1,0,0,0,0,0,0,0,0,1,0,0,0,1,0,0,0,0,0,0,1,0,1,0,0,0,1,0,0,0,0,0,0,0,0,0,1,0,1,0,0,0,0,1,0,0,0,1,0,0,0,0,0,0,0,0,0,0,0,0,0,1,1,1,0,0,0,0,0,0,0,0,0,0,0,0,1,1,0,0,0,1,0,0,0,0,0,0,1,0,0,0,1,1,0,0
243e9f22-e10f-576a-9d65-a510eb4e6edf,45440cb3-c156-5c59-9378-4a19e7032fdd,Lamu Vegetables Farm #0753,Coastal Lowlands,Lamu,Vegetables,1.59,-2.171621,38.963973,10,True,Informal Smallholder,0,6.48,2,Emerging Agribusiness,0.2,0.24,0.2,0.68,0.16,0.32,0.24,0.12,1,0,0,0,0,0,1,0,1,0,1,0,0,0,0,1,0,0,0,0,0,0,0,0,0,0,0,0,0,1,0,1,0,0,0,1,0,0,0,0,1,0,0,0,0,1,1,0,0,0,1,0,0,0,0,1,0,0,0,0,0,0,0,0,0,1,0,0,0,0,1,0,1,0,0,0,1,1,1,1,1,1,1,1,0,1,1,0,0,0,1,1,1,1,0,1,1,0,0,1,0,0,0,0,0,0,0,0,0,0,0,0,0,0,0,1,0,0,1,0,1,0,1,0,0,0,0,0,0,0,0,1,0,1,0,1,0,0,1,0,1,1,0,0,0,1,1,0,0,0,0,1,1,0,0,1,0,0,0,0,0,0,0,0,0,1,1,1,0,0,0,0,0,0,0,0,1,0,0,0,0,0,0,0,0,0,0,0,1,0,1,0,0,0,0,0,0,0,0,0
8c49a3f8-0d0b-54fb-9d9b-00dd32e3a4e8,9b1c140e-f269-50b3-9118-4ad334fe0742,Nyeri Avocado Farm #0754,Central Highlands,Nyeri,Avocado,3.58,-0.670456,37.262071,13,False,Informal Smallholder,0,6.48,2,Emerging Agribusiness,0.28,0.12,0.32,0.68,0.2,0.24,0.08,0.24,1,0,1,0,0,1,0,1,0,0,0,1,0,0,0,0,1,0,0,0,0,0,0,1,0,0,0,0,0,0,1,0,0,0,0,0,0,0,0,0,1,0,0,0,0,0,1,0,0,0,0,0,1,0,0,1,1,0,0,0,1,1,1,0,0,0,1,0,0,0,0,0,1,0,0,0,0,1,1,0,1,1,1,1,0,1,1,1,0,0,1,1,1,1,0,1,1,1,1,0,0,0,0,0,0,0,0,0,1,0,1,0,1,0,0,1,1,0,0,0,0,0,0,0,0,0,0,1,1,0,0,0,0,0,0,0,1,1,0,0,0,0,0,1,0,0,1,0,0,0,0,0,0,0,0,0,0,0,0,0,1,0,0,0,0,1,0,0,0,0,0,0,0,0,0,1,0,0,0,0,0,0,1,0,0,0,0,0,1,0,1,1,1,0,0,0,0,0,0,0
8e25be7f-16b2-50f2-afd6-af2ac6d2c8bc,e477f42d-fa93-50b9-9601-facb0ffe1b6b,Kisumu Dairy Farm #0755,Western Kenya,Kisumu,Dairy,9.0,0.341445,34.883346,21,True,Transitioning Agribusiness,1,12.24,3,Structured Farm,0.48,0.4,0.4,0.64,0.52,0.84,0.52,0.28,0,0,0,0,0,1,1,0,1,0,1,1,0,1,0,0,1,1,0,0,1,1,1,1,0,0,0,0,1,0,1,1,0,0,0,1,1,0,0,0,0,1,1,1,0,1,1,0,0,0,0,1,1,0,0,1,0,1,0,0,1,1,0,0,0,0,1,1,0,0,0,1,0,0,1,1,0,1,0,1,0,1,1,1,0,1,1,0,0,1,1,1,1,1,0,1,1,0,1,0,1,0,1,0,0,0,0,0,1,0,1,0,1,0,1,1,0,1,1,0,1,1,1,1,0,1,1,1,1,0,1,1,1,0,0,1,1,1,1,1,1,1,1,1,0,1,1,1,1,1,1,1,1,0,0,0,1,0,0,1,1,1,0,0,1,1,0,1,0,0,1,1,1,0,0,0,0,0,0,0,1,1,0,0,0,1,0,1,0,0,1,1,0,0,0,0,0,0,0,1
62c4fec2-74f4-56d7-a418-9639f0c8774d,d240137b-c4a2-56d1-a621-b734931f705c,Taita Taveta Fish Farming Farm #0756,Coastal Lowlands,Taita Taveta,Fish Farming,2.9,-3.045106,39.091942,11,True,Informal Smallholder,0,6.36,2,Emerging Agribusiness,0.24,0.28,0.28,0.48,0.2,0.28,0.2,0.16,1,0,1,0,0,1,0,0,0,0,0,1,0,0,0,0,0,0,0,0,1,1,0,0,0,1,0,0,0,0,0,0,0,1,0,0,1,0,0,0,1,1,0,0,0,1,0,1,0,0,1,1,0,0,0,1,1,1,0,0,0,1,0,0,0,0,0,0,0,0,1,0,0,0,0,0,0,1,1,0,1,0,0,0,0,1,1,0,1,1,1,1,1,0,0,1,0,0,1,0,0,0,0,0,0,0,0,0,0,0,1,1,0,0,0,0,0,1,0,0,1,0,1,0,0,0,0,0,0,0,0,1,0,1,0,0,1,1,1,0,1,0,0,0,1,0,0,0,0,0,1,0,0,0,1,0,0,0,0,0,0,0,1,0,0,0,0,0,0,1,1,0,0,0,0,0,0,0,0,0,0,0,1,0,0,1,0,0,0,0,0,1,0,0,0,1,0,0,0,0
602b5f53-a012-5bd3-a691-898e9c850de7,e8a818fe-aee1-5853-bbc1-014cdf783194,Kwale Coconut Farm #0757,Coastal Lowlands,Kwale,Coconut,1.64,-2.087264,38.630098,19,True,Informal Smallholder,0,4.68,5,Future Ready Farm,0.12,0.04,0.2,0.56,0.2,0.2,0.16,0.08,0,0,0,0,0,0,0,1,0,0,0,0,0,0,0,0,0,0,0,0,0,1,1,0,0,0,0,0,0,0,0,0,0,0,0,0,1,0,0,0,0,0,0,0,0,0,0,0,0,0,0,1,0,1,0,0,1,0,1,0,0,0,0,0,0,0,0,0,0,0,1,0,0,0,0,1,1,0,1,0,1,0,1,0,0,1,0,0,1,0,1,1,0,0,1,1,1,1,1,0,0,0,0,0,1,1,1,0,0,0,0,1,0,0,0,0,0,0,0,0,1,0,0,0,0,0,1,0,0,0,1,0,1,0,0,0,0,0,0,0,1,0,0,0,0,0,1,0,0,0,0,0,1,0,0,0,0,1,0,0,0,1,0,0,0,1,0,0,0,0,0,0,0,0,0,0,0,0,0,0,1,0,0,0,0,1,0,0,0,0,0,0,0,0,0,0,0,0,0,0
7f871221-ed14-5004-af8e-f21201016c87,9530d008-8e3a-53ea-9999-65eddcad6df7,Makueni Livestock Farm #0758,Eastern Semi-Arid,Makueni,Livestock,18.92,-2.119291,38.508332,8,True,Commercial Market Leader,2,20.28,5,Future Ready Farm,0.8,0.92,0.88,0.84,0.88,0.84,1.0,0.6,1,0,1,1,0,1,1,1,1,1,1,1,0,1,1,1,1,1,0,0,1,1,1,1,1,1,1,1,1,1,1,1,1,1,1,1,1,1,1,0,1,1,1,1,1,1,1,1,1,0,1,1,1,1,1,1,1,1,1,0,1,1,1,1,1,1,1,0,1,1,1,1,1,1,0,1,1,1,1,1,1,1,1,1,1,1,1,0,0,1,1,0,1,0,1,1,1,1,1,1,1,1,0,1,1,1,1,1,1,0,1,1,1,1,0,1,1,1,1,1,1,1,1,1,1,1,1,1,1,1,1,1,0,0,1,0,1,1,1,1,1,1,1,1,0,1,1,1,1,1,1,1,1,1,1,1,1,1,1,1,1,1,1,1,1,1,1,1,1,1,1,1,1,1,1,1,0,0,1,1,0,1,0,1,0,1,0,0,1,0,1,1,1,1,0,1,1,1,1,0
bc6c6c7a-f252-5288-b002-d12b209eb087,e63f07bc-f46d-502b-aa69-cc89ae09fe9a,Kiambu Dairy Farm #0759,Central Highlands,Kiambu,Dairy,3.37,0.059769,36.914553,8,True,Informal Smallholder,0,4.68,5,Future Ready Farm,0.16,0.16,0.24,0.4,0.12,0.32,0.08,0.08,0,1,0,0,0,0,1,1,0,0,0,0,0,0,1,0,0,0,0,0,0,0,0,0,0,0,0,0,0,0,1,0,0,0,0,0,0,0,0,0,1,0,0,0,0,1,1,0,0,0,1,0,0,1,0,1,0,0,0,0,0,1,0,0,0,1,0,0,0,1,0,0,0,0,0,0,1,0,0,1,1,0,0,0,0,1,1,0,0,0,0,0,1,1,0,1,0,1,1,0,0,0,1,0,0,0,0,0,0,0,0,1,0,0,0,0,0,0,0,0,1,0,0,0,0,0,1,1,0,0,0,1,1,1,0,0,1,0,0,0,0,0,0,0,0,1,1,0,0,0,0,0,0,0,0,0,0,0,0,0,1,0,0,0,0,0,1,0,0,0,0,0,0,0,0,0,0,0,0,0,0,0,1,0,0,0,0,0,0,0,1,0,0,0,0,0,0,0,0,0
659d0cac-88ea-5552-a629-cf27c37f6883,9c36b52a-6b8d-59bb-a6a5-e72311ec9431,Tharaka Nithi Green Grams Farm #0760,Eastern Semi-Arid,Tharaka Nithi,Green Grams,1.66,-1.291542,37.787037,15,True,Informal Smallholder,0,5.76,2,Emerging Agribusiness,0.2,0.16,0.2,0.56,0.16,0.32,0.16,0.16,0,1,1,0,0,0,0,0,0,0,1,1,1,0,0,0,0,0,0,0,0,0,0,0,0,0,0,0,0,0,0,0,0,0,0,1,0,0,0,0,0,1,0,1,0,1,0,0,0,0,1,1,0,0,0,0,0,0,0,0,0,1,0,0,0,0,0,0,0,0,1,0,0,1,0,1,0,0,0,0,0,0,1,1,1,1,1,0,0,0,1,1,1,0,1,1,1,1,0,1,1,1,0,0,0,0,0,0,0,0,1,0,0,0,0,1,0,0,0,0,0,0,0,0,0,0,0,1,1,0,1,0,1,1,0,1,0,0,0,0,1,1,0,0,0,0,0,0,0,0,1,0,0,0,0,1,0,0,0,0,0,0,1,0,0,1,0,0,0,0,0,0,0,0,0,1,0,0,0,0,0,0,0,0,0,0,0,0,0,0,0,1,0,0,0,0,1,1,0,0
30cb883c-3f28-5ffb-9abe-d755e58efa28,c00b36bf-b0a1-5007-ad65-662319bbe4c5,Embu Horticulture Farm #0761,Central Highlands,Embu,Horticulture,1.5,-1.169918,36.667965,14,False,Transitioning Agribusiness,1,11.88,3,Structured Farm,0.4,0.48,0.6,0.72,0.4,0.44,0.52,0.4,1,1,0,1,0,0,1,0,0,0,1,0,0,0,0,1,1,0,0,1,1,0,1,0,0,1,0,0,1,0,1,0,1,1,0,0,1,1,0,0,1,1,0,0,0,1,1,1,0,0,1,1,1,1,0,1,0,1,1,0,1,1,0,0,0,1,1,1,1,0,1,0,1,0,0,1,1,1,0,1,1,0,1,1,0,1,1,1,0,0,1,1,1,1,0,1,1,1,1,0,1,1,0,0,0,1,0,0,0,1,0,1,0,1,0,1,1,0,0,0,1,0,1,0,0,1,0,0,0,1,1,0,0,1,0,0,0,1,0,0,1,0,1,1,0,0,1,1,0,1,1,1,0,0,0,0,1,1,0,0,1,1,0,1,0,0,0,0,1,0,1,1,1,1,1,0,0,0,0,0,1,1,0,0,0,1,1,1,1,0,1,1,1,0,0,0,0,1,0,0
ef50d48e-73b1-5385-9157-8f467ee04dae,02933069-9a08-5e50-833f-f8ffabe40887,Busia Poultry Farm #0762,Western Kenya,Busia,Poultry,1.12,0.897506,34.662433,18,False,Informal Smallholder,0,5.16,2,Emerging Agribusiness,0.12,0.16,0.2,0.52,0.12,0.4,0.16,0.04,0,0,0,0,0,0,0,0,0,0,1,0,0,0,0,0,0,0,0,0,1,1,0,0,0,1,0,0,0,0,1,0,0,0,0,0,0,0,0,0,1,0,0,0,0,1,0,0,0,0,1,0,0,0,0,0,0,0,0,0,1,0,0,0,0,1,1,1,0,0,0,0,0,0,0,1,1,1,0,0,0,1,1,0,1,1,0,0,0,1,1,0,1,1,0,1,1,0,0,0,0,0,0,0,0,0,0,1,0,0,0,0,0,0,0,0,0,0,0,0,1,0,0,0,1,1,1,0,0,0,1,1,1,0,0,1,1,0,0,0,1,1,0,1,0,0,0,0,0,0,0,0,0,0,0,1,0,0,1,0,1,1,0,0,0,0,0,0,0,0,0,0,0,0,0,0,0,0,0,0,0,0,0,0,0,0,0,0,0,1,0,0,0,0,0,0,0,0,0,0
3423add0-e38b-5f7a-bb50-be9f912e0216,3f4b217d-d34f-54de-8401-bf7d6558c219,Makueni Green Grams Farm #0763,Eastern Semi-Arid,Makueni,Green Grams,2.38,-0.651496,37.73082,1,True,Informal Smallholder,0,5.52,2,Emerging Agribusiness,0.2,0.24,0.2,0.48,0.12,0.36,0.16,0.08,0,1,0,0,0,0,1,0,0,0,0,1,0,0,0,0,0,0,0,0,1,1,0,0,0,0,0,0,0,0,1,1,0,0,0,1,1,0,0,0,1,1,0,0,0,0,0,0,0,0,0,1,0,0,0,0,0,0,0,0,1,1,0,0,0,1,0,0,0,0,1,0,0,0,0,1,1,1,1,0,1,1,1,0,1,1,0,0,0,0,0,1,0,1,0,1,0,0,0,0,0,0,0,0,0,0,0,1,0,0,0,0,0,0,0,1,0,0,0,0,1,0,0,0,0,0,1,0,1,0,1,1,0,0,0,1,0,1,0,0,1,0,0,1,0,1,0,0,0,0,1,0,0,0,0,0,0,0,0,0,0,0,1,0,0,0,0,0,0,0,1,1,0,0,0,0,1,0,1,0,0,0,0,0,0,0,0,0,0,0,0,0,0,0,0,0,0,0,0,0
0af30ec1-421a-51d4-911d-db3e039961f9,ad2c9584-5519-5537-9f6a-59606da0d577,Kericho Wheat Farm #0764,Rift Valley,Kericho,Wheat,2.61,0.292804,35.777038,1,False,Informal Smallholder,0,3.84,1,Informal Farm,0.04,0.16,0.08,0.48,0.16,0.24,0.08,0.04,0,0,0,0,0,0,0,0,0,0,0,0,1,0,0,0,0,0,0,0,0,0,0,0,0,0,1,0,1,0,0,0,0,0,0,1,0,1,0,0,0,0,0,0,0,0,0,0,0,0,0,0,0,0,0,0,0,0,0,0,0,0,0,1,0,1,0,0,0,0,0,0,0,0,0,1,1,0,0,0,0,0,1,1,0,1,1,1,1,0,0,1,0,1,0,1,0,1,0,0,1,0,1,0,0,0,0,0,0,0,0,0,0,0,0,0,0,1,0,0,0,0,0,0,1,0,1,0,0,0,1,1,1,0,0,0,0,1,0,0,0,0,0,0,0,0,0,1,0,0,1,0,0,0,0,0,0,0,0,0,0,0,0,0,0,0,0,0,0,0,1,0,0,0,0,1,0,0,0,0,0,0,0,0,0,0,0,0,0,0,0,0,0,0,0,0,0,0,0,0
c088da91-f812-55a2-9873-26cd7ca510d6,a9a3ea18-4335-51fd-b4ce-bc17d9eff417,Machakos Green Grams Farm #0765,Eastern Semi-Arid,Machakos,Green Grams,12.61,-2.2193,37.458856,15,True,Commercial Market Leader,2,20.52,5,Future Ready Farm,0.72,0.96,0.92,0.8,0.8,0.88,0.92,0.84,1,1,0,1,0,1,1,1,0,1,1,1,0,0,1,1,1,1,0,0,1,1,1,1,1,1,1,0,1,1,1,1,1,1,1,1,1,1,1,1,1,1,1,1,1,1,1,1,1,1,1,1,1,1,1,1,1,1,1,1,1,1,1,0,1,1,1,1,1,1,1,1,0,1,1,0,1,1,1,0,1,1,1,1,1,1,1,0,1,0,1,1,1,1,1,1,1,1,1,0,1,1,0,1,1,1,1,1,1,1,1,1,1,1,1,1,0,1,1,0,1,1,1,0,0,1,1,1,1,1,1,1,1,1,0,1,1,1,1,1,1,0,1,1,1,1,1,0,1,1,1,1,1,1,1,1,1,1,0,1,1,1,1,1,1,1,1,1,1,1,1,1,1,1,0,1,1,1,1,0,1,1,1,1,1,1,0,1,1,1,1,1,1,1,0,1,1,0,1,1
ec841eb0-1baf-56ae-a777-425acd245a14,8102d71d-c8e1-5336-86f4-b0c4b93b5f96,Vihiga Maize Farm #0766,Western Kenya,Vihiga,Maize,1.1,-0.257436,34.218074,5,False,Informal Smallholder,0,5.76,2,Emerging Agribusiness,0.12,0.2,0.2,0.64,0.2,0.16,0.32,0.08,0,0,0,0,0,1,0,0,0,0,0,0,0,0,0,0,0,1,0,0,1,0,0,0,0,0,0,0,0,0,1,0,0,0,0,0,0,1,0,0,0,0,1,0,0,1,0,0,1,0,1,0,0,0,0,1,0,0,0,1,1,0,0,0,0,0,0,1,0,0,0,0,0,0,0,1,1,1,1,0,1,1,1,1,0,1,1,0,1,0,1,1,1,0,0,1,1,0,0,0,1,0,0,0,0,0,1,1,0,0,0,0,0,0,0,1,0,0,0,0,0,1,0,0,0,0,0,0,0,0,0,0,0,0,0,1,0,0,0,1,0,0,1,0,0,1,0,0,0,0,0,0,1,1,0,1,1,0,0,0,1,0,0,1,0,1,0,0,1,0,0,0,0,0,0,0,0,0,0,0,0,0,0,1,0,0,0,0,0,0,1,0,0,0,0,0,0,0,0,0
0ad8100b-7aca-5902-8861-e8ba0cdc8dad,97c05f36-9974-5f7f-ab72-e512feba546e,Makueni Livestock Farm #0767,Eastern Semi-Arid,Makueni,Livestock,2.69,-1.695488,38.004166,13,False,Informal Smallholder,0,5.76,2,Emerging Agribusiness,0.24,0.2,0.32,0.48,0.08,0.32,0.16,0.12,0,0,0,0,1,1,0,0,1,0,1,1,0,0,0,1,0,0,0,0,0,0,0,0,0,0,0,0,0,0,0,1,0,0,0,0,0,1,0,0,0,0,1,1,0,1,0,0,0,0,1,1,0,0,0,1,0,0,1,0,1,1,0,0,0,1,0,0,0,0,1,0,0,0,0,0,1,1,0,0,0,1,0,0,0,0,0,1,0,0,1,1,1,0,0,1,1,1,1,1,0,1,0,0,0,1,0,0,0,0,0,0,0,0,0,0,0,0,0,0,0,0,0,0,0,1,0,0,0,0,1,1,0,0,1,0,1,0,1,0,0,0,1,0,0,1,0,0,0,0,0,1,0,0,0,1,0,0,0,0,0,0,0,0,0,0,0,1,0,1,0,0,0,0,0,1,0,0,0,1,0,0,1,0,0,0,0,0,0,0,0,0,0,0,0,0,0,0,0,0
bcdd4bfc-a482-5950-8e82-4f344f6c3704,d60cd4b5-f40e-527b-b491-1339ad021791,Kiambu Avocado Farm #0768,Central Highlands,Kiambu,Avocado,0.73,-0.773239,37.608983,1,False,Informal Smallholder,0,5.52,2,Emerging Agribusiness,0.2,0.16,0.24,0.56,0.24,0.28,0.12,0.04,0,0,0,0,0,0,1,0,0,0,0,0,0,0,0,0,0,1,1,1,1,0,0,0,0,0,0,1,0,0,1,0,0,0,0,1,0,0,0,0,1,0,0,0,0,0,0,0,0,0,1,0,0,0,0,0,0,0,0,0,1,1,1,0,0,0,0,0,0,0,1,0,1,0,0,1,0,1,0,0,1,0,0,1,1,0,1,0,1,1,0,1,1,1,0,1,1,0,1,0,0,0,0,0,0,1,0,0,0,0,0,0,0,0,0,1,0,1,0,0,0,1,1,1,0,0,1,0,0,0,1,1,0,0,0,0,1,0,0,0,0,0,1,0,0,1,0,1,0,0,0,0,0,0,0,0,1,1,0,0,0,0,0,0,0,1,0,0,0,0,0,0,0,0,0,0,0,0,0,0,0,0,0,0,0,0,0,0,0,0,0,0,0,0,0,0,0,1,0,0
33571d71-0eec-5f90-a24f-7131cae74fd6,ee87f214-d681-58bb-abb0-03d86092534e,Siaya Sugarcane Farm #0769,Western Kenya,Siaya,Sugarcane,2.77,0.362552,35.165932,6,False,Informal Smallholder,0,5.64,2,Emerging Agribusiness,0.12,0.12,0.4,0.44,0.12,0.4,0.16,0.12,1,0,0,0,0,0,0,0,0,0,0,1,0,0,0,1,0,0,0,0,0,0,0,0,0,0,0,1,0,0,0,0,0,0,0,0,0,0,0,0,0,0,0,1,0,1,0,0,0,0,0,1,0,0,0,1,0,1,0,0,1,1,1,0,0,1,1,0,0,0,1,0,1,0,0,1,1,0,0,0,0,0,1,0,0,1,0,0,1,0,1,1,1,0,0,1,1,0,0,1,0,0,0,0,0,0,0,0,0,1,0,1,0,0,0,0,0,0,1,0,0,0,0,0,0,1,1,0,0,0,0,1,0,0,0,1,1,0,0,0,1,1,1,0,0,1,1,0,0,0,0,0,0,0,0,0,1,0,0,0,1,1,0,0,0,1,0,0,0,0,0,0,0,0,0,0,0,0,0,0,1,0,0,0,0,1,0,0,0,0,0,1,0,0,0,0,0,0,0,0
a1b14083-83d9-5488-b74c-bff31fe1ae87,ca0a19d1-657a-517e-aa4a-8ca5f71730a6,Kitui Livestock Farm #0770,Eastern Semi-Arid,Kitui,Livestock,7.99,-1.892819,37.275727,5,True,Transitioning Agribusiness,1,11.28,3,Structured Farm,0.52,0.44,0.56,0.8,0.28,0.4,0.36,0.4,1,1,0,1,0,1,0,1,0,1,1,0,0,1,0,1,0,0,1,0,1,1,1,0,0,1,0,1,0,0,0,1,1,1,0,1,1,1,0,1,0,1,0,0,0,1,0,0,0,0,1,1,0,1,1,0,1,0,1,0,1,0,0,0,1,1,0,1,1,0,1,0,1,1,0,1,1,1,1,1,1,1,0,0,1,1,1,1,1,1,1,1,1,1,0,1,1,1,0,0,0,1,0,1,0,1,0,0,0,0,1,0,1,0,0,0,0,0,0,0,1,1,0,0,0,1,0,0,1,0,1,1,0,0,1,0,0,0,1,1,1,0,1,0,0,1,0,0,0,0,0,1,1,0,1,1,0,1,0,0,1,0,1,0,0,0,0,1,0,0,0,0,1,0,0,1,0,1,0,0,0,1,0,1,0,0,1,0,1,0,1,0,1,0,0,1,0,0,1,0
38249c07-cac8-5ad8-bed2-3354842295a1,56582fe3-6e61-5821-9e90-84b9c9a347b2,Siaya Dairy Farm #0771,Western Kenya,Siaya,Dairy,0.86,-0.392172,34.578146,18,True,Informal Smallholder,0,6.12,2,Emerging Agribusiness,0.2,0.32,0.16,0.6,0.16,0.2,0.32,0.08,1,0,0,0,0,0,0,1,0,1,0,0,0,0,0,0,1,0,0,0,0,0,0,0,1,1,1,0,0,0,1,1,0,0,0,1,1,0,0,0,0,0,0,0,1,1,0,0,0,0,0,1,0,0,0,1,0,0,0,0,0,0,0,0,0,0,1,0,0,0,1,0,0,0,0,1,0,1,1,0,1,0,1,0,1,1,1,1,1,0,1,1,0,1,0,0,1,1,0,0,1,0,0,1,0,0,1,0,0,0,0,0,0,0,0,0,1,0,0,0,0,0,0,0,0,0,1,1,0,0,1,0,0,0,0,1,0,0,0,0,0,0,0,0,0,1,0,0,0,0,0,1,0,0,0,0,1,0,0,0,0,1,1,0,0,1,0,0,0,1,1,1,0,0,0,1,0,0,0,0,0,0,0,0,0,0,1,0,0,0,0,0,0,0,0,0,0,0,0,0
4a736cf5-beb0-5f54-b47f-59c0c26c65e7,a40feb8a-3563-5c0f-80bd-0b30486f71cb,Kericho Dairy Farm #0772,Rift Valley,Kericho,Dairy,5.72,-0.356098,36.255921,19,True,Transitioning Agribusiness,1,13.32,3,Structured Farm,0.44,0.6,0.48,0.56,0.64,0.68,0.6,0.44,1,0,0,0,1,0,1,0,0,0,1,1,1,0,0,0,1,1,0,0,0,1,1,0,1,1,1,1,0,0,1,1,0,0,0,1,1,0,0,0,1,1,1,1,0,1,1,1,1,0,1,0,1,0,0,1,1,0,0,0,1,0,0,1,0,1,1,1,0,1,1,0,1,0,0,1,1,0,1,0,1,0,1,1,0,1,1,1,1,0,1,0,1,1,0,0,0,0,0,1,0,1,1,0,1,1,1,1,0,0,1,1,1,0,0,1,1,0,0,1,1,0,1,1,1,1,1,1,1,0,0,0,1,0,0,1,0,1,1,1,1,1,1,1,1,1,0,1,0,1,1,1,1,1,0,0,1,1,0,1,0,0,1,1,1,1,1,0,0,0,1,0,1,1,0,1,1,1,0,0,1,0,0,0,0,1,1,0,0,1,1,1,0,0,0,1,1,0,0,0
3c97c843-0bf2-5255-bcfa-36cdc0e37b59,a64ae98b-992e-5f9d-8ad5-1c8590a1385f,Tharaka Nithi Pigeon Peas Farm #0773,Eastern Semi-Arid,Tharaka Nithi,Pigeon Peas,7.08,-0.67725,38.690581,1,True,Transitioning Agribusiness,1,12.12,3,Structured Farm,0.44,0.24,0.68,0.76,0.48,0.48,0.36,0.6,1,0,0,1,0,1,1,1,0,0,1,1,0,0,0,1,1,0,0,0,1,1,0,0,0,0,0,0,0,0,1,0,0,0,0,0,0,1,0,0,1,1,1,0,0,0,1,0,0,0,1,0,1,1,0,1,1,0,1,1,1,1,0,1,0,1,0,1,1,1,0,1,0,1,1,0,1,1,1,0,1,1,1,1,0,0,1,1,1,1,1,1,1,0,1,0,1,1,1,1,1,1,0,1,0,0,0,0,0,0,1,1,1,1,1,0,1,0,0,0,1,1,1,0,0,0,0,0,1,1,1,1,1,0,1,1,1,1,1,0,1,0,0,0,0,1,0,0,0,0,0,0,0,0,0,1,0,0,1,0,0,0,1,0,0,1,1,1,0,0,1,1,1,0,0,1,1,1,0,0,1,1,0,1,0,0,1,1,0,0,1,1,1,0,0,1,1,1,1,0
1b8dfd81-eda0-52c0-a604-5a64ae896394,7c922c7f-84de-5d8b-a181-855b529263ae,Kilifi Cashew Farm #0774,Coastal Lowlands,Kilifi,Cashew,3.65,-2.749525,39.051779,14,True,Transitioning Agribusiness,1,11.04,3,Structured Farm,0.52,0.4,0.44,0.52,0.56,0.36,0.52,0.36,1,0,0,1,0,1,0,1,1,0,1,0,1,0,0,0,1,1,0,0,1,1,1,1,0,1,1,0,0,0,0,1,0,0,0,1,0,1,1,0,1,0,0,0,0,1,1,1,0,0,1,1,1,0,0,1,1,1,0,0,1,1,1,0,0,1,0,0,0,0,1,0,0,0,0,0,1,0,1,0,1,1,0,0,1,0,1,1,1,0,1,0,1,0,0,1,1,1,0,0,1,1,1,1,0,1,1,0,0,0,1,0,0,1,0,1,1,0,0,0,1,1,1,1,0,1,0,0,0,0,1,1,1,0,0,0,1,0,0,0,1,1,1,0,0,1,0,0,0,0,0,1,1,1,0,1,0,0,0,0,1,0,0,1,0,1,1,0,1,0,1,1,1,1,0,1,1,1,0,0,0,0,1,0,0,1,0,0,0,0,1,0,0,0,0,1,1,0,1,0
e10b5cf8-e42f-5900-ab8c-b4a92ca034b3,9641cc26-026f-5de1-91b1-e364ca9de137,Kilifi Coconut Farm #0775,Coastal Lowlands,Kilifi,Coconut,4.03,-3.933921,39.933991,14,False,Informal Smallholder,0,5.64,2,Emerging Agribusiness,0.16,0.32,0.2,0.72,0.08,0.2,0.12,0.08,0,1,0,0,1,0,0,0,0,0,0,0,0,0,0,1,0,0,0,0,1,0,0,0,0,1,0,0,0,1,1,1,0,0,0,1,0,0,0,1,0,1,0,0,0,0,1,0,0,0,1,1,1,0,0,1,0,0,0,0,0,0,0,0,0,1,0,0,0,0,0,0,0,0,0,1,1,0,1,0,1,1,1,1,0,1,0,1,0,1,1,1,0,1,0,1,1,1,1,1,0,0,0,0,0,1,0,0,0,0,0,0,0,0,0,1,0,0,0,0,0,0,0,0,0,0,1,0,0,1,0,1,0,0,0,1,1,0,0,0,0,0,0,0,0,0,0,0,0,0,0,1,0,0,0,0,0,0,0,0,0,1,0,0,0,0,0,0,0,0,1,0,0,0,0,0,0,0,0,0,0,0,0,0,0,0,0,0,0,1,0,0,0,0,0,0,1,0,0,0
a7ea1ecf-53db-5db6-9302-514390ab1c41,2f80d6d2-67d4-5ec3-ac7a-f8e6ac272ef7,Nyeri Coffee Farm #0776,Central Highlands,Nyeri,Coffee,37.35,-1.098297,37.319697,11,True,Commercial Market Leader,2,20.04,5,Future Ready Farm,0.76,0.84,0.88,0.84,0.84,0.84,0.92,0.76,1,1,1,1,0,1,1,1,1,0,1,1,1,1,1,1,0,1,1,0,1,1,1,0,0,1,1,0,1,0,1,1,1,1,0,1,1,1,0,1,1,1,1,1,1,1,1,1,1,1,1,1,1,1,1,1,1,1,1,1,1,1,1,1,0,1,1,0,1,1,1,1,1,1,0,1,1,1,1,1,1,1,1,1,1,1,1,1,1,0,1,1,0,0,1,0,1,1,1,1,0,0,1,1,1,1,1,1,1,1,1,1,1,1,1,1,1,1,1,1,1,0,1,0,1,1,1,1,0,1,1,1,1,1,0,0,1,1,1,1,1,1,1,1,1,1,1,1,1,0,1,1,1,1,1,1,1,1,1,1,1,1,1,0,1,1,1,1,1,0,1,1,1,1,1,1,1,1,1,1,1,1,0,0,0,1,1,1,1,0,1,1,1,1,0,1,1,1,0,1
b2b1fc4d-1105-50c5-924b-317b3a91f861,ae085029-fd34-559b-ab90-6ec31d440b33,Tharaka Nithi Cowpeas Farm #0777,Eastern Semi-Arid,Tharaka Nithi,Cowpeas,7.48,-2.001205,37.45399,15,True,Transitioning Agribusiness,1,10.8,3,Structured Farm,0.4,0.32,0.56,0.48,0.4,0.68,0.44,0.32,1,0,0,0,0,0,1,1,1,1,1,0,0,0,1,0,0,1,0,0,1,1,0,0,0,0,1,0,0,0,1,1,1,0,0,1,0,0,0,0,1,1,0,0,0,1,0,0,0,0,1,0,0,1,0,1,1,1,0,0,0,1,1,0,0,1,1,0,1,1,0,1,1,0,1,1,0,0,0,0,0,1,0,1,0,0,1,1,1,1,0,1,1,0,1,0,1,1,0,0,1,0,0,0,0,1,0,1,0,0,1,1,0,0,0,1,1,1,1,0,1,0,0,0,0,1,1,1,1,1,1,1,1,0,0,1,0,0,0,0,1,1,0,1,1,1,1,0,1,1,0,1,0,1,0,1,1,0,0,0,1,1,1,0,0,1,0,1,0,0,1,0,1,0,0,1,0,0,0,0,1,1,1,0,0,0,1,0,0,0,1,0,1,0,0,1,0,0,0,0
3e2783e5-88f1-5585-b0ab-b2863fb612c0,43ec411a-fc8f-523d-9eb3-fa9b04931120,Machakos Cowpeas Farm #0778,Eastern Semi-Arid,Machakos,Cowpeas,0.55,-2.305099,37.901886,16,False,Informal Smallholder,0,4.8,5,Future Ready Farm,0.0,0.56,0.16,0.4,0.12,0.16,0.12,0.08,0,0,0,0,0,0,0,0,0,0,0,0,0,0,0,0,0,0,0,0,0,0,0,0,0,1,0,1,0,0,1,1,0,0,1,1,1,1,1,1,1,0,0,1,0,1,1,0,0,0,0,0,0,0,0,1,0,0,0,0,0,0,0,0,0,0,0,0,0,0,1,1,0,0,1,0,0,0,0,0,0,0,0,1,0,1,0,1,1,1,1,1,0,1,0,1,1,0,0,0,1,0,0,0,0,0,0,0,0,0,0,1,0,0,0,0,1,0,0,0,0,0,0,0,0,0,0,0,0,0,0,0,0,0,0,0,1,0,0,1,1,0,0,0,0,0,0,1,0,0,0,1,0,0,0,0,0,1,0,0,1,0,0,0,0,0,0,0,0,0,0,0,0,0,0,0,0,0,0,0,0,0,0,0,0,1,0,0,0,0,0,0,0,0,0,1,0,0,0,0
a9ffd9df-f38c-5445-84a1-02cf0666d646,c1f035d8-c6a7-5429-86e3-4b821cc89d0c,Kirinyaga Horticulture Farm #0779,Central Highlands,Kirinyaga,Horticulture,7.23,-0.822462,37.130097,14,True,Transitioning Agribusiness,1,13.08,3,Structured Farm,0.6,0.32,0.92,0.56,0.48,0.56,0.56,0.36,1,1,1,0,0,1,1,1,1,0,1,1,1,0,0,1,0,1,1,0,1,1,0,0,0,1,1,1,1,0,1,0,0,0,0,1,0,0,0,0,0,0,0,0,0,0,1,1,0,0,1,1,1,0,1,1,1,1,1,1,1,1,1,0,1,1,1,1,1,1,1,1,1,1,1,0,1,0,1,1,1,1,1,0,1,1,0,1,0,1,1,1,1,0,0,0,1,0,0,0,1,1,0,1,0,1,1,0,1,0,0,0,1,0,0,1,1,0,1,0,1,1,0,0,0,1,1,0,1,0,1,1,1,0,0,1,0,0,0,0,1,1,1,1,0,1,1,0,1,0,1,1,0,0,1,1,1,1,0,1,1,0,1,0,0,0,1,0,0,0,1,1,1,1,0,1,1,0,0,0,1,0,0,1,0,1,1,0,0,0,1,0,0,1,0,0,0,1,0,0
3198cb32-ebfc-53b6-8750-2425184bfc4f,d0e5aa71-24ab-58eb-8003-8eb8e6aa9050,Embu Tea Farm #0780,Central Highlands,Embu,Tea,26.32,-0.423485,37.317617,6,True,Commercial Market Leader,2,20.04,5,Future Ready Farm,0.88,0.8,0.88,0.8,0.92,0.72,0.88,0.8,1,1,1,1,1,1,1,1,1,1,0,1,1,1,0,1,1,1,1,1,0,1,1,1,1,0,1,1,1,1,1,1,1,1,0,1,1,1,1,0,1,1,1,1,1,1,1,1,0,0,1,1,0,1,1,1,1,1,1,0,1,1,1,1,1,0,1,1,1,1,1,1,1,1,1,1,0,1,1,0,1,1,1,1,1,1,1,1,0,0,1,1,1,1,1,1,1,1,0,1,1,1,1,1,1,1,1,1,1,1,0,1,1,1,1,1,1,1,0,1,1,1,1,1,1,1,1,1,1,0,1,1,1,1,0,1,1,0,0,1,1,0,1,0,1,1,1,1,1,0,1,1,1,1,1,1,1,1,1,0,1,1,1,0,0,1,1,1,1,1,1,1,1,1,1,1,1,1,0,1,1,1,1,0,1,1,1,1,1,1,1,1,0,0,1,1,1,0,1,1
dad989ed-86df-5260-bbf0-0d1b3abe6c0d,43dac303-cc6e-5d88-87a3-5a3bac2ab6d3,Tharaka Nithi Mangoes Farm #0781,Eastern Semi-Arid,Tharaka Nithi,Mangoes,3.53,-0.68975,38.052647,11,True,Informal Smallholder,0,5.28,2,Emerging Agribusiness,0.12,0.08,0.12,0.56,0.2,0.36,0.24,0.08,1,0,0,0,0,0,0,0,0,0,0,0,0,0,1,1,0,0,0,0,0,0,0,0,0,1,0,0,0,0,0,0,0,0,0,0,1,0,0,0,0,0,0,0,0,0,0,0,0,0,0,1,0,0,0,1,0,0,1,0,0,0,0,0,0,0,0,0,0,0,0,0,0,0,0,1,1,0,1,0,1,0,1,0,1,1,1,0,1,0,1,1,0,1,0,1,1,0,0,0,1,0,1,0,0,0,1,0,0,0,1,1,0,0,0,0,0,0,0,0,0,0,0,0,0,0,1,1,0,0,1,0,0,0,0,1,1,1,0,0,0,0,0,0,0,1,1,0,1,0,1,0,0,0,0,1,1,0,0,0,1,0,0,0,0,1,0,0,0,0,0,0,1,0,0,0,0,0,0,0,0,0,0,0,0,1,0,1,0,0,0,0,0,0,0,0,0,0,0,0
13107a89-0a5a-5e73-9283-aa9369570865,9736c075-46fc-553c-bbd3-8cb5889ffc68,Kericho Tea Farm #0782,Rift Valley,Kericho,Tea,52.03,-0.028663,35.312465,8,False,Commercial Market Leader,2,18.96,4,Investment Ready Farm,0.8,0.76,0.88,0.72,0.84,0.72,0.84,0.76,1,1,0,1,0,1,1,0,1,0,1,1,1,1,1,1,1,1,1,1,1,1,0,1,1,1,0,1,0,0,0,1,0,1,1,1,1,1,1,1,1,1,1,1,1,1,1,1,1,0,1,1,1,0,1,1,1,1,1,1,1,1,1,1,1,1,0,1,1,1,1,1,1,1,0,1,0,1,1,0,1,0,1,0,0,1,1,1,1,1,1,1,1,0,1,1,1,0,1,1,1,1,1,1,0,1,1,1,0,1,1,1,1,1,1,1,1,1,1,1,1,0,1,1,0,1,1,1,0,0,0,1,1,1,0,1,1,1,1,1,1,1,1,0,1,1,1,1,0,0,1,1,0,1,1,1,1,1,1,0,1,1,1,1,1,1,0,1,1,0,1,1,1,1,1,1,1,1,0,1,1,1,1,1,0,1,1,1,1,1,1,1,1,0,0,1,0,1,0,1
be0ed8d9-bad7-5911-8188-feb1a7130e0c,30ac8cc0-1f69-5b41-a235-96e412716eed,Nakuru Maize Farm #0783,Rift Valley,Nakuru,Maize,2.99,-0.020128,35.334228,10,True,Informal Smallholder,0,5.16,2,Emerging Agribusiness,0.16,0.2,0.24,0.6,0.12,0.2,0.08,0.12,0,0,0,0,0,0,0,0,1,0,1,0,0,0,0,0,1,0,0,0,1,0,0,0,0,1,0,0,0,0,0,0,0,0,1,0,0,1,0,0,1,0,0,0,0,0,0,0,0,1,1,0,1,0,0,0,0,0,0,0,1,0,1,0,0,0,0,0,1,0,0,0,0,1,0,1,1,0,1,0,0,1,1,1,0,1,1,1,0,1,1,1,1,0,0,1,0,1,0,0,0,1,0,0,0,0,0,0,0,0,1,0,0,0,0,0,0,0,0,0,0,0,0,1,0,1,0,0,0,0,0,0,0,0,0,0,0,0,0,0,1,1,1,0,0,0,1,0,0,0,1,0,0,0,0,0,0,0,0,0,0,0,0,0,0,0,0,0,0,0,0,0,1,0,0,0,0,0,0,1,0,0,1,0,0,0,0,0,0,0,1,0,0,0,0,0,0,0,0,0
f7a4c6c3-bf61-5197-b36a-784fc43c68bc,c990f9f3-aeac-5f7f-8547-dc08a9414293,Kitui Mangoes Farm #0784,Eastern Semi-Arid,Kitui,Mangoes,7.64,-1.384002,38.544475,7,True,Transitioning Agribusiness,1,12.36,3,Structured Farm,0.56,0.4,0.52,0.64,0.52,0.64,0.44,0.4,1,0,0,1,1,1,1,0,0,1,1,1,0,1,0,1,0,1,0,1,1,0,1,0,0,1,1,1,0,0,1,0,0,0,0,1,1,0,0,0,1,1,0,0,0,1,1,0,0,0,1,0,1,0,0,1,1,1,0,0,0,1,0,1,1,1,0,1,0,0,1,0,1,1,0,1,1,0,0,0,1,1,1,1,0,1,1,1,1,0,1,1,1,0,0,1,1,0,1,0,1,1,0,0,0,1,1,1,1,0,1,0,1,0,0,1,1,0,0,0,1,1,1,0,0,1,1,1,1,0,1,0,1,1,0,1,1,1,1,0,1,1,0,1,0,1,0,1,0,0,1,1,1,0,0,0,0,1,1,0,0,1,0,0,0,1,0,0,1,1,1,1,0,0,0,1,0,1,0,0,0,1,0,0,0,0,1,1,1,0,0,0,1,0,0,1,0,1,0,1
2f97de30-5914-5f05-b944-0275b41d52a7,c8ecedc5-62ad-5ca6-9d51-2151af84d72f,Kirinyaga Avocado Farm #0785,Central Highlands,Kirinyaga,Avocado,55.66,-0.032973,37.314041,5,True,Commercial Market Leader,2,20.64,5,Future Ready Farm,0.84,0.92,0.84,0.88,0.96,0.84,0.8,0.8,1,1,1,1,1,1,1,1,1,1,1,1,0,0,1,1,1,1,0,1,1,1,0,1,1,1,1,1,1,1,1,1,1,0,1,1,1,1,1,1,1,1,1,1,1,1,1,1,1,0,1,1,1,0,0,1,1,1,1,1,1,1,1,1,0,1,1,1,1,1,1,1,1,1,0,1,1,1,1,1,1,1,1,1,1,1,1,0,1,1,1,0,1,1,1,1,1,0,1,1,1,1,1,1,1,1,1,1,1,0,1,1,1,1,1,1,1,1,1,1,1,1,1,1,1,1,1,0,1,1,1,1,0,1,1,0,1,1,1,1,1,1,1,1,1,1,1,1,0,1,1,1,1,1,1,1,0,0,1,0,1,1,0,1,1,1,1,1,1,1,1,1,1,0,1,1,1,1,1,0,1,1,1,1,0,0,1,0,1,1,1,1,1,0,1,1,1,1,1,1
1c7c7827-abeb-5a76-afac-b895a30b48d5,238881ba-b1f2-5ad0-a5d9-f4bbe0ccdce4,Nakuru Potatoes Farm #0786,Rift Valley,Nakuru,Potatoes,0.56,0.862927,36.024818,23,True,Informal Smallholder,0,6.24,2,Emerging Agribusiness,0.28,0.2,0.28,0.48,0.12,0.36,0.16,0.2,1,0,0,0,0,1,1,1,0,0,1,0,0,0,0,0,0,0,0,1,0,0,1,0,0,1,0,0,0,0,1,0,0,0,0,1,1,0,0,0,0,0,0,0,0,1,0,0,0,0,0,0,1,0,0,1,0,1,0,0,1,1,0,0,0,0,0,1,0,0,1,0,0,0,0,1,0,0,0,0,1,1,0,0,1,0,0,1,0,1,1,1,1,1,0,0,0,0,1,1,1,0,0,0,0,0,0,0,1,0,0,0,0,0,0,0,1,0,0,0,0,0,0,0,0,1,0,1,0,0,1,0,0,0,0,0,0,1,0,0,1,1,1,0,0,0,0,1,0,1,0,1,1,0,0,0,0,0,0,0,1,0,0,1,0,0,0,0,0,0,0,0,0,0,0,0,0,0,0,0,1,0,0,0,0,0,0,0,0,0,1,0,0,0,0,1,1,1,0,0
d357ecb4-78ef-5b2f-b146-16306d8e8eb1,a5413b05-3537-502a-a022-67cb33196748,Taita Taveta Fish Farming Farm #0787,Coastal Lowlands,Taita Taveta,Fish Farming,7.72,-2.387147,39.643714,17,False,Transitioning Agribusiness,1,12.36,3,Structured Farm,0.48,0.52,0.64,0.64,0.36,0.52,0.6,0.36,1,0,1,1,0,1,1,0,0,1,1,1,0,0,0,1,1,0,0,0,0,1,0,0,1,1,1,0,0,0,0,1,1,1,0,0,1,1,1,0,1,0,0,0,1,1,1,1,0,0,1,0,1,1,0,1,1,0,1,1,0,0,1,0,1,1,1,1,0,0,1,1,1,1,0,1,1,1,1,0,0,1,1,0,0,1,1,0,1,0,1,1,1,0,1,1,1,0,0,1,1,1,0,0,0,1,0,0,0,0,1,1,0,0,0,1,1,0,0,0,1,1,0,0,0,1,1,1,0,0,1,0,0,1,0,1,1,1,0,0,1,0,1,0,0,0,1,1,1,0,1,1,0,1,0,1,1,0,1,0,1,1,1,1,0,0,1,1,1,0,1,0,0,1,0,1,0,0,0,0,1,1,1,0,0,1,0,0,1,0,1,0,0,0,0,0,1,1,0,0
5d0ab2b0-b592-5cf2-a047-21ac028a1565,3865881d-6c68-5177-9f9f-94962b7f2d4f,Uasin Gishu Maize Farm #0788,Rift Valley,Uasin Gishu,Maize,2.22,1.222613,35.665718,15,False,Informal Smallholder,0,5.76,2,Emerging Agribusiness,0.2,0.12,0.36,0.48,0.28,0.28,0.16,0.04,1,0,0,0,0,0,1,1,1,0,1,0,0,0,0,0,0,0,0,0,0,0,0,0,0,0,1,0,0,0,0,0,0,0,0,0,1,0,0,0,0,0,0,0,0,0,1,0,0,0,1,0,0,0,0,1,1,0,0,0,1,1,1,0,0,1,1,1,0,0,0,0,0,0,0,1,0,0,1,1,1,1,1,0,0,1,1,0,0,0,0,0,0,1,1,0,1,0,1,0,0,0,1,0,0,0,0,0,0,0,1,0,0,1,0,1,0,0,1,0,0,1,1,0,0,1,1,0,0,0,0,1,0,0,0,1,1,0,0,0,1,1,0,0,0,0,0,0,0,0,0,0,0,0,0,0,1,0,0,1,0,0,0,0,0,0,0,0,0,0,0,1,0,1,0,0,0,0,0,0,0,0,0,0,0,1,0,0,0,0,0,0,0,0,0,0,0,0,0,0
29741c45-9ea6-5ccf-8af9-1ca7c09ba84a,c30ca5bd-eb93-5a62-a9e6-203d3e6e384b,Makueni Cowpeas Farm #0789,Eastern Semi-Arid,Makueni,Cowpeas,4.32,-1.203852,38.739491,12,True,Transitioning Agribusiness,1,12.24,3,Structured Farm,0.52,0.56,0.52,0.6,0.48,0.56,0.44,0.4,1,1,1,0,0,0,0,1,1,0,0,1,1,0,0,1,1,1,0,0,1,1,1,0,0,1,0,1,0,0,1,1,0,1,1,0,1,0,0,1,1,1,0,0,0,1,1,1,0,1,1,1,0,0,0,1,0,1,0,0,1,1,1,1,1,0,1,0,1,0,1,0,1,0,0,1,1,1,1,1,1,1,1,0,1,1,0,0,0,0,1,1,0,0,0,1,1,1,0,0,0,0,0,0,1,1,0,1,0,1,1,0,1,0,0,1,1,1,0,0,1,1,0,1,0,1,0,1,0,0,1,1,0,0,1,1,1,1,1,0,1,1,0,0,0,1,0,1,1,0,1,0,1,0,0,1,1,0,1,0,0,0,1,0,0,1,0,1,0,0,0,1,1,1,0,1,0,1,1,0,1,1,0,0,0,1,1,0,0,0,1,0,0,0,0,1,1,0,0,0
e38cbf1d-3db1-5bf6-9186-e20e1cd9fd2c,fb749f8b-5cb6-5101-a2f8-4ec36cf79e9e,Trans Nzoia Dairy Farm #0790,Rift Valley,Trans Nzoia,Dairy,1.5,-0.647432,35.10127,17,True,Transitioning Agribusiness,1,12.48,3,Structured Farm,0.56,0.56,0.48,0.68,0.28,0.64,0.52,0.44,1,1,0,0,0,1,1,0,0,0,1,1,1,1,0,1,1,1,0,0,1,1,0,1,0,1,1,0,0,0,1,0,1,1,0,1,1,0,0,1,1,1,1,1,0,1,0,1,0,0,1,1,0,0,0,1,1,1,0,1,1,0,1,1,0,0,1,0,0,0,1,1,0,0,0,1,1,1,1,1,0,1,0,0,1,1,1,0,1,0,0,1,1,0,1,1,1,1,1,0,1,1,0,1,0,1,0,0,0,0,1,1,0,0,0,0,0,0,0,0,0,0,1,0,0,1,0,1,1,0,1,1,0,1,0,1,1,1,1,0,1,1,1,1,0,1,1,0,0,0,1,1,0,0,0,1,1,0,1,0,1,1,1,0,0,1,0,1,0,0,1,1,1,0,0,0,1,0,1,0,0,1,1,0,0,1,1,1,0,0,1,0,0,1,0,0,1,1,0,0
80f10146-b6de-581b-8f5e-4ba6337592b8,a0d2c6b1-c5c2-56fd-be1c-f489a18034ab,Lamu Fish Farming Farm #0791,Coastal Lowlands,Lamu,Fish Farming,3.27,-3.648596,39.282362,14,False,Informal Smallholder,0,5.76,2,Emerging Agribusiness,0.24,0.2,0.36,0.56,0.12,0.12,0.2,0.12,0,1,0,0,0,0,1,0,0,0,1,0,0,0,0,1,1,0,0,0,1,0,0,0,0,1,1,0,1,0,0,0,0,0,0,0,0,0,0,0,0,0,1,0,0,0,1,0,0,0,0,1,1,1,0,1,1,0,0,0,1,1,0,1,0,0,0,0,0,0,1,0,0,0,0,1,1,1,1,0,1,1,1,0,0,1,1,1,0,0,1,1,0,0,0,0,0,1,1,0,0,0,0,0,0,0,0,0,1,0,1,0,0,0,0,1,0,0,0,0,0,0,0,0,0,0,0,0,1,0,0,1,0,1,0,0,0,0,0,0,0,0,0,0,0,0,0,0,0,0,0,0,0,0,0,0,1,0,1,0,1,1,0,0,0,0,1,0,0,0,0,0,0,0,0,0,1,0,0,0,0,0,0,0,0,0,0,1,0,0,0,0,0,0,0,0,1,0,0,0
97d1b52b-709c-53b1-bcfd-7d248f6a2402,888ed7e2-192d-59db-b1ae-3edacd6c6993,Machakos Green Grams Farm #0792,Eastern Semi-Arid,Machakos,Green Grams,2.65,-2.087624,37.357899,13,False,Informal Smallholder,0,5.28,2,Emerging Agribusiness,0.16,0.24,0.08,0.6,0.12,0.4,0.04,0.12,0,1,0,0,0,0,1,0,0,0,0,0,0,0,1,1,0,0,0,0,0,0,0,0,0,1,0,0,0,0,0,1,0,0,0,1,1,0,0,0,1,0,1,0,0,0,0,0,0,0,0,0,0,0,0,0,0,0,0,0,1,0,0,0,0,0,0,0,0,0,0,1,0,0,0,0,0,0,0,1,1,1,1,1,0,1,1,1,1,0,1,0,1,0,0,1,1,1,1,0,0,1,0,0,0,0,0,0,0,0,0,0,0,0,0,1,0,0,0,1,0,0,0,0,0,1,0,0,0,0,1,1,1,0,0,1,1,0,0,1,1,0,0,0,1,0,1,0,0,0,0,0,0,0,0,0,0,0,0,0,0,0,0,0,0,0,0,0,1,0,0,0,0,0,0,1,0,0,0,0,0,0,0,0,1,0,0,0,0,0,0,0,1,0,0,0,0,0,0,0
b0a8a2d9-cac1-5859-bb25-933642157f27,d44060fe-5e93-58b4-8fca-ed351584e004,Nyeri Coffee Farm #0793,Central Highlands,Nyeri,Coffee,3.05,-0.477579,36.910065,1,False,Informal Smallholder,0,6.6,2,Emerging Agribusiness,0.12,0.2,0.2,0.6,0.16,0.36,0.32,0.24,0,0,0,0,0,0,1,0,0,0,0,0,0,0,1,0,0,0,0,0,0,1,0,0,0,0,1,0,0,0,0,1,0,0,0,0,1,0,0,0,0,0,0,0,0,1,0,0,0,1,0,1,0,0,0,1,0,0,0,0,0,0,0,0,0,1,0,1,0,0,1,0,0,0,0,1,0,1,0,1,0,1,1,1,0,0,1,1,0,1,1,1,0,1,0,1,1,1,0,0,1,0,0,0,0,0,0,1,0,0,1,0,0,0,0,0,0,0,0,0,1,0,0,0,0,1,1,0,0,0,1,1,0,0,1,0,0,1,0,0,1,0,0,0,0,0,1,0,1,0,1,1,1,0,0,1,0,0,0,0,1,0,0,0,0,0,1,0,0,0,1,1,0,0,0,1,0,0,0,0,0,0,1,0,1,0,0,1,0,0,1,0,0,0,0,0,1,0,0,0
c19c3852-bddb-56d6-bb23-454ff1dd714d,17ca8396-98fa-5511-b2ec-9458a3d88b86,Bungoma Maize Farm #0794,Western Kenya,Bungoma,Maize,2.88,-0.35807,34.208606,7,True,Informal Smallholder,0,4.8,5,Future Ready Farm,0.24,0.12,0.16,0.44,0.08,0.24,0.24,0.08,1,0,0,0,0,1,1,0,0,0,0,1,0,0,0,1,0,0,1,0,0,0,0,0,0,0,0,0,0,0,0,1,0,0,0,0,0,0,0,0,0,0,1,0,0,0,0,1,0,0,0,0,0,0,0,1,0,0,0,0,0,0,0,1,0,1,0,0,0,0,1,0,0,0,0,1,0,0,1,0,0,1,0,1,0,1,1,1,0,0,1,0,0,0,0,1,1,0,0,1,1,1,0,0,0,0,0,0,0,0,0,0,0,0,0,0,0,0,0,0,0,0,0,0,0,0,1,0,0,0,1,0,0,0,0,0,1,0,0,0,0,1,0,0,0,1,0,0,1,0,0,0,0,0,0,0,0,0,1,0,0,1,1,0,0,1,1,0,1,0,0,0,0,0,0,0,0,0,0,0,0,0,0,0,0,1,0,0,1,0,0,0,0,0,0,0,0,0,0,0
9e5be02e-df9a-5a0b-b2ef-153de767b520,a9b53c4e-e9d5-50d7-ace4-5b85fd6130be,Nandi Tea Farm #0795,Rift Valley,Nandi,Tea,3.69,0.577009,36.139642,1,True,Informal Smallholder,0,5.64,2,Emerging Agribusiness,0.28,0.2,0.2,0.36,0.28,0.28,0.28,0.0,0,0,0,0,0,0,0,0,0,0,0,1,0,0,0,1,1,1,0,0,1,1,0,1,0,0,0,0,0,0,1,0,1,0,0,1,0,0,0,0,0,0,0,0,0,1,0,1,0,0,0,0,0,0,0,0,1,1,0,0,0,0,0,0,0,0,1,0,0,0,0,1,0,0,1,1,0,0,0,0,1,1,0,0,0,1,1,1,0,0,1,0,0,0,1,1,0,0,0,0,1,0,1,0,0,0,0,0,0,0,0,1,0,1,1,0,1,0,0,0,0,1,0,0,0,0,1,0,0,0,0,1,0,1,0,1,0,1,0,0,0,0,0,0,0,1,0,1,0,0,1,0,0,1,0,1,0,0,0,0,0,0,0,0,0,0,0,1,1,0,1,0,1,0,0,0,0,0,0,0,0,0,0,0,0,0,0,0,0,0,0,0,0,0,0,0,0,0,0,0
38383ef0-2845-5356-96eb-65fb96a532d3,6d465f92-b313-51bb-b302-1ea9536a2a73,Uasin Gishu Dairy Farm #0796,Rift Valley,Uasin Gishu,Dairy,2.57,-0.386683,35.722749,5,False,Informal Smallholder,0,4.68,5,Future Ready Farm,0.16,0.04,0.12,0.52,0.08,0.32,0.16,0.16,0,0,0,0,0,0,0,0,0,0,0,1,0,0,0,1,0,0,0,0,1,0,1,0,0,0,0,0,0,0,0,0,0,0,0,0,0,0,0,0,0,1,0,0,0,0,0,0,0,0,0,1,0,0,0,0,0,0,0,0,0,0,0,0,0,1,0,0,0,0,0,1,0,0,0,0,0,1,1,0,0,1,1,1,0,1,1,1,1,0,0,1,1,1,0,0,1,0,0,0,0,1,0,0,0,0,0,0,0,0,0,1,0,0,0,0,0,0,0,0,0,0,0,0,0,0,0,0,1,0,1,0,1,0,0,1,1,1,0,0,0,0,0,1,0,1,0,0,0,0,0,0,0,1,0,1,0,0,0,0,1,0,0,0,0,1,0,0,0,0,0,0,0,0,0,0,1,0,0,0,0,0,0,0,0,0,0,1,0,0,0,0,0,0,1,0,1,0,0,0
83046cc3-73d6-5679-af2b-04653b749f61,8eab23a7-bc03-5e1d-88a1-e13d99437d9b,Trans Nzoia Wheat Farm #0797,Rift Valley,Trans Nzoia,Wheat,3.52,-0.388816,35.842067,3,True,Informal Smallholder,0,5.52,2,Emerging Agribusiness,0.2,0.2,0.24,0.64,0.16,0.2,0.12,0.08,0,0,0,0,0,1,0,1,0,0,1,1,0,0,0,0,0,0,0,0,0,1,0,0,0,0,0,0,1,1,0,0,0,0,0,1,0,0,0,0,0,0,0,0,0,1,0,1,0,0,1,0,0,0,0,0,0,0,0,0,0,1,0,0,0,1,0,1,0,0,0,1,1,0,0,1,0,0,0,1,1,1,1,1,1,0,1,1,0,0,1,1,1,1,1,1,1,0,0,0,0,0,0,0,0,0,0,0,0,0,0,0,0,0,0,1,1,0,0,0,0,1,1,0,0,0,1,0,1,0,0,0,0,1,0,1,0,0,0,0,1,0,0,0,0,0,0,0,0,0,0,1,0,0,0,0,0,0,0,0,0,0,1,0,0,1,0,0,0,0,0,0,0,0,0,0,0,0,0,0,0,1,0,0,0,0,1,0,0,0,0,0,0,0,0,0,0,0,0,0
680105d8-25c4-5c3a-864e-aa76efed769a,f75ca666-8995-572a-ba2d-2cc67adf37fb,Kiambu Coffee Farm #0798,Central Highlands,Kiambu,Coffee,2.27,-0.684166,37.226144,16,False,Informal Smallholder,0,5.04,2,Emerging Agribusiness,0.08,0.28,0.4,0.6,0.16,0.08,0.08,0.0,0,0,0,0,0,0,0,0,0,0,0,1,0,0,0,1,0,0,0,0,0,0,0,0,0,0,1,0,0,0,0,0,1,0,0,0,1,1,1,0,0,0,0,0,0,1,1,0,0,0,1,1,1,0,0,0,1,1,0,0,1,0,0,1,0,0,1,1,1,0,0,0,0,0,0,1,0,1,1,0,1,1,1,0,0,1,1,0,0,1,1,1,1,0,0,1,1,0,0,1,1,0,0,0,0,1,0,0,0,0,0,0,0,0,0,1,0,1,0,0,0,0,0,0,0,0,0,0,0,0,0,1,0,0,0,0,0,0,0,0,1,0,0,0,0,0,0,0,0,0,0,0,0,0,0,0,0,0,0,0,1,0,0,0,0,0,1,0,0,0,0,0,0,0,0,0,0,0,0,0,0,0,0,0,0,0,0,0,0,0,0,0,0,0,0,0,0,0,0,0
e8216e77-44f2-58d2-8d8b-77a42a5ec5ea,b52fc707-cde9-5acb-be4c-950c6eddddad,Meru Avocado Farm #0799,Central Highlands,Meru,Avocado,8.85,-1.319809,36.683283,7,True,Transitioning Agribusiness,1,11.64,3,Structured Farm,0.56,0.36,0.56,0.68,0.52,0.4,0.56,0.24,1,1,1,0,0,1,1,1,0,0,1,1,0,0,0,1,1,0,1,0,0,1,1,0,1,1,1,1,0,0,0,1,1,0,0,1,0,0,0,0,0,0,0,0,0,1,1,1,0,0,0,1,1,1,0,1,1,1,0,0,0,1,0,1,0,1,0,0,1,0,1,0,1,1,1,1,0,0,0,1,1,1,1,0,1,1,1,1,1,1,0,1,1,1,0,1,1,0,1,0,1,1,1,1,0,1,0,0,0,0,0,1,1,0,0,1,1,0,1,0,1,0,0,1,1,0,0,0,0,0,0,0,1,1,0,1,1,1,0,0,1,1,0,0,0,0,1,1,1,0,1,1,1,0,0,1,1,1,0,0,1,1,1,0,0,1,1,0,0,0,1,1,1,0,0,0,1,1,0,0,1,0,0,0,0,0,1,0,0,0,0,1,0,0,0,0,1,0,0,0
f673ba69-41a5-5629-8d14-6fd4ca6dc13f,27fcfce1-80d0-5b3f-abfd-ce8a2fb1dfd8,Tharaka Nithi Mangoes Farm #0800,Eastern Semi-Arid,Tharaka Nithi,Mangoes,14.49,-1.90786,38.688666,6,True,Transitioning Agribusiness,1,12.24,3,Structured Farm,0.6,0.4,0.68,0.6,0.52,0.56,0.44,0.28,0,1,1,1,0,1,1,1,1,0,1,0,1,1,0,1,0,1,1,0,1,1,0,0,0,1,1,0,0,0,1,1,1,0,0,0,1,0,0,0,1,1,1,0,0,0,0,0,1,0,1,1,1,1,1,1,1,1,0,1,1,1,1,0,0,1,1,1,0,1,1,0,0,0,0,1,0,1,1,1,1,0,0,0,0,1,1,1,1,0,1,1,0,0,0,1,0,1,1,1,0,0,1,0,0,1,1,0,1,1,1,0,1,0,0,1,0,1,1,0,1,1,1,0,0,1,0,1,1,1,0,1,1,1,0,1,0,1,0,0,1,0,1,0,0,1,1,1,0,0,0,1,0,0,1,0,0,1,0,0,1,0,0,0,0,1,1,1,1,0,1,0,1,1,0,1,0,0,0,0,1,0,1,0,0,1,0,0,0,0,1,0,0,0,0,1,1,0,0,0
a298d5b6-eabd-565d-96e2-d53ae439f5df,9ca6f445-bde7-51b0-be3a-2d5a798037d9,Busia Horticulture Farm #0801,Western Kenya,Busia,Horticulture,8.19,-0.284365,34.830583,19,True,Transitioning Agribusiness,1,10.56,3,Structured Farm,0.36,0.36,0.28,0.64,0.44,0.52,0.44,0.48,1,0,1,0,1,1,0,1,1,0,1,0,0,0,1,0,0,0,0,0,1,0,0,0,0,0,1,0,0,0,1,1,1,0,1,0,0,1,1,0,0,0,0,0,0,1,0,0,0,1,1,1,0,0,0,1,0,0,0,0,1,1,1,0,0,0,0,0,0,0,1,0,0,0,0,0,1,1,0,0,1,1,1,0,0,1,1,1,0,1,1,1,1,1,0,1,1,0,1,0,0,1,0,0,0,0,0,0,1,0,1,1,1,0,0,0,0,1,0,0,1,1,1,1,1,1,1,0,1,0,1,1,1,0,0,0,1,1,0,0,1,0,1,1,0,1,0,1,0,0,0,0,0,0,0,1,0,1,1,0,1,1,0,1,0,1,1,0,0,0,1,0,1,1,0,1,1,1,1,0,1,0,1,0,0,1,0,1,0,1,1,0,1,0,0,1,0,0,0,0
c4334ab9-c52e-58aa-a19b-e9b84130f13e,a69ba987-2f92-5d2a-9f3c-9087f4639348,Kitui Sorghum Farm #0802,Eastern Semi-Arid,Kitui,Sorghum,0.5,-0.944851,38.320712,15,False,Informal Smallholder,0,6.12,2,Emerging Agribusiness,0.16,0.28,0.16,0.64,0.28,0.24,0.16,0.12,1,0,0,0,0,1,0,0,0,0,0,0,0,0,0,1,0,1,0,0,0,0,0,0,0,1,0,1,0,0,0,0,0,0,0,1,0,0,0,0,1,1,0,0,0,1,1,0,0,0,1,0,0,0,0,0,0,0,0,0,0,0,0,0,0,1,1,1,0,0,0,0,0,0,0,1,1,1,1,0,0,1,1,0,1,1,1,0,1,1,1,1,0,0,0,1,1,1,0,0,1,0,0,0,0,1,1,0,0,0,1,0,0,0,0,1,1,0,0,0,0,1,0,0,0,1,0,0,0,0,1,0,0,0,0,1,1,0,0,0,1,0,0,0,0,0,1,0,0,0,1,0,0,0,0,0,0,0,0,1,0,0,0,1,0,0,0,0,0,0,0,0,0,1,0,0,0,0,0,0,1,0,0,0,0,0,0,1,1,0,0,0,0,0,0,0,0,0,0,0
e3f26cb2-f700-535d-8498-5e464e724654,0fd4970f-a80a-551d-81db-9d7b8baa0019,Trans Nzoia Maize Farm #0803,Rift Valley,Trans Nzoia,Maize,42.45,0.032564,35.4282,26,True,Commercial Market Leader,2,19.44,4,Investment Ready Farm,0.8,0.84,0.92,0.72,0.8,0.88,0.92,0.6,1,1,1,1,1,1,1,1,0,1,1,1,1,1,0,1,1,1,0,0,1,1,1,1,0,1,1,1,1,0,1,1,1,0,1,1,1,1,1,1,1,1,1,1,0,1,1,0,1,1,1,1,1,1,0,1,1,1,1,1,1,1,1,1,1,1,1,1,1,1,1,1,1,1,0,0,1,0,0,1,1,1,1,1,1,0,1,1,1,0,1,0,1,1,1,1,1,0,1,1,1,1,1,1,0,1,1,0,1,1,0,1,1,1,1,1,1,1,1,0,1,1,1,1,0,1,1,1,1,1,1,1,1,1,1,1,1,1,1,1,0,1,1,1,1,1,1,1,0,0,1,1,1,1,1,1,1,1,0,0,1,1,1,1,1,1,1,1,1,1,1,1,1,1,1,1,0,1,1,0,1,1,0,0,0,1,1,1,1,0,1,1,1,0,0,0,0,1,1,1
92a5b30c-0172-5f19-9b93-e2c18121254f,055f4480-849c-59bd-a1e8-99490c22dca3,Busia Poultry Farm #0804,Western Kenya,Busia,Poultry,1.5,1.134413,34.490116,7,True,Transitioning Agribusiness,1,12.24,3,Structured Farm,0.44,0.32,0.56,0.56,0.48,0.56,0.68,0.48,1,1,0,0,0,1,1,0,1,0,1,1,0,0,0,0,1,1,0,0,0,1,1,0,0,0,1,1,0,0,1,0,1,1,0,0,1,0,0,0,0,1,0,1,0,0,0,0,0,0,1,1,1,0,0,1,1,0,1,1,1,0,0,0,1,0,0,0,0,1,1,1,1,0,1,1,1,0,0,0,1,0,1,1,0,1,1,1,1,0,1,1,1,0,0,0,1,1,0,0,1,1,1,1,0,1,0,0,0,0,1,1,0,1,0,1,0,1,0,0,1,1,0,0,0,1,0,0,1,1,1,0,0,1,0,1,0,1,1,0,1,1,0,0,1,1,0,1,1,0,0,1,1,0,0,1,1,1,1,1,1,1,0,1,0,1,0,1,1,1,1,1,0,1,0,1,0,0,0,0,0,1,1,0,0,0,0,0,1,1,1,1,1,1,0,1,1,1,0,0
12540198-cd08-59d7-ac99-5c9da5ed97f1,8cc6d0eb-3624-5c54-bde9-0cb1345b2865,Nandi Tea Farm #0805,Rift Valley,Nandi,Tea,2.54,-0.898159,35.501069,12,False,Informal Smallholder,0,6.12,2,Emerging Agribusiness,0.16,0.4,0.32,0.48,0.04,0.2,0.24,0.2,0,1,0,0,0,0,0,0,1,0,0,0,0,1,0,0,0,0,0,0,0,0,0,0,1,1,1,1,0,1,1,0,1,0,0,1,1,0,0,0,1,0,1,0,0,0,0,0,0,0,1,1,1,0,0,1,0,0,0,0,0,1,0,0,0,0,0,0,0,0,0,1,1,1,0,1,1,0,1,0,0,1,0,0,0,1,1,1,1,0,0,0,1,1,0,1,0,1,0,0,0,0,1,0,0,0,0,0,0,0,0,0,0,0,0,0,0,0,0,0,0,0,0,0,0,1,0,0,0,0,0,1,1,0,0,1,0,0,0,0,0,1,0,0,0,0,0,0,0,0,0,1,0,0,0,0,1,0,0,0,1,0,1,0,0,1,0,0,0,0,1,0,0,0,0,1,0,1,0,0,0,1,0,0,0,0,0,0,0,0,0,0,0,0,0,1,0,1,0,0
5f92c371-0b93-5d6d-8564-f5cd0d68b57c,24a4f486-e44d-5126-9b6d-69504d52b8c7,Nandi Tea Farm #0806,Rift Valley,Nandi,Tea,3.12,0.806923,35.055326,8,True,Informal Smallholder,0,5.4,2,Emerging Agribusiness,0.2,0.12,0.24,0.52,0.16,0.28,0.16,0.12,0,1,1,0,0,1,0,1,0,0,0,0,0,0,0,1,0,0,0,0,0,0,0,0,0,1,0,0,0,0,0,0,0,0,0,1,0,1,0,0,0,0,0,0,0,0,0,0,0,0,1,1,0,0,0,0,0,1,0,0,1,0,0,0,0,1,0,0,0,0,0,1,0,0,0,1,1,0,1,0,1,1,0,1,0,0,1,0,1,0,1,0,1,0,1,0,1,0,1,0,1,0,0,0,0,0,0,0,0,0,1,0,0,0,0,1,0,0,0,0,0,0,0,0,1,1,1,0,0,0,1,1,0,0,0,1,0,0,0,0,0,1,0,0,0,0,0,1,0,0,0,1,0,1,0,0,0,0,0,0,0,1,0,0,0,0,0,0,0,0,1,0,0,0,0,0,0,0,0,0,0,0,0,0,0,0,1,0,0,0,0,1,0,0,0,1,0,0,0,0
3d5f897f-777d-5f43-91f6-015eb700559a,901b09f8-dac8-5220-b368-4ddaa72e06f4,Makueni Cowpeas Farm #0807,Eastern Semi-Arid,Makueni,Cowpeas,15.81,-0.963202,37.478254,1,True,Transitioning Agribusiness,1,12.0,3,Structured Farm,0.52,0.32,0.6,0.72,0.52,0.6,0.32,0.4,1,1,1,0,1,1,1,1,1,0,1,0,0,0,1,0,0,1,1,0,0,1,0,0,0,1,0,1,0,0,1,0,1,0,0,1,1,0,0,0,1,0,0,0,0,0,1,0,0,0,1,1,0,1,0,0,1,0,1,0,1,1,1,0,1,1,0,0,1,0,1,1,1,0,1,1,1,1,0,0,1,1,1,0,1,1,0,1,1,0,1,1,1,1,1,1,1,1,0,0,1,1,0,0,1,1,0,0,0,0,1,1,1,0,0,1,1,1,0,1,1,0,0,0,1,1,1,1,0,0,1,0,1,1,0,1,1,0,1,0,1,1,0,1,1,0,0,1,1,0,1,0,0,1,0,1,0,0,0,0,1,0,0,0,0,0,1,0,0,0,1,1,1,0,0,0,1,0,0,0,1,0,0,0,1,1,0,0,0,0,0,1,1,0,1,1,1,1,0,0
f5edcfb6-70da-59bb-894e-df9aa17b8378,0758df15-5b11-58c0-b75d-70c46342eab9,Kirinyaga Avocado Farm #0808,Central Highlands,Kirinyaga,Avocado,3.71,-0.143905,37.436465,21,False,Informal Smallholder,0,5.4,2,Emerging Agribusiness,0.12,0.16,0.28,0.52,0.24,0.24,0.08,0.16,0,0,0,0,0,0,0,1,0,0,0,0,0,0,0,0,0,0,0,0,0,1,1,0,0,0,0,0,0,0,0,1,1,0,0,0,1,0,0,0,0,0,0,0,0,1,0,0,0,0,1,1,0,0,0,0,0,0,1,0,1,0,0,0,0,1,0,0,0,1,1,0,0,0,0,1,0,1,1,0,1,1,0,0,0,1,1,0,0,0,1,1,1,0,0,1,1,0,1,0,0,1,0,0,0,1,0,0,0,0,0,0,1,0,0,1,0,0,1,0,1,0,0,0,0,1,0,0,1,0,0,0,1,0,0,0,0,0,0,0,1,0,1,0,0,0,0,1,0,0,0,0,0,0,0,0,0,0,0,0,0,0,0,0,0,1,0,0,0,0,0,0,1,0,0,1,1,0,0,0,0,0,0,0,1,0,0,0,1,0,0,0,0,0,0,0,0,0,0,0
5d754bfd-a8d6-5fad-8a84-592e49926a42,d31663c9-486c-519b-a867-e0f8ccba9c26,Bomet Dairy Farm #0809,Rift Valley,Bomet,Dairy,5.57,0.45349,35.855675,14,True,Transitioning Agribusiness,1,12.0,3,Structured Farm,0.52,0.48,0.6,0.72,0.32,0.52,0.44,0.4,0,1,1,0,0,1,1,1,1,0,1,1,1,0,0,0,1,0,0,1,0,1,0,1,0,0,1,1,1,0,1,0,1,1,0,0,1,1,0,0,1,1,1,0,0,0,1,0,0,0,0,1,1,1,1,0,0,1,0,0,1,1,1,0,0,1,1,1,0,0,1,1,1,0,1,1,1,1,0,0,1,1,1,0,1,1,0,1,1,0,1,1,1,1,0,1,1,1,0,1,0,0,1,0,0,1,1,0,0,0,0,0,0,1,0,1,0,0,1,0,0,1,1,0,0,1,0,0,0,1,1,1,0,0,0,1,1,1,1,0,1,1,1,0,0,1,0,1,0,0,1,1,1,0,0,1,0,0,0,0,1,0,1,0,0,1,0,0,1,0,1,1,0,1,0,1,1,0,0,0,1,1,0,0,0,1,0,1,0,0,1,0,0,0,0,1,0,1,0,1
89b25977-15e7-5129-91d1-c31f2270c3f2,4b85f26f-e617-55d6-ab5f-f9443ec1ea4b,Trans Nzoia Wheat Farm #0810,Rift Valley,Trans Nzoia,Wheat,41.71,-1.129315,35.613977,11,True,Commercial Market Leader,2,19.68,4,Investment Ready Farm,0.8,0.84,0.88,0.8,0.8,0.92,0.8,0.72,1,0,0,0,1,0,1,1,1,1,1,1,1,1,1,1,1,1,1,1,1,1,1,1,0,1,1,1,0,1,1,1,1,1,1,1,1,1,0,1,1,1,1,0,1,0,1,1,1,1,1,1,1,1,0,1,1,1,1,0,1,1,1,1,1,1,1,1,0,1,1,1,1,1,1,1,1,1,1,0,1,1,1,0,1,1,1,1,1,0,1,1,1,0,1,1,1,1,0,1,1,1,1,1,1,0,1,1,1,0,0,1,1,1,0,1,1,1,1,0,1,1,1,1,1,1,1,1,1,0,1,1,1,1,1,1,1,1,0,1,1,1,1,1,1,1,1,1,1,1,0,1,1,1,0,1,1,1,1,1,1,1,1,1,1,0,1,0,1,0,1,1,1,1,1,1,1,1,1,0,1,1,1,1,0,1,1,0,1,1,0,1,1,0,0,1,1,0,1,1
1062e376-ed21-59c3-9703-18bffd48af51,ee367818-6a39-5294-b1a4-25b278ff1f40,Kiambu Avocado Farm #0811,Central Highlands,Kiambu,Avocado,3.56,0.110951,36.686271,8,False,Informal Smallholder,0,4.44,5,Future Ready Farm,0.08,0.12,0.32,0.56,0.04,0.16,0.08,0.12,0,0,0,0,0,0,0,0,0,0,0,0,0,0,0,1,0,0,0,1,0,0,0,0,0,0,0,0,0,1,0,0,1,0,0,0,0,0,0,0,1,0,0,0,0,0,0,0,0,0,1,1,0,0,0,1,1,0,0,0,1,1,0,0,0,0,1,0,0,0,1,0,0,0,0,1,1,0,0,0,1,1,1,1,1,0,1,1,1,0,0,0,0,0,0,1,1,1,0,1,0,0,0,0,0,0,0,0,0,0,0,0,0,0,0,0,0,1,0,0,0,0,0,0,0,0,0,0,0,0,0,1,0,0,0,1,1,0,0,0,0,0,0,0,0,1,0,0,0,0,0,0,0,0,0,0,1,0,0,0,1,0,0,0,0,0,0,0,0,0,0,0,0,0,0,0,0,0,0,0,1,0,1,0,0,0,0,0,0,0,0,1,0,0,0,0,0,0,0,0
0e56d597-2781-56c7-ba0c-f8b9b7eed148,c553136c-0540-531e-b407-6bcde7b8852f,Kitui Green Grams Farm #0812,Eastern Semi-Arid,Kitui,Green Grams,3.68,-1.237182,38.365075,7,False,Informal Smallholder,0,5.76,2,Emerging Agribusiness,0.2,0.16,0.24,0.6,0.2,0.24,0.28,0.0,1,0,1,0,0,0,0,0,0,0,0,1,0,0,0,1,0,0,0,0,0,0,1,0,0,0,0,0,0,0,1,0,0,0,0,1,1,0,0,0,0,0,1,0,0,0,0,0,0,0,1,0,0,0,0,0,0,0,0,0,1,1,1,0,0,1,1,0,0,0,0,0,0,0,0,1,1,0,0,1,0,1,1,1,0,0,1,1,1,0,0,1,1,1,0,1,0,0,1,1,0,0,0,0,0,0,1,0,0,0,1,0,0,1,0,1,0,1,0,0,0,0,0,0,0,0,1,0,0,0,1,1,0,0,0,1,1,1,0,0,0,0,0,0,0,0,0,0,0,0,0,1,0,0,0,1,1,0,0,0,1,1,0,0,0,0,0,1,0,0,0,1,0,0,0,0,0,0,0,0,0,0,0,0,0,0,0,0,0,0,0,0,0,0,0,0,0,0,0,0
68bdd2ce-dd69-5d87-a1fd-af2c14a57571,99aa950d-57c3-594b-ad4d-10b49e63fbd7,Tharaka Nithi Cowpeas Farm #0813,Eastern Semi-Arid,Tharaka Nithi,Cowpeas,29.59,-1.362325,38.155367,19,True,Commercial Market Leader,2,21.0,5,Future Ready Farm,0.88,0.84,0.84,0.84,0.96,0.92,0.92,0.8,1,1,1,0,1,1,1,0,1,1,1,1,1,1,1,1,1,1,1,1,1,1,1,1,0,1,1,1,1,1,1,1,0,1,0,1,0,1,1,1,1,0,1,1,1,1,1,1,1,1,1,1,1,0,1,1,1,1,1,1,1,1,0,0,0,1,1,1,1,1,1,1,1,1,1,1,1,1,1,1,1,0,0,0,1,1,1,1,1,0,1,1,1,1,1,1,1,1,1,1,1,1,1,0,1,1,1,1,1,1,1,1,1,1,1,1,1,1,1,1,1,1,1,1,1,1,1,1,1,1,1,1,1,1,1,1,1,1,0,1,1,1,1,0,1,1,1,1,1,1,1,1,1,1,1,1,1,1,1,0,1,1,1,1,1,1,1,1,1,1,1,1,0,1,1,1,1,0,1,1,1,1,1,1,0,1,1,1,0,1,0,1,1,1,1,1,1,1,1,0
23be1895-bc7d-5e1e-8b1c-6c684ebf3d2b,33cf5f0d-b2f9-541c-a139-e56aaaf7ac82,Nyeri Coffee Farm #0814,Central Highlands,Nyeri,Coffee,7.12,-0.519764,37.588363,17,False,Transitioning Agribusiness,1,12.6,3,Structured Farm,0.52,0.48,0.72,0.76,0.44,0.52,0.44,0.32,1,0,0,0,0,1,1,0,0,1,1,1,1,1,1,1,0,1,1,0,1,0,0,0,0,1,1,1,0,0,1,1,1,0,0,0,1,0,0,1,1,1,0,0,0,1,0,1,0,0,1,1,0,1,0,1,1,1,1,1,0,1,0,1,0,1,1,1,1,0,1,1,1,1,0,1,0,1,1,1,1,1,1,1,1,1,1,1,1,0,0,0,1,1,0,1,0,1,1,1,1,1,0,0,0,1,1,0,0,0,1,0,0,0,0,1,1,1,1,0,1,0,1,0,0,1,0,0,1,0,1,1,0,1,0,0,1,1,0,0,1,1,0,1,0,1,1,0,0,1,1,1,0,0,0,1,0,0,0,0,1,1,1,0,0,1,0,1,1,0,1,1,0,0,0,1,0,0,1,0,1,0,1,0,0,0,0,1,0,0,1,0,1,0,0,1,0,0,0,0
eb9f3717-5e7c-56ca-bd1c-53638288013e,3e3c3c1f-9416-50c5-b984-691fdde0127d,Tharaka Nithi Pigeon Peas Farm #0815,Eastern Semi-Arid,Tharaka Nithi,Pigeon Peas,2.03,-1.342781,37.421438,15,True,Informal Smallholder,0,6.84,2,Emerging Agribusiness,0.16,0.36,0.28,0.48,0.28,0.32,0.28,0.12,0,1,0,0,0,0,1,1,0,0,1,0,0,0,0,0,0,0,0,0,0,0,0,0,0,1,1,0,0,0,0,1,1,0,0,1,1,0,0,0,1,0,0,1,0,0,1,0,0,0,0,0,1,0,0,1,0,0,0,0,0,0,0,0,0,1,0,1,1,0,1,1,0,0,0,0,1,0,0,0,1,0,0,1,0,0,1,0,1,0,1,1,1,1,0,1,1,1,0,0,1,0,0,0,0,0,1,0,1,0,0,0,0,0,1,1,0,0,0,0,1,0,0,1,0,1,1,0,0,0,1,1,0,0,0,1,0,1,0,0,1,0,0,0,0,1,0,0,0,0,1,1,0,0,0,0,1,0,0,0,0,0,0,0,1,0,0,1,1,0,1,0,0,0,0,0,0,0,0,0,1,0,0,0,0,1,0,0,0,0,0,1,0,0,0,0,0,0,0,0
280902cf-aa8e-587f-bc5b-c9c9bd08d847,23c91a77-49c2-525a-8468-bbbb66502530,Kwale Fish Farming Farm #0816,Coastal Lowlands,Kwale,Fish Farming,18.92,-4.321861,39.540129,3,False,Commercial Market Leader,2,19.32,4,Investment Ready Farm,0.8,0.84,0.8,0.76,0.84,0.76,0.8,0.84,1,1,1,1,1,1,1,1,0,0,1,1,1,1,0,1,1,1,1,0,1,1,1,0,1,1,0,1,1,1,1,1,1,1,1,1,0,1,1,1,1,1,1,0,1,1,1,0,1,1,1,1,1,1,0,1,0,1,0,1,1,1,0,1,1,1,1,1,1,0,1,1,1,1,1,1,1,1,0,1,1,1,1,1,1,1,1,1,0,0,1,1,0,0,0,1,1,1,1,1,1,1,1,1,1,1,1,1,1,1,1,0,1,1,1,0,1,1,1,1,1,0,1,1,0,1,1,0,1,1,1,1,1,1,1,0,1,0,1,0,1,1,1,1,1,0,1,1,1,0,1,1,1,0,1,1,1,1,0,1,1,1,1,1,0,0,1,1,1,1,1,0,1,1,1,1,1,0,1,1,1,1,1,1,1,1,1,1,1,0,1,1,1,1,0,1,1,1,1,0
5495616c-e888-5b5e-afea-7872be7b5cbe,d7623029-bff2-5166-81b7-158eaa427edd,Nakuru Wheat Farm #0817,Rift Valley,Nakuru,Wheat,25.17,0.04798,35.2288,8,True,Commercial Market Leader,2,20.52,5,Future Ready Farm,0.88,0.88,0.88,0.8,0.76,0.84,0.88,0.92,1,0,1,1,1,1,1,1,1,1,1,1,1,1,0,1,1,1,1,1,1,1,1,0,1,1,1,1,0,1,1,1,0,1,1,1,1,1,1,1,1,1,1,0,1,1,1,1,1,1,1,1,0,1,1,1,1,1,1,0,1,1,1,1,0,1,1,1,1,1,1,1,1,1,1,1,1,1,0,1,1,1,1,1,0,1,1,0,1,1,1,1,0,1,1,1,1,1,1,0,0,1,1,1,1,1,1,1,1,0,1,1,1,0,1,0,1,1,1,0,0,1,1,1,1,1,1,1,0,1,1,0,1,1,1,1,1,1,1,1,1,1,1,0,1,1,1,1,1,0,1,0,1,1,0,1,1,1,1,1,1,1,1,1,0,1,1,1,1,1,1,1,1,1,1,1,1,1,1,1,1,1,0,1,1,1,0,1,1,1,1,1,1,1,1,1,1,1,1,1
afc22483-b27a-5010-8208-7d22a93459e1,4cbffc71-f881-5ba8-9134-f3c01dca1c24,Kilifi Cassava Farm #0818,Coastal Lowlands,Kilifi,Cassava,8.55,-4.497047,39.795528,5,True,Transitioning Agribusiness,1,11.76,3,Structured Farm,0.4,0.44,0.6,0.72,0.44,0.6,0.52,0.2,0,1,0,0,0,1,1,1,0,0,0,1,1,0,1,0,1,0,0,0,1,0,1,0,0,0,1,0,0,0,1,0,0,0,0,1,1,0,1,0,1,1,0,0,0,1,1,1,1,0,1,1,0,1,0,1,1,1,1,0,1,1,0,0,0,1,1,0,0,0,1,1,1,1,0,1,1,1,0,0,1,1,1,0,0,1,1,1,1,0,1,1,1,1,0,0,1,1,1,1,0,1,0,0,0,1,1,0,0,0,1,0,1,1,0,1,1,0,1,0,1,1,0,0,0,1,1,1,0,1,1,1,1,0,0,1,0,0,0,1,1,1,1,1,1,0,1,0,0,0,1,1,0,1,0,1,1,1,0,0,1,1,0,1,0,1,1,0,0,0,0,1,0,1,0,1,0,0,0,0,0,1,0,0,0,1,0,0,1,0,0,0,1,0,0,0,0,0,0,0
6164dc05-5c9f-5cf4-bdaa-1a58718ff29e,c2fa13e6-6589-5aed-aa34-c04a00c9f717,Tharaka Nithi Cowpeas Farm #0819,Eastern Semi-Arid,Tharaka Nithi,Cowpeas,5.83,-1.904394,37.890243,5,True,Transitioning Agribusiness,1,12.84,3,Structured Farm,0.72,0.4,0.68,0.6,0.52,0.52,0.52,0.32,1,1,1,0,0,1,1,1,0,1,1,1,1,1,1,1,1,0,0,1,0,1,1,0,1,1,0,0,0,0,1,0,0,1,0,0,0,1,0,0,1,1,1,0,0,1,0,1,1,0,0,1,1,0,0,1,1,0,1,0,1,1,1,1,0,1,1,1,1,0,1,1,1,1,0,1,1,1,0,0,1,1,1,0,0,1,1,0,1,1,0,1,0,0,0,1,1,1,1,0,0,1,0,1,0,0,0,0,1,0,1,1,1,0,0,1,0,1,1,1,1,1,1,0,0,1,1,0,0,0,0,1,1,1,0,1,0,1,1,0,1,1,0,0,1,0,1,1,0,0,0,0,0,0,0,1,1,1,1,0,1,1,1,0,0,1,1,1,0,0,1,1,1,0,0,0,1,0,1,0,0,1,1,0,0,1,0,0,0,0,0,1,0,0,0,1,0,1,0,0
09baba8c-d792-54a8-8b8c-b3f60aa37f08,459f3504-3a29-5b3f-b205-568393f03ce3,Kitui Green Grams Farm #0820,Eastern Semi-Arid,Kitui,Green Grams,3.83,-0.881594,38.378045,5,False,Informal Smallholder,0,7.2,2,Emerging Agribusiness,0.2,0.24,0.48,0.64,0.2,0.32,0.24,0.08,0,0,0,1,0,1,1,0,0,0,0,1,0,0,0,0,0,0,0,0,0,1,0,0,0,0,1,0,0,0,0,0,0,0,0,1,1,1,0,0,1,0,0,0,0,0,0,1,0,0,1,0,0,0,0,1,1,1,0,0,1,1,1,1,1,0,1,1,0,0,1,0,0,0,0,1,0,0,0,1,1,1,1,1,1,0,1,0,0,0,1,1,1,1,1,1,1,0,1,0,0,0,0,0,0,1,0,0,0,0,1,1,0,0,0,0,0,0,0,1,1,0,0,0,0,0,1,0,0,0,1,1,0,0,0,1,0,0,0,1,1,0,1,0,0,0,0,1,0,0,0,1,1,0,0,1,0,0,0,0,0,0,0,0,0,1,0,1,1,0,0,0,0,0,0,0,0,0,0,0,0,0,0,0,1,0,0,0,0,0,0,1,0,0,0,0,0,0,0,0
3ae91734-7cd7-5e36-b334-d2d1710408d7,8d02e4b2-db11-5ec6-b587-a39b9d3c2b3a,Tharaka Nithi Mangoes Farm #0821,Eastern Semi-Arid,Tharaka Nithi,Mangoes,0.5,-1.3606,38.765444,12,False,Informal Smallholder,0,6.0,2,Emerging Agribusiness,0.12,0.16,0.24,0.68,0.08,0.4,0.2,0.12,0,0,0,0,0,1,1,0,0,0,0,0,0,0,0,0,0,0,0,0,0,0,0,0,1,1,0,0,0,0,0,0,0,1,0,0,0,0,0,0,1,0,0,0,0,0,0,0,1,0,0,0,0,1,0,1,1,0,0,0,1,0,1,0,0,1,0,0,0,0,0,0,0,0,0,1,1,1,1,0,1,1,0,0,1,1,1,1,0,0,1,1,0,0,1,1,1,1,1,0,0,0,0,0,0,0,0,1,0,0,0,0,0,0,0,0,0,0,0,1,0,0,0,0,0,1,0,0,0,0,1,0,1,0,0,1,1,0,0,0,1,1,0,1,0,1,0,1,0,0,1,1,0,0,0,0,0,1,0,0,0,1,0,0,0,0,0,0,0,0,0,1,0,0,0,1,0,0,0,1,0,0,0,0,0,0,0,0,0,1,0,0,0,0,0,0,0,0,0,0
ea93292d-c2cf-5e7e-9bb0-2a503694ad8f,cdeafaa6-53e8-5380-a75d-e142a36b615b,Lamu Coconut Farm #0822,Coastal Lowlands,Lamu,Coconut,4.44,-2.733224,39.500001,5,True,Transitioning Agribusiness,1,11.88,3,Structured Farm,0.44,0.48,0.56,0.48,0.48,0.6,0.48,0.44,0,1,0,0,0,0,0,1,0,0,1,1,0,0,1,1,1,0,1,0,1,1,0,1,0,1,0,0,1,0,1,1,1,0,0,1,0,1,0,1,1,0,0,0,0,1,1,0,0,1,1,0,1,0,0,1,1,1,1,1,0,1,0,1,0,1,1,1,0,1,1,0,0,0,0,0,1,1,0,0,0,0,1,0,0,1,1,1,0,0,1,0,1,1,1,0,0,1,1,0,1,1,0,0,1,0,0,1,0,0,1,1,0,1,0,1,0,1,0,0,1,1,0,1,0,1,1,0,0,0,1,1,1,0,0,1,0,1,1,0,0,1,1,1,1,1,1,1,0,0,1,0,0,0,0,1,1,1,0,0,1,0,1,1,1,1,0,0,1,0,0,1,1,0,0,0,1,0,1,0,0,1,1,0,0,1,1,0,0,0,0,0,0,1,0,1,1,1,1,0
a3efb082-4f34-5bce-bec9-9e4a97c0a6ae,9e154728-8e48-596f-b2fa-3dfc268d4420,Taita Taveta Cashew Farm #0823,Coastal Lowlands,Taita Taveta,Cashew,4.26,-4.173967,39.761201,18,False,Informal Smallholder,0,6.6,2,Emerging Agribusiness,0.08,0.28,0.32,0.6,0.16,0.4,0.2,0.16,0,0,0,0,0,0,0,0,0,0,0,0,0,0,0,0,1,0,0,0,1,0,0,0,0,1,1,0,0,0,1,0,0,0,0,1,0,0,0,0,1,0,0,1,0,0,0,1,0,0,1,0,0,0,0,0,1,0,0,0,0,1,0,1,0,0,1,0,0,0,1,1,1,0,0,1,1,1,1,1,1,1,0,1,0,1,1,1,0,0,1,1,0,1,0,1,0,0,0,0,0,0,0,0,0,0,0,0,0,0,0,0,0,0,0,0,1,0,0,0,1,1,1,0,0,0,0,1,1,0,0,1,0,0,0,1,0,1,1,0,1,1,1,0,0,1,0,0,0,0,1,0,0,0,0,1,1,0,0,0,1,0,0,0,0,0,0,0,0,0,0,0,0,0,1,0,0,0,0,0,0,0,0,0,0,0,0,0,0,0,1,1,0,0,0,1,0,1,0,0
65626e86-f6a0-5298-96d8-5c404236fe5a,0f91db67-ac7f-5471-8617-1ec91dad7342,Lamu Coconut Farm #0824,Coastal Lowlands,Lamu,Coconut,11.13,-3.101266,38.678225,2,True,Transitioning Agribusiness,1,12.12,3,Structured Farm,0.36,0.6,0.44,0.76,0.6,0.56,0.44,0.28,0,0,0,0,1,0,1,1,0,1,1,1,1,0,0,1,0,0,0,0,1,0,0,0,0,1,1,0,0,1,1,0,1,1,0,0,1,1,1,0,1,0,1,1,0,1,1,1,0,0,1,0,1,0,0,0,0,0,0,0,1,1,0,1,0,0,1,0,0,1,1,1,1,1,0,1,1,0,0,1,1,1,1,1,1,0,1,1,1,1,1,1,0,1,1,1,1,1,0,0,1,1,1,1,1,1,0,1,1,0,1,1,0,0,0,1,1,1,0,0,1,0,0,1,0,1,1,0,1,1,1,1,1,0,0,1,1,0,1,0,1,0,0,0,1,0,0,1,1,0,1,0,1,0,0,0,1,0,0,1,0,1,0,0,0,0,0,1,1,0,1,1,1,1,0,1,0,1,0,0,1,0,0,0,0,0,0,1,1,0,1,0,0,0,0,0,1,0,0,0
3c94f0cf-13b2-5b62-bef0-ced06cfb3c77,0a195a4c-e016-5aeb-8eb4-a0fc747786c8,Bungoma Cassava Farm #0825,Western Kenya,Bungoma,Cassava,5.87,0.26739,35.101771,14,True,Transitioning Agribusiness,1,12.84,3,Structured Farm,0.48,0.4,0.56,0.76,0.36,0.68,0.56,0.48,0,0,1,1,0,1,1,0,0,0,1,1,1,0,0,0,1,1,0,1,0,1,1,0,0,0,0,1,0,0,1,1,1,0,0,1,1,0,0,0,1,0,0,0,1,1,1,0,0,0,1,0,1,1,0,1,1,1,1,0,0,0,0,0,0,0,1,1,1,0,0,1,1,1,1,1,1,1,1,1,1,0,1,1,0,1,1,1,1,0,1,1,1,1,0,0,1,1,1,0,1,1,0,0,0,1,0,0,0,0,1,1,1,0,1,0,1,0,0,0,1,0,0,0,0,1,1,0,1,0,1,1,1,0,1,0,1,1,1,0,1,1,1,0,0,1,1,1,0,1,1,1,1,0,0,1,1,1,0,0,1,0,0,1,0,1,1,0,1,0,1,1,1,0,0,1,0,0,0,0,1,0,0,0,1,0,1,0,1,0,1,1,1,1,1,0,1,0,1,0
36140195-18d1-569d-9505-3a794869ed91,20a60f2c-6288-5c54-803f-9152a3c8db61,Makueni Livestock Farm #0826,Eastern Semi-Arid,Makueni,Livestock,0.5,-1.681903,37.552437,8,True,Informal Smallholder,0,4.56,5,Future Ready Farm,0.16,0.12,0.12,0.52,0.04,0.24,0.16,0.16,0,0,0,0,0,1,0,0,0,0,0,0,0,1,0,1,0,0,0,0,1,0,0,0,0,0,0,0,0,0,0,0,0,0,1,0,0,0,0,0,0,1,0,0,0,1,0,0,0,0,0,0,0,0,0,0,0,0,0,0,1,1,0,0,0,0,0,0,0,0,0,1,0,0,0,1,0,1,0,0,1,1,0,1,0,1,1,1,1,1,0,1,0,0,0,1,0,1,0,0,0,0,0,0,0,1,0,0,0,0,0,0,0,0,0,0,0,0,0,0,0,0,0,0,0,0,0,0,0,0,0,0,0,0,0,0,0,1,1,0,1,1,0,0,0,1,1,0,0,0,1,0,1,0,0,0,0,0,0,0,1,0,0,0,0,0,0,1,0,0,0,0,0,0,0,1,1,0,0,0,0,0,1,0,0,0,1,0,0,0,0,0,0,0,0,0,0,0,0,0
e09b6b2e-56ef-583e-8111-93389581d124,ff560ee0-8e0e-5963-aa22-d0859a536b01,Trans Nzoia Horticulture Farm #0827,Rift Valley,Trans Nzoia,Horticulture,9.71,0.656907,35.406141,22,True,Transitioning Agribusiness,1,11.52,3,Structured Farm,0.48,0.4,0.4,0.64,0.52,0.6,0.52,0.28,1,1,0,1,0,1,1,0,0,0,1,1,0,0,0,1,0,1,1,0,0,1,1,0,0,1,0,0,1,0,0,0,0,0,0,1,0,0,0,1,1,1,1,1,1,0,0,1,0,0,1,1,1,0,1,0,0,0,0,1,1,1,0,0,0,0,1,0,0,0,1,1,0,0,0,0,1,1,0,1,1,1,1,1,0,1,1,1,1,0,1,1,0,0,1,0,1,0,0,1,0,1,1,1,1,1,1,0,0,0,1,0,0,0,1,1,0,1,0,0,1,1,1,0,0,1,1,1,1,0,0,1,0,0,1,0,1,1,0,0,1,1,1,1,0,1,0,1,1,0,1,0,0,1,0,1,1,1,1,0,0,1,1,0,1,1,1,0,0,0,1,1,0,0,0,0,1,0,0,0,1,0,1,0,0,1,0,1,1,0,0,0,0,0,0,0,1,0,0,0
724bd628-afdf-5325-8eea-fa6c39bb7204,9ba8001a-8aea-5036-9286-a0d6d11a7f58,Siaya Dairy Farm #0828,Western Kenya,Siaya,Dairy,3.13,0.654109,34.072843,11,True,Informal Smallholder,0,5.16,2,Emerging Agribusiness,0.24,0.16,0.28,0.56,0.04,0.2,0.16,0.08,1,0,0,0,0,0,0,1,0,0,1,0,0,0,1,0,1,0,0,0,1,0,0,0,0,0,0,0,0,0,1,0,0,0,0,0,0,0,1,0,1,0,0,0,0,0,0,1,0,0,0,0,0,0,0,1,0,0,0,0,1,0,0,1,0,1,0,0,0,0,1,1,1,0,0,1,1,1,0,0,1,0,0,0,1,1,1,1,1,0,1,0,1,0,1,1,1,0,0,0,0,0,0,0,0,1,0,0,0,0,0,0,0,0,0,0,0,0,0,0,0,0,0,0,0,0,1,0,0,0,0,0,0,0,0,1,0,0,0,0,1,0,0,0,0,1,1,0,0,0,1,0,0,0,0,1,0,0,0,0,0,0,0,0,0,1,0,0,1,0,0,0,0,0,0,0,0,0,0,0,0,0,0,0,0,0,0,1,1,0,0,0,0,0,0,0,0,0,0,0
c71e66d8-64e6-5acb-9ec4-e37aa649bd4c,b229daad-1e83-5246-8216-35ebcee7497e,Kisumu Cassava Farm #0829,Western Kenya,Kisumu,Cassava,5.0,1.09769,34.415463,8,True,Commercial Market Leader,2,19.44,4,Investment Ready Farm,0.84,0.72,0.88,0.72,0.88,0.8,0.88,0.76,1,1,0,1,1,1,1,1,1,1,1,1,1,1,0,1,1,1,1,0,1,1,1,0,1,1,0,1,0,0,1,1,0,1,1,1,0,1,1,1,1,1,1,1,0,1,1,0,1,1,1,1,1,1,1,1,1,0,1,1,1,1,1,1,0,1,1,1,1,1,1,1,0,1,1,1,1,1,0,0,0,1,1,0,0,1,1,1,1,1,1,1,1,0,1,1,1,1,0,1,1,1,1,1,1,1,1,1,1,0,1,1,1,1,1,0,1,1,0,1,1,1,1,1,1,1,1,1,1,1,1,1,0,0,0,1,1,1,0,1,1,1,1,1,0,1,1,1,1,1,1,1,1,1,1,1,1,1,1,1,1,1,1,0,1,1,1,1,1,1,1,1,0,0,1,1,1,1,1,0,1,0,1,1,0,1,1,1,0,1,1,1,1,0,1,1,1,1,1,0
cb2cc7c4-033b-5d54-af6e-f0a8f61ecc2a,561c5088-9cfb-5d1c-bb10-c455a5d857c2,Kakamega Cassava Farm #0830,Western Kenya,Kakamega,Cassava,2.19,-0.017915,35.053369,18,False,Informal Smallholder,0,5.76,2,Emerging Agribusiness,0.28,0.32,0.24,0.52,0.16,0.2,0.04,0.16,1,1,0,0,0,0,0,1,0,0,0,0,1,0,0,0,0,0,0,1,1,0,0,0,1,1,0,0,0,0,1,0,0,1,0,0,0,1,1,0,0,1,0,0,1,0,0,1,0,0,1,1,0,0,0,0,1,1,0,0,0,0,0,0,0,1,0,0,0,0,1,0,0,0,0,1,0,1,0,1,1,0,1,1,0,1,0,1,0,0,1,1,1,0,0,1,0,0,0,1,0,1,1,0,0,0,0,0,0,0,0,0,0,1,0,0,0,0,0,0,1,0,0,0,0,1,1,0,0,0,1,0,0,0,0,1,0,0,0,0,0,1,0,0,0,0,0,0,0,0,0,0,0,0,0,1,0,0,0,0,0,0,0,0,0,0,0,0,0,0,0,0,0,0,0,1,0,0,1,0,0,0,1,0,0,0,0,0,0,0,1,0,0,0,0,0,0,0,0,0
06fab413-6dd6-50aa-88e1-8959fc194877,9f30397d-a307-593a-a462-54b0998088ac,Lamu Cassava Farm #0831,Coastal Lowlands,Lamu,Cassava,6.23,-2.194553,38.688494,19,True,Transitioning Agribusiness,1,11.04,3,Structured Farm,0.36,0.4,0.52,0.68,0.44,0.56,0.44,0.28,0,0,0,0,0,0,1,1,0,0,1,0,0,1,1,0,1,1,0,0,1,0,0,1,0,0,0,0,0,0,1,1,0,0,0,1,1,0,1,0,1,0,1,0,0,1,0,1,1,0,1,1,1,1,0,0,0,0,1,0,1,0,1,1,0,0,1,0,0,0,1,1,0,1,1,0,1,1,0,0,1,1,0,0,0,1,1,1,1,0,1,1,1,1,0,1,1,1,1,1,0,0,1,1,0,0,1,0,0,1,1,1,1,1,0,1,0,1,0,0,0,0,1,0,0,1,1,1,1,0,1,1,0,1,0,1,1,0,0,0,1,1,0,1,0,1,0,1,0,0,1,0,1,0,0,1,1,1,0,0,1,0,1,0,0,0,1,1,0,0,1,1,0,0,0,0,0,0,1,0,0,1,1,0,0,0,0,0,0,0,1,1,0,0,0,1,0,0,0,1
54e79063-d006-59b8-814e-6685142570b1,2c45edda-b5d5-5b15-85aa-17d602a90df3,Murang'a Avocado Farm #0832,Central Highlands,Murang'a,Avocado,7.37,-1.342063,37.202368,12,True,Transitioning Agribusiness,1,12.24,3,Structured Farm,0.44,0.44,0.64,0.64,0.44,0.52,0.6,0.36,1,0,1,1,0,1,1,0,0,0,1,0,0,1,0,1,1,0,0,0,0,1,1,0,0,1,0,1,1,0,0,0,0,0,0,1,1,1,0,0,1,1,1,0,0,1,0,1,0,0,1,0,1,1,0,1,0,1,0,0,0,0,1,1,0,1,0,1,1,1,1,1,1,1,1,1,1,1,0,0,1,0,1,1,1,1,1,1,0,1,1,0,1,1,1,0,0,0,0,1,1,1,0,0,0,1,0,0,0,0,1,1,1,1,0,0,0,1,0,0,1,1,0,1,0,1,0,0,0,0,0,1,1,0,1,1,1,1,0,0,1,1,0,1,0,0,0,1,1,1,1,1,0,0,0,1,1,1,1,1,1,0,0,1,0,1,1,0,0,0,1,1,1,1,0,0,1,0,0,0,1,0,0,1,0,1,1,0,0,0,1,0,0,1,0,1,0,0,1,0
2c35afdf-3834-5b50-a409-5529aece4c2a,5679bc5c-0263-50ed-bb48-0891b799be42,Taita Taveta Fish Farming Farm #0833,Coastal Lowlands,Taita Taveta,Fish Farming,1.71,-2.707374,39.864106,7,True,Informal Smallholder,0,5.88,2,Emerging Agribusiness,0.28,0.2,0.24,0.36,0.16,0.32,0.36,0.04,1,0,0,0,0,1,0,0,0,0,1,1,1,0,0,0,0,1,0,0,1,0,0,0,0,1,0,0,0,0,1,0,0,0,0,1,1,0,0,0,1,0,0,0,0,0,0,0,0,0,0,0,1,1,0,0,0,0,0,0,1,0,0,0,0,1,1,1,0,0,0,0,0,0,0,1,1,0,1,0,0,1,0,0,0,0,0,0,0,0,0,1,1,1,0,1,0,1,0,0,0,1,0,0,0,0,0,0,1,0,0,1,0,0,0,0,0,0,0,0,1,0,0,0,0,1,0,0,1,0,0,0,1,1,0,0,1,0,1,1,1,0,0,0,0,0,0,0,0,0,1,1,0,0,0,1,0,0,0,0,1,1,1,0,1,1,0,0,0,0,1,0,0,0,0,0,0,0,0,0,0,0,0,0,0,0,0,0,0,0,0,0,0,0,0,0,1,0,0,0
6f977f55-6851-5307-b495-2ae7b9edcf9d,72e92da4-c08e-5889-af17-e74310fcbc03,Kiambu Horticulture Farm #0834,Central Highlands,Kiambu,Horticulture,6.54,-0.247679,37.320731,18,True,Transitioning Agribusiness,1,13.2,3,Structured Farm,0.4,0.52,0.64,0.72,0.52,0.64,0.52,0.44,1,1,0,0,0,1,1,0,0,0,0,0,1,1,0,0,1,1,0,0,1,1,0,0,0,0,0,1,0,0,1,1,1,1,0,1,1,0,0,0,1,0,1,0,1,0,1,1,1,0,1,1,1,1,0,1,1,1,1,0,1,1,0,0,1,1,1,0,0,0,1,1,1,0,0,1,1,1,0,0,1,1,1,1,0,1,1,1,1,0,1,1,1,0,0,1,1,1,0,1,1,0,1,1,1,1,1,0,0,0,0,1,0,0,1,0,0,0,1,0,0,1,1,1,1,1,0,1,0,0,1,1,1,1,1,0,1,1,1,0,1,1,1,0,1,1,0,0,1,0,0,0,1,0,0,1,1,1,1,0,1,1,1,1,0,1,0,0,0,1,0,0,1,0,1,0,1,1,1,0,1,1,1,1,0,1,0,1,0,0,0,0,0,0,0,1,0,0,1,0
e742a542-abc8-5b9b-8b81-0e5148384a34,dd96e80b-58a3-5497-b076-d39e71cbc74f,Kitui Green Grams Farm #0835,Eastern Semi-Arid,Kitui,Green Grams,6.8,-0.845768,38.710877,2,True,Transitioning Agribusiness,1,12.0,3,Structured Farm,0.6,0.4,0.56,0.76,0.32,0.6,0.32,0.44,1,1,0,0,0,1,1,1,1,0,1,1,1,0,0,1,1,1,0,0,1,0,1,0,1,1,1,0,0,0,1,0,1,0,0,0,1,1,0,0,1,0,0,1,0,1,0,1,0,0,1,1,1,0,0,1,1,1,0,0,1,1,1,0,0,1,1,1,0,0,1,0,0,1,0,1,0,1,1,1,1,1,1,0,1,1,1,1,1,0,1,1,1,1,0,1,0,1,0,1,1,1,0,0,0,1,0,0,1,0,1,0,0,1,0,0,1,0,0,0,0,0,0,1,0,1,1,0,0,1,0,1,1,1,1,1,0,0,0,1,0,1,1,0,0,1,1,1,0,1,1,0,1,0,0,1,0,0,1,0,0,0,0,0,0,1,0,0,0,0,1,1,1,0,0,1,1,0,1,0,0,1,1,1,0,1,1,0,0,0,0,0,0,0,0,1,0,0,1,1
ec6164e2-65d3-56d6-a180-7d46a8d64b75,451a57f1-92ef-5880-803f-5bd511cbbe5a,Kitui Livestock Farm #0836,Eastern Semi-Arid,Kitui,Livestock,10.99,-1.292761,38.400653,18,True,Transitioning Agribusiness,1,11.52,3,Structured Farm,0.44,0.44,0.56,0.6,0.56,0.48,0.44,0.32,0,0,0,0,0,1,1,0,0,0,1,1,0,0,0,1,1,0,1,0,1,1,1,0,1,1,1,1,0,0,1,1,0,0,0,1,1,0,1,0,1,0,0,0,1,1,0,0,0,0,1,1,1,0,1,1,0,0,0,1,1,1,0,1,0,1,1,0,1,0,1,0,0,1,0,1,0,0,1,0,1,1,1,1,1,1,1,1,0,0,1,0,0,1,0,1,1,1,0,0,1,0,0,0,0,0,0,0,1,0,1,1,1,1,0,1,0,1,1,0,1,1,1,1,1,1,1,1,0,0,1,0,0,0,1,0,1,0,0,1,1,1,0,0,0,1,1,0,1,0,1,1,0,0,0,0,1,1,1,0,1,1,0,1,0,0,0,1,0,0,1,1,0,0,0,1,0,0,0,0,1,1,1,0,0,1,0,0,0,0,1,0,0,0,0,1,0,1,0,0
cfe62d9c-618c-51a4-b803-06822dfb15e0,7ccc1289-8cd6-559a-a1f0-df6b26ba6339,Murang'a Avocado Farm #0837,Central Highlands,Murang'a,Avocado,12.48,-1.231144,37.068361,1,True,Transitioning Agribusiness,1,13.32,3,Structured Farm,0.6,0.36,0.52,0.76,0.68,0.6,0.6,0.32,1,1,1,1,0,1,0,1,1,0,0,1,0,0,0,1,1,1,0,1,1,0,0,1,1,1,1,0,0,0,1,1,0,0,0,0,1,1,0,0,1,0,0,0,0,1,0,1,0,0,0,0,1,0,1,0,0,1,0,0,1,0,1,0,0,1,1,1,1,1,1,0,1,1,0,1,1,0,1,1,1,1,1,1,1,1,1,1,0,0,1,1,1,1,0,1,1,0,1,0,1,1,1,1,1,1,0,1,0,0,1,1,0,1,0,1,1,1,0,0,1,1,1,1,0,1,1,1,1,1,1,1,1,0,0,0,1,0,0,0,1,1,1,0,0,1,1,1,0,0,1,0,0,0,0,1,1,1,1,0,1,0,1,1,1,1,0,0,1,1,1,0,1,1,0,1,0,0,0,0,1,0,0,0,0,0,1,1,0,0,1,1,0,1,0,0,0,0,1,0
c31711ea-75a4-5191-9039-bb3370c41274,fd6ec3e8-6cf7-5a48-bb5c-10d170186d67,Kakamega Horticulture Farm #0838,Western Kenya,Kakamega,Horticulture,21.1,0.50255,34.847166,9,False,Commercial Market Leader,2,20.16,5,Future Ready Farm,0.8,0.92,0.92,0.8,0.8,0.84,0.88,0.76,1,1,0,0,1,1,1,1,1,1,1,1,1,1,1,1,1,1,1,0,1,1,1,0,0,1,1,1,1,1,1,1,1,1,1,1,1,1,1,1,1,1,1,1,0,1,1,0,1,1,1,1,1,1,1,1,1,1,1,1,1,1,1,1,1,1,1,1,1,0,1,0,1,1,1,1,1,1,1,1,1,0,1,1,1,1,1,1,1,0,1,0,1,0,1,1,1,1,0,1,1,1,1,1,1,0,1,0,1,1,1,1,1,1,1,1,1,1,1,0,1,1,1,0,0,1,0,1,1,0,1,1,1,1,0,1,1,1,1,1,1,1,1,1,1,0,1,1,1,1,1,1,1,1,1,1,1,1,1,0,1,1,1,1,1,1,1,0,1,1,1,1,1,0,1,1,1,1,1,1,1,1,0,1,0,1,1,1,1,0,1,1,0,0,0,1,1,1,1,1
ffcc8947-db7c-58cd-8138-bded0d845626,acb9ca77-a553-5789-8898-2f0b96b9e9de,Bomet Horticulture Farm #0839,Rift Valley,Bomet,Horticulture,2.95,0.849881,35.65861,1,True,Informal Smallholder,0,6.24,2,Emerging Agribusiness,0.16,0.24,0.2,0.56,0.12,0.44,0.24,0.12,0,0,0,0,0,0,0,0,0,0,1,0,0,0,0,0,0,1,0,0,1,0,1,0,0,1,0,0,1,0,0,0,0,0,0,0,1,0,0,0,1,0,1,0,0,0,1,0,0,0,1,0,0,0,0,0,1,0,0,0,0,1,0,0,0,0,1,0,0,0,1,0,0,0,0,0,1,1,1,0,1,1,1,0,0,0,0,1,1,0,1,1,1,0,0,1,0,0,1,1,0,0,0,0,0,0,1,0,0,0,0,0,0,0,0,1,0,0,0,1,0,0,0,0,0,1,0,0,1,0,0,1,1,0,1,0,0,1,1,1,0,1,0,0,0,1,0,1,0,0,1,0,1,0,0,1,1,0,0,0,1,0,0,0,0,0,0,0,0,0,1,0,0,0,0,0,1,1,0,0,0,0,0,0,0,0,0,0,0,0,0,0,0,0,0,0,0,0,1,0
0c49e123-faaf-5ffb-b4a2-9b0eb72b9106,eb0d3e3e-5d93-5444-a3f1-4978ccd31ebd,Machakos Green Grams Farm #0840,Eastern Semi-Arid,Machakos,Green Grams,6.15,-1.226196,38.346603,15,True,Transitioning Agribusiness,1,11.76,3,Structured Farm,0.6,0.36,0.48,0.68,0.36,0.6,0.4,0.44,1,0,1,0,1,1,1,1,0,0,1,1,0,1,0,1,1,0,0,1,1,1,1,0,0,1,1,1,0,0,1,0,1,0,0,0,1,0,1,0,1,0,0,0,0,0,0,0,1,0,1,0,0,1,0,1,1,1,0,0,1,1,1,0,1,1,0,0,0,0,0,0,1,1,0,1,0,0,1,0,0,0,1,1,0,1,1,1,0,1,1,1,1,1,1,1,1,0,1,1,1,0,0,0,0,1,0,0,0,1,1,1,0,0,1,0,1,0,0,0,0,1,1,0,0,1,1,1,0,0,1,1,0,0,0,0,0,0,1,1,1,0,1,1,0,1,1,1,1,1,1,0,0,0,0,1,1,0,1,0,1,1,0,0,0,1,0,1,0,0,1,1,0,0,0,1,1,1,1,0,0,0,0,1,0,1,1,1,0,0,0,1,0,0,0,1,1,0,0,0
a445a859-9c6c-549f-8c90-cbc82b9de192,c18febd2-003e-5309-99a5-2696052195ec,Kakamega Sugarcane Farm #0841,Western Kenya,Kakamega,Sugarcane,0.59,-0.32674,34.785162,12,False,Informal Smallholder,0,5.4,2,Emerging Agribusiness,0.16,0.32,0.16,0.44,0.28,0.2,0.2,0.04,0,0,0,0,0,0,0,0,0,0,0,0,1,0,0,1,1,1,0,0,0,0,0,0,0,1,1,1,0,0,1,0,0,0,0,0,1,0,0,0,1,0,0,0,0,0,0,1,0,1,0,0,0,0,0,0,1,0,0,0,1,0,0,0,0,0,0,0,0,0,1,1,0,0,0,1,1,0,0,0,1,0,1,0,0,1,0,1,1,0,1,1,0,0,0,1,0,0,0,1,1,1,1,0,0,1,1,0,0,0,0,0,0,0,0,0,0,0,1,0,1,0,0,0,0,0,0,0,0,0,0,0,0,0,0,0,0,1,0,0,0,0,1,1,1,1,0,0,0,0,1,1,0,0,0,0,1,0,0,0,1,0,0,0,0,0,0,0,0,0,1,0,0,0,0,0,0,0,0,0,0,1,0,0,0,0,0,0,0,0,0,0,0,0,0,0,0,0,0,0
ecf5d7ad-055f-5d9f-8057-05599a32c314,e7f3ca0e-8793-5f27-a035-45c4fa853ac3,Kisumu Horticulture Farm #0842,Western Kenya,Kisumu,Horticulture,5.4,-0.463934,34.10134,14,True,Transitioning Agribusiness,1,11.64,3,Structured Farm,0.28,0.32,0.72,0.68,0.52,0.52,0.44,0.4,0,1,0,0,0,1,0,1,0,0,1,1,0,0,0,0,0,0,0,0,1,0,1,0,0,0,0,0,0,1,1,0,0,0,0,1,1,1,0,0,0,1,0,1,0,0,0,1,0,0,1,0,1,1,0,1,1,1,1,0,1,1,0,1,1,1,1,0,0,1,1,1,1,0,1,1,1,1,0,1,0,1,1,1,0,1,1,0,0,1,1,1,0,1,0,1,1,1,1,0,1,1,0,0,0,1,0,0,0,0,1,1,1,0,0,0,1,0,0,1,1,1,1,1,1,1,1,1,0,0,1,1,1,1,0,0,1,0,1,0,1,1,0,0,1,1,0,0,0,0,0,0,0,1,0,1,1,1,0,0,1,0,0,1,0,1,1,0,0,0,1,1,1,0,0,1,0,1,0,0,1,1,1,0,0,0,0,0,0,1,1,0,1,0,0,0,1,0,1,0
23c76ea4-b4b2-5921-9828-90bd402817fe,98bccdd9-97b8-5e1d-9150-ccb18d7d8747,Kakamega Cassava Farm #0843,Western Kenya,Kakamega,Cassava,4.41,-0.383025,34.404599,1,True,Transitioning Agribusiness,1,12.48,3,Structured Farm,0.56,0.6,0.48,0.68,0.64,0.4,0.48,0.32,1,0,1,0,0,0,1,1,0,1,1,1,1,0,1,1,0,1,0,0,1,0,1,0,1,1,1,1,1,0,1,0,1,0,0,1,1,0,1,0,1,0,0,1,0,1,1,1,1,0,1,0,1,0,0,1,1,1,0,0,1,0,1,1,0,1,0,1,0,1,0,1,0,0,0,0,1,1,0,1,1,1,1,1,1,1,1,1,0,1,0,1,1,0,1,1,0,0,1,0,1,1,1,0,0,1,1,1,0,1,1,1,1,0,0,1,0,1,1,0,1,1,1,0,0,1,1,1,0,0,0,0,0,0,1,0,0,0,0,0,1,1,0,1,1,0,1,0,0,1,1,1,0,0,0,1,0,1,0,0,0,1,0,0,0,0,1,1,1,0,1,1,1,1,0,1,1,0,0,0,0,0,0,0,0,1,1,0,1,0,0,1,0,1,0,1,0,0,0,0
01da4efa-4e73-5601-8561-d2c140e27cff,b3bfdd86-413f-527b-a3a6-b1397d540d28,Meru Horticulture Farm #0844,Central Highlands,Meru,Horticulture,2.8,-1.31363,36.668968,5,True,Informal Smallholder,0,5.76,2,Emerging Agribusiness,0.28,0.2,0.12,0.56,0.2,0.28,0.08,0.2,1,0,0,0,0,1,1,1,1,0,0,0,0,0,0,1,0,0,0,0,0,1,0,0,0,0,0,0,0,0,0,0,0,0,0,1,0,0,0,0,1,0,0,1,0,1,1,0,0,0,0,1,0,0,0,0,0,0,0,0,0,1,0,0,0,1,0,0,0,0,0,0,0,0,0,1,1,1,1,0,1,0,0,0,0,0,1,1,0,0,1,1,1,0,0,1,1,1,1,0,1,1,0,0,0,1,0,0,0,0,0,0,0,0,0,0,0,0,0,1,0,1,0,0,0,0,1,0,0,0,1,0,0,0,0,1,0,0,1,0,0,0,0,1,0,1,0,0,1,0,0,0,0,0,0,0,0,0,0,0,1,0,0,0,0,0,1,0,0,0,0,0,0,0,0,1,1,0,0,0,0,1,0,0,0,1,0,0,0,0,0,0,0,0,0,1,0,0,0,0
430587c4-cce0-5205-b5cd-5e8ea0107a6f,ef4c772e-2f10-5942-b8b4-5765b08e6935,Kwale Cashew Farm #0845,Coastal Lowlands,Kwale,Cashew,4.87,-4.005138,39.360783,17,False,Informal Smallholder,0,5.16,2,Emerging Agribusiness,0.24,0.08,0.24,0.6,0.08,0.32,0.12,0.04,1,0,0,1,0,0,0,0,1,0,0,1,0,0,0,0,0,0,0,0,1,0,0,0,1,1,0,0,0,0,0,0,1,0,0,0,0,0,0,0,0,0,0,0,0,0,0,0,0,0,1,0,0,0,0,1,1,0,0,0,1,0,0,0,0,0,0,1,0,0,1,0,0,0,0,1,0,1,0,1,1,1,1,1,0,1,1,0,0,0,1,0,0,1,0,1,1,1,1,0,0,0,0,0,0,0,1,0,0,0,0,0,0,0,0,0,0,0,0,0,0,0,1,0,0,1,0,0,0,0,1,0,1,0,0,0,1,0,0,0,1,1,1,0,0,0,0,1,0,0,1,0,0,0,0,0,0,0,0,0,1,0,0,0,0,0,0,0,1,0,0,0,0,0,0,0,0,0,0,0,0,0,0,0,0,0,0,0,0,0,0,0,0,0,0,0,1,0,0,0
45595a50-9649-5085-b084-bb3a3891214a,6c7be57e-3b95-5053-8dee-2d2b9ebdf6ba,Nakuru Potatoes Farm #0846,Rift Valley,Nakuru,Potatoes,5.0,0.135337,35.757966,4,True,Commercial Market Leader,2,20.52,5,Future Ready Farm,0.88,0.92,0.8,0.92,0.92,0.92,0.88,0.6,1,1,0,1,1,1,1,0,1,0,1,1,1,1,1,1,1,1,1,1,1,1,1,1,1,1,1,1,1,0,1,1,1,0,1,1,1,1,1,1,1,1,1,1,1,1,1,1,1,1,1,1,1,0,1,1,1,1,1,1,1,1,0,0,1,1,1,1,1,0,1,1,1,1,0,1,1,1,0,1,1,0,1,1,1,1,1,1,1,1,1,1,1,1,1,1,1,1,1,1,1,1,1,1,0,1,0,1,1,1,1,1,1,1,1,1,1,1,1,1,1,1,1,1,1,1,1,1,1,1,1,1,1,1,1,1,1,1,1,0,1,1,1,0,1,1,1,1,1,1,1,1,1,1,1,0,1,1,1,1,1,1,1,1,0,1,1,1,1,1,1,1,1,0,1,1,1,1,1,0,1,1,0,0,0,0,1,0,1,0,1,1,0,1,1,0,1,1,0,1
63db95c5-1d6b-51be-842a-d856f3dc34c7,ce3dcdb7-1da1-5f65-aea9-eb96bc4d8d01,Uasin Gishu Dairy Farm #0847,Rift Valley,Uasin Gishu,Dairy,2.68,0.349284,35.975711,13,True,Informal Smallholder,0,6.72,2,Emerging Agribusiness,0.2,0.44,0.2,0.48,0.2,0.44,0.16,0.12,1,1,0,0,0,1,0,0,1,0,0,0,0,0,0,0,0,0,0,0,0,0,1,0,0,1,1,1,0,0,0,1,0,0,1,0,0,0,0,0,1,1,1,0,1,1,0,0,1,0,1,1,0,0,0,0,0,0,0,0,1,0,1,0,0,1,0,0,0,0,0,0,0,0,0,1,0,0,0,0,1,0,1,1,0,1,1,0,0,0,1,1,0,1,0,1,1,0,0,1,0,0,0,0,0,0,0,0,0,0,1,0,0,0,0,1,1,0,0,0,1,0,1,0,0,0,1,1,0,0,1,1,0,1,0,1,0,1,0,0,0,1,0,0,0,1,1,1,0,0,0,1,0,0,0,0,0,0,1,0,0,0,0,0,1,0,0,0,0,0,0,0,0,1,0,0,0,0,0,0,0,1,0,0,0,0,0,1,0,0,0,0,0,1,0,0,0,0,0,0
741e8bb2-b56c-5fde-8c51-6494b92db65e,fe2849bb-a354-5d61-a24b-73cfc0d7d155,Siaya Sugarcane Farm #0848,Western Kenya,Siaya,Sugarcane,3.27,0.074625,34.831934,5,True,Transitioning Agribusiness,1,12.48,3,Structured Farm,0.52,0.56,0.48,0.72,0.48,0.56,0.48,0.36,1,1,1,0,0,1,0,1,0,0,1,0,1,0,0,1,1,1,0,0,1,1,0,0,1,0,0,1,0,0,1,1,1,1,1,1,1,0,1,1,1,0,0,1,0,1,1,0,0,0,1,0,1,0,0,1,1,0,0,0,1,1,0,0,0,1,0,1,0,1,1,1,0,1,0,1,0,1,1,1,1,0,0,1,1,1,1,1,1,0,0,1,1,1,1,1,1,0,1,0,1,1,1,0,1,1,1,1,0,0,0,1,0,0,0,0,1,0,0,1,0,1,1,0,0,1,1,1,0,0,0,0,1,1,0,1,1,0,0,0,1,1,0,1,0,1,1,1,1,0,1,0,0,0,0,0,1,1,1,0,1,1,1,0,0,0,1,1,1,0,1,0,1,0,0,1,0,1,0,0,1,0,1,1,0,0,1,0,1,0,1,0,0,1,0,0,0,0,0,0
5c23972b-029d-5667-b6a3-e6b86d10b024,e98f1643-d23e-57a5-b693-3449b0bd276a,Kitui Mangoes Farm #0849,Eastern Semi-Arid,Kitui,Mangoes,4.07,-1.05809,37.214523,5,False,Informal Smallholder,0,5.4,2,Emerging Agribusiness,0.2,0.16,0.16,0.68,0.04,0.36,0.04,0.16,1,0,1,0,0,1,0,0,0,1,1,0,0,0,0,0,0,0,0,0,0,0,0,0,0,0,0,0,0,0,1,1,0,0,0,1,0,0,0,0,0,1,0,0,0,0,0,0,0,0,0,1,0,0,0,0,0,0,1,0,0,0,0,0,0,0,1,0,0,0,1,0,0,0,0,1,1,1,1,0,1,1,1,0,0,1,1,1,1,0,1,0,1,0,0,1,1,1,1,0,1,0,0,0,0,0,0,0,0,0,0,0,0,0,0,0,0,0,0,0,0,0,0,0,0,1,1,0,1,0,1,0,1,0,0,1,0,1,0,0,0,0,1,0,0,1,0,0,0,0,0,0,0,0,0,0,0,0,0,0,0,0,0,0,0,0,0,0,0,0,1,0,0,0,0,1,1,0,0,0,1,0,0,0,0,0,1,0,0,0,0,0,0,0,0,0,0,0,0,0
cf6e081b-181c-598e-b006-02d89d538654,f7593056-5806-532c-92a4-c0e415ca1676,Makueni Livestock Farm #0850,Eastern Semi-Arid,Makueni,Livestock,31.59,-2.259792,38.007352,20,False,Commercial Market Leader,2,19.08,4,Investment Ready Farm,0.8,0.72,0.92,0.68,0.92,0.88,0.88,0.56,1,0,0,1,1,1,0,1,0,1,1,1,0,1,1,1,1,1,1,1,1,1,1,1,1,1,1,0,1,1,1,1,0,1,0,1,1,1,1,0,1,0,1,0,1,1,1,1,1,0,1,1,1,1,0,1,1,1,1,1,1,1,1,0,1,1,1,1,1,1,1,1,1,1,1,1,1,1,1,0,1,1,0,1,0,1,1,1,1,0,1,1,1,1,0,1,0,0,1,0,1,1,1,1,0,1,1,1,1,0,1,1,1,1,1,1,1,1,1,1,1,1,1,1,1,1,0,1,1,1,0,1,1,0,1,1,1,1,1,1,1,1,1,1,1,1,1,1,1,1,1,1,1,1,1,1,0,1,1,0,1,1,1,0,1,1,1,1,1,1,1,1,1,1,1,1,1,0,0,1,0,0,1,0,0,1,1,1,1,0,0,1,1,0,0,1,1,1,0,1
65bf4614-2b8f-51c5-aaa3-29ee7a8ef298,6dd7d7c9-7f00-5278-86fe-29aa895b5483,Bomet Tea Farm #0851,Rift Valley,Bomet,Tea,0.5,0.434475,35.952654,9,True,Informal Smallholder,0,5.04,2,Emerging Agribusiness,0.12,0.2,0.2,0.48,0.16,0.36,0.12,0.04,0,0,0,0,0,0,0,0,0,1,0,0,0,0,0,0,0,0,1,0,0,1,0,0,0,0,1,1,0,0,0,0,1,0,0,1,0,0,0,0,0,0,0,0,0,0,0,0,1,0,0,0,1,0,0,1,0,0,0,0,1,0,0,0,0,1,0,0,0,0,1,0,0,0,0,1,1,1,0,0,1,1,0,0,0,1,1,0,1,0,1,1,1,0,0,1,0,0,0,0,0,0,0,0,0,1,0,0,0,0,0,0,0,0,0,0,1,0,0,0,1,1,0,0,0,0,1,0,0,0,0,0,1,1,0,0,0,1,1,0,1,0,1,1,0,1,0,0,0,0,0,0,0,0,0,1,1,0,0,0,0,0,0,0,0,0,0,0,0,0,0,0,0,1,0,0,0,0,0,0,0,0,0,0,0,0,0,0,0,0,0,0,0,0,0,1,0,0,0,0
df80e7f0-26f6-5a1d-9dc2-6248c3408c2d,38fc4d23-540d-54df-9459-b9682d0e931c,Machakos Livestock Farm #0852,Eastern Semi-Arid,Machakos,Livestock,1.03,-2.325596,37.242893,16,False,Informal Smallholder,0,5.64,2,Emerging Agribusiness,0.16,0.16,0.24,0.6,0.08,0.36,0.16,0.12,0,1,1,0,0,1,0,0,0,0,0,0,0,0,0,1,0,0,0,0,0,0,0,0,0,0,0,0,0,0,0,0,1,0,0,0,0,0,0,0,1,0,0,0,0,1,0,1,0,0,1,1,0,0,0,0,1,0,0,0,1,0,0,0,0,0,1,0,0,0,1,0,0,0,0,1,1,1,1,0,1,1,1,0,0,1,1,1,1,0,1,1,0,0,1,0,1,0,0,0,0,0,0,0,0,0,0,0,0,0,0,0,0,0,0,1,0,0,0,0,1,0,0,0,0,1,0,0,1,0,0,1,0,0,1,1,0,0,0,0,1,1,1,0,0,1,0,0,0,0,0,1,0,0,0,1,0,0,0,0,0,1,0,0,1,0,0,0,0,0,0,0,0,0,0,0,0,0,0,0,1,0,0,0,0,0,1,0,0,0,0,0,0,0,0,0,0,0,0,1
c7245bf1-05d6-5039-b6f7-3d412283580c,9ee47695-cb3d-5b6d-903b-1ea55ccd19cb,Meru Macadamia Farm #0853,Central Highlands,Meru,Macadamia,5.0,-1.057657,37.139421,1,True,Commercial Market Leader,2,19.68,4,Investment Ready Farm,0.8,0.76,0.96,0.84,0.84,0.88,0.72,0.76,1,1,1,1,1,0,1,0,0,1,1,1,1,1,1,1,1,1,1,0,0,1,1,1,1,1,1,0,1,1,1,1,1,1,1,0,1,1,1,0,1,1,1,1,0,1,0,1,0,1,1,1,1,1,1,1,1,1,0,1,1,1,1,1,1,1,1,1,1,1,1,1,1,1,1,1,1,1,1,1,1,1,1,0,1,1,1,1,1,1,1,1,1,0,0,0,1,1,1,1,1,1,1,0,0,1,1,1,1,1,1,1,1,1,1,1,1,1,0,1,1,1,1,1,0,1,1,1,1,0,1,1,0,1,1,1,0,1,1,1,1,1,1,1,1,1,1,1,1,1,1,1,0,0,0,1,1,1,1,0,1,1,1,0,0,1,1,1,1,1,1,1,1,1,0,1,1,1,1,1,1,0,1,1,1,1,1,1,1,0,1,1,1,0,1,0,1,1,0,0
6d5cfb62-2080-5dd1-bfab-4bb9652cb0e8,7490f10f-3eb7-5b92-9cac-2caffe3afa6a,Trans Nzoia Potatoes Farm #0854,Rift Valley,Trans Nzoia,Potatoes,35.7,1.091149,35.92397,8,True,Commercial Market Leader,2,19.44,4,Investment Ready Farm,0.76,0.64,0.88,0.88,0.92,0.8,0.88,0.72,0,0,1,0,1,1,1,1,1,1,1,0,1,1,1,1,1,1,1,1,1,1,0,0,1,1,1,0,1,0,0,1,1,1,1,1,0,0,1,0,1,0,0,1,0,1,1,1,1,1,1,1,1,1,1,1,1,1,1,0,1,1,1,1,0,1,1,1,1,0,1,1,1,1,1,1,1,1,1,1,1,1,1,1,1,1,1,1,1,0,1,1,0,1,1,1,1,1,0,1,1,1,1,1,1,1,0,1,1,1,1,1,1,1,1,1,1,1,1,1,1,1,1,1,0,1,1,1,1,0,0,1,1,1,0,1,1,1,1,0,1,1,1,1,1,1,1,1,0,1,1,1,1,0,1,1,1,1,1,1,1,1,1,1,1,1,1,1,1,0,1,0,1,1,1,1,0,1,1,0,1,1,1,0,0,1,1,0,1,0,1,1,1,1,1,1,1,1,1,0
89353af7-5db2-5205-9fd3-7d1c8f9cd9b0,bd7bcaaf-1e5a-5dbd-86d8-1a87242fdba0,Kirinyaga Macadamia Farm #0855,Central Highlands,Kirinyaga,Macadamia,1.86,-0.583985,37.026525,1,False,Informal Smallholder,0,5.28,2,Emerging Agribusiness,0.08,0.2,0.32,0.48,0.16,0.28,0.16,0.08,0,0,1,0,0,0,0,0,0,0,0,0,0,0,0,0,0,0,0,0,0,0,1,0,0,0,1,0,0,0,0,0,0,0,0,1,0,1,0,0,0,0,0,0,0,1,1,0,0,0,1,1,1,1,0,0,1,0,0,0,1,1,0,0,0,0,0,0,0,0,1,0,0,0,0,1,0,0,1,0,1,1,0,1,0,0,0,1,0,1,1,0,0,1,0,1,1,0,1,0,0,0,0,0,1,0,0,1,0,0,0,0,0,0,0,1,1,0,0,0,0,0,0,0,0,1,1,1,0,0,0,0,0,0,0,0,0,0,1,0,1,1,0,0,0,0,1,0,0,0,0,0,0,0,0,1,0,0,0,0,0,1,0,0,0,0,0,0,0,0,0,1,0,1,0,0,0,0,0,0,0,1,0,0,0,0,0,0,0,0,0,0,0,1,0,0,0,0,0,0
54e10d02-9f5c-56f5-b3f6-130de01e3b61,a1bfd97f-7feb-5d2f-84b8-7e0c48d541f3,Kilifi Vegetables Farm #0856,Coastal Lowlands,Kilifi,Vegetables,1.44,-2.216684,38.668265,15,False,Informal Smallholder,0,4.92,5,Future Ready Farm,0.24,0.16,0.2,0.52,0.16,0.2,0.16,0.0,0,0,1,0,0,1,0,1,0,0,0,0,0,0,0,1,1,0,0,0,0,0,0,0,1,0,1,0,0,0,1,0,0,0,0,0,0,0,0,0,1,0,0,0,0,0,1,0,0,0,1,1,0,0,0,0,0,0,1,0,1,0,0,0,0,0,0,0,0,0,1,0,0,0,0,1,0,0,0,1,0,1,0,0,0,1,1,1,0,0,1,1,1,1,0,0,1,1,1,0,0,0,0,0,0,1,1,0,0,0,0,0,1,0,0,0,0,0,0,0,1,0,0,0,0,0,0,1,0,0,0,0,0,0,0,1,0,1,0,0,0,1,0,0,0,1,0,0,0,0,1,0,0,0,0,0,1,0,0,0,1,1,0,0,0,0,0,0,0,0,0,0,0,0,0,0,0,0,0,0,0,0,0,0,0,0,0,0,0,0,0,0,0,0,0,0,0,0,0,0
6dae4494-ce87-55b2-9fc8-91a567d22b49,0d6f4add-6228-5793-96a4-a1fc66b0b103,Trans Nzoia Horticulture Farm #0857,Rift Valley,Trans Nzoia,Horticulture,12.61,-0.993673,35.47381,16,True,Transitioning Agribusiness,1,13.56,3,Structured Farm,0.52,0.6,0.64,0.84,0.4,0.56,0.44,0.52,1,1,0,1,0,1,1,1,0,0,1,1,0,0,0,1,1,0,0,0,1,1,0,1,0,1,1,1,1,1,1,0,0,1,0,0,1,0,0,0,1,1,1,1,0,1,1,0,1,0,1,1,1,0,0,0,1,0,0,0,1,1,1,0,0,1,1,1,1,1,1,1,1,1,0,1,1,1,1,0,0,1,1,1,0,1,1,1,1,1,1,1,1,1,1,1,1,1,1,0,0,1,0,1,0,1,1,1,0,0,1,1,0,0,0,0,1,1,0,0,0,0,0,1,0,1,1,1,1,0,1,1,1,0,0,0,0,0,0,0,1,1,1,1,0,1,1,1,0,0,1,0,1,1,0,0,0,0,0,0,1,1,1,1,0,1,1,0,0,0,1,0,0,1,0,1,1,1,0,1,1,1,0,1,0,1,1,0,0,0,1,1,0,0,0,0,1,0,1,0
e6e55cb7-3773-5f4f-a107-b8299646eefa,ccd8c93b-de8f-5d8e-883e-a1692499869d,Makueni Sorghum Farm #0858,Eastern Semi-Arid,Makueni,Sorghum,13.97,-2.367249,37.922784,12,True,Commercial Market Leader,2,20.16,5,Future Ready Farm,0.88,0.92,1.0,0.92,0.72,0.8,0.76,0.72,0,1,1,1,1,1,1,1,1,1,1,1,1,1,1,1,0,0,1,1,1,1,1,1,1,1,1,1,1,1,1,1,1,1,1,1,1,1,1,1,1,1,1,0,0,1,1,1,1,1,1,1,1,1,1,1,1,1,1,1,1,1,1,1,1,1,1,1,1,1,1,1,1,1,1,1,1,1,1,1,1,1,1,1,1,1,1,1,1,1,1,1,1,1,1,1,0,0,1,1,1,1,0,1,1,1,1,1,1,0,1,1,1,0,0,0,1,1,1,0,1,1,1,0,1,1,0,1,1,0,1,1,1,1,1,1,1,1,0,1,1,1,1,1,0,1,1,1,1,0,1,1,1,0,1,1,1,0,1,1,1,1,0,1,1,1,1,1,1,0,0,1,1,1,0,1,1,1,1,1,1,1,0,1,0,1,0,0,1,1,1,1,1,1,0,1,0,1,1,0
94066ddf-3a2f-5b75-b83c-18ddd1bbe024,3ff0987b-dc49-5ada-b6ae-7c9336fe3036,Meru Avocado Farm #0859,Central Highlands,Meru,Avocado,3.95,-0.771162,37.246396,5,False,Informal Smallholder,0,6.0,2,Emerging Agribusiness,0.32,0.2,0.28,0.6,0.24,0.28,0.0,0.08,0,1,0,0,0,0,0,0,1,0,0,1,1,0,0,0,1,0,1,0,1,1,0,0,0,0,0,0,1,0,1,0,1,0,0,0,0,0,0,0,1,0,0,0,0,0,1,0,0,0,1,1,0,0,0,0,0,0,0,0,1,0,0,1,0,0,1,1,0,0,1,0,0,0,0,1,0,1,1,0,1,0,1,1,1,1,1,0,0,0,0,1,0,0,1,1,1,1,1,0,0,0,0,0,0,1,1,0,0,0,0,1,0,0,0,1,1,0,0,0,1,0,0,0,0,1,1,0,0,0,1,1,0,0,0,1,0,0,0,0,1,0,0,0,0,0,1,0,0,0,0,0,0,0,0,0,0,0,0,0,0,0,0,0,0,0,0,0,0,0,0,0,0,0,0,1,0,0,0,1,0,0,0,0,0,0,0,0,0,0,0,0,0,0,0,0,0,0,0,0
0426e213-4d4f-536a-ac84-b1cf496648bd,88d4fbbd-a8db-5b35-a594-5cad68e9f636,Kakamega Dairy Farm #0860,Western Kenya,Kakamega,Dairy,9.99,-0.247488,35.019362,13,True,Transitioning Agribusiness,1,12.84,3,Structured Farm,0.44,0.56,0.56,0.76,0.48,0.56,0.52,0.4,1,1,0,0,0,1,1,0,1,0,1,0,1,1,0,1,0,0,0,0,1,0,0,1,0,1,1,1,0,0,1,1,1,0,0,1,1,1,1,0,1,0,0,0,0,0,1,1,0,1,1,0,0,0,1,1,1,0,0,1,1,1,1,0,1,1,0,1,1,0,1,1,0,0,0,1,1,1,1,0,1,1,1,1,1,0,1,1,1,1,1,1,0,0,0,1,1,0,1,1,1,1,1,1,0,0,1,1,1,0,1,1,0,1,0,0,1,0,0,0,0,1,0,0,0,1,1,0,0,0,1,1,1,0,0,1,1,1,1,0,1,1,1,0,0,1,0,1,0,0,1,1,1,1,0,1,0,1,0,0,1,1,1,0,0,0,0,1,0,1,1,0,0,1,0,1,0,1,0,0,0,1,0,1,0,0,1,1,1,0,0,0,1,1,0,1,0,0,0,0
c35d0abe-d06c-590d-b236-e7518b414fa1,7f88b7b6-5ab4-5e94-b189-9ec8e98cc474,Lamu Cassava Farm #0861,Coastal Lowlands,Lamu,Cassava,6.13,-3.23375,40.46242,11,True,Transitioning Agribusiness,1,12.84,3,Structured Farm,0.48,0.4,0.64,0.72,0.44,0.56,0.56,0.48,1,1,0,0,0,1,1,0,0,1,1,1,0,0,1,1,1,1,0,0,1,0,0,0,0,1,1,1,0,1,0,1,0,0,0,1,0,1,0,0,1,1,0,0,0,1,0,0,0,0,0,0,0,1,1,1,1,0,0,0,1,1,1,0,1,1,0,1,1,0,1,1,1,1,1,1,1,1,1,0,1,1,1,1,0,1,1,0,1,0,1,1,1,0,0,1,1,0,1,1,1,1,1,1,0,1,1,0,0,0,1,1,0,0,0,0,1,0,1,0,0,1,0,0,0,1,1,1,0,0,1,1,1,1,0,1,0,0,1,0,0,1,1,1,0,0,1,1,0,0,1,1,1,0,0,1,1,1,0,1,1,0,0,1,0,1,1,0,0,0,1,1,0,1,0,0,1,0,0,0,1,1,1,0,0,1,1,1,0,0,1,0,0,0,1,1,0,1,1,0
d14e2412-f8a6-5876-ba50-e2b2482f3992,569e80b7-b4fe-5758-a0b7-3f04de259f21,Kilifi Cashew Farm #0862,Coastal Lowlands,Kilifi,Cashew,6.92,-4.590719,39.02747,8,True,Transitioning Agribusiness,1,11.4,3,Structured Farm,0.44,0.48,0.52,0.52,0.4,0.52,0.56,0.36,1,1,1,0,0,1,0,0,0,0,1,1,0,1,0,1,1,1,0,0,0,1,0,0,0,1,1,1,0,0,1,0,0,0,0,0,1,0,0,1,1,1,1,1,0,0,1,0,1,0,1,1,0,0,1,1,1,0,0,0,1,1,0,0,1,1,0,1,0,0,1,1,0,0,1,0,0,1,1,0,1,0,0,0,0,1,1,1,1,0,1,1,0,1,0,1,0,1,1,0,1,1,1,1,0,1,0,0,1,0,1,1,0,1,0,1,0,0,0,0,0,0,0,0,0,1,1,1,0,0,1,1,0,0,0,1,0,0,1,0,1,1,1,1,0,1,0,1,0,0,1,1,0,1,0,0,1,1,0,0,1,1,1,0,1,1,0,1,0,0,1,1,1,0,0,1,0,0,1,0,1,1,1,0,0,1,0,0,0,0,1,1,1,0,0,0,0,0,0,0
0b0bac7b-f1b0-59da-84c6-4efccb243838,977e00a7-a6ef-5fed-a846-142b69447295,Machakos Cowpeas Farm #0863,Eastern Semi-Arid,Machakos,Cowpeas,2.16,-1.868758,37.27576,9,False,Transitioning Agribusiness,1,10.92,3,Structured Farm,0.64,0.4,0.44,0.84,0.4,0.24,0.36,0.32,1,1,1,1,0,1,0,0,1,1,1,1,1,1,0,1,1,0,0,0,1,0,1,0,1,1,1,0,1,1,0,0,1,0,0,0,0,0,0,0,1,1,0,0,0,1,1,1,0,0,1,0,0,0,1,1,1,1,0,1,1,0,0,1,0,0,0,0,1,1,0,0,1,0,0,1,1,1,1,1,1,1,0,1,1,1,1,1,1,1,1,1,1,1,0,1,1,1,0,0,1,0,0,1,0,0,1,0,1,1,0,0,1,0,0,1,0,0,0,0,1,0,0,1,1,1,0,0,0,0,1,1,0,0,0,1,0,0,0,0,1,0,0,0,0,1,0,0,0,0,0,1,0,0,0,1,1,0,0,1,0,0,0,0,0,0,1,1,0,0,1,0,1,1,0,1,1,0,0,0,1,0,1,0,0,0,0,0,1,1,0,1,0,0,0,1,0,0,0,0
2a1cd62f-7113-5201-a535-3c2f6c831d25,3f912677-6846-5d30-806e-9206d661ccdb,Kericho Horticulture Farm #0864,Rift Valley,Kericho,Horticulture,5.76,0.02976,35.86027,2,True,Transitioning Agribusiness,1,12.24,3,Structured Farm,0.48,0.52,0.6,0.64,0.56,0.52,0.44,0.32,1,0,1,0,0,1,1,0,0,0,0,0,1,1,0,1,0,1,1,1,1,0,1,0,0,1,1,0,1,1,1,1,0,0,1,1,1,1,0,0,0,0,0,1,0,0,1,1,0,0,1,0,0,0,1,1,1,0,1,0,1,1,1,1,0,1,1,0,0,0,1,1,0,1,1,1,1,0,0,0,1,1,1,0,0,1,1,1,0,0,1,0,1,0,1,1,1,1,1,1,1,1,1,0,0,1,0,1,1,0,1,1,1,1,0,1,0,1,0,0,1,0,0,0,1,1,1,0,1,0,0,1,0,0,0,1,1,0,0,0,1,1,1,0,0,1,1,1,1,0,0,0,1,0,0,1,0,0,0,0,1,0,1,0,0,1,1,1,1,1,1,1,0,0,0,0,0,1,0,0,1,0,0,0,0,0,1,0,1,1,1,0,0,0,0,1,1,0,0,0
f562209c-f673-5df6-8931-1bbeacb210be,1cf636c8-47f1-5c69-90f9-32484c98ed27,Vihiga Sugarcane Farm #0865,Western Kenya,Vihiga,Sugarcane,2.16,0.562124,34.826373,17,False,Informal Smallholder,0,6.24,2,Emerging Agribusiness,0.2,0.12,0.44,0.56,0.16,0.4,0.12,0.08,0,1,0,0,0,1,0,0,0,0,0,0,0,0,0,1,0,0,0,0,1,1,0,0,0,0,0,0,0,0,0,0,1,0,0,0,0,0,0,0,1,0,0,0,0,1,0,0,0,0,1,1,0,0,0,0,1,0,0,0,1,1,1,1,0,0,1,1,0,0,1,1,0,0,0,1,1,1,1,0,1,1,0,1,0,0,1,0,1,0,1,1,0,1,0,1,0,0,1,0,0,0,0,0,0,0,1,0,1,0,1,0,0,0,0,0,0,0,0,0,0,1,0,0,0,0,1,0,1,1,0,0,0,1,0,1,1,0,0,0,0,1,0,1,0,0,0,1,1,0,0,0,0,0,1,0,0,0,0,0,0,1,0,0,0,0,1,0,0,0,0,0,0,0,0,1,0,0,0,0,0,0,0,0,0,0,0,0,0,0,0,0,1,0,0,0,0,0,0,0
e5207871-a400-5696-9c9a-3e8c191eb03b,0a58f05d-958f-5f8b-a7fc-f356eb8928ca,Kitui Sorghum Farm #0866,Eastern Semi-Arid,Kitui,Sorghum,24.04,-2.347443,38.4207,14,True,Commercial Market Leader,2,21.12,5,Future Ready Farm,0.92,0.88,0.84,0.84,0.88,0.88,0.84,0.96,1,1,1,1,1,1,1,1,1,1,1,1,1,0,1,1,1,1,1,0,1,1,1,1,1,1,1,1,1,1,1,1,1,0,1,1,1,1,0,0,1,1,1,1,1,1,1,1,1,1,1,1,1,0,1,1,0,1,1,1,1,1,1,1,0,1,1,1,1,0,1,1,1,1,1,1,0,1,1,1,1,1,0,1,1,1,1,1,1,1,1,1,0,1,1,0,1,1,1,1,1,1,1,1,1,1,1,1,1,1,0,1,1,1,1,1,1,1,0,1,1,0,1,1,1,1,1,0,0,1,1,1,1,1,1,1,1,1,1,1,1,1,1,0,1,1,1,1,1,1,1,1,1,1,1,1,1,1,1,1,1,1,1,1,0,1,1,1,0,1,1,1,0,1,0,1,1,1,1,1,1,1,1,1,1,1,1,1,0,1,1,1,1,1,1,1,1,1,1,1
118db014-9c19-5b7b-9cef-c5fe7cb2c02d,b525b22c-e1cc-5cd8-88f8-7b6a31fd15b5,Machakos Green Grams Farm #0867,Eastern Semi-Arid,Machakos,Green Grams,25.23,-0.714822,37.370248,20,True,Commercial Market Leader,2,20.4,5,Future Ready Farm,0.76,0.68,1.0,0.88,0.92,0.88,0.88,0.8,1,1,0,1,1,1,0,1,0,1,1,1,1,0,1,1,1,1,1,0,0,1,1,1,1,1,1,0,1,1,1,1,1,1,1,1,1,1,0,0,1,1,0,0,0,1,1,0,1,0,1,1,1,1,1,1,1,1,1,1,1,1,1,1,1,1,1,1,1,1,1,1,1,1,1,1,1,0,1,1,1,1,1,1,1,1,1,1,1,0,1,1,0,1,1,1,1,1,1,1,1,1,1,1,0,1,1,1,1,1,1,0,1,1,1,1,1,1,1,1,1,1,1,1,1,1,1,1,1,1,1,0,1,1,1,1,0,1,1,1,1,1,1,1,0,1,1,1,1,1,1,1,1,1,1,1,1,1,1,0,1,1,0,1,1,1,1,1,1,0,1,1,1,1,1,1,0,1,1,1,1,1,0,1,1,1,1,0,1,0,1,1,1,1,1,1,1,1,0,1
2daec52e-2a9a-537e-bb38-1d31e6b98ac0,573539ad-a46e-5090-95ba-3c58f5102b06,Meru Macadamia Farm #0868,Central Highlands,Meru,Macadamia,7.07,-0.058448,36.964149,23,True,Transitioning Agribusiness,1,12.0,3,Structured Farm,0.56,0.56,0.48,0.56,0.56,0.44,0.32,0.52,1,1,1,1,0,1,1,0,0,0,1,1,0,1,0,1,1,1,0,0,1,0,0,0,1,1,0,1,0,0,1,1,1,0,0,1,1,1,1,0,0,1,1,0,0,1,1,1,0,0,0,1,1,0,0,0,1,0,0,1,1,1,0,1,0,1,1,1,0,0,1,1,0,0,0,1,1,1,0,0,1,1,1,0,0,1,1,1,1,0,0,0,1,1,0,1,1,0,0,0,1,0,0,1,1,1,0,1,0,0,1,1,0,1,0,1,0,0,1,1,1,1,0,1,0,0,1,1,0,0,1,1,1,0,0,1,0,0,1,0,0,0,1,0,1,1,0,1,0,0,0,0,0,0,1,1,1,0,0,0,0,0,0,1,0,0,1,1,1,0,0,1,0,0,0,1,1,0,1,0,1,1,1,1,0,1,1,0,0,0,1,1,0,0,0,1,0,0,1,0
4c9b0d28-bc23-5e93-aeda-6e3b0e7399f2,8289e874-7343-56ca-81f7-5c09cd366439,Uasin Gishu Potatoes Farm #0869,Rift Valley,Uasin Gishu,Potatoes,2.44,0.994783,35.565591,5,False,Informal Smallholder,0,5.64,2,Emerging Agribusiness,0.12,0.2,0.28,0.68,0.12,0.24,0.2,0.04,1,1,0,0,0,0,0,0,0,0,0,0,0,0,0,1,0,0,0,0,0,0,0,0,0,1,0,0,0,0,1,0,0,0,0,0,0,0,0,0,1,0,1,0,0,1,0,0,0,0,1,1,0,0,0,1,1,0,0,0,0,0,0,0,0,1,0,0,0,0,1,1,0,0,0,1,1,1,0,1,1,1,1,1,1,1,1,1,0,0,1,1,0,1,0,0,1,0,0,1,1,0,0,0,0,0,0,0,0,0,0,0,0,0,0,0,0,0,0,1,0,1,0,0,0,0,1,0,1,0,0,0,1,0,0,1,0,0,0,0,0,0,1,0,0,0,1,0,0,0,0,1,0,0,0,0,0,0,0,0,1,1,0,0,1,0,0,0,0,0,1,0,0,0,0,0,0,0,0,0,0,0,1,0,0,0,0,0,0,0,0,0,0,0,0,0,0,0,0,0
db7413f8-6031-51ae-9be3-38e8ab082d1b,6de4d337-29c3-56eb-b6f0-5695d97d9318,Taita Taveta Vegetables Farm #0870,Coastal Lowlands,Taita Taveta,Vegetables,0.5,-3.716741,40.462621,9,False,Informal Smallholder,0,6.6,2,Emerging Agribusiness,0.04,0.32,0.24,0.64,0.24,0.4,0.24,0.08,0,0,0,0,0,0,0,0,1,0,0,0,0,0,0,0,0,0,0,0,0,0,0,0,0,1,1,0,1,0,1,0,0,0,0,0,0,0,0,0,1,1,0,0,0,1,1,0,0,0,0,0,0,0,0,1,1,0,0,0,0,0,1,0,0,0,0,1,1,0,1,0,0,0,0,1,0,0,1,0,1,1,1,1,0,1,1,1,0,0,0,1,1,1,1,1,1,0,1,0,1,1,0,0,0,0,0,1,0,0,1,1,0,0,0,0,1,0,0,0,0,0,0,0,0,1,1,0,0,0,1,1,0,0,0,1,1,1,0,0,1,0,1,0,0,1,0,0,0,0,1,0,0,0,0,1,1,0,1,0,0,1,0,0,0,0,0,0,0,0,0,0,1,0,0,0,0,0,0,0,0,1,0,0,0,0,1,0,0,0,0,0,0,0,0,0,0,0,0,0
3ff83b64-4379-5c62-bf2c-bee6691a6dfb,e7592cc9-2b9b-597c-9de0-79d4dba41c62,Uasin Gishu Horticulture Farm #0871,Rift Valley,Uasin Gishu,Horticulture,6.64,-0.55757,35.987864,3,True,Transitioning Agribusiness,1,11.4,3,Structured Farm,0.4,0.48,0.44,0.68,0.44,0.44,0.56,0.36,1,1,0,0,0,0,0,0,1,0,0,1,1,0,0,1,1,1,1,0,1,0,0,0,0,1,1,1,0,0,0,1,1,0,0,0,0,0,0,1,1,1,1,0,0,1,1,1,0,0,0,1,1,1,0,0,1,0,0,1,1,0,0,1,0,1,0,0,0,1,1,1,0,0,0,1,1,1,0,1,1,1,1,1,0,1,1,0,1,0,1,1,1,1,0,1,1,0,0,0,1,0,0,1,0,1,0,1,0,0,0,1,1,0,0,1,1,0,1,0,1,0,0,1,0,1,1,0,1,0,0,1,1,0,0,1,0,1,0,0,1,1,0,0,0,1,0,1,0,0,1,1,1,1,1,1,1,1,0,0,1,1,0,0,0,0,0,1,0,0,1,1,0,1,0,0,0,1,0,0,1,0,0,0,0,1,0,1,0,0,1,1,0,0,0,1,1,0,1,0
d3dd77c7-6e4a-5928-87a1-a55fd0d43aa0,50368b6b-68a2-50a6-85d9-04942f13fb34,Nakuru Wheat Farm #0872,Rift Valley,Nakuru,Wheat,3.66,-1.039873,35.103805,3,False,Informal Smallholder,0,6.0,2,Emerging Agribusiness,0.16,0.24,0.2,0.32,0.2,0.48,0.24,0.16,1,0,0,0,0,1,0,0,0,0,1,0,0,0,0,0,0,0,0,0,0,1,0,0,0,0,1,0,0,0,1,0,1,0,0,0,0,0,0,0,1,1,0,0,0,0,1,0,0,0,1,1,0,0,0,0,0,0,0,0,0,0,0,0,0,1,1,0,0,0,0,0,0,0,1,0,0,0,0,0,1,0,1,1,0,1,1,0,0,0,1,0,0,1,0,0,0,0,1,0,0,1,0,0,0,1,1,0,0,0,0,0,0,0,0,0,1,0,0,0,0,0,0,1,0,1,0,1,0,0,1,0,1,0,0,1,1,0,1,0,1,1,1,0,0,1,1,0,0,0,1,0,0,0,0,1,0,0,0,0,0,0,1,0,0,1,0,1,0,0,0,1,0,0,0,0,1,0,0,0,0,0,0,0,0,0,0,1,0,0,0,0,0,0,1,0,0,0,1,0
dfe1ce50-6eff-5974-a25d-7b9947234e07,85b943c9-2560-5522-be80-c080438af44a,Tharaka Nithi Sorghum Farm #0873,Eastern Semi-Arid,Tharaka Nithi,Sorghum,9.19,-1.349841,37.520537,13,True,Commercial Market Leader,2,19.68,4,Investment Ready Farm,0.72,0.72,0.92,0.88,0.72,0.84,0.96,0.8,1,1,0,1,0,0,1,1,1,0,1,1,1,0,1,1,1,1,1,1,1,0,1,1,0,1,1,0,1,1,0,1,1,1,0,1,1,1,0,1,1,1,1,0,1,1,1,1,0,0,1,1,1,1,1,1,1,1,1,1,1,1,1,0,1,1,1,1,1,1,1,1,1,0,1,1,1,1,0,1,1,1,1,0,1,1,1,1,1,1,1,1,1,1,1,1,1,1,0,1,0,1,0,1,0,1,1,1,1,0,1,0,0,1,0,1,1,1,1,1,1,1,1,1,1,1,1,1,1,1,1,1,0,1,0,1,1,1,0,0,1,1,1,1,1,1,1,1,1,1,1,1,1,1,1,1,0,1,1,1,1,1,1,1,1,1,1,1,1,1,1,1,1,1,1,1,1,1,1,1,1,1,0,1,1,1,1,0,1,0,1,1,1,0,1,1,1,1,1,0
051dc436-1797-5597-8cda-25545be60889,b39c6e6d-8527-536f-b3e1-a5182b7e38b6,Vihiga Maize Farm #0874,Western Kenya,Vihiga,Maize,3.89,0.463414,34.823938,12,True,Informal Smallholder,0,5.64,2,Emerging Agribusiness,0.2,0.24,0.12,0.72,0.08,0.28,0.16,0.08,1,0,0,0,0,0,1,0,0,0,0,0,0,0,0,1,1,0,0,0,1,0,0,0,0,0,1,0,1,0,1,0,0,0,0,1,0,1,0,0,1,0,0,0,0,0,0,0,0,0,0,0,0,1,0,1,0,0,1,0,0,0,0,0,0,0,0,0,0,0,0,0,0,0,0,1,1,1,1,0,1,1,1,1,1,1,1,1,0,0,1,0,1,0,0,1,1,1,0,1,0,0,0,0,0,0,0,1,0,0,0,0,0,0,0,0,0,0,0,0,1,0,0,0,0,1,0,0,0,0,1,1,0,0,0,1,0,0,0,0,1,0,0,1,0,0,1,0,0,0,0,0,0,0,0,0,1,0,0,0,0,1,0,0,0,1,0,0,0,0,0,0,0,1,0,1,0,0,0,0,0,0,0,0,0,0,0,0,0,0,0,0,0,0,0,1,0,0,0,0
8c134fd3-6d18-5ce9-8893-d2c239e53035,4a53c60a-58a5-58a3-9225-700f7967c1ca,Tharaka Nithi Green Grams Farm #0875,Eastern Semi-Arid,Tharaka Nithi,Green Grams,5.7,-2.336302,37.728621,21,False,Transitioning Agribusiness,1,12.48,3,Structured Farm,0.52,0.56,0.6,0.64,0.44,0.64,0.32,0.44,1,0,0,0,1,1,0,1,0,0,1,1,0,0,1,0,1,1,0,0,1,1,1,1,0,1,1,1,0,1,1,0,1,0,0,1,1,0,1,1,1,0,0,0,0,1,1,0,0,1,1,0,1,0,1,0,0,1,0,1,1,1,1,1,0,1,0,1,0,1,1,1,1,0,0,1,1,0,1,0,1,0,0,1,0,1,0,1,1,0,1,1,1,1,1,0,1,1,0,1,1,1,0,0,0,1,0,1,1,0,1,1,1,0,0,1,1,0,0,0,0,0,1,0,0,1,1,1,1,0,1,1,1,0,0,1,0,1,1,0,1,1,1,1,0,1,1,0,0,0,1,0,1,0,1,0,0,0,0,0,1,0,0,0,0,1,1,0,0,0,1,0,1,0,0,1,0,1,0,0,1,0,0,1,0,1,1,1,0,0,1,1,1,0,0,1,0,0,0,0
d426786d-505b-5d1f-ad38-4aaa6a7d1f3b,061ea77d-35fc-5df7-98b7-aa7ea077f12c,Lamu Cashew Farm #0876,Coastal Lowlands,Lamu,Cashew,19.13,-2.256478,38.651585,8,False,Commercial Market Leader,2,19.68,4,Investment Ready Farm,0.92,0.76,0.76,0.76,0.8,0.8,0.84,0.92,1,1,1,1,1,1,1,1,1,0,1,1,1,1,1,1,1,1,1,1,1,1,0,1,1,0,1,0,0,1,1,1,1,1,1,1,1,1,1,0,0,1,1,1,0,1,1,1,1,1,1,1,1,1,0,1,1,1,1,0,1,1,1,1,0,1,1,1,1,1,1,1,0,0,0,1,1,0,1,1,1,0,1,1,1,0,1,1,1,1,1,1,1,0,0,1,0,1,1,1,1,1,1,1,0,1,1,0,1,1,1,0,0,1,1,1,1,1,1,1,1,1,1,0,1,1,1,0,1,1,1,1,1,1,1,1,1,1,0,1,1,1,0,1,0,1,1,1,1,0,1,1,0,0,1,1,1,1,1,0,1,1,1,1,0,1,1,1,1,1,1,1,1,1,1,1,1,1,1,1,1,1,1,1,0,1,1,1,1,0,1,1,1,1,1,1,1,1,1,1
be3c3a97-b9bd-599f-b945-1ee90325a85c,a69c0835-6604-55b0-a833-7964d1232aa4,Tharaka Nithi Green Grams Farm #0877,Eastern Semi-Arid,Tharaka Nithi,Green Grams,3.54,-0.217926,37.90165,18,False,Informal Smallholder,0,5.28,2,Emerging Agribusiness,0.16,0.28,0.12,0.44,0.28,0.16,0.28,0.04,0,0,0,0,0,1,0,0,1,0,1,0,1,0,0,0,0,0,0,0,0,0,0,0,0,0,0,0,0,0,0,1,0,0,0,1,1,0,1,0,1,1,0,0,0,0,1,0,0,0,0,0,1,0,0,0,0,0,0,0,1,0,0,0,0,0,0,0,0,0,0,0,1,0,0,1,0,0,0,0,1,1,0,0,0,1,1,0,0,1,1,0,0,0,0,1,1,0,1,1,0,0,0,0,0,1,0,0,0,0,1,0,0,0,0,0,1,1,1,0,1,0,0,1,0,1,0,0,0,0,0,1,0,0,0,1,1,0,0,0,0,0,0,0,0,0,0,0,0,0,1,0,0,0,0,0,0,0,1,0,0,0,0,0,0,1,1,0,0,0,1,0,1,0,1,0,0,0,0,0,0,0,0,0,0,1,0,0,0,0,0,0,0,0,0,0,0,0,0,0
89832a16-158f-5b52-8799-8f1bba7b6bdb,b6882e35-a6a6-5f4b-b03c-4c03b915a775,Lamu Coconut Farm #0878,Coastal Lowlands,Lamu,Coconut,1.67,-2.604513,39.829888,17,True,Informal Smallholder,0,6.36,2,Emerging Agribusiness,0.16,0.24,0.2,0.6,0.12,0.4,0.28,0.12,0,0,0,0,0,0,0,0,0,0,0,0,1,1,0,0,0,1,0,0,0,1,0,0,0,0,0,0,0,0,1,0,0,0,1,0,0,1,0,0,0,0,0,0,0,1,1,1,0,0,1,1,0,0,0,0,0,0,0,0,1,0,0,1,0,0,0,0,0,0,0,1,0,0,0,1,1,0,0,0,1,1,1,1,0,1,1,0,0,0,0,1,1,0,1,1,1,1,1,0,0,0,0,1,0,0,0,0,0,0,1,0,0,0,0,0,0,0,0,0,1,0,0,0,0,1,0,1,0,1,0,0,0,0,0,1,1,1,0,0,1,0,1,0,0,1,0,1,0,0,0,1,0,0,0,0,1,1,0,0,0,1,0,0,0,1,0,0,0,0,0,0,1,1,0,0,0,1,0,0,0,0,0,0,0,0,0,0,0,0,0,0,0,0,1,0,0,1,0,0
3834e3c3-bfb3-5092-9b0c-decd8887165b,f19ace16-cbdf-5246-8232-0a50b174e402,Kwale Cashew Farm #0879,Coastal Lowlands,Kwale,Cashew,3.89,-4.473098,40.2693,6,True,Transitioning Agribusiness,1,13.08,3,Structured Farm,0.48,0.56,0.56,0.8,0.56,0.44,0.6,0.36,1,1,0,1,0,1,1,0,0,0,1,0,1,0,1,1,0,0,0,0,1,1,0,0,1,1,1,1,0,0,0,1,1,1,1,1,1,1,0,0,1,1,0,0,0,1,0,1,0,0,1,1,0,0,0,1,1,0,1,0,1,0,0,1,1,1,1,1,0,1,1,1,0,0,0,1,1,0,1,0,1,1,0,1,0,1,1,1,1,1,1,1,1,1,1,1,1,1,0,1,0,1,1,0,1,1,0,1,1,1,1,1,0,0,0,0,1,1,0,1,1,1,0,0,0,1,0,0,0,1,0,1,0,1,0,1,1,0,0,1,1,1,1,0,0,1,0,0,0,0,1,0,1,0,1,1,1,1,0,1,1,1,1,0,0,1,0,0,1,1,1,0,1,0,0,1,1,0,0,0,0,1,0,0,0,1,1,1,0,0,1,1,0,0,0,0,0,1,0,0
6f75819a-4977-5dd8-8baa-492ea1e06407,71721707-441a-5262-8e1d-2b4bd598348d,Siaya Dairy Farm #0880,Western Kenya,Siaya,Dairy,2.52,0.184785,34.785102,16,True,Transitioning Agribusiness,1,12.36,3,Structured Farm,0.52,0.52,0.68,0.6,0.44,0.64,0.48,0.24,1,0,1,1,0,1,1,0,1,0,1,0,1,1,0,1,0,0,0,1,0,1,1,0,0,1,1,1,0,0,0,0,1,0,1,1,0,1,1,0,1,1,0,0,0,0,1,1,1,0,1,1,1,1,0,1,0,1,0,0,1,0,1,1,1,0,1,1,1,0,1,1,1,1,0,1,1,1,0,0,1,0,0,0,0,1,1,0,1,1,1,1,1,1,1,0,0,1,0,1,0,0,1,1,0,1,1,1,0,0,0,0,1,0,0,1,0,1,0,1,1,1,0,0,0,1,0,1,1,1,1,1,0,0,0,1,0,0,0,0,1,1,1,1,1,1,1,1,1,0,0,1,0,1,0,0,1,0,1,0,1,1,0,0,0,0,1,0,1,1,1,0,1,1,0,1,0,0,0,0,0,1,0,0,0,1,0,0,1,0,0,0,0,0,0,0,1,0,1,0
18f03d26-f5a4-5775-9165-b297bfe6c3cf,92a01f1f-a0b7-5634-ae43-399b639e4ae0,Nandi Maize Farm #0881,Rift Valley,Nandi,Maize,3.21,1.024411,36.304483,11,False,Informal Smallholder,0,5.16,2,Emerging Agribusiness,0.28,0.2,0.24,0.48,0.24,0.16,0.12,0.0,1,0,0,0,0,0,1,0,1,0,1,1,0,0,0,0,0,0,0,0,0,1,0,1,0,1,0,0,0,0,0,0,0,0,0,0,0,1,0,0,1,0,0,0,0,1,1,0,0,0,1,0,0,0,0,1,0,1,1,0,1,0,0,0,0,0,0,0,0,0,0,1,0,0,0,1,0,0,0,0,1,0,1,1,0,1,0,0,1,1,1,1,0,0,0,1,1,1,0,0,0,0,0,1,0,0,0,0,0,0,0,1,1,0,0,0,0,0,0,0,1,1,0,1,0,1,1,0,0,0,1,0,0,0,0,0,0,0,0,0,1,0,0,0,0,0,0,0,0,0,0,0,0,0,0,0,0,0,0,0,1,0,1,0,0,0,0,0,0,0,0,1,0,0,0,0,0,0,0,0,0,0,0,0,0,0,0,0,0,0,0,0,0,0,0,0,0,0,0,0
48cd6b43-5bc8-56dd-bde8-7721df4cf5f3,3e49b955-1a8d-5d09-98b9-201f78d83d2d,Kilifi Fish Farming Farm #0882,Coastal Lowlands,Kilifi,Fish Farming,1.5,-3.840003,38.843599,15,False,Transitioning Agribusiness,1,12.0,3,Structured Farm,0.44,0.52,0.52,0.76,0.52,0.48,0.48,0.28,1,0,0,1,1,1,1,0,0,0,1,1,0,0,0,0,1,0,1,0,1,1,0,0,0,1,1,1,1,0,0,1,1,0,0,1,0,1,0,0,1,0,1,1,0,1,1,0,0,0,1,1,0,0,0,1,1,1,0,0,1,1,1,0,0,1,0,1,0,0,1,1,0,1,0,1,1,0,0,1,1,1,1,1,0,1,1,1,1,0,1,1,1,1,0,1,1,1,1,0,1,0,0,0,0,1,0,1,0,0,1,1,0,1,1,1,1,0,0,0,1,0,1,1,1,1,0,0,1,0,0,0,1,1,0,1,1,0,0,0,1,1,0,0,0,1,1,0,1,1,1,1,0,0,0,1,1,0,0,0,1,1,1,0,0,1,1,1,0,0,1,0,1,0,0,1,0,0,0,0,1,0,1,0,0,0,0,0,0,0,1,0,0,1,0,1,1,0,0,0
ceeb26c5-721f-5b18-9be1-3ca3b3dc0d94,c1c92e6c-d70c-5a2f-8183-16d4116fe315,Vihiga Horticulture Farm #0883,Western Kenya,Vihiga,Horticulture,48.66,0.370001,34.876094,19,True,Commercial Market Leader,2,20.16,5,Future Ready Farm,0.68,0.92,0.92,0.84,0.72,0.92,0.96,0.76,1,1,0,0,0,1,1,1,1,0,1,1,1,1,0,1,1,1,1,0,1,1,0,0,1,1,1,1,1,1,1,1,1,1,1,1,1,1,1,1,1,0,1,1,0,1,1,1,1,1,1,1,1,1,0,1,1,1,1,1,0,1,1,1,1,1,1,1,1,1,1,1,1,1,1,1,1,1,0,1,1,1,1,1,1,1,1,1,1,0,1,1,1,1,1,1,0,0,1,1,0,0,0,1,0,1,1,1,1,1,1,1,1,0,0,1,1,1,1,1,1,1,1,1,0,1,1,1,0,1,1,1,1,1,1,1,1,1,1,1,1,1,1,0,1,1,1,1,1,1,1,1,1,1,1,1,1,1,1,1,1,1,1,1,1,1,1,1,1,1,1,1,1,0,1,1,1,0,1,1,1,1,0,1,0,1,1,1,1,1,1,0,0,1,1,1,1,1,1,0
abd23e73-6e5a-5565-885c-4cdd2f925fa2,bdd79302-3189-595c-97e1-06d33c458ede,Kilifi Coconut Farm #0884,Coastal Lowlands,Kilifi,Coconut,3.51,-3.365608,38.520665,18,False,Informal Smallholder,0,6.6,2,Emerging Agribusiness,0.28,0.32,0.32,0.52,0.2,0.36,0.12,0.08,1,0,0,0,0,0,1,0,0,0,1,0,0,0,1,1,1,0,0,0,1,0,0,0,0,1,0,0,0,0,0,0,1,0,0,1,0,0,0,0,1,0,1,0,1,0,1,0,0,1,1,0,1,0,0,1,1,1,0,0,1,0,0,0,0,0,0,0,0,0,1,1,0,0,0,1,0,1,0,0,0,1,1,0,0,1,1,0,0,1,1,0,1,0,0,1,1,1,1,0,1,0,1,0,0,0,1,0,0,0,0,1,0,0,0,0,1,0,0,0,0,0,0,0,0,0,1,0,1,0,1,0,0,0,0,1,1,1,0,0,1,1,0,0,0,0,1,0,0,0,0,1,0,0,0,1,0,0,0,0,0,0,0,0,0,0,0,0,0,0,0,1,0,0,0,0,0,1,0,0,0,0,0,0,0,1,0,0,0,0,0,0,0,0,0,0,0,0,0,0
e701e858-bd05-55bd-a2ec-aa8fa74492ef,dd6ae319-af4b-5ba0-893e-e61b6b4e49f3,Siaya Dairy Farm #0885,Western Kenya,Siaya,Dairy,2.22,1.000414,35.077898,11,False,Informal Smallholder,0,4.08,5,Future Ready Farm,0.08,0.08,0.28,0.48,0.04,0.28,0.12,0.0,0,0,0,0,0,1,0,0,0,0,0,0,0,0,0,0,0,0,0,0,1,0,0,0,0,0,0,0,0,0,0,0,0,1,0,0,0,1,0,0,0,0,0,0,0,0,0,0,0,0,0,1,0,0,0,1,0,1,0,0,1,0,0,0,0,1,1,0,0,0,1,0,0,0,0,1,0,0,1,0,0,0,0,1,0,1,0,0,0,0,1,1,1,0,1,1,1,0,1,1,1,0,0,0,0,0,0,0,0,0,0,0,0,0,0,0,0,0,0,0,0,0,0,0,0,1,1,0,0,0,0,0,0,0,0,1,0,0,0,0,0,1,0,1,0,1,0,1,0,0,0,0,0,0,0,0,0,1,0,0,0,0,1,0,0,0,0,0,0,0,1,0,0,0,0,0,0,0,0,0,0,0,0,0,0,0,0,0,0,0,0,0,0,0,0,0,0,0,0,0
6689e50d-a743-5005-9d14-08765f881802,cd3ac0d4-d6ac-532f-bf90-91e777b47039,Busia Maize Farm #0886,Western Kenya,Busia,Maize,3.52,-0.361801,34.478886,10,True,Informal Smallholder,0,5.04,2,Emerging Agribusiness,0.2,0.12,0.24,0.48,0.04,0.24,0.2,0.16,0,0,0,1,0,0,0,0,0,0,1,1,0,0,0,1,0,0,0,0,1,0,0,0,0,0,0,0,0,0,1,1,0,0,0,0,0,0,0,0,0,1,0,0,0,0,0,0,0,0,1,0,0,0,0,0,1,0,0,0,1,1,0,0,0,1,0,0,0,0,1,0,0,0,0,1,0,1,1,1,0,1,0,1,0,1,1,1,0,0,1,0,0,0,0,0,1,0,1,0,0,0,0,0,0,0,0,0,0,0,0,0,0,0,0,0,0,1,0,0,0,0,0,0,0,1,0,0,0,0,0,1,0,0,0,0,1,0,1,0,0,0,0,0,0,1,0,1,0,0,0,1,0,0,0,0,0,1,0,0,1,0,1,0,0,0,0,0,0,0,1,0,0,0,0,1,1,1,0,0,0,0,0,0,0,0,0,0,0,0,0,0,0,0,1,0,0,0,0,0
5d31215c-dc08-54f2-9761-30f0a53e9a17,15ab1e35-242d-5dd8-aeca-d800bbfb2f01,Bomet Maize Farm #0887,Rift Valley,Bomet,Maize,2.12,-1.099948,35.678696,12,True,Informal Smallholder,0,6.48,2,Emerging Agribusiness,0.2,0.32,0.28,0.72,0.08,0.32,0.08,0.16,0,0,0,0,0,0,1,1,0,0,0,1,0,0,0,1,0,0,0,0,0,1,0,0,0,1,0,0,0,0,1,1,0,0,0,1,0,1,0,0,1,0,0,0,0,0,1,1,0,0,0,1,1,0,0,1,0,0,0,0,0,1,0,0,0,1,1,0,0,0,0,1,0,0,0,1,1,1,1,1,1,0,1,0,1,1,1,1,1,0,0,1,1,0,1,1,0,1,1,0,1,0,0,0,0,1,0,0,0,0,0,0,0,0,0,0,0,0,0,0,0,0,0,0,0,1,0,0,0,0,0,1,0,1,1,0,0,0,0,0,1,1,0,0,0,0,1,1,0,0,0,1,0,0,0,1,0,0,0,0,0,0,0,0,0,0,0,0,0,0,0,0,0,0,0,1,0,0,0,0,0,0,0,0,0,0,1,1,1,0,0,0,0,0,0,0,0,0,0,0
f9bb12d3-c33a-5b54-bbf9-a35c17f509f0,9bfb402c-d696-5cf6-ab57-f4249301caa4,Kiambu Macadamia Farm #0888,Central Highlands,Kiambu,Macadamia,2.88,-0.741703,37.774958,10,False,Informal Smallholder,0,5.4,2,Emerging Agribusiness,0.2,0.24,0.36,0.56,0.08,0.08,0.08,0.2,1,0,0,0,0,0,0,1,0,0,1,0,0,0,0,0,0,0,1,0,0,0,0,1,0,1,0,0,0,0,0,0,0,0,0,0,1,0,0,1,1,0,0,0,0,1,0,0,0,1,0,1,0,0,1,1,0,1,1,0,1,0,0,1,0,1,0,0,0,0,1,0,0,0,0,0,1,0,1,0,1,1,0,1,0,1,1,0,0,1,0,1,1,0,1,1,0,1,0,1,0,0,0,0,0,0,1,0,0,0,0,0,0,0,0,0,0,0,0,0,0,0,0,1,0,1,0,0,0,0,0,0,0,0,0,0,0,0,0,0,0,0,0,0,0,0,0,0,1,0,0,1,0,0,0,0,0,0,0,0,0,1,0,0,0,0,0,0,0,0,0,0,0,0,0,0,0,1,0,0,1,0,0,0,0,0,0,1,1,0,0,0,0,0,0,0,0,1,0,0
f9e765fa-c5d6-5aec-ae15-d0dff84bbd22,47c80aa9-ebfc-579e-aeb5-ca8734c0a7e7,Machakos Sorghum Farm #0889,Eastern Semi-Arid,Machakos,Sorghum,1.8,-1.716625,38.433006,5,True,Informal Smallholder,0,5.4,2,Emerging Agribusiness,0.12,0.04,0.24,0.64,0.2,0.2,0.28,0.08,0,0,1,0,0,1,0,0,0,1,0,0,0,0,0,0,0,0,0,0,0,0,0,0,0,0,1,0,0,0,0,0,0,0,0,0,0,0,0,0,0,0,0,0,0,0,0,0,0,0,0,0,1,0,0,1,1,0,0,1,0,0,0,1,0,0,0,0,0,1,0,0,0,0,0,0,0,0,1,1,1,1,1,0,1,0,1,1,1,1,1,1,1,1,1,0,0,0,0,1,1,1,0,0,0,1,0,0,1,0,1,0,0,0,0,0,0,0,0,0,0,0,0,0,0,0,0,1,1,0,1,0,0,0,0,0,0,0,0,0,1,0,0,0,0,1,0,0,0,0,0,0,0,0,0,1,0,0,0,0,1,1,0,0,0,1,1,0,0,0,1,0,1,0,0,1,0,0,0,0,1,0,0,0,0,0,0,0,0,0,0,0,0,0,0,0,0,0,0,0
4f360f66-9bae-52f7-8b0b-39127c11ce38,3852bf5f-2779-583a-be1e-da698605e34a,Nyeri Macadamia Farm #0890,Central Highlands,Nyeri,Macadamia,6.44,-0.292509,37.10448,19,True,Transitioning Agribusiness,1,12.24,3,Structured Farm,0.48,0.44,0.6,0.64,0.6,0.48,0.48,0.36,1,1,0,1,1,1,1,0,0,0,1,1,0,0,0,1,0,1,0,0,1,1,0,0,0,1,1,1,0,0,0,0,1,0,0,0,1,0,0,1,1,1,0,0,0,1,1,1,0,0,1,1,0,1,0,0,1,0,0,0,0,1,1,0,1,1,1,0,1,0,1,1,1,1,1,1,1,1,1,0,1,1,1,0,0,1,1,0,0,0,1,1,1,0,0,1,1,1,1,0,1,1,0,0,0,1,1,1,0,0,0,1,1,0,1,1,0,1,1,1,1,0,1,0,1,1,0,0,0,0,1,1,0,0,1,1,1,0,1,1,1,0,0,1,0,1,0,0,1,0,0,1,1,1,0,1,0,0,0,0,1,1,1,0,1,1,1,0,0,0,0,1,1,0,0,0,1,0,0,0,1,0,0,0,1,0,0,0,1,0,1,0,1,1,0,1,1,0,0,0
86650f2d-8a6f-5a46-84ee-09aeb1b27f33,35493c94-e646-55b2-a651-a37f326138ad,Siaya Cassava Farm #0891,Western Kenya,Siaya,Cassava,3.95,0.767455,34.154821,19,True,Informal Smallholder,0,4.8,5,Future Ready Farm,0.2,0.24,0.2,0.48,0.08,0.2,0.2,0.0,1,0,0,0,1,0,1,0,0,0,0,0,1,0,0,0,1,0,0,0,0,0,0,0,0,0,1,0,0,0,0,1,0,0,0,1,1,0,0,0,0,0,0,0,0,0,1,0,0,1,0,0,1,0,0,0,0,0,0,0,1,1,0,0,0,0,0,0,0,1,0,1,0,0,0,1,0,1,0,0,0,1,0,1,0,1,1,1,0,0,1,1,0,0,0,1,1,0,1,0,0,0,0,0,0,0,0,0,0,0,0,0,0,0,1,1,0,0,0,0,0,0,0,0,0,0,0,0,0,0,0,0,1,0,0,1,0,1,1,0,0,0,0,0,0,0,0,1,0,0,0,0,0,1,0,0,1,0,0,0,1,0,1,1,0,0,0,0,0,0,0,0,0,0,0,0,0,0,0,0,0,0,0,0,0,0,0,0,0,0,0,0,0,0,0,0,0,0,0,0
4fe15979-a7b3-5718-a13c-37ab8ab44810,91c824f7-6980-56bd-ab4a-7c3d5435ab31,Taita Taveta Fish Farming Farm #0892,Coastal Lowlands,Taita Taveta,Fish Farming,19.82,-2.58263,40.465772,18,True,Commercial Market Leader,2,21.12,5,Future Ready Farm,0.88,0.92,0.88,0.84,0.96,0.84,0.88,0.84,1,1,1,1,1,1,0,1,1,1,1,1,1,1,1,1,1,1,0,1,1,1,1,1,0,1,1,1,1,0,1,1,1,0,1,1,1,1,1,1,1,1,1,1,1,1,1,1,1,1,1,1,1,1,1,1,1,1,0,0,1,1,1,1,1,1,1,1,0,1,1,1,1,1,1,0,1,1,1,1,1,1,1,1,1,1,1,1,1,1,1,1,1,0,1,1,0,1,1,0,1,1,1,1,1,1,1,1,1,1,1,1,1,1,1,1,1,1,1,1,1,1,1,1,0,1,1,1,1,0,0,1,1,1,0,1,1,1,1,1,1,1,1,1,1,1,1,1,0,1,1,1,1,0,1,0,1,1,1,1,0,1,1,1,1,1,1,1,1,1,1,1,1,1,1,1,1,1,1,1,1,1,1,0,0,1,1,1,1,1,1,1,1,1,1,1,1,1,0,0
f5027fdf-0315-5114-800d-39dcb4c41c83,d112c79f-7c69-5b0e-bebc-405549d46c74,Siaya Maize Farm #0893,Western Kenya,Siaya,Maize,0.73,1.087267,34.412547,13,True,Informal Smallholder,0,5.28,2,Emerging Agribusiness,0.2,0.32,0.12,0.52,0.12,0.28,0.12,0.08,0,1,0,0,0,0,1,0,0,0,0,0,1,0,0,1,0,0,0,0,1,0,0,0,0,0,0,0,1,0,1,1,0,0,0,1,1,1,0,0,0,0,0,0,0,1,1,0,0,0,0,0,0,0,0,1,0,0,0,0,0,0,0,0,0,0,1,0,0,0,0,1,0,0,0,1,1,1,0,0,1,1,1,1,0,0,0,0,1,0,1,1,1,0,0,0,1,1,0,0,0,0,1,0,0,1,0,0,0,0,0,0,0,0,0,0,0,1,0,0,0,0,0,0,0,0,0,0,0,1,0,0,0,0,0,0,1,0,0,0,1,1,0,0,0,1,1,0,1,0,1,0,0,0,0,0,0,0,0,0,0,1,1,0,0,0,0,0,0,0,0,0,0,0,0,1,0,0,0,0,0,1,0,0,0,0,0,0,0,0,0,0,0,0,0,0,0,0,0,0
8fbbca95-f137-53a0-863a-933e2ba5b0ec,bc0d9138-8d33-5082-8a7a-687325aa9e22,Lamu Vegetables Farm #0894,Coastal Lowlands,Lamu,Vegetables,3.02,-4.46525,39.715864,4,True,Informal Smallholder,0,6.12,2,Emerging Agribusiness,0.2,0.28,0.2,0.64,0.16,0.2,0.24,0.12,0,0,0,0,0,1,0,0,0,0,0,0,0,0,0,1,1,0,0,0,1,0,0,1,0,0,0,0,0,0,1,0,0,0,0,1,1,1,1,0,0,1,0,0,1,0,0,0,0,0,0,0,0,1,0,1,0,1,0,0,1,1,0,0,0,0,0,0,0,0,0,0,0,0,0,0,1,1,1,0,1,1,1,0,0,1,1,0,0,1,0,1,1,1,0,1,1,1,1,0,0,1,0,0,0,0,0,0,0,0,0,1,1,0,0,0,1,0,0,0,0,0,0,0,0,1,0,0,0,0,1,0,0,0,0,1,0,1,0,0,0,0,1,0,0,0,0,0,0,0,0,0,0,0,0,1,0,0,0,0,1,0,1,1,0,1,1,0,0,0,0,0,0,0,0,0,0,0,0,0,0,1,0,0,0,0,0,0,0,0,0,0,0,1,0,0,0,1,0,0
d042fdd9-ff7a-5e79-8bff-3ce6ffe18ff1,2f6236c1-fa55-5e2f-8fa0-f501ae0e2a61,Kwale Cassava Farm #0895,Coastal Lowlands,Kwale,Cassava,1.5,-3.844226,40.005905,18,True,Transitioning Agribusiness,1,12.96,3,Structured Farm,0.56,0.64,0.6,0.64,0.6,0.6,0.52,0.16,1,1,1,1,0,1,1,0,0,0,1,1,1,0,0,1,1,1,1,1,0,0,0,0,0,0,1,1,1,0,1,0,1,1,0,1,1,1,0,0,1,1,1,1,0,1,1,1,0,0,1,1,1,1,0,1,1,0,0,1,1,1,0,0,0,1,0,0,1,1,1,1,0,1,0,1,0,1,0,0,1,1,1,1,0,1,0,1,1,1,0,1,1,1,0,1,1,1,0,0,1,1,0,1,0,1,1,0,1,0,1,1,1,0,1,1,0,0,0,1,1,1,0,1,0,1,1,1,1,0,0,1,0,1,0,1,1,0,0,1,1,1,0,1,0,1,1,1,0,0,1,1,0,1,0,1,1,0,1,0,1,1,1,0,0,1,0,0,0,0,1,1,1,0,0,1,1,0,0,0,1,0,0,0,0,0,0,0,0,0,0,0,0,0,0,1,0,0,0,0
4dca09ec-a9b9-53dd-9ae8-d339b779eaff,4b06fd37-822b-5bfa-9b7c-03d5968a9020,Bungoma Dairy Farm #0896,Western Kenya,Bungoma,Dairy,25.6,0.373529,34.993549,19,False,Commercial Market Leader,2,20.52,5,Future Ready Farm,0.72,0.92,0.88,0.8,0.88,0.96,0.84,0.84,1,1,1,0,1,1,1,1,0,0,0,1,1,1,1,1,1,1,0,0,1,1,1,1,0,1,1,1,1,1,1,1,1,1,0,1,1,1,0,1,1,1,1,1,1,1,1,1,1,1,1,1,1,0,1,1,1,0,1,1,1,1,1,1,1,1,1,1,1,1,1,1,1,1,0,1,1,1,1,1,1,1,1,1,1,0,1,1,0,1,0,1,1,1,1,1,1,0,1,0,1,1,1,1,0,1,1,1,1,1,1,1,1,1,1,1,1,1,1,0,1,1,1,1,0,1,1,1,0,1,1,1,1,1,1,1,1,1,1,1,1,1,1,1,1,1,1,1,1,1,1,1,1,1,1,1,1,0,0,0,1,1,1,1,1,1,1,1,1,0,1,1,1,1,1,1,1,1,0,0,0,1,1,1,0,1,1,1,1,1,1,1,1,1,1,1,1,1,1,1
acee0af4-fea8-5a96-a465-c0971dce7960,2df3e506-ad09-5364-a089-5932d73c7478,Trans Nzoia Wheat Farm #0897,Rift Valley,Trans Nzoia,Wheat,3.19,-0.568526,35.278366,18,True,Informal Smallholder,0,5.4,2,Emerging Agribusiness,0.28,0.08,0.24,0.56,0.04,0.28,0.2,0.12,1,1,0,0,0,1,1,0,0,0,0,0,0,0,1,1,0,0,0,0,1,0,0,0,0,0,1,0,0,0,1,0,0,0,0,0,0,0,0,0,0,0,0,0,0,0,0,0,0,0,1,1,0,0,0,0,0,1,0,0,1,0,0,0,0,0,1,0,0,0,0,0,0,1,0,1,0,1,0,0,1,1,1,0,0,0,0,0,1,1,1,1,0,0,1,1,1,1,1,0,0,0,0,0,0,0,1,0,0,0,0,0,0,0,0,0,0,0,0,0,0,0,0,0,0,0,1,1,0,1,1,0,0,0,0,0,0,1,0,0,0,1,0,0,0,0,0,1,0,0,0,0,1,0,0,0,0,0,0,0,1,0,0,1,0,1,0,0,0,0,0,1,0,0,0,0,0,0,0,0,1,1,0,0,0,0,0,0,0,0,0,1,0,0,0,0,0,0,0,0
efccd5f1-d17d-5bea-ba7c-f7a1be3908e4,23349ecf-5b07-5b85-aff4-bdff5fe1b740,Kiambu Avocado Farm #0898,Central Highlands,Kiambu,Avocado,3.16,-0.169276,37.383903,16,True,Informal Smallholder,0,6.0,2,Emerging Agribusiness,0.16,0.24,0.12,0.6,0.0,0.28,0.32,0.28,1,0,0,0,0,1,0,0,1,0,0,0,0,0,0,0,1,0,0,0,0,0,0,0,0,1,1,0,0,0,0,0,0,1,0,1,0,0,0,0,0,0,1,0,0,1,0,0,0,0,0,0,0,0,0,1,0,0,0,0,0,0,0,0,0,0,0,0,0,0,0,1,0,1,0,1,0,0,0,0,1,1,1,0,0,0,1,0,1,1,1,0,1,1,1,1,1,1,0,1,0,0,0,0,0,0,0,0,0,0,0,0,0,0,0,0,0,0,0,0,0,0,0,0,0,0,1,0,0,0,0,1,0,0,0,1,0,0,0,0,0,1,1,0,0,1,1,0,0,0,1,0,0,0,0,1,0,1,0,0,0,0,0,0,0,1,0,1,0,1,1,1,0,0,0,0,0,0,0,0,1,1,0,1,0,0,0,0,1,0,1,1,1,0,0,0,0,0,0,0
dcaece4f-69c7-584b-993a-6f9a2b31ec9e,9156f8b0-05bf-5f82-9241-b86d1ba6fa1e,Uasin Gishu Horticulture Farm #0899,Rift Valley,Uasin Gishu,Horticulture,0.5,-1.0181,35.01826,14,True,Informal Smallholder,0,5.52,2,Emerging Agribusiness,0.24,0.2,0.2,0.36,0.24,0.32,0.16,0.12,0,0,0,0,0,1,0,0,0,0,1,0,1,0,0,1,0,0,0,0,1,0,1,0,0,0,0,0,0,0,0,1,0,0,0,1,1,0,0,0,0,0,0,0,0,1,1,0,0,0,0,0,0,0,0,1,0,0,1,0,0,0,0,0,1,1,0,0,1,0,0,0,0,0,0,0,0,0,0,1,1,1,0,1,0,1,0,0,0,0,1,0,1,0,0,1,0,0,0,1,1,0,0,0,0,0,0,0,0,0,1,0,0,1,0,1,0,0,0,0,0,1,0,0,1,1,1,0,0,0,0,0,0,0,0,1,1,0,0,1,1,1,0,0,0,1,0,0,0,0,0,1,1,0,1,0,0,0,0,0,0,0,0,0,0,0,1,0,0,0,0,0,0,0,0,1,0,1,0,0,0,0,0,0,0,0,0,0,0,0,0,0,0,0,0,1,0,0,0,0
7b5d366b-5ae7-59a4-beb6-fefddedc52e4,803aa2b5-3e22-531b-b6e6-907fefda5b5b,Embu Macadamia Farm #0900,Central Highlands,Embu,Macadamia,5.25,0.240466,37.458393,15,False,Transitioning Agribusiness,1,11.28,3,Structured Farm,0.44,0.28,0.64,0.6,0.56,0.48,0.32,0.44,1,1,0,0,0,1,0,1,0,0,1,1,0,1,0,1,0,1,0,0,1,1,0,0,0,0,0,0,1,0,0,0,0,0,1,0,1,1,0,0,0,1,0,1,0,1,0,0,0,0,1,1,1,1,0,1,1,1,0,1,0,1,0,0,1,1,1,1,0,0,1,1,1,0,0,1,0,0,1,1,1,1,0,0,1,0,1,1,1,0,1,1,1,1,0,1,1,0,0,0,1,1,0,0,1,1,1,0,0,0,1,1,0,0,0,0,1,0,0,1,1,1,1,1,1,1,0,1,0,1,1,0,0,0,0,1,1,1,0,0,1,1,0,1,0,0,1,1,0,0,0,0,1,0,0,1,0,0,0,0,1,1,1,0,0,1,1,0,0,0,0,0,1,0,0,1,0,0,0,0,1,1,1,1,0,1,0,0,0,0,1,1,0,0,0,1,1,1,0,0
f1aa45d3-17d2-5c9d-9e22-254edbbec837,6de19272-6ac6-59a7-ae56-5c3217977c64,Lamu Vegetables Farm #0901,Coastal Lowlands,Lamu,Vegetables,3.85,-4.524783,38.627648,15,True,Informal Smallholder,0,5.16,2,Emerging Agribusiness,0.16,0.24,0.24,0.52,0.24,0.2,0.0,0.12,1,0,0,0,0,0,0,0,0,0,1,0,0,0,0,1,1,0,0,0,0,0,0,0,0,0,0,0,0,0,0,0,0,0,1,0,0,0,1,1,1,1,0,0,1,0,0,0,0,0,0,0,0,0,0,0,0,1,0,0,0,0,0,0,0,0,1,0,0,0,1,1,1,1,0,1,1,0,0,1,1,1,1,0,0,1,1,1,0,0,0,1,1,0,0,1,1,0,0,0,1,0,0,1,1,1,1,0,0,0,1,0,0,0,0,0,0,0,0,0,0,0,0,0,0,0,0,0,1,0,0,1,0,0,0,1,0,0,0,1,1,0,0,0,0,0,0,0,0,0,0,0,0,0,0,0,0,0,0,0,0,0,0,0,0,0,0,0,0,0,0,0,0,0,0,0,0,0,0,0,0,0,0,0,0,0,0,0,0,0,1,0,1,0,0,1,0,0,0,0
77af65d3-1b33-522c-a733-75389c723d5f,d9fc1cf0-3fbd-538f-956e-cd60ce4b0ab8,Vihiga Horticulture Farm #0902,Western Kenya,Vihiga,Horticulture,1.74,0.938021,34.595568,16,True,Informal Smallholder,0,6.24,2,Emerging Agribusiness,0.16,0.16,0.36,0.56,0.16,0.36,0.2,0.12,0,0,1,0,0,1,1,0,0,0,0,0,0,0,0,1,0,0,0,0,0,0,0,0,0,0,0,0,0,0,1,0,0,0,0,0,1,0,0,0,0,1,0,0,0,0,0,1,0,0,0,0,0,0,0,1,1,0,0,0,1,1,1,1,0,1,0,0,0,0,1,0,1,0,0,1,0,1,1,0,1,1,0,1,1,1,0,0,1,0,1,1,1,0,0,1,0,1,0,0,1,0,0,0,0,0,1,0,0,0,0,0,0,0,0,1,0,1,0,0,0,0,0,0,0,1,0,0,0,0,0,1,0,1,0,1,1,0,1,1,0,1,0,0,0,1,0,0,0,0,1,0,0,0,0,1,1,0,0,0,1,0,0,0,0,1,0,0,0,0,0,0,0,0,0,0,0,0,0,0,1,0,0,0,0,0,0,0,0,0,0,0,0,0,0,0,1,0,0,1
e8671222-cac4-5b1e-b196-2dca24036507,2ea9a1aa-158d-5b31-9ba1-47f8255d613a,Nyeri Dairy Farm #0903,Central Highlands,Nyeri,Dairy,1.94,-0.462466,36.819901,11,True,Informal Smallholder,0,6.12,2,Emerging Agribusiness,0.28,0.2,0.44,0.48,0.16,0.08,0.24,0.16,1,0,0,0,0,1,0,1,0,1,0,0,0,0,1,1,0,0,0,0,0,1,0,0,0,0,1,0,0,0,1,0,0,0,0,0,0,0,0,0,1,0,0,0,0,1,1,0,0,0,0,1,1,1,0,1,1,0,0,0,1,0,1,0,0,0,0,1,0,1,1,0,1,0,0,1,1,0,1,0,0,0,1,0,1,1,1,0,1,1,0,0,0,0,0,1,1,1,0,0,0,0,1,0,0,1,0,0,0,0,1,0,1,0,0,0,0,0,0,0,0,0,0,0,0,0,0,0,0,0,0,1,0,0,0,0,0,0,0,0,1,0,0,0,0,0,0,0,0,0,1,0,0,0,0,1,0,0,0,1,1,0,1,0,0,0,0,0,0,0,0,1,0,0,0,1,0,0,0,0,0,0,0,0,0,1,0,0,0,0,1,0,0,0,0,1,0,0,0,0
572edfb4-e6f1-57bb-9869-25caf7831f3d,88de3d63-2f13-56d7-9dee-fe32a524c990,Kwale Cashew Farm #0904,Coastal Lowlands,Kwale,Cashew,1.27,-3.287367,39.429568,2,False,Informal Smallholder,0,5.28,2,Emerging Agribusiness,0.16,0.28,0.12,0.56,0.12,0.32,0.2,0.0,0,0,0,1,0,0,0,0,0,0,1,0,1,0,0,1,0,0,0,0,0,0,0,0,0,0,0,0,1,0,0,1,0,0,0,0,1,0,1,0,1,0,0,0,0,0,1,1,0,0,1,0,1,0,0,0,0,0,0,0,1,0,0,0,0,0,0,0,0,0,0,0,0,0,0,1,1,0,1,0,1,0,0,0,0,1,1,0,1,0,1,1,0,1,0,1,1,1,0,1,0,1,0,0,0,1,0,0,0,0,0,0,0,0,1,0,0,0,0,0,0,0,0,0,0,1,1,0,0,0,1,0,1,0,0,0,1,0,1,0,0,0,0,1,0,1,0,0,0,0,1,0,0,0,0,1,0,0,0,0,0,0,0,0,0,1,0,0,0,1,1,0,0,0,0,0,0,0,0,0,0,0,0,0,0,0,0,0,0,0,0,0,0,0,0,0,0,0,0,0
98a361dc-bd44-5d48-a0dc-f6d8bb654981,ba5f2275-69cc-5890-b2a5-d3e1a69ea622,Makueni Mangoes Farm #0905,Eastern Semi-Arid,Makueni,Mangoes,22.6,-0.541083,38.419415,11,True,Commercial Market Leader,2,19.92,4,Investment Ready Farm,0.88,0.8,0.92,0.68,0.84,0.84,0.92,0.76,1,1,1,1,1,1,1,1,1,0,0,1,1,1,1,1,1,1,1,1,1,0,1,1,1,1,1,1,1,1,1,1,1,1,1,1,1,1,1,0,1,1,1,0,0,1,1,0,1,0,1,1,1,0,1,1,1,1,1,1,1,1,1,1,1,1,1,1,0,1,1,1,1,1,1,1,1,1,1,0,1,0,1,1,0,1,1,0,1,1,1,1,1,1,1,0,1,0,0,0,1,1,1,0,1,1,1,1,1,0,1,1,1,1,1,1,1,1,1,0,1,0,1,1,1,1,1,1,1,1,0,1,0,1,0,1,1,1,1,1,1,1,1,1,1,1,1,1,1,0,1,1,1,1,1,1,1,1,0,1,1,0,1,1,1,1,1,1,1,1,1,1,1,1,1,1,1,1,1,0,1,1,1,1,1,1,1,0,0,1,1,1,1,1,0,1,0,1,0,1
a807fdc2-a540-5985-bef7-5715aee7a940,4d1503a7-3429-5dd1-89b9-ded19435e602,Kilifi Cassava Farm #0906,Coastal Lowlands,Kilifi,Cassava,2.45,-3.889096,38.884436,10,True,Transitioning Agribusiness,1,11.4,3,Structured Farm,0.44,0.36,0.6,0.68,0.4,0.52,0.48,0.32,0,1,1,0,0,1,1,0,0,0,0,0,0,1,1,1,1,0,0,0,1,1,0,1,0,1,1,0,0,0,1,1,0,0,0,1,1,1,0,0,0,0,0,0,0,1,1,0,0,0,1,1,1,0,1,1,1,1,0,0,1,1,1,0,0,1,1,1,0,1,1,0,0,0,0,1,0,1,0,0,1,1,1,1,0,1,1,0,1,1,1,1,0,1,1,1,1,1,0,0,1,1,0,0,1,1,1,0,0,0,0,0,0,1,0,1,0,0,0,0,1,1,1,0,0,1,1,1,0,0,1,0,1,1,0,1,1,0,1,0,1,1,0,0,1,0,0,1,0,0,1,0,0,0,1,0,1,1,1,0,1,1,0,0,0,0,0,0,0,0,1,1,1,1,1,0,0,1,0,0,1,1,0,1,0,0,1,0,0,0,1,1,0,0,0,0,0,1,0,0
ffe82cd6-e7d0-5c4f-b2ca-a0ddee340407,d785e037-7fd9-5bfb-8cfe-a8735904abc2,Embu Coffee Farm #0907,Central Highlands,Embu,Coffee,2.61,-0.242989,36.654135,16,False,Informal Smallholder,0,6.0,2,Emerging Agribusiness,0.24,0.16,0.2,0.68,0.16,0.28,0.2,0.08,0,1,0,0,1,1,0,0,0,0,1,0,0,0,0,0,1,0,0,0,0,0,0,0,1,0,0,0,0,0,0,1,0,0,1,1,0,0,0,0,0,0,0,1,0,0,0,0,0,0,0,1,0,0,0,1,0,0,0,0,0,1,0,0,0,1,1,0,0,0,0,0,0,0,0,1,1,1,1,1,1,1,0,1,0,0,1,0,1,0,1,0,1,0,1,1,0,1,1,1,1,0,0,0,1,0,0,0,0,0,0,0,0,0,0,1,0,0,0,0,0,1,0,0,0,1,0,0,0,0,1,0,0,0,0,0,1,1,1,0,0,1,1,0,0,0,0,0,0,0,1,0,1,0,0,1,0,0,0,1,0,0,0,0,0,0,0,0,0,0,0,0,0,1,0,1,0,0,0,0,0,0,0,0,0,1,0,0,0,0,0,0,0,0,0,0,0,0,0,0
e337538e-b120-5f63-b824-206586fd493f,51e5f4b8-4b2b-5cf5-be19-f48a2d88edb0,Meru Horticulture Farm #0908,Central Highlands,Meru,Horticulture,3.42,0.174077,37.681693,10,False,Informal Smallholder,0,5.64,2,Emerging Agribusiness,0.16,0.2,0.32,0.48,0.16,0.28,0.16,0.12,1,0,0,0,0,1,0,0,0,0,0,0,0,0,0,1,0,0,0,0,0,1,0,0,0,0,0,0,0,0,0,0,1,0,0,1,0,1,0,0,1,0,0,0,0,1,0,0,0,0,1,0,0,0,1,1,0,1,0,0,0,1,1,0,0,0,1,0,0,0,1,0,0,0,0,0,0,1,1,0,0,1,0,1,0,1,1,0,0,1,1,0,0,0,1,0,1,1,1,0,1,0,0,0,0,1,1,0,0,0,0,0,0,0,0,0,0,0,0,0,1,0,0,0,0,0,1,0,0,0,1,1,0,0,0,0,0,0,0,0,1,1,0,0,0,1,1,0,0,0,0,1,0,0,0,0,1,0,0,0,0,0,0,0,0,1,1,0,0,0,0,0,0,0,0,0,0,0,0,0,0,0,0,0,0,1,0,0,0,0,0,1,0,0,0,0,0,1,0,0
4e97a0e5-35a5-5d8c-b422-83ed11196061,505e8b81-1ecf-575f-b551-f37d3647eb23,Machakos Mangoes Farm #0909,Eastern Semi-Arid,Machakos,Mangoes,1.3,-1.030418,38.177121,14,False,Informal Smallholder,0,5.76,2,Emerging Agribusiness,0.2,0.16,0.36,0.64,0.12,0.2,0.16,0.08,1,1,0,0,0,0,1,0,0,0,1,0,0,0,0,0,0,0,0,0,1,0,0,0,0,1,0,0,0,0,0,0,1,0,0,1,0,0,0,0,0,1,0,0,0,0,0,0,0,0,1,0,0,0,1,1,1,0,0,0,0,1,0,0,0,1,0,0,0,0,1,1,0,1,0,1,1,1,0,1,1,1,1,1,0,0,1,0,1,0,1,1,1,0,0,0,1,1,1,0,0,0,0,0,0,1,0,0,0,0,1,0,0,0,0,1,0,0,0,0,0,0,0,0,0,0,1,0,0,0,0,0,0,1,0,1,0,0,0,0,1,0,0,0,0,0,0,1,0,0,0,0,1,1,0,1,0,0,0,0,0,0,0,0,0,0,0,0,0,0,0,1,0,0,0,0,0,1,0,0,0,0,0,0,0,1,0,0,0,0,0,0,0,0,0,0,0,0,0,0
61de3932-7df4-5ade-a13b-06c6a55694eb,4efdbe30-aeff-5656-a231-7555ca2bba2d,Nandi Wheat Farm #0910,Rift Valley,Nandi,Wheat,1.07,0.742344,36.221286,8,False,Informal Smallholder,0,5.76,2,Emerging Agribusiness,0.24,0.12,0.36,0.48,0.16,0.36,0.08,0.12,1,1,0,0,0,0,0,0,0,0,1,1,0,0,0,1,0,0,0,0,0,1,0,0,0,1,0,0,0,0,0,0,0,0,0,1,0,0,0,0,0,0,0,0,0,1,0,0,0,0,1,1,0,1,0,0,0,0,0,0,1,0,0,1,0,1,0,0,0,0,1,1,1,0,0,1,0,1,0,0,0,1,0,1,0,1,0,1,1,0,1,0,0,0,0,1,1,1,0,1,0,1,1,0,0,1,0,0,0,0,0,0,1,0,0,0,0,0,0,0,0,0,0,0,0,1,0,0,1,0,1,0,1,0,0,1,0,0,0,0,1,0,0,1,0,1,0,0,0,1,0,0,1,0,0,0,0,0,0,0,0,0,0,0,0,0,0,0,0,1,0,0,0,0,0,0,0,0,0,0,0,0,0,0,0,1,0,0,0,1,1,0,0,0,0,0,0,0,0,0
f692a55f-4acf-5d9a-ab21-a4e04f23a121,557c44cc-2520-5139-a87f-4a4ef43868ce,Nakuru Potatoes Farm #0911,Rift Valley,Nakuru,Potatoes,13.84,-1.177095,35.113259,12,True,Transitioning Agribusiness,1,11.16,3,Structured Farm,0.44,0.36,0.48,0.72,0.44,0.56,0.36,0.36,1,0,0,1,0,1,1,1,0,0,1,1,0,0,0,1,1,0,0,0,0,1,1,0,0,0,0,0,0,0,0,0,1,1,1,0,0,1,0,0,0,0,1,1,0,1,0,1,1,0,1,1,1,0,0,1,1,0,1,0,0,1,0,0,0,0,1,1,0,1,1,0,1,0,0,0,1,1,1,0,1,1,0,0,0,1,1,1,1,1,1,0,1,1,1,1,1,1,0,1,1,0,0,0,0,1,1,0,0,0,1,0,1,1,0,0,0,0,1,0,1,1,1,1,0,0,0,1,1,0,1,1,1,0,0,0,1,1,1,0,1,1,1,0,0,1,1,1,0,0,0,0,1,0,0,0,0,1,0,0,1,0,1,0,0,1,1,1,0,0,1,1,0,0,0,0,0,0,0,1,1,0,0,0,0,1,0,0,1,0,0,0,1,1,0,1,1,0,1,0
6d681308-a049-5861-b924-8016b0c449fc,4399c7b5-e2ad-5c0b-8b3f-1d9dbcf9b17a,Kitui Cowpeas Farm #0912,Eastern Semi-Arid,Kitui,Cowpeas,30.54,-1.084719,38.26909,12,True,Commercial Market Leader,2,20.28,5,Future Ready Farm,0.76,0.76,0.96,0.84,0.88,0.84,0.92,0.8,1,1,1,1,0,0,1,1,1,0,1,1,1,0,1,1,1,1,0,1,1,1,1,1,0,1,1,1,1,1,1,1,1,0,0,1,1,1,1,0,1,1,1,0,0,1,1,1,1,0,1,1,1,1,1,1,1,1,1,0,1,1,1,1,1,1,1,1,1,1,1,1,1,1,1,1,1,0,1,0,0,1,1,1,1,1,1,1,0,1,1,1,1,1,1,1,1,1,1,1,1,1,0,1,1,1,1,1,1,1,1,1,1,0,1,1,1,1,1,1,1,1,1,0,1,1,1,1,1,1,0,1,1,1,1,1,1,1,1,1,1,0,1,1,0,1,1,1,1,0,1,1,1,1,0,1,0,1,1,1,1,1,1,1,1,1,1,1,1,1,1,1,1,1,1,1,0,1,1,0,1,1,1,1,0,1,1,1,1,0,1,1,1,1,0,1,1,1,1,1
a6e7b061-c7b4-5646-8384-f986c514446b,6f697d36-a8ec-5a9d-afe7-8c9dc75f5cc6,Tharaka Nithi Mangoes Farm #0913,Eastern Semi-Arid,Tharaka Nithi,Mangoes,26.04,-2.051775,37.791706,9,False,Commercial Market Leader,2,20.16,5,Future Ready Farm,0.92,0.76,0.84,0.76,0.8,0.88,0.96,0.8,1,1,1,1,1,1,1,1,1,1,1,1,1,0,1,1,1,1,0,1,1,1,1,1,1,0,1,1,1,1,1,1,1,1,1,1,1,1,1,0,1,1,1,1,0,1,1,0,0,0,1,1,1,1,1,1,1,0,1,1,1,1,0,1,1,1,1,1,1,0,1,1,1,0,1,1,1,1,1,0,1,1,1,1,0,0,1,1,0,1,1,1,1,0,1,1,0,1,1,1,1,1,1,1,1,1,0,1,1,1,1,1,1,0,1,1,0,1,1,1,0,0,1,1,1,1,1,1,1,0,1,1,1,1,1,1,1,1,1,1,1,1,1,1,0,1,1,1,0,1,1,1,1,1,1,1,1,1,1,1,1,1,0,1,1,1,1,1,1,1,1,1,1,1,1,1,1,1,1,1,1,1,0,1,1,1,1,1,0,1,1,1,1,0,0,1,1,1,0,1
40bdcec9-e11b-5279-b71f-e895f9d8e19d,7c02bd22-0925-55dd-b19b-9121923b9733,Nyeri Tea Farm #0914,Central Highlands,Nyeri,Tea,24.45,-1.217743,37.594533,8,True,Commercial Market Leader,2,19.56,4,Investment Ready Farm,0.76,0.8,0.84,0.84,0.88,0.84,0.92,0.64,1,1,1,1,0,1,1,1,1,0,1,1,1,0,1,1,1,1,1,1,0,1,0,1,0,1,1,1,1,1,1,1,1,1,1,1,1,1,1,0,1,1,0,1,1,1,0,0,1,0,1,1,1,1,1,1,1,1,1,1,0,1,1,1,1,1,1,0,1,1,1,1,1,0,0,1,1,1,1,1,1,1,1,1,0,1,0,1,0,0,1,1,1,1,1,1,1,1,1,1,1,1,1,1,1,1,1,1,1,0,1,1,1,1,0,1,1,1,1,1,1,1,1,0,1,0,1,1,1,1,1,1,1,1,1,0,1,1,0,1,1,1,1,1,1,1,1,1,1,0,1,1,1,0,1,1,1,1,1,1,1,1,1,0,1,1,1,1,1,1,1,1,1,1,1,1,1,1,1,1,1,1,1,0,0,0,1,0,0,1,1,0,0,0,1,1,1,1,0,1
4a87f0b5-d819-59b9-ad00-23e2a8d9432c,672c858e-c796-5e90-b013-a889a992d1d9,Taita Taveta Cassava Farm #0915,Coastal Lowlands,Taita Taveta,Cassava,21.17,-4.583187,40.297479,4,True,Commercial Market Leader,2,19.44,4,Investment Ready Farm,0.76,0.96,0.68,0.76,0.84,0.8,0.8,0.88,1,1,1,1,0,1,1,0,1,1,1,1,0,0,1,1,1,1,1,0,1,0,1,1,1,1,1,1,1,1,1,1,1,1,1,1,1,1,1,1,1,1,1,1,1,1,1,1,1,0,1,1,1,0,0,1,1,1,0,0,1,1,1,1,0,1,1,1,0,0,1,1,1,0,1,1,1,1,1,1,1,1,1,0,1,1,0,0,1,1,1,1,0,1,0,0,1,1,1,1,1,1,1,1,1,1,1,1,1,1,0,1,1,1,0,0,1,1,1,1,0,1,1,1,1,1,1,1,1,0,1,1,1,1,0,1,1,1,1,0,1,1,1,0,1,1,1,1,1,0,1,1,1,1,0,1,1,1,1,0,0,1,1,1,1,1,1,1,1,1,1,0,1,1,0,1,1,1,1,1,1,0,1,1,0,1,1,1,1,1,1,0,1,1,1,1,1,1,1,1
0708c4a5-c6d9-54cb-aece-600ceb750d7a,189a9982-72c5-5f60-a698-c31e8f97d505,Nyeri Coffee Farm #0916,Central Highlands,Nyeri,Coffee,16.86,-0.424443,37.243026,17,True,Commercial Market Leader,2,20.28,5,Future Ready Farm,0.8,0.76,0.84,0.88,0.8,0.88,0.92,0.88,1,1,1,1,0,1,1,0,1,1,1,1,1,1,0,1,0,1,1,0,1,1,1,1,1,1,1,0,0,1,0,1,1,0,1,1,1,1,1,0,1,1,1,0,1,1,1,1,1,1,1,1,1,0,1,1,1,1,1,0,0,1,1,1,1,1,1,1,1,1,1,1,1,1,0,1,1,1,1,1,1,1,1,1,1,1,1,1,1,1,1,1,0,1,1,1,1,0,0,1,1,1,1,0,1,1,1,1,0,1,1,1,1,1,0,1,1,1,0,1,1,1,1,0,1,1,1,1,1,0,1,1,1,1,1,1,1,1,1,0,1,1,1,1,1,1,0,1,1,1,1,1,1,1,1,1,1,1,1,1,1,0,1,1,1,1,1,1,1,1,0,1,1,1,1,1,1,1,0,0,0,1,1,1,1,1,1,1,1,1,1,1,1,1,1,1,1,1,1,1
7a1fdfa3-74e7-5503-a60a-4615bd3ea106,e9f4723f-7847-58c0-9035-886a9e180a8e,Nandi Dairy Farm #0917,Rift Valley,Nandi,Dairy,3.74,1.057161,36.056138,17,False,Informal Smallholder,0,5.88,2,Emerging Agribusiness,0.2,0.28,0.24,0.52,0.08,0.24,0.24,0.16,0,0,0,0,0,0,1,0,0,0,1,0,1,0,0,0,0,0,0,0,0,1,0,1,0,0,1,0,0,0,0,1,0,0,0,1,1,1,0,0,0,0,1,0,0,1,0,0,0,0,0,0,0,0,0,1,0,0,0,0,1,0,1,0,0,0,0,0,1,0,1,1,0,0,0,1,1,1,0,0,1,1,0,0,0,1,1,1,0,1,1,1,0,0,0,1,0,1,0,0,0,1,0,1,0,0,0,0,0,0,0,0,0,0,0,0,0,0,0,0,0,0,0,0,0,0,0,1,0,0,1,1,0,0,0,0,0,0,0,0,0,0,0,1,0,0,1,0,1,0,0,1,0,0,0,1,0,0,0,0,1,1,1,0,0,0,1,0,0,0,0,0,0,0,0,1,0,0,0,0,1,0,0,0,0,1,0,0,0,0,0,0,0,0,0,1,0,0,0,0
e6089d17-061a-5ad6-bfe4-f9af305124f2,31c7b8d4-02de-521e-91d0-a35278ae807a,Lamu Vegetables Farm #0918,Coastal Lowlands,Lamu,Vegetables,2.59,-4.501358,40.477597,2,True,Informal Smallholder,0,5.4,2,Emerging Agribusiness,0.2,0.12,0.12,0.6,0.2,0.32,0.2,0.04,0,0,0,0,0,0,1,0,0,0,0,0,0,1,0,1,1,1,0,0,0,0,0,0,0,1,0,0,0,0,1,0,0,0,0,1,0,0,0,0,0,0,0,0,0,0,0,0,0,0,0,1,0,0,0,0,0,0,0,0,0,0,0,0,0,0,0,0,0,0,0,0,1,0,1,1,1,1,0,0,1,0,0,0,1,1,1,1,0,0,1,1,1,1,1,1,0,0,1,0,1,0,0,0,0,0,1,0,0,0,0,0,0,0,0,0,0,0,0,0,0,1,1,1,0,0,1,0,0,0,1,0,0,0,0,1,1,0,0,0,0,0,1,0,0,1,0,1,1,0,1,0,0,0,0,0,0,1,0,0,1,0,0,0,0,1,1,0,0,0,0,0,0,0,0,0,0,0,0,0,0,0,0,0,0,0,1,0,0,0,0,0,0,0,0,0,0,0,0,0
0ecfd359-a485-5729-8579-1f8d1bb9b5aa,f1445d35-9a7b-5c05-9b81-190f2df766a6,Meru Macadamia Farm #0919,Central Highlands,Meru,Macadamia,1.67,0.266737,37.706698,9,False,Informal Smallholder,0,7.08,2,Emerging Agribusiness,0.28,0.32,0.28,0.56,0.16,0.52,0.2,0.04,0,0,0,0,0,1,1,0,1,0,1,0,0,0,0,1,0,0,1,0,0,1,0,0,0,0,1,1,0,0,0,0,0,0,0,1,1,0,1,0,1,0,0,0,1,0,1,0,0,0,0,0,0,0,0,1,0,1,1,0,0,0,0,0,0,1,1,1,0,0,0,1,0,0,0,1,1,1,0,0,1,0,0,1,0,0,1,1,0,0,1,1,1,1,0,1,0,1,0,1,0,0,0,0,0,0,0,1,0,0,0,1,0,0,0,0,0,0,0,0,1,1,0,0,0,0,1,0,1,0,1,0,1,1,1,1,1,0,1,0,1,0,0,0,0,1,1,0,0,1,0,1,0,0,0,0,0,1,0,0,0,0,1,0,0,0,1,0,0,0,0,0,1,0,0,0,0,0,0,0,0,0,0,0,0,0,0,0,0,0,0,0,0,0,0,0,0,1,0,0
9827b774-c613-527a-b3c6-221cfd13c2e0,ad2f4482-f0b8-5cba-940d-d6a6c0546e6a,Kericho Potatoes Farm #0920,Rift Valley,Kericho,Potatoes,1.5,0.038706,35.419088,11,True,Transitioning Agribusiness,1,11.16,3,Structured Farm,0.4,0.36,0.4,0.52,0.48,0.52,0.68,0.36,1,0,0,0,0,1,0,1,1,0,0,0,0,0,0,1,1,0,0,1,1,1,0,1,0,0,1,0,0,0,1,0,0,1,0,1,0,0,0,0,1,1,0,1,1,1,0,0,0,0,1,1,0,0,0,0,1,1,0,0,1,1,1,1,0,1,0,0,0,0,1,0,0,0,0,1,1,0,0,1,0,0,0,0,1,1,1,1,0,1,0,0,1,1,0,1,1,1,0,0,1,1,0,0,1,0,0,1,1,1,0,1,1,0,0,0,1,0,0,0,1,0,1,1,0,0,0,0,1,0,1,1,1,0,0,1,0,1,0,0,1,1,1,0,0,0,1,1,1,1,1,1,1,0,0,1,1,1,1,1,1,1,1,0,0,1,1,0,0,1,0,1,1,1,0,1,0,0,0,0,1,1,1,1,1,1,0,0,0,0,0,1,0,0,0,1,0,0,0,0
bcba998d-5d1b-5b2d-809a-b232bb06c3c4,6600bee8-9cb1-5d19-b654-baa59eea7396,Taita Taveta Vegetables Farm #0921,Coastal Lowlands,Taita Taveta,Vegetables,2.43,-3.273244,40.386622,8,False,Informal Smallholder,0,6.12,2,Emerging Agribusiness,0.28,0.24,0.36,0.56,0.2,0.2,0.08,0.12,0,0,0,0,0,1,1,1,1,0,0,0,1,1,0,0,1,0,0,0,0,0,0,0,0,1,0,0,0,0,1,1,0,0,0,1,0,0,0,0,0,0,0,1,0,0,1,0,0,0,0,0,1,0,0,1,0,1,0,0,1,0,1,0,1,0,1,0,1,0,0,1,0,0,0,1,0,0,0,0,1,1,1,0,1,1,1,0,0,0,1,0,1,1,0,1,1,0,1,1,0,0,0,0,0,0,0,0,0,0,0,1,1,1,1,0,0,0,0,0,0,1,0,0,0,0,0,1,0,0,0,0,0,1,0,1,0,0,0,0,0,1,0,0,0,0,0,0,0,1,0,0,0,0,0,0,0,0,0,0,1,0,0,0,0,0,0,0,0,0,1,0,0,0,0,0,1,0,0,0,0,0,0,0,0,0,0,0,1,0,0,0,0,1,0,0,0,0,0,0
d0047bb9-95d3-512c-91b9-823b583f21e3,c1260dae-8dfa-534f-b298-e035a0ad4c8e,Kiambu Horticulture Farm #0922,Central Highlands,Kiambu,Horticulture,7.86,-0.064415,37.297731,14,True,Transitioning Agribusiness,1,12.0,3,Structured Farm,0.56,0.28,0.56,0.6,0.52,0.52,0.44,0.52,1,1,1,0,0,1,1,0,0,0,1,1,0,1,0,1,1,1,0,0,1,1,0,1,0,0,1,1,0,0,0,1,0,0,0,1,0,1,0,0,0,0,0,0,0,1,1,0,0,0,1,1,1,0,0,1,0,1,0,0,0,0,1,0,0,1,0,1,1,1,1,1,1,0,1,1,0,0,0,0,1,1,1,0,0,1,1,1,0,1,1,1,0,1,0,1,1,1,1,0,1,0,1,1,0,1,0,1,1,0,1,0,0,1,0,1,0,1,0,0,0,1,1,1,0,1,1,1,0,1,1,1,0,0,0,0,1,1,0,0,1,1,0,0,0,1,1,1,0,0,0,0,1,0,0,1,1,1,1,0,1,0,1,0,0,1,0,0,0,0,1,0,1,1,0,1,0,1,0,0,1,0,1,1,1,0,1,1,0,0,1,1,0,0,0,1,1,1,0,0
e2f9c120-2d48-5554-bc6a-f12a76dc7325,9a928e96-83ec-553b-ad5f-5d31c5a9cec9,Lamu Cashew Farm #0923,Coastal Lowlands,Lamu,Cashew,6.31,-3.738461,39.332338,17,True,Transitioning Agribusiness,1,10.92,3,Structured Farm,0.36,0.48,0.44,0.6,0.4,0.56,0.48,0.32,1,0,1,0,0,1,1,0,0,1,1,0,0,0,0,0,1,0,0,0,0,1,0,1,0,1,1,1,1,0,0,1,1,0,0,1,0,0,0,0,1,1,0,1,0,0,1,0,0,1,1,1,0,0,0,0,1,1,0,0,1,1,0,0,0,0,1,1,1,0,1,0,0,0,1,0,1,1,1,0,0,1,1,0,0,1,1,0,0,1,1,1,0,0,0,1,1,1,1,1,1,1,1,1,0,1,1,0,0,0,0,0,0,0,0,1,1,1,0,0,1,0,0,0,0,1,1,1,1,0,1,1,0,0,0,1,1,1,0,1,1,1,0,1,0,0,0,1,0,0,1,0,1,1,0,1,1,0,0,0,1,1,0,0,1,1,1,0,0,0,0,1,0,1,0,0,1,1,0,0,1,0,1,0,0,0,0,0,0,0,0,1,1,0,0,0,1,0,1,0
81cf6f88-1ed0-5ac9-9bb2-15cbef109545,3af17c6e-ebbd-58ca-a832-055cc80d6ba8,Busia Dairy Farm #0924,Western Kenya,Busia,Dairy,4.67,-0.497614,35.170449,12,True,Transitioning Agribusiness,1,12.96,3,Structured Farm,0.6,0.4,0.64,0.8,0.4,0.52,0.6,0.36,1,0,0,1,0,1,1,1,1,0,1,1,0,1,1,0,1,1,0,0,1,1,1,0,0,0,1,1,0,1,1,1,1,0,0,1,0,0,1,0,1,0,0,0,0,0,1,0,0,0,1,1,1,0,0,1,1,1,0,0,1,1,1,1,1,0,1,0,1,0,1,0,0,1,1,1,1,1,1,1,1,0,1,1,1,1,1,0,1,0,1,1,1,1,0,1,1,0,1,1,0,1,0,0,0,1,0,0,1,0,1,1,0,1,0,1,1,0,0,0,1,0,1,0,0,0,1,0,1,0,0,1,1,0,0,1,1,0,1,0,1,1,1,0,0,1,1,0,1,0,1,1,1,1,0,1,1,0,0,0,1,1,0,1,0,1,1,0,1,0,1,1,1,0,0,1,0,1,0,0,1,0,0,0,0,1,0,1,1,0,0,1,0,0,0,1,0,1,0,0
0cb60c45-4ecf-5a15-9e73-eb3281ea2080,c69b0c59-3861-59e0-ad1b-cb2f0cf3aac9,Kitui Mangoes Farm #0925,Eastern Semi-Arid,Kitui,Mangoes,3.62,-0.295353,37.782875,23,False,Informal Smallholder,0,5.4,2,Emerging Agribusiness,0.2,0.08,0.2,0.56,0.08,0.32,0.24,0.12,1,0,0,0,0,0,1,0,0,0,0,0,0,0,0,1,0,1,0,0,1,0,0,0,0,0,1,0,0,0,1,0,0,0,0,0,0,0,0,0,0,0,0,0,0,0,0,0,0,0,1,0,0,0,0,1,0,1,0,0,0,0,0,0,0,0,0,1,0,1,0,0,0,0,0,1,1,0,1,0,1,0,1,1,0,1,1,1,0,0,0,1,0,1,1,0,1,0,1,0,1,0,0,0,0,0,0,0,0,0,0,1,0,0,0,0,0,0,0,0,0,0,0,0,0,0,0,0,0,0,1,1,0,1,0,0,1,0,0,1,0,1,0,0,0,1,0,0,0,1,0,0,0,0,0,0,1,0,0,0,1,0,1,1,0,1,0,0,0,0,1,0,0,0,0,0,0,0,0,0,0,0,0,0,0,1,0,0,1,0,0,0,0,0,1,0,0,0,0,0
b7a0375f-1078-564b-bacd-cda075bbc422,715f2b7a-ddb4-5ad5-9c31-cc90dd7055ff,Taita Taveta Fish Farming Farm #0926,Coastal Lowlands,Taita Taveta,Fish Farming,3.5,-3.140306,39.432989,13,True,Informal Smallholder,0,4.68,5,Future Ready Farm,0.04,0.2,0.24,0.44,0.2,0.16,0.16,0.12,0,0,0,0,0,0,1,0,0,0,0,0,0,0,0,0,0,0,0,0,0,0,0,0,0,0,0,0,0,0,1,0,0,0,0,1,0,1,0,0,0,1,1,0,0,0,0,0,0,0,1,0,0,0,0,1,1,0,0,0,0,0,1,0,0,1,0,0,0,0,0,1,0,0,0,1,0,0,0,0,0,1,1,1,0,1,1,0,1,0,0,1,1,0,0,1,1,0,0,0,1,0,0,0,0,0,0,0,0,0,0,0,0,0,0,1,0,1,0,0,1,1,0,0,0,1,0,0,0,0,1,0,0,0,0,1,0,0,0,0,0,0,0,0,0,0,1,0,0,0,0,0,0,0,0,1,1,0,0,0,0,0,0,0,0,1,1,0,0,0,0,0,0,0,0,0,0,1,0,0,0,0,0,0,1,0,0,0,0,1,0,0,0,0,0,0,0,0,0,0
36fa8a23-4be5-5bfd-8348-eb3b39e8b373,0511d859-3767-59ad-8450-1a57deefb944,Tharaka Nithi Pigeon Peas Farm #0927,Eastern Semi-Arid,Tharaka Nithi,Pigeon Peas,2.02,-2.419302,38.587287,16,False,Informal Smallholder,0,4.56,5,Future Ready Farm,0.04,0.24,0.16,0.44,0.08,0.32,0.2,0.04,0,0,0,0,0,0,0,0,0,0,0,0,0,0,0,1,0,0,0,0,0,0,0,0,0,0,0,0,0,1,0,0,0,0,0,1,1,0,0,0,1,0,0,0,0,0,1,1,0,0,1,0,0,0,0,0,0,0,0,0,0,1,0,0,0,0,1,0,0,0,0,1,0,0,0,1,0,0,0,0,1,1,0,0,1,1,1,0,0,0,1,0,1,0,0,1,0,1,1,0,0,0,0,0,0,0,0,0,0,0,0,0,0,0,0,0,0,0,0,0,1,1,0,0,0,0,1,1,0,0,1,1,0,0,0,1,0,0,0,0,1,1,0,0,0,0,0,0,0,1,0,0,0,0,0,1,0,1,0,0,0,0,0,0,0,1,0,0,0,0,1,1,0,0,0,0,0,0,0,0,0,1,0,0,0,0,0,0,0,0,0,0,0,0,0,0,0,0,0,0
422b39c8-0e7c-571e-aa9e-6ad42e17e296,6b16b08b-74d3-5129-b8a1-99f844709ff6,Kitui Sorghum Farm #0928,Eastern Semi-Arid,Kitui,Sorghum,18.24,-1.073867,38.003952,22,True,Commercial Market Leader,2,19.2,4,Investment Ready Farm,0.64,0.72,0.88,0.8,0.92,0.76,0.96,0.72,1,1,1,1,1,1,1,1,0,0,0,1,1,1,1,1,0,1,0,0,1,0,1,0,0,1,1,0,1,1,1,0,1,1,1,1,1,1,1,0,1,1,1,0,1,0,0,1,1,0,1,1,1,1,1,1,1,1,0,1,1,1,1,1,1,1,1,1,1,0,1,1,0,1,1,1,0,1,1,0,1,1,1,1,0,1,1,1,1,1,1,1,1,0,1,1,1,1,0,1,1,1,0,1,1,1,1,1,1,1,1,1,1,1,1,1,1,1,0,1,1,1,1,1,1,1,1,1,1,1,1,1,1,1,0,1,1,1,0,1,0,1,1,1,0,1,0,1,1,0,1,1,1,1,1,1,1,1,1,0,1,1,1,1,1,1,1,1,1,1,1,1,1,1,1,1,0,0,1,1,0,0,1,1,0,1,0,1,1,1,1,1,1,1,0,1,1,1,1,1
2a20bf5a-7ad1-5374-ad05-4bd48e55238c,9d07b250-db03-5d0b-84fd-a90f5cc47c04,Machakos Mangoes Farm #0929,Eastern Semi-Arid,Machakos,Mangoes,5.64,-2.384816,38.337735,12,True,Transitioning Agribusiness,1,12.96,3,Structured Farm,0.48,0.44,0.64,0.68,0.48,0.56,0.56,0.48,0,1,0,0,0,1,1,1,0,0,1,1,0,1,0,1,1,0,1,0,0,1,1,0,0,1,0,1,0,0,1,0,1,0,0,0,1,1,0,0,1,1,0,0,1,1,1,0,0,0,0,0,1,1,1,1,0,1,0,0,1,1,0,1,1,1,1,1,0,1,1,1,0,0,1,1,0,1,0,1,1,0,1,1,0,1,1,1,0,1,1,1,1,1,0,1,1,1,0,0,1,1,0,1,1,1,0,0,1,0,0,1,0,1,0,1,1,0,0,0,1,1,0,0,0,1,1,1,1,0,1,0,1,0,0,0,1,0,1,0,1,1,1,1,0,1,1,0,0,0,1,0,0,0,0,1,0,1,1,0,1,1,0,1,0,1,1,1,0,1,1,1,1,0,0,0,1,0,0,0,0,1,1,0,0,0,0,1,1,1,0,1,0,1,1,1,0,1,1,0
3c594a02-fbd3-5e3b-8d91-1ff8d4cd47ff,d153a805-0802-52e1-8083-72cd3ea3bd4e,Makueni Green Grams Farm #0930,Eastern Semi-Arid,Makueni,Green Grams,13.22,-1.054915,38.397634,1,True,Transitioning Agribusiness,1,12.84,3,Structured Farm,0.64,0.48,0.68,0.72,0.52,0.32,0.56,0.36,0,0,1,0,1,1,1,0,0,1,1,1,1,0,0,1,1,1,1,0,1,1,1,0,1,1,0,0,1,1,1,0,0,0,0,0,1,1,1,0,0,1,0,0,0,1,1,1,0,1,1,0,1,1,0,1,1,0,1,1,1,1,1,0,0,1,1,1,1,0,1,1,0,1,0,1,1,1,1,0,0,1,1,0,0,1,1,1,0,0,1,1,1,1,1,1,1,1,0,1,0,1,0,0,0,1,1,0,1,1,0,1,1,0,0,1,1,1,0,0,1,1,1,0,0,0,0,0,0,0,1,0,0,0,0,1,1,1,1,0,0,0,1,0,0,1,1,0,0,0,1,1,1,0,0,1,1,1,1,1,1,0,1,0,1,0,0,1,0,1,1,0,0,0,0,1,0,1,0,0,1,0,0,1,0,0,1,0,0,0,1,0,1,0,0,1,1,0,0,0
0ae3258f-bf04-5269-a281-3d9daadeeba7,b5f82d3d-e5e6-58ae-b82c-8c4763b2b606,Bungoma Sugarcane Farm #0931,Western Kenya,Bungoma,Sugarcane,3.15,0.778112,34.135467,9,True,Informal Smallholder,0,5.52,2,Emerging Agribusiness,0.12,0.16,0.16,0.56,0.16,0.32,0.16,0.2,1,1,0,0,0,0,0,0,0,0,0,0,0,0,0,0,0,0,1,0,0,0,0,0,0,1,0,0,0,0,1,0,0,0,0,0,1,0,1,0,0,0,0,0,0,0,0,0,0,0,0,1,0,0,0,0,0,0,0,0,1,0,0,0,0,1,0,0,0,0,0,0,1,0,0,1,1,1,0,0,1,0,1,0,0,1,1,1,0,1,1,1,0,1,1,0,1,0,0,0,0,0,1,0,0,0,0,0,0,0,1,0,0,0,0,0,0,0,0,0,1,1,0,0,0,0,0,0,0,0,1,1,0,0,0,1,1,0,0,0,1,1,0,0,0,1,0,1,0,0,0,0,0,0,0,0,0,0,0,0,0,1,0,0,0,1,1,0,0,0,1,0,0,0,0,0,0,0,0,0,0,1,0,0,0,1,1,0,0,0,1,0,0,0,0,0,0,0,0,1
b7eefd03-a3f4-5d0e-a624-33dedf778aa0,d7884f2e-fb46-5671-83f2-0a9ec5c7c015,Kirinyaga Tea Farm #0932,Central Highlands,Kirinyaga,Tea,3.15,-0.184631,37.724336,11,False,Informal Smallholder,0,5.88,2,Emerging Agribusiness,0.36,0.28,0.2,0.44,0.12,0.4,0.12,0.04,0,1,0,0,0,1,1,0,0,0,1,1,1,0,0,1,0,0,0,0,1,1,0,0,0,0,0,0,0,0,1,0,1,0,0,0,0,1,0,1,1,0,0,0,0,1,1,0,0,0,0,0,0,0,0,0,0,0,0,0,1,0,0,1,0,1,0,0,0,1,0,1,0,0,0,1,0,1,0,0,1,1,1,0,0,1,0,0,0,0,1,1,1,0,0,1,0,0,1,0,0,0,0,0,0,0,0,0,0,0,0,0,1,0,1,0,0,0,0,1,0,0,0,0,0,1,0,1,0,0,0,1,1,0,0,1,1,0,0,0,1,1,0,1,0,0,0,0,1,0,1,0,0,0,0,0,0,0,0,0,0,1,0,0,0,0,0,0,0,0,1,0,0,0,0,0,0,0,0,0,0,0,0,0,0,0,0,0,0,0,0,0,0,0,0,1,0,0,0,0
dc3826f1-2a96-5aed-a293-46160f8e6a50,54ac535b-cb49-51a1-9991-feff5641e8c8,Kiambu Macadamia Farm #0933,Central Highlands,Kiambu,Macadamia,1.2,-0.073594,37.331525,5,True,Informal Smallholder,0,4.92,5,Future Ready Farm,0.16,0.12,0.24,0.52,0.16,0.2,0.2,0.04,0,0,0,1,0,0,0,0,1,1,1,0,0,0,0,0,0,0,0,0,0,0,0,0,0,0,0,0,0,0,0,0,1,0,0,0,0,0,0,0,0,0,1,0,0,1,0,0,0,0,0,0,0,0,0,1,0,0,0,1,0,0,0,0,0,1,0,1,1,0,1,0,0,0,0,0,1,1,1,1,1,1,1,0,1,1,0,1,0,0,1,1,0,0,0,0,1,0,0,0,0,0,0,0,0,1,0,1,0,0,0,1,0,0,0,0,0,0,0,0,0,1,0,0,0,1,0,0,0,0,0,0,0,0,0,1,1,0,0,0,1,0,0,0,0,1,0,0,0,0,0,1,0,0,0,1,1,0,0,0,1,0,0,0,0,0,0,0,0,0,1,0,0,0,0,0,0,0,0,0,0,0,0,0,0,1,0,0,0,0,0,0,0,0,0,0,0,0,0,0
ec836136-92b2-5d52-8721-d433d6adea69,825ea43e-9de8-5c3e-b31f-96bf649b4e05,Kitui Sorghum Farm #0934,Eastern Semi-Arid,Kitui,Sorghum,9.02,-1.871012,38.292496,13,True,Transitioning Agribusiness,1,11.4,3,Structured Farm,0.4,0.52,0.44,0.56,0.6,0.48,0.44,0.36,0,1,1,1,0,0,1,1,1,0,1,1,0,0,0,0,1,0,0,0,0,0,1,0,0,0,1,1,0,0,1,0,1,0,1,1,1,0,1,0,1,1,1,0,0,1,0,0,0,1,0,0,1,0,0,1,0,0,0,1,1,0,1,0,0,1,1,1,0,0,1,1,0,1,0,0,1,1,1,0,1,1,0,0,0,1,1,0,1,0,1,1,1,1,0,1,1,0,0,0,1,1,1,0,0,1,0,0,0,1,0,1,1,0,0,1,1,1,1,0,1,1,0,1,1,0,1,1,0,0,1,0,1,1,0,1,0,1,0,0,1,0,1,0,0,1,1,1,0,0,1,0,1,0,1,1,1,0,0,1,1,1,1,0,0,1,1,0,0,0,0,0,0,0,0,1,0,0,0,0,1,0,0,0,0,1,0,1,0,0,1,1,0,0,1,1,0,1,0,0
4f5b6486-3704-57ab-984b-e6c129047f07,039441db-f39e-5be4-abce-d9cb12955d87,Kitui Livestock Farm #0935,Eastern Semi-Arid,Kitui,Livestock,3.13,-1.760518,37.699108,2,True,Transitioning Agribusiness,1,11.88,3,Structured Farm,0.4,0.36,0.68,0.76,0.52,0.44,0.44,0.36,1,1,1,0,0,0,0,0,0,0,1,1,0,0,0,1,0,1,0,0,1,1,0,0,1,1,0,0,0,0,0,1,0,0,0,0,0,0,0,1,1,0,0,0,1,1,1,0,1,1,1,1,1,1,0,1,1,1,0,0,1,1,1,1,0,1,1,0,1,0,1,1,1,0,0,1,1,1,0,1,1,1,1,1,1,1,1,1,0,1,1,1,1,0,1,1,0,0,1,0,1,1,0,1,0,1,0,0,0,0,1,0,1,1,0,1,1,0,1,0,1,1,1,0,0,1,0,1,0,1,0,1,0,1,0,1,0,1,0,0,1,0,1,0,0,0,1,1,0,0,1,0,1,0,0,1,0,0,0,1,1,1,1,0,0,1,1,0,0,0,1,0,0,1,0,1,0,0,0,0,1,1,1,1,0,0,0,0,0,0,0,0,0,1,0,1,1,0,1,0
4d1ab816-93a0-5cd1-916a-822cbed90812,dffd927d-c25a-515b-b6e9-5c35f483314a,Trans Nzoia Wheat Farm #0936,Rift Valley,Trans Nzoia,Wheat,2.26,-0.510171,36.109537,1,True,Informal Smallholder,0,5.64,2,Emerging Agribusiness,0.16,0.36,0.44,0.52,0.08,0.2,0.04,0.08,0,0,0,1,0,0,0,0,1,0,0,1,0,0,0,1,0,0,0,0,0,0,0,0,0,1,0,0,0,1,1,0,0,0,1,0,1,0,0,0,0,1,0,1,0,0,1,1,0,0,1,1,0,0,0,1,0,0,0,0,1,0,0,1,0,1,1,0,0,0,1,1,1,0,1,0,1,0,0,0,1,1,0,0,0,1,1,0,0,1,1,1,0,1,1,1,1,1,0,0,0,1,0,0,0,0,0,0,0,0,0,0,0,0,0,0,0,0,1,0,0,0,0,0,0,0,0,1,0,0,1,0,1,0,0,0,0,0,0,0,1,0,0,0,0,1,0,0,0,0,0,0,0,0,0,0,1,0,0,0,0,0,0,0,0,0,0,0,0,0,0,0,0,0,0,1,0,0,0,0,0,0,0,0,1,0,0,0,0,0,0,0,0,0,0,0,0,0,0,0
95df54db-d92a-5050-8fda-9df4e39bd12a,61a959b8-7806-5c5f-b1f9-7eb7182c2c8f,Taita Taveta Coconut Farm #0937,Coastal Lowlands,Taita Taveta,Coconut,9.25,-3.501507,38.532371,14,True,Commercial Market Leader,2,18.72,4,Investment Ready Farm,0.68,0.76,0.88,0.72,0.68,0.88,0.92,0.72,1,1,1,1,0,1,1,0,0,1,1,1,1,0,1,0,1,1,0,0,1,0,1,1,1,1,1,1,0,0,1,0,1,1,1,1,0,1,1,1,1,1,1,1,0,0,1,1,1,1,1,1,1,1,0,1,0,1,1,1,1,1,1,1,1,1,0,1,1,1,1,1,1,1,1,1,1,1,1,1,1,1,1,1,1,1,1,0,0,0,1,1,0,0,1,0,1,1,0,1,1,1,1,1,1,1,0,0,1,0,0,1,1,1,0,1,1,0,1,1,1,0,1,1,0,1,1,0,0,1,1,1,1,1,1,1,1,1,1,1,1,1,1,1,1,1,1,0,1,1,1,1,0,1,1,0,1,1,1,1,1,1,1,1,1,1,1,1,1,1,1,1,1,1,1,1,1,0,1,1,1,1,0,1,1,0,1,0,1,1,1,1,1,0,0,1,1,1,0,1
217fa27f-63c0-50a3-b8bb-5b8e615d6815,0f1fbdef-8951-51ee-aaae-eacbe6a39b0b,Vihiga Maize Farm #0938,Western Kenya,Vihiga,Maize,2.53,0.02796,34.267347,10,True,Informal Smallholder,0,6.24,2,Emerging Agribusiness,0.16,0.24,0.32,0.52,0.04,0.32,0.28,0.2,0,1,0,0,0,1,0,0,1,0,0,1,0,0,0,0,0,0,0,0,0,0,0,0,0,1,1,0,0,0,0,0,0,1,0,0,1,0,0,0,1,1,0,0,0,0,0,0,0,0,0,0,0,0,0,1,1,1,0,0,1,0,0,0,0,1,1,0,1,0,1,0,0,0,0,1,1,1,1,0,1,1,0,0,0,1,1,1,0,0,1,0,0,0,1,1,1,0,0,0,1,0,0,0,0,0,0,0,0,0,0,0,0,0,0,0,0,0,0,0,0,0,0,0,0,0,0,1,0,0,0,1,0,0,1,1,0,0,0,0,1,1,0,0,0,1,0,1,0,0,1,0,0,0,0,1,0,0,0,0,1,0,0,0,0,1,0,0,1,0,1,0,1,0,0,1,1,0,0,0,1,0,0,0,0,0,0,0,0,0,0,1,0,0,0,0,1,0,0,0
fbf0230f-bad0-51bd-875d-09034cadc746,2f719397-83e7-5ded-8edf-b3ca9650bf9c,Murang'a Avocado Farm #0939,Central Highlands,Murang'a,Avocado,35.49,-1.241574,37.720844,3,True,Commercial Market Leader,2,20.04,5,Future Ready Farm,0.8,0.88,0.92,0.88,0.72,0.76,0.92,0.8,1,0,1,1,0,1,1,1,1,0,1,0,1,1,0,1,1,1,1,1,1,1,1,1,1,1,1,1,1,1,1,1,1,0,0,0,1,1,1,1,1,1,1,1,1,1,1,1,1,1,1,1,1,1,1,1,1,0,1,1,1,1,1,1,1,1,1,1,1,1,1,1,1,1,0,1,1,1,1,1,1,1,1,0,1,0,1,1,0,1,1,1,1,1,1,1,1,1,1,1,1,1,1,1,0,1,0,1,1,1,1,0,1,0,1,1,1,0,1,1,1,1,1,0,0,1,1,1,0,1,1,1,1,1,1,1,1,1,1,0,0,0,1,1,0,1,1,1,0,1,1,1,1,1,0,1,1,1,1,1,1,1,1,1,1,1,1,1,1,0,1,1,1,1,1,1,1,1,1,1,1,1,0,1,1,0,1,1,0,0,1,1,1,1,1,1,1,1,1,0
f6b3ebef-a32b-53f5-bf3c-cb26af8a983f,5aed89a3-dcde-5750-9228-1a45b66131b4,Murang'a Macadamia Farm #0940,Central Highlands,Murang'a,Macadamia,2.83,0.239747,37.524386,7,True,Informal Smallholder,0,6.24,2,Emerging Agribusiness,0.12,0.16,0.32,0.64,0.16,0.28,0.28,0.12,0,0,1,0,0,0,0,0,0,0,0,0,0,0,1,0,0,1,0,0,0,0,0,0,0,0,1,0,0,0,1,0,0,0,1,0,0,0,0,0,0,0,0,0,0,1,0,0,0,0,1,1,1,0,0,0,1,0,0,0,0,0,0,0,0,0,1,0,0,0,1,1,1,0,0,1,0,0,1,1,1,1,1,0,1,1,1,0,1,0,1,0,1,0,0,1,1,1,0,1,0,0,0,0,0,1,0,1,0,0,1,0,0,0,0,0,0,0,0,0,0,0,1,0,0,0,0,0,0,0,1,0,0,0,0,1,0,0,0,0,1,1,0,1,0,1,1,0,0,0,0,0,0,0,0,1,1,1,0,0,1,0,1,0,0,0,1,1,0,0,0,0,0,0,0,0,1,0,0,0,0,0,0,0,0,0,1,0,0,0,0,0,0,0,0,0,0,0,1,0
27bb8213-e7f2-5c89-85cb-ead6f84d4ec3,d778c914-cf6a-5b6b-b425-3ab81af57c99,Murang'a Macadamia Farm #0941,Central Highlands,Murang'a,Macadamia,2.84,-1.093496,36.835299,7,True,Informal Smallholder,0,5.76,2,Emerging Agribusiness,0.08,0.2,0.16,0.6,0.24,0.32,0.16,0.16,0,0,0,0,0,1,0,0,0,0,0,0,0,1,0,0,0,0,0,0,0,0,0,0,0,0,0,1,0,0,0,1,1,0,0,0,1,0,0,0,0,0,0,0,0,0,1,0,0,0,1,0,0,1,0,0,0,0,0,0,1,0,0,0,0,0,0,0,0,1,0,0,0,0,0,1,0,0,1,0,1,1,1,0,0,1,1,0,0,0,1,1,1,0,1,1,1,1,0,1,1,0,1,0,0,1,0,0,0,0,1,1,0,0,0,0,0,0,0,0,1,0,0,0,0,1,1,0,0,0,0,1,0,0,0,1,0,0,1,0,1,1,1,0,0,0,0,0,0,0,0,0,0,0,0,0,0,1,1,0,0,0,0,0,0,0,0,0,0,0,1,0,1,0,0,1,0,0,0,0,0,0,0,0,0,0,0,1,0,0,0,0,0,0,0,0,1,0,1,0
5c494b24-f14c-50e2-983d-5fbf9ea32502,a7d86f4b-d627-5edf-be02-7fec43805a4f,Nakuru Maize Farm #0942,Rift Valley,Nakuru,Maize,3.9,1.040688,36.023153,5,True,Transitioning Agribusiness,1,11.16,3,Structured Farm,0.48,0.4,0.4,0.6,0.48,0.6,0.44,0.32,1,0,0,0,0,1,1,0,0,1,1,1,0,0,0,1,0,1,1,0,1,1,1,0,0,0,0,0,0,0,1,1,0,0,0,1,0,0,0,1,0,1,1,0,1,1,1,0,1,0,1,0,1,1,0,1,1,1,0,0,0,0,0,0,1,1,0,0,0,0,1,1,0,0,0,1,1,0,1,0,0,1,1,1,0,0,1,1,0,1,1,1,1,1,0,0,1,1,0,0,1,1,1,0,0,0,0,0,1,0,1,1,1,0,0,1,1,0,0,1,1,0,1,0,0,1,0,0,0,1,1,1,0,1,1,1,1,1,0,0,0,1,1,1,1,1,0,0,1,0,0,0,1,0,0,1,1,1,0,0,1,1,0,1,0,1,0,1,0,0,1,0,1,0,0,1,0,1,0,1,0,0,0,1,0,1,1,0,0,0,0,1,0,0,0,1,0,0,0,0
f2c61563-a669-57cc-bf31-07c50718d8a1,ada6e9a4-70b5-5805-8829-29b566252d8b,Tharaka Nithi Sorghum Farm #0943,Eastern Semi-Arid,Tharaka Nithi,Sorghum,3.23,-0.411991,38.600849,18,False,Informal Smallholder,0,6.12,2,Emerging Agribusiness,0.24,0.28,0.2,0.48,0.12,0.32,0.2,0.2,0,0,0,1,0,1,1,1,0,0,0,0,0,0,0,1,0,1,0,0,0,0,0,0,0,0,1,0,0,0,1,1,0,0,0,1,1,0,0,0,0,0,0,0,0,1,1,0,0,0,1,1,0,0,0,0,0,0,1,0,0,0,1,0,0,1,0,0,0,0,0,0,0,0,0,0,0,0,1,1,1,1,0,0,0,0,0,0,1,0,1,1,1,1,0,1,1,0,1,0,0,0,0,0,0,0,0,1,0,0,0,0,0,0,0,1,0,0,1,0,0,0,0,0,0,0,1,0,1,0,0,0,0,0,0,1,1,0,0,0,1,1,0,1,0,1,0,0,0,0,1,1,0,0,0,0,0,0,0,0,1,1,0,0,0,0,0,0,0,0,1,0,0,0,0,0,1,1,0,0,0,1,1,0,0,1,0,0,0,0,0,0,0,0,0,0,0,0,0,0
4e4a1203-556a-518c-b14c-8a5113ca32a9,c7db82e6-0df9-5f1c-aa1d-309ed7f81acf,Nandi Potatoes Farm #0944,Rift Valley,Nandi,Potatoes,1.47,-0.019043,36.189383,8,False,Informal Smallholder,0,5.64,2,Emerging Agribusiness,0.04,0.28,0.24,0.68,0.08,0.2,0.28,0.08,0,0,0,0,0,0,0,0,0,0,0,0,0,0,0,0,0,0,0,0,0,1,0,0,0,0,0,0,1,0,1,0,0,0,0,1,1,0,0,0,0,1,0,0,0,1,1,0,0,0,0,0,0,0,0,0,1,1,0,0,0,0,0,0,0,1,1,0,0,0,0,0,1,1,0,1,1,0,0,0,1,1,0,1,0,1,1,1,1,0,1,1,0,1,1,1,0,1,1,1,0,0,0,0,0,1,0,0,0,0,0,0,0,0,0,0,1,0,0,0,0,0,0,0,0,0,0,0,0,0,1,0,1,0,0,0,0,0,0,0,0,1,0,0,0,1,1,0,0,0,1,1,0,0,0,1,1,0,0,0,0,0,0,1,0,0,0,0,0,0,1,1,0,0,0,1,0,0,0,0,0,0,0,0,0,0,1,0,0,0,0,0,0,0,0,0,0,0,0,0
c7e6f934-c5ce-5da2-8310-bd7239a57ec0,8115aeb7-4515-5a74-8cc5-daff80856a19,Bomet Maize Farm #0945,Rift Valley,Bomet,Maize,1.19,-0.164344,35.355245,13,True,Informal Smallholder,0,4.8,5,Future Ready Farm,0.08,0.2,0.12,0.6,0.04,0.24,0.24,0.08,0,0,0,0,0,0,0,0,1,1,0,0,0,0,0,0,0,0,0,0,0,0,0,0,0,0,1,0,0,0,1,1,0,0,0,0,0,0,0,0,1,0,0,0,0,1,0,0,0,0,1,0,0,0,0,0,0,0,0,0,0,0,0,0,0,0,1,0,0,0,0,1,0,0,0,1,1,1,1,0,1,1,1,1,0,1,1,0,0,0,1,1,1,0,0,0,1,0,0,1,0,0,0,0,0,0,0,0,0,0,0,0,1,0,0,0,0,0,0,0,0,0,0,0,0,1,0,1,0,0,0,0,1,0,0,0,0,0,1,0,0,1,0,0,0,1,0,0,0,0,1,0,1,0,0,0,0,0,1,0,0,1,1,0,0,0,0,0,0,0,1,0,0,0,0,0,0,0,0,0,1,1,0,0,0,0,0,0,0,0,0,0,0,0,0,0,0,0,0,0
821be915-7af3-5d0c-9639-2393f0d2557c,6584df78-e565-5e39-b01e-b99f0bd78ac7,Taita Taveta Cassava Farm #0946,Coastal Lowlands,Taita Taveta,Cassava,2.56,-3.159508,38.730898,12,False,Informal Smallholder,0,5.76,2,Emerging Agribusiness,0.16,0.24,0.32,0.64,0.16,0.16,0.2,0.04,0,0,1,0,0,0,0,0,0,0,0,0,0,0,0,1,0,0,0,0,1,0,0,0,1,1,0,0,0,1,0,1,0,0,0,0,0,0,0,0,0,1,0,0,0,1,1,0,0,0,0,1,1,0,0,0,1,0,0,0,1,0,0,1,0,1,0,0,0,1,0,1,0,0,0,1,1,1,1,0,1,1,0,1,1,0,1,1,0,0,1,1,1,0,0,1,1,0,1,0,0,0,0,0,0,1,0,0,1,0,0,0,0,0,0,1,0,0,0,0,1,0,0,0,0,1,0,0,0,0,0,0,0,0,0,0,0,0,1,0,0,0,1,0,0,1,0,0,0,0,0,1,0,0,0,1,0,0,0,0,1,1,0,0,0,0,0,1,0,0,0,0,0,0,0,0,0,0,0,0,0,0,0,0,0,1,0,0,0,0,0,0,0,0,0,0,0,0,0,0
39255c9d-7acb-5b72-b807-d415ed941be9,07023441-d229-5cd9-b246-8454f70af8db,Makueni Pigeon Peas Farm #0947,Eastern Semi-Arid,Makueni,Pigeon Peas,1.8,-1.525635,38.714361,1,True,Transitioning Agribusiness,1,13.68,3,Structured Farm,0.56,0.6,0.64,0.72,0.56,0.48,0.48,0.52,1,1,0,0,0,1,0,1,1,0,1,1,0,0,0,1,0,1,1,0,1,1,1,0,1,0,1,1,0,1,1,1,0,0,0,1,0,1,1,0,1,1,0,0,1,1,0,1,1,1,1,1,1,0,0,1,1,1,1,0,0,1,1,1,0,1,1,0,0,0,1,1,1,0,1,1,1,1,1,0,1,0,1,1,0,1,0,1,0,0,1,1,1,0,1,1,1,1,1,1,1,0,1,1,0,1,1,1,0,1,1,1,1,0,1,0,1,0,1,0,0,1,0,0,0,0,0,1,1,0,0,1,1,0,0,1,0,1,0,0,1,1,1,0,0,0,1,1,1,0,1,1,1,0,0,1,1,1,0,0,1,1,0,0,0,1,0,0,1,0,1,1,0,0,0,1,1,0,0,0,1,1,0,1,0,1,1,0,0,1,1,1,0,0,0,1,1,0,0,1
f4a377a3-5ea0-57ec-ad6c-d962ecd9ebe8,9989eaf4-6a49-5d3d-bc9e-33b9e79c0e09,Embu Coffee Farm #0948,Central Highlands,Embu,Coffee,5.0,-1.228773,37.170711,24,False,Commercial Market Leader,2,19.68,4,Investment Ready Farm,0.92,0.72,0.88,0.72,0.92,0.92,0.72,0.76,1,1,1,1,1,1,1,1,1,1,1,1,1,1,1,1,0,1,1,0,1,1,1,1,1,1,1,0,1,0,1,1,1,0,0,1,1,1,1,1,1,1,0,0,1,1,0,1,1,1,1,1,1,1,1,1,1,1,1,0,1,1,1,1,0,1,1,1,1,0,1,1,1,1,1,1,0,0,1,0,1,1,0,1,1,1,1,1,0,1,1,1,1,1,1,0,0,1,1,1,1,1,1,1,1,1,1,1,1,1,1,1,1,1,1,1,1,1,0,1,0,1,1,1,1,1,1,1,0,0,1,1,1,1,1,1,1,1,1,1,1,1,1,1,1,1,1,1,1,1,1,1,1,1,1,1,1,1,1,0,1,1,1,0,0,1,0,1,0,0,1,1,1,0,1,1,1,1,1,0,1,1,0,1,0,1,1,0,1,0,1,1,1,1,0,1,1,1,1,1
8caf969d-0cfa-5ad1-b121-54affef460bd,69fb5c68-4c7c-5296-b8ab-8d0f4ada32ba,Kitui Mangoes Farm #0949,Eastern Semi-Arid,Kitui,Mangoes,27.66,-0.963157,38.583633,14,True,Commercial Market Leader,2,20.28,5,Future Ready Farm,0.92,0.92,0.88,0.8,0.92,0.84,0.84,0.64,1,1,1,0,1,1,1,1,1,1,1,1,1,1,0,1,1,1,1,1,1,1,1,1,1,1,1,1,1,0,1,1,1,1,1,1,1,1,1,1,1,1,1,0,1,1,1,1,1,1,1,1,1,1,0,1,1,1,1,0,1,1,1,1,1,0,1,1,1,1,1,1,1,1,1,1,1,1,1,1,1,1,1,1,0,1,1,1,1,0,1,1,1,1,0,1,1,1,0,0,1,1,1,1,1,1,1,1,0,1,1,1,1,1,1,1,1,0,1,1,1,1,1,1,1,1,1,1,1,1,1,1,1,1,0,0,1,1,1,0,1,1,0,1,1,1,1,1,1,1,1,1,1,1,0,1,1,0,1,1,1,1,1,1,1,1,1,1,1,0,1,1,0,1,1,1,1,1,1,0,1,1,0,0,1,1,1,0,1,0,1,1,0,1,0,1,1,1,0,0
d5cad778-c8f4-5f39-8cd6-5160a5fa9229,3c374fdc-bd7c-57d0-ba99-4b787d0f14f1,Nandi Wheat Farm #0950,Rift Valley,Nandi,Wheat,2.7,-0.921367,35.566852,6,False,Informal Smallholder,0,5.76,2,Emerging Agribusiness,0.32,0.12,0.12,0.72,0.12,0.32,0.16,0.04,0,0,1,0,0,1,0,1,0,0,0,1,1,0,0,0,1,0,0,0,0,0,1,1,0,0,0,0,0,0,1,0,0,0,0,0,0,0,0,0,0,0,1,0,0,1,0,0,0,0,1,0,0,0,0,0,1,0,0,0,0,0,0,0,0,1,0,0,0,0,0,0,0,0,0,1,1,1,1,0,1,1,1,1,1,1,1,0,1,1,1,0,1,1,1,1,0,0,0,0,0,0,1,0,0,1,0,0,1,0,0,0,0,0,0,0,0,0,0,0,0,0,0,0,0,0,1,0,1,0,0,1,0,0,0,1,0,0,0,0,0,1,0,0,1,1,1,0,0,0,1,0,0,0,0,1,0,0,0,0,1,1,0,0,0,0,0,0,0,0,0,0,0,0,0,0,0,0,0,0,1,0,0,0,0,0,0,0,0,0,0,0,0,0,0,0,0,0,0,0
fdf189d8-4ecc-54fd-a6ba-07b8434cf495,e66cf63c-2d34-5d32-b90f-e6867b68ff6d,Taita Taveta Cassava Farm #0951,Coastal Lowlands,Taita Taveta,Cassava,7.23,-3.10058,38.549948,16,True,Transitioning Agribusiness,1,12.12,3,Structured Farm,0.44,0.44,0.68,0.68,0.36,0.64,0.52,0.28,1,1,0,0,0,1,1,0,1,0,1,1,1,0,0,1,0,0,1,0,0,0,0,1,0,0,0,0,0,0,1,0,1,0,0,1,1,0,1,0,1,1,1,0,0,1,1,0,1,0,1,1,1,1,0,0,1,0,1,1,1,1,1,1,1,0,1,1,0,0,1,1,1,0,0,1,1,0,0,1,1,1,1,1,0,1,1,1,0,1,1,1,0,1,0,1,0,1,0,1,1,0,0,0,0,1,1,1,1,0,0,1,0,0,0,1,1,0,0,0,1,0,0,0,0,1,1,1,1,0,0,1,1,0,0,0,1,1,1,0,1,1,0,0,0,1,1,1,1,1,1,1,0,0,0,1,1,1,1,0,1,1,0,0,0,1,0,0,1,1,0,1,0,1,0,0,0,0,0,0,0,0,1,0,1,0,0,1,0,0,1,0,1,0,0,1,1,0,0,0
004a7542-b496-5333-982d-dd05cc4b29ed,57087264-a687-5fb4-abf7-fce019416bd2,Trans Nzoia Horticulture Farm #0952,Rift Valley,Trans Nzoia,Horticulture,1.95,-0.759294,35.527616,4,False,Informal Smallholder,0,5.52,2,Emerging Agribusiness,0.16,0.12,0.2,0.4,0.2,0.24,0.4,0.12,0,0,0,0,0,0,0,0,0,0,1,1,0,0,0,0,1,0,0,0,0,1,0,0,0,0,0,0,0,0,0,1,0,0,0,1,0,0,0,0,0,1,0,0,0,0,0,0,0,0,1,0,0,0,0,1,0,0,0,0,1,0,0,0,0,1,0,0,0,0,0,0,1,0,0,0,1,1,0,1,1,0,1,0,1,0,1,0,0,0,0,1,1,0,0,0,1,0,0,0,0,1,0,0,1,0,1,0,0,0,0,0,0,0,0,0,0,0,0,0,0,0,1,1,0,0,1,0,0,0,1,0,0,0,0,1,1,1,0,0,0,0,0,0,0,1,0,0,0,0,1,1,0,1,0,1,0,0,0,0,0,0,0,0,0,1,1,0,1,0,1,0,1,0,1,0,0,0,0,0,1,0,0,0,1,0,0,0,0,0,1,0,0,0,0,0,0,0,0,0
d3ac0648-0390-58ca-88ce-eec279988ceb,c3ad7f22-2e46-5109-a83f-c2642b1819c2,Busia Cassava Farm #0953,Western Kenya,Busia,Cassava,1.1,1.009124,34.276778,15,True,Informal Smallholder,0,5.64,2,Emerging Agribusiness,0.12,0.36,0.28,0.44,0.24,0.24,0.16,0.04,0,0,0,0,0,0,0,0,0,0,0,0,0,1,0,1,0,0,0,0,1,0,0,0,0,1,0,1,0,0,1,0,0,0,0,1,0,0,0,0,1,1,0,0,0,1,0,1,0,1,0,0,0,0,0,1,0,1,0,1,1,0,0,0,0,1,1,0,0,0,0,0,1,0,0,0,1,1,0,0,1,1,1,0,0,1,0,1,0,1,0,1,0,0,0,1,1,0,0,0,1,0,0,0,0,1,1,0,0,0,1,0,1,0,0,0,0,0,0,0,1,0,0,0,0,1,0,0,0,0,1,0,1,0,0,1,0,0,0,0,0,1,1,0,0,0,0,0,0,0,1,0,0,0,0,1,1,0,0,0,0,0,0,0,0,1,0,0,0,0,0,0,0,0,0,0,0,0,0,0,0,0,0,0,0,0,0,0,0,0,0,0,1,0,0,0,0,0,0,0
b4f89da9-bd64-58d4-815d-29070f95c632,80dd17c3-7d45-58bc-ab24-855fbd9df114,Makueni Mangoes Farm #0954,Eastern Semi-Arid,Makueni,Mangoes,1.2,-1.001796,38.691275,15,False,Informal Smallholder,0,5.4,2,Emerging Agribusiness,0.2,0.2,0.2,0.56,0.12,0.32,0.2,0.0,0,0,0,0,0,1,1,0,0,0,0,1,0,1,0,0,0,0,0,0,0,0,0,0,1,0,0,0,0,0,0,1,0,0,0,0,0,0,1,0,1,1,0,0,0,1,0,0,0,0,1,0,0,0,0,0,0,0,0,0,1,0,0,0,0,0,0,0,0,0,0,1,1,1,0,1,1,1,1,0,1,0,1,1,0,1,1,0,0,0,1,0,1,0,0,1,1,1,0,0,0,0,0,0,0,0,1,1,0,0,1,0,0,0,0,0,0,0,0,0,0,0,0,0,0,1,1,0,0,0,1,1,0,0,0,1,0,0,0,0,0,0,1,0,0,1,1,0,0,0,0,0,0,0,0,0,0,0,0,0,0,0,1,0,0,1,1,0,0,0,0,1,0,0,1,0,0,0,0,0,0,0,0,0,0,0,0,0,0,0,0,0,0,0,0,0,0,0,0,0
96a9d0e1-b2cd-5de7-beb1-c43ddfb0d810,eb3f8d6a-944e-5023-9fcb-24a44f4aaa49,Bungoma Poultry Farm #0955,Western Kenya,Bungoma,Poultry,26.75,0.270761,34.369022,10,True,Commercial Market Leader,2,19.56,4,Investment Ready Farm,0.64,0.8,0.92,0.84,0.88,0.88,0.76,0.8,1,1,1,0,0,1,1,1,0,0,1,1,0,0,1,1,1,1,0,0,1,1,0,1,1,1,1,1,1,0,1,1,1,1,0,0,1,0,1,0,1,1,1,1,1,1,1,1,1,1,1,1,1,0,1,1,1,1,1,1,1,1,1,1,0,1,1,1,1,1,1,1,1,1,1,1,0,1,1,1,0,1,1,1,1,1,0,1,1,1,1,1,1,0,1,1,1,1,1,1,1,0,1,1,1,1,1,0,1,1,1,1,1,1,1,1,1,1,1,1,1,1,0,1,1,1,1,1,1,1,1,1,1,1,0,1,1,1,1,1,1,1,1,0,0,1,1,1,1,1,1,1,1,0,0,1,1,1,1,1,1,1,1,1,0,1,0,1,1,0,1,1,0,1,1,1,1,1,1,1,1,0,1,0,0,1,1,1,1,1,1,1,1,0,1,1,1,1,0,1
894e22dd-0129-53ca-8973-6936c4aa8db9,2e3f6dee-a1ce-5759-8873-1953e83ca371,Bomet Potatoes Farm #0956,Rift Valley,Bomet,Potatoes,13.55,0.148481,36.273939,17,True,Commercial Market Leader,2,19.56,4,Investment Ready Farm,0.76,0.72,0.96,0.92,0.84,0.88,0.72,0.72,1,1,1,1,1,1,0,1,1,0,1,1,1,1,0,1,1,1,0,1,0,1,1,1,0,1,1,1,1,1,1,1,1,1,0,1,1,1,1,1,1,1,0,0,0,1,0,1,0,0,1,1,1,1,1,1,1,1,1,1,1,1,1,1,1,1,1,1,1,1,1,1,1,1,0,1,1,1,1,1,1,1,1,0,1,1,1,1,1,1,1,1,1,1,1,1,1,1,1,0,1,1,1,1,1,0,0,1,1,1,1,1,1,1,1,1,1,1,1,0,1,1,1,1,0,1,1,1,0,1,1,1,1,0,1,1,1,1,1,0,1,1,1,1,1,1,1,1,1,1,1,1,1,0,0,1,1,0,0,0,1,1,1,1,1,1,1,1,1,0,1,1,1,1,0,1,1,0,1,0,1,0,1,1,1,1,1,1,1,0,1,1,1,0,0,1,1,1,1,0
751c7c61-d403-5a9c-9c94-600d948571fe,3b2b6af8-6da9-5f66-b6d2-67a4f5b7d88b,Machakos Pigeon Peas Farm #0957,Eastern Semi-Arid,Machakos,Pigeon Peas,7.75,-0.213785,38.538195,8,True,Transitioning Agribusiness,1,12.84,3,Structured Farm,0.44,0.56,0.6,0.64,0.6,0.64,0.48,0.32,1,1,0,1,0,1,0,0,1,0,1,0,1,0,0,1,1,0,0,0,1,0,1,0,0,1,1,1,0,0,0,0,0,1,0,1,1,1,1,0,1,1,0,0,1,1,0,1,1,0,1,1,1,1,0,0,1,1,1,0,1,1,0,0,0,0,1,1,1,0,1,1,1,0,0,1,1,0,1,0,0,0,1,1,1,1,1,1,0,0,1,1,0,1,1,1,1,1,0,0,1,1,0,0,0,1,1,1,0,0,1,1,1,0,0,1,1,1,0,0,1,1,0,1,1,1,1,1,0,0,0,1,1,0,0,1,1,1,0,0,1,1,1,1,0,1,1,1,1,0,0,1,1,0,0,1,1,0,0,0,1,1,0,0,1,1,1,1,0,0,0,1,1,0,0,0,0,0,1,0,0,1,1,0,0,1,0,1,0,0,1,1,0,0,0,1,0,0,0,0
eeb27c92-e571-57fc-8ede-cc628ec4b168,df671ec3-3cb6-5295-b93b-ca54fc9fcb73,Bungoma Cassava Farm #0958,Western Kenya,Bungoma,Cassava,11.78,-0.35278,34.19633,9,True,Transitioning Agribusiness,1,12.72,3,Structured Farm,0.56,0.52,0.52,0.8,0.44,0.68,0.48,0.24,1,1,1,1,0,1,0,0,1,0,1,0,1,0,0,1,1,1,0,0,1,1,0,1,0,1,0,1,1,1,1,1,0,0,0,1,1,0,1,0,1,1,0,0,0,1,0,0,0,1,0,1,0,0,0,1,1,0,0,1,1,1,1,1,0,1,0,1,0,0,1,1,1,0,0,1,1,1,0,1,1,1,1,1,1,1,1,1,1,0,1,1,1,1,0,1,1,1,0,0,1,1,0,0,0,1,0,0,0,0,1,1,1,1,0,1,0,1,0,0,0,1,1,0,0,1,1,0,0,0,1,1,1,0,0,1,1,1,1,0,1,1,1,0,1,1,1,1,1,0,1,1,1,0,1,1,1,0,0,0,1,0,0,0,0,1,1,1,0,0,1,0,0,1,0,1,1,0,0,1,0,0,0,0,0,1,1,0,0,0,0,0,0,0,0,0,1,0,0,0
fbf1ebfa-cbdd-5745-82a4-782bd18a2e7e,1f5ed889-c484-5fdb-8874-c419f9b47cb3,Embu Tea Farm #0959,Central Highlands,Embu,Tea,3.56,-0.093283,37.76667,13,False,Informal Smallholder,0,5.76,2,Emerging Agribusiness,0.12,0.12,0.32,0.52,0.28,0.32,0.16,0.08,0,1,1,0,0,0,0,0,0,0,0,1,0,0,0,0,0,0,0,0,0,0,0,0,0,1,0,0,0,0,1,0,0,0,0,1,0,0,0,0,0,0,0,0,0,0,0,0,0,0,1,1,1,0,0,0,1,0,0,0,0,0,0,0,0,1,1,0,0,0,1,1,0,0,0,0,0,1,0,0,0,1,1,0,1,1,1,0,0,1,1,0,1,1,1,1,1,0,0,0,1,1,0,0,0,0,1,0,0,0,0,0,0,1,0,1,1,1,0,0,0,0,0,0,0,0,0,0,0,0,1,1,0,0,0,1,1,0,0,0,1,0,0,1,0,1,1,0,0,0,0,0,0,0,0,1,0,0,0,0,0,0,0,0,0,1,0,1,0,0,1,0,0,0,0,0,0,0,1,0,0,0,0,0,0,0,1,0,0,0,0,0,0,0,0,0,0,0,0,0
7410256a-4e41-5693-a930-74611b486adc,ea0bed25-8b3e-5695-9ff8-93c85a74bf26,Kitui Cowpeas Farm #0960,Eastern Semi-Arid,Kitui,Cowpeas,5.76,-0.506874,37.392236,12,True,Transitioning Agribusiness,1,12.0,3,Structured Farm,0.4,0.48,0.6,0.6,0.48,0.52,0.64,0.28,1,1,0,0,0,1,1,0,0,0,0,1,1,0,0,1,0,0,0,0,0,1,1,1,0,1,1,1,0,0,0,1,0,0,0,0,1,0,0,1,1,1,1,0,0,1,0,1,1,0,1,1,1,0,0,1,1,0,1,0,1,1,0,0,1,0,0,1,1,0,1,1,1,0,1,0,1,0,0,0,1,0,0,1,0,0,1,1,1,1,1,1,1,1,0,1,1,1,0,1,0,1,0,1,0,0,1,1,1,0,1,0,1,0,0,1,1,1,0,0,1,0,0,1,0,1,1,0,1,0,1,1,0,0,0,1,0,1,0,0,1,1,1,0,0,1,1,1,0,0,0,1,1,0,1,1,1,1,1,0,1,1,0,0,0,1,1,1,0,0,1,1,1,1,0,0,1,1,1,0,1,1,0,0,0,0,1,0,0,0,0,0,1,0,0,0,0,0,0,0
5bf1779a-0281-57e9-81a1-8ee3e823aab2,2ae45651-59b0-52d3-a970-973ed7237eb6,Busia Horticulture Farm #0961,Western Kenya,Busia,Horticulture,6.07,0.032128,34.257728,3,True,Transitioning Agribusiness,1,11.52,3,Structured Farm,0.56,0.32,0.52,0.72,0.44,0.48,0.6,0.2,1,1,1,0,0,1,1,1,1,0,1,1,0,0,0,1,0,0,0,0,1,1,1,1,0,1,0,1,0,0,0,1,0,0,0,1,1,0,0,0,1,0,0,0,0,1,1,0,0,0,0,1,1,0,0,1,0,1,0,0,1,1,0,0,1,1,1,0,0,1,1,1,0,0,1,1,1,1,1,1,1,1,1,0,0,1,1,1,1,0,1,1,1,1,0,1,0,0,0,1,1,0,1,0,0,1,1,0,0,0,1,1,0,0,0,1,1,0,0,0,1,1,0,1,0,1,1,1,0,0,1,1,0,1,0,1,0,1,0,0,1,0,0,0,0,1,1,0,0,1,1,1,1,0,1,1,0,1,1,0,1,1,1,0,0,0,1,1,0,1,1,0,1,0,0,0,1,0,0,0,0,0,0,0,1,1,0,0,1,0,0,0,1,0,0,0,0,0,0,0
c44b0520-33c5-52f3-bfc0-190e00276a75,7ee698cb-a86a-54ef-9808-3c7d81c95bf5,Tharaka Nithi Cowpeas Farm #0962,Eastern Semi-Arid,Tharaka Nithi,Cowpeas,1.21,-2.031159,37.453754,20,False,Informal Smallholder,0,5.76,2,Emerging Agribusiness,0.2,0.12,0.28,0.48,0.12,0.24,0.36,0.12,0,0,0,0,0,0,1,0,1,0,1,1,0,0,0,0,0,0,0,0,0,0,0,1,0,0,0,1,0,0,0,0,1,0,0,0,0,0,0,0,0,0,0,0,0,0,0,0,1,0,0,1,0,0,0,0,1,1,0,0,1,0,1,0,1,0,0,0,0,0,1,0,0,0,0,1,1,1,1,0,1,1,1,1,0,0,0,1,0,0,0,1,0,0,0,1,1,0,0,0,0,0,0,0,0,1,0,0,0,0,1,0,1,0,0,0,0,0,0,0,0,0,0,0,0,1,0,0,0,0,1,0,0,0,0,0,0,1,0,0,1,1,0,0,0,0,0,1,0,0,0,0,0,0,0,1,1,0,0,1,0,0,1,0,0,1,0,1,1,0,1,1,0,0,0,0,0,0,0,0,0,0,1,0,0,1,0,0,0,0,0,0,0,0,0,0,0,1,0,0
c5b25a97-b464-594b-a266-eb75d08e6157,ce4872af-ed9a-57f7-84a9-753b8efa6607,Lamu Vegetables Farm #0963,Coastal Lowlands,Lamu,Vegetables,2.42,-3.94275,38.737081,12,True,Informal Smallholder,0,5.52,2,Emerging Agribusiness,0.12,0.24,0.2,0.64,0.2,0.24,0.2,0.0,0,1,0,0,0,0,0,0,0,0,0,1,1,0,0,0,0,0,0,0,0,0,0,0,0,1,1,0,0,0,1,1,0,0,0,0,0,0,0,0,1,0,0,0,0,1,0,0,0,0,1,0,0,0,0,0,0,0,0,0,0,0,0,0,0,1,0,0,1,0,1,0,1,0,0,0,1,1,0,0,1,1,0,1,1,1,1,1,0,1,1,1,1,0,0,1,1,1,0,0,0,0,0,1,0,0,1,1,1,0,0,0,0,0,0,0,0,0,0,0,0,0,1,0,0,1,0,0,0,0,0,1,0,1,0,0,1,0,0,0,0,0,0,1,0,0,1,0,0,0,0,0,1,0,0,1,0,0,0,0,0,0,1,0,0,0,0,0,0,0,1,0,0,1,0,0,0,0,0,0,0,0,0,0,0,0,0,0,0,0,0,0,0,0,0,0,0,0,0,0
ade12c46-3559-552f-b260-56052bc1afcd,c1f8af8a-ae55-52cd-931b-272cc4b0302b,Murang'a Dairy Farm #0964,Central Highlands,Murang'a,Dairy,1.31,0.109066,37.362087,8,False,Informal Smallholder,0,4.56,5,Future Ready Farm,0.08,0.2,0.16,0.44,0.04,0.32,0.2,0.08,0,1,0,0,0,0,0,0,0,0,0,0,1,0,0,0,0,0,0,0,0,0,0,0,0,0,0,0,0,0,0,0,0,0,0,1,0,1,0,0,0,1,0,0,0,1,1,0,0,0,0,0,0,0,0,0,1,0,0,0,0,1,0,0,0,1,0,0,0,0,1,0,0,0,0,0,1,0,1,0,1,0,0,0,0,1,1,1,0,0,1,1,1,0,0,0,1,1,0,0,0,0,0,0,0,0,0,0,0,0,0,0,0,0,0,1,0,0,0,0,0,0,0,0,0,0,0,0,0,0,1,0,0,1,0,1,1,1,0,0,0,1,0,1,0,0,1,0,0,0,0,0,0,0,0,0,0,1,0,0,1,1,0,0,0,0,1,0,0,0,1,0,0,0,0,0,0,0,0,0,1,1,0,0,0,0,0,0,0,0,0,0,0,0,0,0,0,0,0,0
2571d5ad-6730-5b6f-b9b9-b0395f2dd879,966fa181-4c77-5088-8a9f-6410f0c7f820,Lamu Coconut Farm #0965,Coastal Lowlands,Lamu,Coconut,20.81,-3.01999,39.877955,7,True,Commercial Market Leader,2,20.04,5,Future Ready Farm,0.8,0.72,1.0,0.76,0.84,0.96,0.96,0.64,1,1,1,1,0,1,1,0,0,1,1,1,1,1,1,1,0,1,1,0,1,1,1,1,1,1,1,0,1,0,1,0,0,0,1,1,1,1,1,0,1,1,1,1,1,1,1,1,0,1,1,1,1,1,1,1,1,1,1,1,1,1,1,1,1,1,1,1,1,1,1,1,1,1,1,1,1,1,1,0,1,1,1,1,1,1,1,1,0,0,1,1,1,1,0,1,1,0,1,0,1,1,1,1,0,1,1,1,1,1,1,1,1,1,0,1,0,1,1,0,1,1,1,1,1,1,1,1,1,1,1,1,1,1,1,1,1,1,1,1,1,1,1,1,1,1,1,1,1,0,1,1,1,1,1,1,1,1,1,1,1,1,1,1,1,1,1,1,1,1,1,1,1,1,0,1,0,1,1,1,1,1,1,0,0,1,1,1,0,0,0,1,0,1,0,1,1,1,1,0
8bea8cd0-f553-5735-8f1e-30b3405900ab,834b8e22-6240-5d29-a5a4-8c2558f72a82,Kiambu Dairy Farm #0966,Central Highlands,Kiambu,Dairy,1.02,-0.064259,37.446457,7,True,Informal Smallholder,0,6.24,2,Emerging Agribusiness,0.24,0.36,0.16,0.48,0.16,0.4,0.2,0.08,0,0,1,0,1,0,1,0,0,0,0,0,1,0,1,0,0,1,0,0,0,0,0,0,0,1,0,0,0,0,1,0,0,0,0,1,1,1,0,1,0,1,1,0,0,0,1,0,0,0,0,0,1,0,0,0,0,0,1,0,0,1,0,0,0,0,1,0,0,0,0,0,0,0,0,1,0,1,0,0,1,0,0,0,0,1,1,0,1,0,1,0,1,0,1,1,0,1,1,0,0,1,0,0,0,1,0,0,0,0,0,0,0,0,0,0,0,0,0,0,1,0,1,0,0,1,1,1,0,0,0,1,0,1,0,1,0,0,1,1,0,1,0,0,0,1,0,0,0,0,0,0,0,1,0,0,0,0,0,0,0,1,0,0,0,1,0,0,0,1,1,0,0,0,0,0,1,0,0,0,1,0,0,0,0,0,0,0,0,0,0,0,0,0,0,0,0,0,0,0
3f20fc83-b8d2-503f-8db8-f8a787a76dd8,fa4d5bd0-bc25-5f5e-bab7-15673f1d445f,Kitui Pigeon Peas Farm #0967,Eastern Semi-Arid,Kitui,Pigeon Peas,5.0,-1.195944,38.68854,6,True,Commercial Market Leader,2,20.64,5,Future Ready Farm,0.88,0.76,0.88,0.88,0.88,0.84,0.96,0.8,1,1,1,1,0,1,1,0,1,1,1,1,1,1,0,1,1,1,1,1,1,1,1,1,1,1,0,1,1,0,1,1,1,1,0,1,1,1,1,0,1,1,1,0,1,1,1,1,1,0,1,1,1,1,1,1,1,1,0,1,1,1,0,1,0,1,1,1,1,1,1,1,1,1,1,1,1,1,1,1,1,1,0,1,0,1,1,1,1,1,1,1,1,1,0,1,1,1,1,1,1,1,1,1,1,1,1,1,1,1,1,1,1,1,0,1,1,1,1,0,0,1,1,1,1,0,1,1,1,1,1,1,0,1,1,1,1,1,1,0,1,1,1,1,0,1,1,1,1,1,1,1,1,1,1,1,1,1,1,1,1,1,1,1,1,1,1,1,1,1,1,1,1,1,0,1,1,1,1,1,0,1,0,1,1,1,1,0,1,1,1,1,0,1,1,1,1,0,1,1
87c1d03a-43c7-5256-896d-ecca1b2fd0a1,16962690-62b8-5cd6-b46c-9e17ad2a8ceb,Machakos Pigeon Peas Farm #0968,Eastern Semi-Arid,Machakos,Pigeon Peas,1.57,-0.36476,37.29111,1,True,Informal Smallholder,0,4.92,5,Future Ready Farm,0.2,0.24,0.2,0.48,0.12,0.16,0.16,0.08,1,0,0,0,0,1,0,0,0,0,1,0,1,0,0,0,0,0,0,0,0,0,1,0,0,0,0,1,0,0,1,0,1,0,0,0,0,0,0,1,1,0,0,0,0,0,1,0,0,0,1,0,0,0,0,1,1,1,0,0,0,0,0,0,0,0,0,0,0,0,0,0,1,0,0,1,1,0,1,0,1,1,0,0,0,1,1,0,0,0,1,0,1,0,1,1,1,0,0,0,0,0,0,0,1,0,1,0,0,0,1,0,0,0,0,0,0,0,0,0,0,0,0,0,0,0,0,0,0,0,1,0,0,0,0,0,0,0,0,0,1,1,0,0,0,0,1,0,0,0,0,0,0,0,0,0,1,1,0,0,1,0,0,0,0,0,0,0,0,0,0,1,0,0,0,1,0,0,0,0,0,1,0,0,0,0,0,0,0,0,0,0,0,0,0,0,0,0,0,0
c9d81acd-94b0-550f-8736-63d7edc15b57,6046c450-99a2-5d11-a632-ede9df9e1404,Kwale Coconut Farm #0969,Coastal Lowlands,Kwale,Coconut,11.74,-3.617699,40.077224,10,True,Transitioning Agribusiness,1,11.52,3,Structured Farm,0.48,0.4,0.64,0.6,0.48,0.2,0.44,0.6,0,0,0,0,0,1,1,0,1,1,1,1,0,0,1,1,0,0,0,0,1,0,1,1,1,1,0,1,0,0,1,0,0,0,0,1,1,0,1,0,1,1,0,1,0,0,0,1,0,0,1,1,1,0,1,1,0,1,0,1,1,1,1,0,0,1,1,0,0,0,1,1,1,1,0,1,1,0,1,1,1,1,1,1,0,1,1,1,1,0,1,0,1,0,0,1,0,0,0,0,0,1,1,0,0,1,1,0,1,1,0,1,1,1,0,1,1,0,0,0,0,1,0,0,0,0,0,0,0,0,1,0,0,0,0,1,0,0,0,0,1,0,0,0,0,1,1,0,0,0,1,0,1,0,0,1,1,1,0,0,0,1,1,0,0,1,1,1,0,0,1,0,0,0,0,1,1,1,1,0,1,0,1,0,1,1,1,1,0,0,1,0,1,0,0,1,1,1,0,0
ce7970c5-40aa-524a-9992-d1f3bd5b136d,84430767-80b3-5a5a-ad7a-c2487a84873a,Bomet Wheat Farm #0970,Rift Valley,Bomet,Wheat,1.57,-0.773619,35.931896,9,False,Informal Smallholder,0,6.24,2,Emerging Agribusiness,0.2,0.2,0.28,0.56,0.16,0.4,0.16,0.12,1,1,0,0,0,0,0,0,0,0,1,0,0,0,0,0,0,0,0,0,1,0,1,0,0,0,1,0,0,0,0,1,0,0,0,0,0,0,0,0,1,1,0,0,0,0,0,1,0,0,1,1,0,0,0,1,0,0,0,0,1,1,0,0,0,0,1,0,0,0,0,1,0,0,0,1,0,1,0,1,1,1,0,1,0,1,1,1,1,0,1,1,1,0,0,0,1,0,0,0,0,0,0,0,0,1,1,0,0,0,0,0,0,0,0,1,1,0,0,0,0,0,0,0,0,1,1,1,0,0,1,1,0,0,0,1,1,0,0,0,0,1,0,0,0,1,1,0,0,0,1,1,0,0,0,1,0,0,0,0,0,0,0,0,0,0,0,1,0,0,0,0,0,0,0,1,0,0,0,0,1,0,0,0,0,0,0,0,0,0,0,0,0,0,0,0,1,0,0,0
de9426e7-bfbe-59ca-b513-5adbd45ab742,6d12d3fd-68c8-5c9c-8cfe-c68be1f0fd9f,Embu Tea Farm #0971,Central Highlands,Embu,Tea,2.7,-0.67528,37.185714,8,False,Informal Smallholder,0,5.28,2,Emerging Agribusiness,0.16,0.28,0.36,0.56,0.04,0.16,0.12,0.08,0,0,0,0,0,0,1,0,0,0,0,0,1,0,0,0,0,0,0,0,0,1,1,0,0,1,0,0,0,0,0,0,1,0,0,1,0,0,0,0,1,0,0,0,0,1,1,1,0,0,1,0,1,0,0,1,0,1,0,0,1,1,1,0,0,0,0,1,0,0,1,0,0,0,0,1,1,1,1,0,1,0,1,0,0,1,0,1,1,0,1,1,0,0,0,1,0,1,1,0,0,0,0,0,0,0,0,0,0,0,0,0,0,0,0,0,1,0,0,0,0,0,0,0,0,1,0,0,0,0,0,0,0,0,0,0,0,1,0,0,0,1,0,0,0,1,0,0,0,0,0,0,0,0,0,1,1,0,0,0,0,0,0,0,0,0,0,0,0,0,1,0,0,0,0,0,0,0,0,0,0,0,0,0,0,0,0,1,0,0,0,0,0,0,0,0,0,0,0,1
1c87b39f-8817-53e5-a7e5-e641fac663aa,868cc4a9-d211-5302-a830-bedf6b5b2779,Kilifi Cashew Farm #0972,Coastal Lowlands,Kilifi,Cashew,2.34,-2.976725,39.299363,11,False,Informal Smallholder,0,6.12,2,Emerging Agribusiness,0.2,0.32,0.24,0.64,0.16,0.24,0.2,0.04,1,0,0,0,0,0,0,0,0,0,0,0,0,1,0,1,0,0,1,1,0,0,0,0,0,1,0,0,0,0,0,1,0,0,0,0,1,0,0,0,0,0,1,0,0,1,1,0,1,1,0,0,0,0,0,1,0,0,1,0,1,1,1,0,0,0,0,0,0,0,0,1,0,0,0,1,1,1,1,0,1,0,0,1,0,1,1,1,0,0,1,1,0,1,0,1,1,1,1,0,0,1,1,0,0,0,0,0,1,1,0,0,0,0,0,0,0,0,0,0,0,0,0,0,0,1,0,1,0,0,1,0,0,0,0,0,1,0,0,0,1,0,0,1,0,0,0,0,0,0,1,0,0,0,0,0,0,1,0,1,1,0,0,0,1,0,0,0,0,0,0,0,0,0,0,0,0,0,0,0,1,0,0,0,0,0,0,0,0,0,0,0,0,0,0,0,0,0,0,0
00347599-2a36-5662-bbc8-6fb87a2f3bff,4cee188d-b80b-5852-b10f-020f38712f55,Nyeri Avocado Farm #0973,Central Highlands,Nyeri,Avocado,0.5,-0.214166,36.951328,5,False,Informal Smallholder,0,5.76,2,Emerging Agribusiness,0.12,0.08,0.24,0.52,0.16,0.4,0.2,0.2,0,0,0,0,0,0,0,0,0,0,1,0,0,0,0,0,1,0,0,0,0,1,0,0,0,1,0,0,0,0,0,0,0,0,0,0,0,0,1,0,0,0,0,0,0,0,0,0,0,0,0,1,0,0,0,1,1,0,0,0,1,0,0,0,0,0,0,0,0,0,0,1,0,1,0,1,1,1,0,0,0,0,1,0,0,0,1,1,0,0,1,1,0,0,1,1,0,1,1,1,1,0,0,0,0,0,0,0,0,0,0,1,0,0,0,1,0,0,0,0,1,0,0,0,0,0,0,0,1,0,0,1,1,0,0,0,1,0,1,0,1,0,1,1,0,1,0,1,0,0,0,1,1,0,0,0,0,0,1,0,1,0,0,0,0,0,0,0,0,1,0,0,0,0,0,1,0,0,0,0,0,0,0,0,0,0,0,0,0,0,1,1,0,0,0,1,1,0,0,0
a394aadd-67f7-5102-8b7e-c9fd39fedf4d,b8d1744c-c11c-5833-b37e-6a85b829fa36,Taita Taveta Fish Farming Farm #0974,Coastal Lowlands,Taita Taveta,Fish Farming,17.79,-2.679937,39.368526,15,True,Commercial Market Leader,2,20.28,5,Future Ready Farm,0.92,0.8,0.8,0.92,0.88,0.88,0.8,0.76,1,1,1,0,1,1,1,1,1,0,1,1,1,1,1,1,1,1,1,1,1,1,1,1,1,1,1,1,1,0,1,1,0,0,1,1,1,1,1,1,1,1,0,1,1,0,1,1,1,1,1,1,1,1,1,0,1,1,0,1,1,1,1,1,0,1,1,1,1,1,1,1,0,1,0,1,1,1,1,1,1,1,1,1,0,1,1,1,1,1,1,1,1,1,1,1,1,1,0,1,1,1,1,1,1,1,1,1,0,1,1,1,1,1,0,1,1,0,1,1,1,1,1,1,1,1,1,1,0,1,1,1,1,1,1,1,1,1,1,0,1,1,1,0,1,1,1,1,1,1,1,0,0,1,1,1,1,1,1,1,1,1,1,0,0,1,1,1,0,1,1,1,1,1,1,1,1,1,1,0,1,1,1,1,0,1,1,0,1,0,0,1,1,1,1,1,1,1,1,0
79c90679-eb62-5e78-9e35-1927be6ee6c1,eea0a648-12a5-5529-8cc3-c80193559e16,Bungoma Cassava Farm #0975,Western Kenya,Bungoma,Cassava,1.84,0.992928,34.462304,3,True,Informal Smallholder,0,6.24,2,Emerging Agribusiness,0.24,0.2,0.32,0.4,0.2,0.24,0.32,0.16,0,0,0,0,0,1,1,1,0,0,0,1,0,0,0,1,1,0,0,0,0,0,0,0,0,1,1,0,0,0,0,0,0,0,0,1,0,0,0,0,0,0,0,1,0,1,0,0,0,0,1,1,0,0,0,1,0,1,0,0,0,1,0,0,0,0,0,0,0,1,0,1,0,0,1,1,1,0,1,1,0,0,1,0,0,0,1,0,1,0,0,1,0,0,0,1,0,1,0,0,1,1,0,0,0,0,0,0,0,0,1,0,0,0,0,0,0,0,0,0,1,1,0,0,0,0,0,0,0,0,1,1,0,0,0,1,1,0,1,0,0,0,0,0,0,0,1,0,0,0,0,0,0,0,0,0,0,0,0,0,1,1,0,0,0,1,0,1,1,1,0,1,1,0,0,1,0,0,0,0,0,0,0,0,0,1,1,0,0,0,1,0,0,0,0,0,0,0,0,0
286dfd71-e5ae-568e-8160-0f29bf84d134,047bae5a-3016-5159-a6fc-11906e7f8bdc,Kwale Fish Farming Farm #0976,Coastal Lowlands,Kwale,Fish Farming,4.88,-3.391128,38.978337,11,False,Transitioning Agribusiness,1,12.6,3,Structured Farm,0.44,0.64,0.56,0.76,0.48,0.48,0.48,0.36,1,1,0,0,0,1,1,0,0,0,1,1,0,0,0,1,1,1,0,0,0,0,1,0,1,1,1,1,0,0,1,1,0,1,0,1,1,0,1,0,1,1,1,1,0,1,0,1,0,1,0,1,1,0,0,1,0,1,0,0,1,1,0,0,0,1,1,1,0,1,1,0,1,1,1,1,1,1,1,0,1,1,0,0,1,0,0,1,1,1,1,1,1,1,1,1,1,1,0,1,1,0,0,0,1,1,1,1,0,0,0,1,0,0,0,1,1,0,0,1,1,1,1,0,0,0,1,1,1,1,0,1,0,0,0,1,0,1,0,0,0,1,0,1,0,1,1,1,0,0,1,1,1,0,1,1,1,0,0,0,0,1,1,0,0,1,0,0,0,0,1,1,0,1,0,1,1,0,1,0,1,0,1,1,1,1,0,0,0,0,0,0,0,0,0,0,0,0,0,1
c34c34aa-cf29-54f3-af40-3e121dbe1a96,ed4ff0b2-746c-53d6-8a39-5c63e3e63fcb,Embu Coffee Farm #0977,Central Highlands,Embu,Coffee,2.25,-0.377682,36.739389,13,False,Informal Smallholder,0,6.84,2,Emerging Agribusiness,0.24,0.4,0.2,0.64,0.12,0.36,0.2,0.12,1,0,0,0,0,1,0,0,0,0,1,0,1,1,0,1,0,0,0,0,0,0,0,0,0,1,0,0,0,0,0,1,1,1,0,1,1,0,0,0,1,0,1,0,1,0,1,0,0,0,0,1,1,0,0,1,0,0,0,0,0,0,0,0,0,0,0,0,1,0,0,1,0,0,0,1,1,0,1,0,1,0,1,0,0,1,1,1,0,0,1,1,1,1,1,1,1,1,0,0,1,0,0,0,0,0,0,0,0,0,1,0,0,0,0,0,0,0,0,0,1,0,0,0,0,0,0,0,0,0,1,1,0,0,0,0,1,0,1,0,1,1,1,1,0,0,0,1,0,0,1,0,0,0,0,0,0,0,0,0,1,0,0,0,0,1,0,0,0,0,1,0,1,0,0,1,0,0,0,0,1,0,0,0,0,0,0,0,0,0,0,0,0,1,0,0,0,0,0,0
1c9755cd-0852-52c6-b4d7-c80610dff288,42c3ae63-3ac1-5da1-839b-477f126d65e8,Bomet Tea Farm #0978,Rift Valley,Bomet,Tea,2.75,0.910543,36.40566,16,False,Informal Smallholder,0,5.28,2,Emerging Agribusiness,0.16,0.2,0.24,0.6,0.08,0.2,0.2,0.08,0,1,0,0,1,0,0,0,0,0,1,0,0,0,0,1,0,0,0,0,0,0,0,0,0,1,1,0,0,0,1,1,0,0,0,0,0,0,0,0,0,0,0,1,0,0,0,0,0,0,0,1,0,0,0,0,1,0,0,0,1,0,0,0,0,0,0,1,0,0,1,1,0,0,0,1,1,0,0,1,1,1,1,1,0,1,0,1,1,1,1,0,1,0,0,1,1,0,0,0,0,0,0,0,1,0,0,0,0,0,0,0,0,0,0,0,0,1,0,0,0,0,0,0,0,0,0,0,0,0,1,1,0,0,0,1,0,0,0,0,1,0,1,0,0,0,0,0,0,0,1,1,0,0,0,1,0,0,0,0,0,0,0,0,0,0,0,0,0,0,1,1,0,0,0,0,0,0,1,0,0,0,0,0,0,0,1,0,0,0,0,0,0,0,0,0,0,0,0,0
2b1b4988-09de-5eda-9758-5f81a2d6e6b2,3717539b-5948-5b0d-a597-67ac7695d1b5,Kericho Maize Farm #0979,Rift Valley,Kericho,Maize,10.5,0.003547,36.384127,17,True,Transitioning Agribusiness,1,12.72,3,Structured Farm,0.64,0.52,0.52,0.68,0.52,0.52,0.44,0.4,1,1,0,1,0,1,1,0,0,0,1,1,1,0,0,0,1,1,1,0,1,1,1,1,1,1,0,0,1,1,1,0,0,0,1,0,1,1,0,0,0,1,1,0,1,1,1,0,1,0,1,0,1,0,0,1,0,1,0,0,1,0,0,0,0,1,1,1,0,1,1,1,1,0,1,1,1,0,1,0,1,0,1,1,0,1,1,1,0,1,1,1,0,1,1,1,1,1,0,0,1,0,1,0,1,1,1,1,1,0,1,1,0,0,0,0,0,1,0,0,1,1,1,0,0,0,1,0,0,0,1,1,1,1,0,1,0,0,0,1,1,1,0,1,0,1,1,1,0,0,1,1,0,0,0,1,1,1,0,0,1,0,0,1,0,1,0,1,0,0,0,1,0,1,0,0,1,0,1,0,1,0,1,0,0,1,0,1,1,1,0,0,0,0,0,0,1,1,0,0
b64d6829-fc3f-5cd2-8a99-21eb0133990d,df455ae6-8600-5b83-8566-29a4f9d8f7c2,Taita Taveta Cashew Farm #0980,Coastal Lowlands,Taita Taveta,Cashew,3.46,-3.559742,39.685646,7,True,Informal Smallholder,0,5.88,2,Emerging Agribusiness,0.12,0.2,0.16,0.6,0.32,0.28,0.16,0.12,0,0,0,0,0,0,0,0,0,0,1,0,0,0,0,1,0,0,0,0,1,0,0,0,0,1,0,0,1,0,0,0,0,0,0,0,1,1,0,0,0,0,0,0,0,0,1,0,0,0,0,1,0,0,0,0,0,0,0,0,0,0,0,0,0,1,1,0,0,0,0,0,1,0,0,1,1,0,1,0,1,1,1,0,0,1,0,0,1,1,1,1,0,0,0,1,1,1,0,1,0,0,1,0,0,0,0,1,1,0,1,0,0,0,0,1,0,0,0,0,1,0,1,0,1,1,1,0,0,0,0,0,0,1,0,0,1,0,1,0,0,0,0,0,0,0,0,1,1,0,0,0,0,0,0,1,0,1,0,0,1,0,0,0,0,0,0,0,0,1,0,0,0,0,0,0,1,0,0,0,1,0,0,0,0,0,0,1,0,0,0,0,0,0,0,0,0,0,0,0
5c600a04-b0d4-51f8-9d1b-ae36889f97bf,b68f4caa-a5f7-50c7-8b88-89197188e8e6,Murang'a Avocado Farm #0981,Central Highlands,Murang'a,Avocado,45.43,-0.742981,37.580841,1,True,Commercial Market Leader,2,19.8,4,Investment Ready Farm,0.8,0.6,0.88,0.92,0.84,0.84,0.88,0.84,1,1,1,1,1,1,1,1,1,0,1,0,1,0,1,1,1,1,1,0,1,1,1,1,0,1,1,0,1,0,1,1,1,0,0,0,1,0,1,0,1,1,1,1,0,0,1,1,0,1,1,1,1,1,0,1,1,1,0,1,1,1,0,1,1,1,1,1,1,1,1,1,1,1,1,1,1,1,1,0,1,1,1,0,1,1,1,1,1,1,1,1,1,1,1,1,1,1,1,1,1,1,1,1,0,1,1,1,1,1,1,1,1,1,0,1,1,1,0,0,1,1,1,1,1,1,1,1,0,0,1,1,1,1,0,1,1,1,0,1,1,1,1,1,1,1,1,1,1,1,1,1,1,1,1,1,0,1,0,1,1,1,1,0,1,1,1,1,1,1,1,1,1,1,1,1,1,1,1,0,1,1,1,0,1,1,1,1,1,0,1,1,1,1,1,1,1,1,1,0
cd5f801c-df5a-5aa5-940c-29ca8f16ba3f,b79b5e59-269c-539d-982a-cefa710c0b33,Makueni Mangoes Farm #0982,Eastern Semi-Arid,Makueni,Mangoes,4.76,-1.512016,38.271084,18,False,Transitioning Agribusiness,1,11.52,3,Structured Farm,0.48,0.48,0.48,0.56,0.36,0.72,0.44,0.32,1,1,0,1,0,1,0,1,0,0,0,1,0,1,0,1,0,1,0,1,0,1,1,0,0,1,0,0,0,1,1,1,1,0,0,1,0,0,0,0,1,1,1,0,0,1,1,0,0,1,1,0,0,1,0,1,0,1,1,0,0,1,1,0,0,1,0,1,0,0,1,1,1,0,0,1,1,1,0,0,1,1,1,0,1,1,1,0,0,0,1,1,1,1,1,0,0,0,0,0,1,1,0,0,0,1,1,0,0,0,1,1,0,0,1,0,0,0,0,0,1,0,1,0,0,1,1,1,1,0,1,1,1,1,1,1,0,1,1,0,1,1,1,0,0,1,1,0,1,0,0,1,1,0,0,0,1,0,1,0,1,1,0,1,0,1,0,1,0,0,0,1,0,1,0,1,1,1,0,1,0,0,1,0,0,1,0,0,0,0,0,1,0,0,0,0,0,0,1,0
ad013e90-b320-5f98-bcc6-ea2b5251cb4f,eb32b93e-465d-5605-8100-71a39b3f6b47,Embu Horticulture Farm #0983,Central Highlands,Embu,Horticulture,8.11,-0.775189,37.40606,16,True,Transitioning Agribusiness,1,11.76,3,Structured Farm,0.4,0.56,0.36,0.68,0.44,0.6,0.48,0.4,1,0,0,0,0,0,1,1,1,0,1,1,0,1,0,0,0,0,0,0,1,1,0,1,0,1,0,1,0,0,1,1,1,1,0,1,1,0,0,0,1,1,0,1,0,0,1,1,0,1,1,1,0,0,0,1,1,1,0,1,1,0,0,0,0,0,0,0,0,0,1,1,0,0,0,1,1,0,1,0,0,1,1,0,1,1,1,1,1,1,0,0,1,0,0,1,1,1,1,1,1,1,0,0,0,1,1,0,0,0,0,1,0,0,0,1,1,0,0,1,1,1,1,0,0,1,1,1,0,0,0,1,0,0,0,1,1,1,0,0,1,1,1,0,0,1,1,1,1,1,0,0,0,0,0,1,1,0,0,0,1,0,1,1,1,0,1,0,1,0,1,1,0,1,1,1,1,1,1,0,1,1,0,0,0,0,0,1,0,0,1,0,0,0,0,1,0,0,0,1
8a98b936-3e78-5565-b288-8d18db5a66d1,10047739-2a33-5756-8504-e01a59e8d36c,Makueni Green Grams Farm #0984,Eastern Semi-Arid,Makueni,Green Grams,3.06,-1.191261,38.729018,5,True,Informal Smallholder,0,6.0,2,Emerging Agribusiness,0.12,0.2,0.4,0.72,0.08,0.28,0.08,0.12,1,0,0,0,0,0,0,1,1,0,0,0,0,0,0,0,0,0,0,0,0,0,0,0,0,0,0,0,0,0,1,1,0,0,0,0,0,0,0,0,0,0,0,0,0,1,1,1,0,0,1,1,0,0,0,1,1,0,0,0,0,0,1,0,0,1,1,1,0,1,1,0,0,0,0,1,1,1,0,1,1,1,1,1,0,1,1,0,1,1,1,1,0,1,1,1,1,0,0,0,0,0,1,0,0,0,1,0,0,0,0,0,0,0,0,0,0,0,0,0,0,0,0,0,0,0,1,0,0,0,1,0,0,0,0,1,0,1,0,0,1,0,0,0,0,1,1,0,0,0,0,0,0,0,0,0,0,0,0,0,1,0,0,0,0,1,0,0,0,0,0,0,0,0,0,0,0,0,0,0,0,1,0,0,0,0,1,0,0,1,0,0,0,0,0,0,0,0,0,0
f8344afd-68cb-52c7-bf3d-d86023f9ce15,8e4a6f0b-0e36-5083-b986-67946fd3e061,Kiambu Dairy Farm #0985,Central Highlands,Kiambu,Dairy,4.49,0.040039,37.695479,7,True,Informal Smallholder,0,5.28,2,Emerging Agribusiness,0.08,0.32,0.36,0.44,0.08,0.24,0.08,0.16,0,0,0,0,0,1,0,0,0,0,0,0,0,0,0,0,0,0,0,0,0,1,0,0,0,1,1,0,0,1,0,1,1,0,0,0,1,0,0,1,0,1,0,0,0,0,0,0,0,0,1,0,0,0,0,1,1,0,0,0,1,0,1,0,0,0,1,0,0,0,1,0,1,1,0,0,1,0,0,0,1,1,1,0,0,0,1,1,0,0,0,1,1,1,0,0,1,0,0,1,1,0,1,0,0,0,0,0,0,0,0,0,0,0,0,0,0,0,0,0,0,0,0,0,0,1,0,0,0,0,0,1,0,0,0,0,1,1,0,0,0,0,0,0,0,1,1,0,0,0,0,0,0,0,0,1,0,0,0,0,0,0,0,0,0,0,1,0,0,0,0,0,0,0,0,0,0,0,0,0,0,0,0,0,0,1,0,0,0,1,0,0,0,0,0,1,1,0,0,0
6336d47e-7bb5-52ff-a311-fb7a079647c0,164f679b-01a7-53fb-bccc-4834f3225b30,Nyeri Dairy Farm #0986,Central Highlands,Nyeri,Dairy,21.34,-1.147219,37.636555,14,True,Commercial Market Leader,2,20.04,5,Future Ready Farm,0.76,0.72,0.92,0.92,0.88,0.92,0.84,0.72,1,1,1,0,1,1,1,0,1,1,0,1,1,0,1,1,1,1,0,1,1,1,1,1,0,0,1,1,1,1,1,0,1,0,1,1,1,0,1,0,1,0,1,1,1,1,1,0,1,1,1,1,1,1,1,1,1,1,1,1,1,1,1,1,0,1,0,1,1,1,1,1,1,1,1,1,1,1,1,0,1,1,1,1,1,1,0,1,1,1,1,1,1,1,1,1,1,1,1,1,1,1,1,1,1,1,1,1,1,0,1,1,1,1,1,1,1,1,1,0,1,0,1,1,1,1,0,1,1,1,1,1,1,1,1,1,1,0,1,1,1,1,1,1,1,1,1,1,1,1,1,1,1,0,0,1,1,1,1,0,1,1,1,1,1,1,1,1,1,0,1,1,1,1,1,1,1,1,0,1,1,0,0,1,1,1,1,1,1,0,1,1,1,0,1,1,0,1,1,0
a78a99de-0398-5f3f-a7e8-bcbdbfb767ac,16e48e4d-c189-5915-8b0e-f56456421cb2,Kericho Potatoes Farm #0987,Rift Valley,Kericho,Potatoes,1.88,-1.002614,36.003198,5,True,Informal Smallholder,0,6.24,2,Emerging Agribusiness,0.32,0.36,0.16,0.52,0.12,0.28,0.28,0.04,1,0,0,0,0,0,1,1,0,0,1,0,0,0,0,0,1,0,1,0,0,0,1,1,0,1,0,0,0,0,1,1,0,0,0,1,1,0,0,1,1,1,0,0,0,0,0,0,1,0,1,1,0,0,0,0,0,0,0,0,0,0,1,0,0,0,0,1,0,0,0,0,0,0,0,1,0,1,1,0,0,0,1,1,0,1,1,1,1,1,0,1,0,0,0,0,1,0,1,0,0,0,0,0,0,0,1,0,0,0,0,0,1,0,0,1,0,0,0,0,0,0,0,0,0,0,0,0,0,0,1,0,1,0,0,0,1,1,0,0,1,1,0,0,0,0,0,1,0,0,1,0,0,0,0,0,0,0,1,0,0,0,0,1,0,1,1,0,0,0,0,1,0,1,0,1,0,0,0,0,0,0,0,0,0,0,0,0,0,0,0,0,0,0,0,0,0,0,0,0
70865b9a-9405-5979-a1b5-bf0c68cb1ec6,eee9edc1-f895-52f0-953b-60585a799f40,Kilifi Cassava Farm #0988,Coastal Lowlands,Kilifi,Cassava,3.45,-2.295546,38.936739,15,True,Informal Smallholder,0,4.56,5,Future Ready Farm,0.2,0.24,0.2,0.48,0.08,0.2,0.12,0.0,0,0,0,0,0,0,1,0,0,0,0,0,0,0,1,0,0,1,1,0,1,0,0,0,0,0,0,0,0,0,0,0,0,0,0,1,0,0,0,1,0,1,1,0,0,1,1,0,0,0,1,0,0,0,0,1,0,0,0,0,1,1,0,0,0,0,0,1,0,0,0,0,0,0,0,1,1,0,0,1,1,1,0,0,0,0,1,0,1,1,1,0,1,1,0,1,0,0,0,0,0,0,0,0,1,0,0,0,0,0,0,0,0,0,0,0,0,0,0,0,1,0,0,0,0,0,0,0,0,0,1,1,0,0,0,0,0,0,0,0,0,0,0,1,1,1,0,0,0,0,0,1,0,0,0,0,1,0,0,0,0,1,0,0,0,0,0,0,0,0,0,0,0,0,0,0,0,0,0,0,0,0,0,0,0,0,0,0,0,0,0,0,0,0,0,0,0,0,0,0
fa81fa7d-585f-5f36-826d-54acc9822727,7c8ec6ed-a1ec-5c67-ba6c-031bf2106574,Kitui Sorghum Farm #0989,Eastern Semi-Arid,Kitui,Sorghum,2.73,-2.27419,37.301334,11,True,Informal Smallholder,0,6.12,2,Emerging Agribusiness,0.28,0.28,0.2,0.48,0.2,0.32,0.08,0.2,0,0,1,0,0,1,0,0,0,0,1,1,1,0,0,0,0,0,1,0,1,0,0,0,0,1,1,0,0,0,0,0,0,1,0,1,0,1,0,0,1,1,0,0,0,0,0,0,0,0,0,1,0,0,0,0,0,1,1,0,0,0,0,0,1,0,0,0,1,0,0,0,0,0,0,1,1,0,0,0,1,0,1,1,0,0,1,0,1,0,1,0,1,1,0,1,1,0,0,0,0,0,1,0,0,0,0,0,0,0,0,1,0,0,0,1,1,0,0,0,1,0,0,0,0,0,1,1,0,0,1,1,0,0,0,0,1,0,0,0,1,1,0,0,0,1,0,0,0,0,1,0,0,0,0,0,0,0,0,0,0,0,0,0,0,0,0,0,0,0,0,0,0,0,1,0,0,0,0,0,1,0,0,0,0,0,1,0,0,0,1,1,0,0,0,1,0,0,0,0
ebede96f-41d4-5129-afd3-e0d2bc46bde8,60d9bd6e-aa2a-5fc9-b382-1efeae0e3971,Makueni Mangoes Farm #0990,Eastern Semi-Arid,Makueni,Mangoes,3.61,-0.327664,37.787421,5,True,Transitioning Agribusiness,1,12.0,3,Structured Farm,0.48,0.4,0.44,0.8,0.44,0.56,0.48,0.4,0,1,0,0,0,1,0,0,1,0,1,0,1,0,0,1,1,1,0,0,1,1,0,1,1,1,0,1,0,0,1,1,1,0,0,0,1,1,0,0,0,1,0,0,0,0,1,0,1,0,1,1,0,0,0,1,0,0,1,1,1,1,0,0,0,1,1,0,1,0,0,1,0,0,0,1,1,1,1,1,1,1,0,1,1,1,1,1,1,1,1,0,0,0,0,1,1,1,1,1,1,0,0,0,0,0,0,1,1,0,1,1,1,1,0,1,1,0,0,0,0,1,0,1,0,1,0,0,0,0,1,1,0,1,1,1,1,1,0,0,1,0,0,0,1,1,1,1,0,1,1,1,0,0,0,1,1,0,1,0,1,1,1,0,0,1,0,1,1,0,1,0,0,0,0,0,1,0,0,0,0,1,1,0,1,0,1,1,0,0,1,0,1,0,0,0,1,1,0,0
894bdea9-8ffd-5cbe-aa3b-378ecc956dea,343aaab0-3587-509e-9758-677e3e05fc2d,Makueni Mangoes Farm #0991,Eastern Semi-Arid,Makueni,Mangoes,7.3,-0.967183,37.33381,14,False,Transitioning Agribusiness,1,11.04,3,Structured Farm,0.44,0.4,0.6,0.8,0.44,0.4,0.44,0.16,0,1,0,0,0,0,0,0,1,1,1,0,1,0,0,1,0,1,0,0,1,1,0,1,1,0,1,0,0,0,1,0,0,0,1,1,0,0,0,1,0,1,0,0,1,1,1,1,0,0,1,1,1,0,0,1,1,1,1,1,1,0,0,0,0,1,1,1,0,0,1,1,1,0,0,1,1,1,1,1,1,1,0,1,0,0,1,1,1,1,1,1,1,1,0,1,1,1,0,1,1,1,0,0,1,1,1,0,1,0,1,1,0,0,0,0,1,0,0,1,1,0,0,0,0,0,0,0,0,0,1,0,1,0,0,1,1,0,1,0,1,1,0,0,0,1,1,1,0,0,1,1,0,0,0,1,1,0,1,0,1,0,1,0,0,1,1,0,1,0,1,0,0,0,0,0,0,1,0,0,0,0,0,0,0,0,0,0,0,0,1,1,0,0,0,0,1,0,0,0
679433d5-f78c-5cf5-ac7e-baab58f27f04,615d5003-d2a2-5a6c-b1eb-15f0b0904e01,Tharaka Nithi Pigeon Peas Farm #0992,Eastern Semi-Arid,Tharaka Nithi,Pigeon Peas,5.42,-1.879115,38.036578,10,True,Transitioning Agribusiness,1,12.12,3,Structured Farm,0.48,0.36,0.6,0.68,0.44,0.64,0.48,0.36,1,1,0,1,0,0,1,1,1,0,0,0,0,1,0,1,0,0,0,1,0,1,0,1,1,1,1,0,0,0,1,1,0,1,0,0,0,1,0,0,1,0,0,0,0,1,0,1,0,0,1,0,1,1,0,1,1,1,0,1,1,0,0,1,0,1,1,1,1,0,1,1,0,0,0,1,1,1,1,0,1,1,1,1,0,1,0,0,1,0,1,1,1,1,0,1,0,0,1,1,1,1,0,0,0,0,1,1,0,0,1,1,0,0,0,1,1,0,1,1,0,1,0,0,0,1,1,1,1,1,1,1,0,1,0,1,1,0,0,1,0,1,0,1,0,1,0,0,1,1,1,1,0,0,0,1,0,0,0,0,1,1,1,1,0,1,1,0,0,0,0,1,1,1,0,1,1,1,1,0,0,1,0,0,0,1,1,0,0,0,1,1,0,0,0,0,0,0,0,0
e49a742e-22fe-5db0-9bb3-e7846af98da5,97ffb628-60df-5a52-be87-0bd9bc52cdec,Nakuru Horticulture Farm #0993,Rift Valley,Nakuru,Horticulture,6.78,0.702336,35.335559,13,True,Transitioning Agribusiness,1,11.76,3,Structured Farm,0.4,0.44,0.72,0.64,0.56,0.4,0.4,0.36,1,1,1,0,0,1,0,0,0,0,0,0,1,0,0,1,1,0,0,0,0,1,1,1,0,1,1,0,0,0,1,1,0,0,0,1,1,1,0,0,1,0,1,0,0,1,1,0,0,0,1,0,1,1,0,1,1,0,0,0,1,0,1,1,0,1,1,1,1,1,1,1,1,1,1,0,0,1,1,1,1,0,1,1,0,0,1,0,1,1,1,1,0,1,0,1,1,1,0,1,1,1,1,0,0,1,1,1,0,0,1,0,0,1,0,1,1,0,0,1,1,1,1,0,0,0,1,0,0,1,0,1,0,0,0,1,1,1,0,1,1,1,0,0,0,1,0,0,0,0,1,1,0,0,1,0,0,0,1,0,1,1,1,0,0,1,0,1,1,0,0,0,0,0,0,0,0,1,0,0,1,0,0,1,1,0,0,0,1,0,0,1,1,0,1,0,0,0,1,0
b196da5d-18f6-5465-85a2-9b90625425b5,fd971028-87fd-53f5-b332-fb290e940fb6,Taita Taveta Cassava Farm #0994,Coastal Lowlands,Taita Taveta,Cassava,2.54,-2.798537,39.821897,16,False,Informal Smallholder,0,6.36,2,Emerging Agribusiness,0.16,0.16,0.44,0.56,0.12,0.28,0.32,0.08,0,0,0,0,0,0,0,0,0,0,0,1,0,0,1,1,0,0,0,0,0,1,0,0,0,0,0,1,0,0,0,0,0,0,0,0,0,0,0,0,0,0,1,0,0,0,1,0,1,0,0,1,0,1,0,1,1,1,0,0,1,1,0,1,0,0,0,1,1,0,0,1,0,0,0,1,1,0,1,0,1,1,0,1,0,1,0,1,0,0,1,1,0,1,0,0,1,1,0,1,1,1,0,0,0,0,1,0,0,0,0,0,0,0,0,0,0,0,0,0,0,0,0,0,0,1,0,0,0,0,1,0,0,0,0,1,1,0,0,0,0,0,0,0,0,1,1,0,1,0,0,1,1,0,0,0,0,0,1,0,0,0,1,0,0,1,0,0,0,0,1,0,1,1,0,0,0,0,0,0,0,0,0,0,0,0,0,1,0,0,0,0,0,0,0,1,0,0,0,0
cbdf9748-866a-5126-91de-5a4386862dfd,7f96299f-74f9-5467-8800-17c618694a8c,Kwale Fish Farming Farm #0995,Coastal Lowlands,Kwale,Fish Farming,22.83,-3.29623,38.7338,11,False,Commercial Market Leader,2,18.72,4,Investment Ready Farm,0.72,0.72,0.92,0.72,0.84,0.8,0.8,0.72,1,1,1,1,1,1,1,1,0,0,1,1,1,0,1,0,1,1,1,1,1,0,0,1,0,1,1,0,0,1,1,1,1,1,1,1,0,1,0,1,1,1,0,1,0,1,0,1,1,1,1,1,0,1,1,1,1,1,1,1,1,1,1,1,0,1,1,1,1,1,1,1,1,1,1,1,1,1,1,0,1,1,1,1,0,0,1,0,1,1,1,1,0,1,1,1,1,1,0,0,1,1,1,1,1,1,1,1,0,0,1,1,1,1,1,1,1,1,0,0,1,1,1,1,1,1,1,0,1,0,1,1,1,1,1,1,1,0,1,1,1,1,1,1,0,1,1,0,1,1,1,1,1,1,0,1,1,1,1,1,1,1,0,1,1,1,1,1,0,0,1,0,1,1,1,1,1,0,0,0,0,1,0,0,1,1,1,1,1,0,1,1,1,1,1,1,1,1,1,1
b4b449cc-559d-5ece-8a7b-c54d0f6177a9,11526bae-8b41-5251-a664-993ad89527b9,Kisumu Sugarcane Farm #0996,Western Kenya,Kisumu,Sugarcane,0.5,0.182377,34.906643,20,True,Informal Smallholder,0,6.6,2,Emerging Agribusiness,0.24,0.2,0.44,0.52,0.28,0.12,0.28,0.12,0,0,0,0,0,1,0,0,0,0,0,0,0,0,0,1,1,0,0,0,1,1,1,0,0,1,0,0,0,0,1,0,0,0,0,1,0,0,0,0,0,1,0,0,0,0,0,0,1,0,0,1,0,0,0,1,1,0,1,0,1,1,0,0,0,1,1,1,0,0,0,1,1,0,0,1,0,1,0,0,1,1,0,0,0,1,1,1,1,0,1,0,1,0,0,1,1,1,0,0,0,1,0,0,1,1,0,0,0,0,0,1,0,0,0,0,1,0,0,0,0,1,0,1,0,0,0,0,0,0,1,0,0,0,0,0,0,0,0,0,0,0,0,0,0,1,1,0,0,0,1,1,0,0,0,0,1,0,0,0,0,0,1,0,0,1,0,1,0,0,1,0,0,0,0,1,0,0,0,0,1,0,0,0,0,0,0,0,0,0,0,0,0,0,0,1,0,0,0,0
542d8710-3f4a-5245-9e5c-555130a4db07,11827cda-363e-5ace-a67f-98ea27f1dcd3,Embu Horticulture Farm #0997,Central Highlands,Embu,Horticulture,8.58,-0.919598,37.565408,11,False,Transitioning Agribusiness,1,11.4,3,Structured Farm,0.4,0.52,0.44,0.64,0.44,0.48,0.56,0.32,0,1,0,0,0,1,0,1,0,0,1,1,0,0,1,1,1,0,1,0,1,0,0,0,0,0,1,1,0,0,1,1,0,0,0,1,1,0,0,0,1,1,0,1,0,1,1,1,1,0,0,0,0,1,0,1,0,0,1,1,0,1,0,0,0,1,1,0,1,0,1,1,1,0,0,0,1,0,0,0,1,1,0,1,0,1,1,1,1,1,1,1,1,0,1,1,1,1,0,0,0,1,0,0,1,1,0,1,0,0,1,0,0,1,0,1,1,0,0,0,1,1,1,0,0,1,0,1,0,0,0,0,1,0,0,1,1,1,1,1,1,0,0,1,0,1,1,0,0,0,1,1,0,1,0,1,1,1,0,0,1,1,1,1,0,1,1,1,0,0,0,0,0,1,0,0,1,1,1,0,1,1,1,0,1,0,0,0,0,0,1,0,0,0,0,0,0,0,0,0
3d361951-ac59-5f31-8c27-6fcf2d9f75d9,e2c51447-1923-569d-8082-29952bdb55d8,Meru Coffee Farm #0998,Central Highlands,Meru,Coffee,3.31,-0.537616,37.748712,13,True,Informal Smallholder,0,5.4,2,Emerging Agribusiness,0.2,0.2,0.2,0.56,0.16,0.24,0.12,0.12,1,0,1,0,0,0,0,1,0,0,0,1,0,0,0,1,0,0,0,0,0,0,0,0,0,0,0,0,0,0,1,0,0,0,0,0,1,0,0,0,0,1,0,0,0,0,0,1,0,1,0,0,1,0,0,0,0,0,0,1,0,0,0,0,1,0,0,0,0,0,1,0,0,1,0,0,1,0,0,0,1,0,0,1,1,1,1,1,0,0,1,1,1,0,0,1,1,1,1,0,1,0,1,0,0,0,0,0,0,0,0,1,0,0,0,0,0,0,0,0,0,1,0,0,0,0,0,1,0,0,1,0,0,0,0,1,0,0,0,0,0,0,1,0,0,1,1,0,0,0,0,1,0,0,1,0,0,0,0,0,0,0,0,0,0,0,0,0,0,0,0,1,0,0,0,0,0,0,0,0,0,0,0,0,0,1,0,0,0,0,0,1,0,0,1,0,0,0,0,0
9f6d7780-4015-52a3-8f4d-f12d35c28c38,79fa649e-46f9-5be7-981d-e6582bfb4e98,Taita Taveta Coconut Farm #0999,Coastal Lowlands,Taita Taveta,Coconut,35.97,-4.48447,40.040265,13,True,Commercial Market Leader,2,19.8,4,Investment Ready Farm,0.76,0.8,0.92,0.96,0.88,0.72,0.92,0.64,1,1,1,0,0,0,1,1,1,1,1,0,0,1,0,1,1,1,1,1,1,1,1,1,1,1,1,1,1,0,1,0,1,1,1,1,1,0,1,0,1,1,1,1,0,1,1,1,1,1,1,1,1,1,1,1,1,1,1,1,1,0,1,1,1,1,1,1,1,0,1,1,1,1,1,1,1,1,1,1,1,1,1,1,1,1,1,1,1,1,1,1,1,1,1,0,1,1,1,1,1,1,1,1,1,1,1,1,0,0,1,1,1,1,0,1,1,1,1,1,1,1,1,1,1,1,1,0,1,0,1,1,1,1,0,1,1,1,1,0,1,1,1,1,0,1,1,1,0,0,0,1,1,1,1,1,1,1,1,1,1,1,1,0,1,1,1,1,1,1,1,1,1,1,1,1,1,0,0,1,1,0,1,0,1,1,1,1,0,0,1,1,1,0,1,1,0,1,0,1
5c64da6c-8909-5f61-baff-8eb265f20229,f320bef7-ada5-58ec-91ff-14762917b5c8,Uasin Gishu Dairy Farm #1000,Rift Valley,Uasin Gishu,Dairy,0.5,1.279924,36.205014,10,True,Informal Smallholder,0,6.24,2,Emerging Agribusiness,0.0,0.2,0.24,0.6,0.28,0.32,0.32,0.12,0,0,0,0,0,0,0,0,0,0,0,0,0,0,0,0,0,0,0,0,0,0,0,0,0,1,0,0,0,0,0,0,0,0,0,0,1,0,0,0,1,0,0,0,0,1,0,0,1,0,1,1,0,0,0,0,0,0,0,0,1,0,1,0,0,1,1,0,0,0,0,0,0,0,0,0,1,1,1,0,1,1,1,1,0,0,0,1,1,0,1,1,1,1,0,1,0,1,0,0,0,0,1,1,0,1,0,1,0,0,0,1,0,0,0,0,0,0,0,0,1,0,1,0,0,1,1,0,0,0,0,0,0,0,0,1,0,1,0,0,1,0,1,1,0,0,0,0,0,1,0,0,0,0,0,0,1,0,0,0,1,1,0,0,0,1,0,0,1,0,1,1,0,0,1,0,0,0,0,0,0,0,0,0,0,0,0,0,0,0,0,0,0,0,0,1,1,0,0,1
