farm_id,farm_name,region,crop_type,acreage,log_acreage,ffmi_score,tier,tier_classification,pillar_1_smart_farming,pillar_2_renewable_energy,pillar_3_food_safety,pillar_4_climate_resilience,pillar_5_business_performance,pillar_6_human_capital,pillar_7_market_access,pillar_8_investment_readiness,priority_gap_depth,pillar_variance,climate_shock_index,market_volatility_index,historical_delta_ffmi,previous_ffmi_score,vulnerability_score,risk_label,risk_category
92b0517c-b047-5780-9959-ff1b7b61f471,Kilifi Coconut Farm #0001,Coastal Lowlands,Coconut,6.62,2.0308,13.32,3,Structured Farm,0.56,0.44,0.6,0.72,0.52,0.6,0.64,0.36,0.36,0.1067,0.4324,0.3586,2.0296,11.2904,0.4484,1,Medium Risk
41c99529-6a7c-5946-83d6-9a68b7a2e328,Murang'a Macadamia Farm #0002,Central Highlands,Macadamia,2.17,1.1537,4.92,5,Future Ready Farm,0.16,0.16,0.24,0.44,0.16,0.2,0.24,0.04,0.04,0.1067,0.3193,0.377,1.8836,3.0364,0.6295,2,High Risk
6fd01488-9fa8-54cf-90f6-a1940173f1ad,Tharaka Nithi Green Grams Farm #0003,Eastern Semi-Arid,Green Grams,27.16,3.3379,20.04,5,Future Ready Farm,0.76,0.84,0.88,0.76,0.8,0.96,0.88,0.8,0.76,0.0646,0.5876,0.4142,4.4019,15.6381,0.2367,0,Low Risk
469f0080-90a5-518a-8922-d9ba63976053,Murang'a Coffee Farm #0004,Central Highlands,Coffee,2.99,1.3838,12.36,3,Structured Farm,0.52,0.56,0.6,0.6,0.36,0.48,0.6,0.4,0.36,0.0882,0.1231,0.3627,2.3594,10.0006,0.5088,1,Medium Risk
3f3edc20-bcb1-5687-8d69-a7cffeebb82e,Uasin Gishu Potatoes Farm #0005,Rift Valley,Potatoes,3.89,1.5872,6.0,2,Emerging Agribusiness,0.04,0.4,0.12,0.6,0.2,0.28,0.16,0.2,0.04,0.1658,0.2206,0.477,1.4922,4.5078,0.6059,2,High Risk
ead843ac-7cb8-523b-8d81-e9c3eddd4c7e,Lamu Coconut Farm #0006,Coastal Lowlands,Coconut,27.33,3.3439,19.56,4,Investment Ready Farm,0.68,0.76,0.88,0.84,0.88,0.84,0.84,0.8,0.68,0.063,0.3308,0.3344,2.8955,16.6645,0.207,0,Low Risk
7777540e-befc-5e18-83a6-83491da0993b,Kiambu Horticulture Farm #0007,Central Highlands,Horticulture,3.72,1.5518,11.88,3,Structured Farm,0.32,0.36,0.48,0.8,0.52,0.52,0.6,0.36,0.32,0.1469,0.2452,0.2039,2.1267,9.7533,0.4043,1,Medium Risk
280d3820-6aff-5deb-9de8-def150c2c841,Taita Taveta Fish Farming Farm #0008,Coastal Lowlands,Fish Farming,9.03,2.3056,12.96,3,Structured Farm,0.44,0.52,0.6,0.72,0.48,0.68,0.52,0.36,0.36,0.1131,0.4987,0.4414,3.1921,9.7679,0.4603,1,Medium Risk
9b41820c-6c6b-5940-93fc-944e5b46c00d,Kakamega Horticulture Farm #0009,Western Kenya,Horticulture,1.19,0.7839,5.52,2,Emerging Agribusiness,0.24,0.12,0.32,0.44,0.16,0.28,0.16,0.12,0.12,0.1054,0.3567,0.3808,0.9912,4.5288,0.5646,2,High Risk
f75f7adb-8a86-55ca-8406-53ef006009bf,Embu Coffee Farm #0010,Central Highlands,Coffee,2.49,1.2499,5.04,2,Emerging Agribusiness,0.2,0.16,0.2,0.56,0.04,0.32,0.16,0.04,0.04,0.1572,0.05,0.2146,-1.3984,6.4384,0.637,2,High Risk
5e7613b7-6d52-5ee5-b693-89b41183d41d,Nandi Maize Farm #0011,Rift Valley,Maize,2.71,1.311,6.24,2,Emerging Agribusiness,0.28,0.44,0.28,0.4,0.16,0.24,0.2,0.08,0.08,0.1114,0.175,0.3046,-0.9767,7.2167,0.6584,2,High Risk
4c7de370-d11a-5439-b7f3-dc6cfad694db,Kakamega Sugarcane Farm #0012,Western Kenya,Sugarcane,33.31,3.5354,19.68,4,Investment Ready Farm,0.88,0.8,0.96,0.72,0.76,0.84,0.92,0.68,0.68,0.0917,0.4368,0.3229,3.1184,16.5616,0.2714,0,Low Risk
acfc4358-76b6-590c-a8ad-3204fd52c5ad,Kiambu Coffee Farm #0013,Central Highlands,Coffee,7.22,2.1066,12.96,3,Structured Farm,0.64,0.4,0.76,0.72,0.32,0.76,0.48,0.24,0.24,0.1939,0.05,0.2225,2.339,10.621,0.3743,2,High Risk
1724006f-e9ac-55d5-826d-1f2616f0d031,Bomet Horticulture Farm #0014,Rift Valley,Horticulture,6.01,1.9473,12.12,3,Structured Farm,0.6,0.36,0.52,0.8,0.48,0.52,0.52,0.24,0.24,0.1535,0.297,0.2041,4.4122,7.7078,0.4288,2,High Risk
326d6ba7-1e0a-5974-911e-8a7229a8f86d,Makueni Livestock Farm #0015,Eastern Semi-Arid,Livestock,0.99,0.6881,4.8,5,Future Ready Farm,0.0,0.2,0.24,0.44,0.2,0.24,0.16,0.12,0.0,0.1166,0.6516,0.5442,-1.4988,6.2988,0.7121,2,High Risk
aab5cbaa-f6d6-54f8-9268-c472c9b99c62,Machakos Mangoes Farm #0016,Eastern Semi-Arid,Mangoes,2.76,1.3244,5.52,2,Emerging Agribusiness,0.12,0.08,0.24,0.6,0.16,0.32,0.2,0.12,0.08,0.1572,0.4439,0.3632,0.1542,5.3658,0.5867,2,High Risk
77127a86-05a3-5fe7-9a2a-db432dcf98c9,Kwale Cashew Farm #0017,Coastal Lowlands,Cashew,11.91,2.558,12.36,3,Structured Farm,0.32,0.48,0.6,0.76,0.44,0.72,0.44,0.36,0.32,0.1516,0.5619,0.4041,2.5722,9.7878,0.5047,1,Medium Risk
8067886e-21c9-519c-93f0-ebad992b555d,Vihiga Poultry Farm #0018,Western Kenya,Poultry,0.69,0.5247,5.64,2,Emerging Agribusiness,0.24,0.24,0.12,0.64,0.04,0.2,0.24,0.16,0.04,0.1667,0.372,0.6095,-1.3332,6.9732,0.7221,2,High Risk
30d6a9a5-ce22-5952-832a-4bdd601c73a9,Kitui Green Grams Farm #0019,Eastern Semi-Arid,Green Grams,6.5,2.0149,11.88,3,Structured Farm,0.4,0.36,0.56,0.68,0.44,0.72,0.52,0.28,0.28,0.1441,0.7504,0.2908,0.6132,11.2668,0.5393,1,Medium Risk
e66ee568-72c3-5839-a7ec-aeafae9c57ca,Machakos Cowpeas Farm #0020,Eastern Semi-Arid,Cowpeas,5.35,1.8485,10.8,3,Structured Farm,0.36,0.36,0.64,0.52,0.52,0.44,0.36,0.4,0.36,0.0954,0.5315,0.6098,4.4045,6.3955,0.4741,1,Medium Risk
423d0e08-8aac-5c74-82e8-c741f4f0922d,Tharaka Nithi Sorghum Farm #0021,Eastern Semi-Arid,Sorghum,4.3,1.6677,11.04,3,Structured Farm,0.44,0.44,0.44,0.76,0.4,0.44,0.48,0.28,0.28,0.1265,0.5691,0.4815,0.6467,10.3933,0.5875,1,Medium Risk
dc90a3bb-8741-5b47-ac53-2afdebd197a6,Kericho Wheat Farm #0022,Rift Valley,Wheat,1.21,0.793,6.36,2,Emerging Agribusiness,0.2,0.16,0.32,0.56,0.16,0.32,0.2,0.2,0.16,0.1264,0.2656,0.2289,0.0138,6.3462,0.5361,2,High Risk
d91a72d9-cde1-52ae-8f09-e5b32c1ebd97,Lamu Cassava Farm #0023,Coastal Lowlands,Cassava,25.33,3.2707,20.28,5,Future Ready Farm,0.88,0.76,0.88,0.72,0.84,0.88,0.92,0.88,0.72,0.0646,0.5644,0.5082,1.9618,18.3182,0.2464,0,Low Risk
d1634aa9-9231-5c14-a5f5-79d7f24cfb1d,Bungoma Cassava Farm #0024,Western Kenya,Cassava,24.4,3.2347,19.68,4,Investment Ready Farm,0.84,0.76,0.84,0.76,0.8,0.88,0.92,0.76,0.76,0.0566,0.3065,0.3202,3.0932,16.5868,0.2641,0,Low Risk
6909e58e-4938-50c6-8b44-17a98562bf57,Busia Maize Farm #0025,Western Kenya,Maize,2.33,1.203,11.88,3,Structured Farm,0.4,0.48,0.32,0.68,0.48,0.52,0.68,0.4,0.32,0.1216,0.3786,0.2792,3.1405,8.7395,0.4232,1,Medium Risk
ffe9520d-7a36-5089-bbb7-408052b8af2c,Makueni Green Grams Farm #0026,Eastern Semi-Arid,Green Grams,1.09,0.7372,6.0,2,Emerging Agribusiness,0.28,0.16,0.4,0.64,0.12,0.2,0.12,0.08,0.08,0.1764,0.4876,0.3085,0.2985,5.7015,0.6802,2,High Risk
88295350-85bc-5f69-87a8-a0e6325b7b98,Taita Taveta Cassava Farm #0027,Coastal Lowlands,Cassava,0.5,0.4055,6.36,2,Emerging Agribusiness,0.16,0.28,0.24,0.64,0.08,0.4,0.28,0.04,0.04,0.1788,0.4009,0.4871,-1.0386,7.3986,0.6081,2,High Risk
ba5faa2b-8e0a-5a63-8570-f93535185615,Lamu Cassava Farm #0028,Coastal Lowlands,Cassava,2.77,1.3271,4.92,5,Future Ready Farm,0.08,0.2,0.2,0.4,0.12,0.24,0.24,0.16,0.08,0.0904,0.3383,0.6417,1.76,3.16,0.6645,2,High Risk
1174fed8-008e-5ff6-97a4-e595225fb3eb,Taita Taveta Cassava Farm #0029,Coastal Lowlands,Cassava,1.09,0.7372,4.8,5,Future Ready Farm,0.12,0.12,0.08,0.56,0.16,0.28,0.2,0.08,0.08,0.1497,0.696,0.5086,0.4589,4.3411,0.6819,2,High Risk
04924650-c80a-5d70-91a8-de2c96642d63,Kwale Cassava Farm #0030,Coastal Lowlands,Cassava,3.39,1.4793,11.88,3,Structured Farm,0.44,0.44,0.44,0.68,0.56,0.52,0.48,0.4,0.4,0.0847,0.4415,0.3337,1.4563,10.4237,0.3942,1,Medium Risk
1b4dc038-79d3-5732-90e3-a5e965a7e96b,Lamu Vegetables Farm #0031,Coastal Lowlands,Vegetables,7.46,2.1353,12.12,3,Structured Farm,0.52,0.44,0.6,0.64,0.36,0.56,0.64,0.28,0.28,0.1248,0.473,0.3906,3.0292,9.0908,0.5082,1,Medium Risk
057bf5ec-f5fd-5332-9b9c-b8499d0b78d1,Kilifi Cassava Farm #0032,Coastal Lowlands,Cassava,5.0,1.7918,20.16,5,Future Ready Farm,0.92,0.88,0.84,0.76,0.76,0.84,0.88,0.84,0.76,0.0529,0.4713,0.5274,2.6654,17.4946,0.268,0,Low Risk
0cbb86d7-ddd5-53dd-aaf6-75ca23909918,Taita Taveta Cassava Farm #0033,Coastal Lowlands,Cassava,3.99,1.6074,5.04,2,Emerging Agribusiness,0.12,0.2,0.28,0.52,0.12,0.16,0.12,0.16,0.12,0.1277,0.3806,0.5363,0.4529,4.5871,0.5954,2,High Risk
d8c1926a-4560-5935-b3d5-29d32afe8775,Kiambu Tea Farm #0034,Central Highlands,Tea,3.14,1.4207,5.76,2,Emerging Agribusiness,0.04,0.32,0.16,0.48,0.24,0.32,0.32,0.04,0.04,0.1428,0.3083,0.0668,0.1537,5.6063,0.5586,2,High Risk
140638c9-c4e5-5282-9198-97f33094fcf9,Kiambu Dairy Farm #0035,Central Highlands,Dairy,2.56,1.2698,6.48,2,Emerging Agribusiness,0.28,0.28,0.28,0.64,0.12,0.36,0.16,0.04,0.04,0.1706,0.2141,0.238,-0.0423,6.5223,0.5503,2,High Risk
95481682-ebb4-52ff-93ef-d2b4c6643802,Uasin Gishu Maize Farm #0036,Rift Valley,Maize,3.64,1.5347,5.76,2,Emerging Agribusiness,0.08,0.28,0.16,0.64,0.16,0.28,0.08,0.24,0.08,0.1685,0.1854,0.3148,0.0299,5.7301,0.6805,2,High Risk
db7e8a8c-ce1f-5060-bbf1-14a20acd197c,Kitui Mangoes Farm #0037,Eastern Semi-Arid,Mangoes,2.83,1.3429,5.76,2,Emerging Agribusiness,0.2,0.28,0.24,0.52,0.12,0.36,0.2,0.0,0.0,0.1456,0.6604,0.445,-0.0884,5.8484,0.7294,2,High Risk
a36e1072-1d22-55bd-8973-ca86ded209bc,Makueni Green Grams Farm #0038,Eastern Semi-Arid,Green Grams,1.92,1.0716,5.64,2,Emerging Agribusiness,0.2,0.2,0.2,0.44,0.08,0.52,0.2,0.04,0.04,0.1542,0.3592,0.6172,-1.1873,6.8273,0.6806,2,High Risk
8f385f0c-9eda-58d5-be04-5719da33bd82,Siaya Dairy Farm #0039,Western Kenya,Dairy,2.45,1.2384,5.4,2,Emerging Agribusiness,0.04,0.28,0.28,0.52,0.16,0.24,0.16,0.12,0.04,0.1356,0.4586,0.4126,0.86,4.54,0.6569,2,High Risk
ec1f3f47-7081-5467-b843-89e2f94e64f0,Lamu Coconut Farm #0040,Coastal Lowlands,Coconut,8.89,2.2915,11.28,3,Structured Farm,0.32,0.4,0.56,0.68,0.6,0.52,0.28,0.4,0.28,0.1323,0.701,0.5556,2.7502,8.5298,0.5727,1,Medium Risk
3de37f74-16be-5890-ab7b-8239dee8ab42,Kiambu Horticulture Farm #0041,Central Highlands,Horticulture,1.55,0.9361,5.28,2,Emerging Agribusiness,0.24,0.24,0.28,0.48,0.08,0.12,0.08,0.24,0.08,0.1233,0.4744,0.2626,0.4701,4.8099,0.6279,2,High Risk
3b3268b5-07d6-583c-af5f-fd44514b690d,Makueni Mangoes Farm #0042,Eastern Semi-Arid,Mangoes,6.15,1.9671,11.64,3,Structured Farm,0.4,0.44,0.56,0.52,0.52,0.32,0.64,0.48,0.32,0.0926,0.7512,0.6062,1.059,10.581,0.5628,1,Medium Risk
70089432-a0a2-52b2-a353-399fc5e66a84,Busia Cassava Farm #0043,Western Kenya,Cassava,5.05,1.8001,11.76,3,Structured Farm,0.4,0.6,0.48,0.6,0.4,0.64,0.48,0.32,0.32,0.1072,0.3003,0.4697,1.1121,10.6479,0.5587,1,Medium Risk
3f17eed4-2c28-5416-af5e-6a58f1b01f24,Taita Taveta Cassava Farm #0044,Coastal Lowlands,Cassava,1.47,0.9042,5.76,2,Emerging Agribusiness,0.16,0.24,0.2,0.52,0.12,0.28,0.28,0.12,0.12,0.1217,0.4774,0.4323,1.7307,4.0293,0.6006,2,High Risk
9c7778ce-1a93-5c6a-890a-9b76e964e597,Murang'a Avocado Farm #0045,Central Highlands,Avocado,3.44,1.4907,11.76,3,Structured Farm,0.32,0.44,0.72,0.76,0.6,0.4,0.4,0.28,0.28,0.1694,0.2927,0.3632,1.7302,10.0298,0.4238,1,Medium Risk
a364094b-0dc7-559f-a8a3-393be260ae34,Kisumu Sugarcane Farm #0046,Western Kenya,Sugarcane,8.69,2.2711,11.4,3,Structured Farm,0.48,0.48,0.64,0.68,0.28,0.56,0.4,0.28,0.28,0.1406,0.2643,0.4274,2.7251,8.6749,0.4398,1,Medium Risk
7fb1de75-82c6-504d-a97c-8b76c169d754,Kakamega Maize Farm #0047,Western Kenya,Maize,3.71,1.5497,6.48,2,Emerging Agribusiness,0.2,0.16,0.44,0.6,0.2,0.2,0.28,0.08,0.08,0.1584,0.2819,0.527,-0.6293,7.1093,0.5912,2,High Risk
844b4dd6-6f5b-5b12-abb1-f18a6b0a9cb7,Kisumu Sugarcane Farm #0048,Western Kenya,Sugarcane,3.45,1.4929,5.16,2,Emerging Agribusiness,0.24,0.16,0.2,0.6,0.08,0.2,0.16,0.08,0.08,0.1548,0.2275,0.5244,0.6202,4.5398,0.6607,2,High Risk
9757b6e4-95d7-5b4e-8949-0ed42784f290,Tharaka Nithi Sorghum Farm #0049,Eastern Semi-Arid,Sorghum,1.5,0.9163,12.12,3,Structured Farm,0.52,0.52,0.64,0.6,0.36,0.56,0.6,0.24,0.24,0.128,0.6651,0.505,0.8325,11.2875,0.5626,2,High Risk
7471688e-cb6d-56cb-afa3-3e9bbf3bf99a,Embu Macadamia Farm #0050,Central Highlands,Macadamia,1.7,0.9933,5.64,2,Emerging Agribusiness,0.2,0.28,0.32,0.48,0.24,0.24,0.08,0.04,0.04,0.1287,0.3028,0.2337,1.863,3.777,0.5613,2,High Risk
0db603dd-2aab-5095-a530-2fdf46e8dcb2,Siaya Cassava Farm #0051,Western Kenya,Cassava,3.99,1.6074,5.64,2,Emerging Agribusiness,0.2,0.24,0.28,0.48,0.12,0.2,0.28,0.08,0.08,0.1139,0.2621,0.4812,1.5519,4.0881,0.6348,2,High Risk
47b9c4eb-b046-5375-ac49-198bbac76e20,Embu Coffee Farm #0052,Central Highlands,Coffee,2.99,1.3838,5.28,2,Emerging Agribusiness,0.2,0.16,0.08,0.56,0.32,0.36,0.08,0.0,0.0,0.172,0.1625,0.3473,1.4307,3.8493,0.5686,2,High Risk
bc1b45e8-3cc4-5d07-b32c-44d63ad651b6,Taita Taveta Cashew Farm #0053,Coastal Lowlands,Cashew,6.73,2.0451,11.16,3,Structured Farm,0.4,0.4,0.48,0.6,0.48,0.56,0.4,0.4,0.4,0.0747,0.6233,0.362,4.3326,6.8274,0.5039,1,Medium Risk
9f05a59c-db5e-5afa-aa5e-2f863aa2341d,Embu Dairy Farm #0054,Central Highlands,Dairy,7.47,2.1365,12.36,3,Structured Farm,0.44,0.6,0.56,0.72,0.36,0.64,0.52,0.28,0.28,0.1377,0.2329,0.135,3.0154,9.3446,0.407,1,Medium Risk
b7edcd50-0bd7-5b9c-a0e4-3e1f2be5a65c,Machakos Mangoes Farm #0055,Eastern Semi-Arid,Mangoes,6.76,2.049,12.0,3,Structured Farm,0.4,0.64,0.48,0.72,0.48,0.4,0.56,0.32,0.32,0.1249,0.7063,0.4902,4.1239,7.8761,0.4409,1,Medium Risk
51951e84-f675-5b2e-9d34-f67b189a619d,Trans Nzoia Potatoes Farm #0056,Rift Valley,Potatoes,12.05,2.5688,12.96,3,Structured Farm,0.44,0.52,0.56,0.88,0.48,0.52,0.48,0.44,0.44,0.1342,0.3401,0.4994,1.3542,11.6058,0.416,1,Medium Risk
bac50350-65e9-5ea0-881a-152819de634f,Murang'a Avocado Farm #0057,Central Highlands,Avocado,1.95,1.0818,6.6,2,Emerging Agribusiness,0.24,0.28,0.24,0.64,0.04,0.28,0.32,0.16,0.04,0.1605,0.3888,0.4276,1.3594,5.2406,0.6352,2,High Risk
3d7a65db-5338-545f-98e2-1c9469b64c48,Nandi Potatoes Farm #0058,Rift Valley,Potatoes,5.73,1.9066,12.12,3,Structured Farm,0.48,0.36,0.64,0.6,0.44,0.68,0.56,0.28,0.28,0.1311,0.137,0.2686,1.095,11.025,0.4495,1,Medium Risk
f0d24f80-ff59-5df1-ace4-20e2523eb1ae,Lamu Cashew Farm #0059,Coastal Lowlands,Cashew,2.3,1.1939,5.64,2,Emerging Agribusiness,0.16,0.2,0.24,0.56,0.2,0.2,0.2,0.12,0.12,0.1272,0.5627,0.5316,0.8454,4.7946,0.5938,2,High Risk
1894c2fa-25c5-59f1-8bfc-881d8044c705,Machakos Pigeon Peas Farm #0060,Eastern Semi-Arid,Pigeon Peas,3.32,1.4633,5.64,2,Emerging Agribusiness,0.2,0.24,0.12,0.6,0.16,0.36,0.2,0.0,0.0,0.1679,0.7128,0.5558,-1.1663,6.8063,0.6417,2,High Risk
720adb47-d238-5b6e-bbf5-39c0f70bea97,Siaya Sugarcane Farm #0061,Western Kenya,Sugarcane,10.64,2.4544,11.4,3,Structured Farm,0.4,0.48,0.48,0.72,0.44,0.64,0.4,0.24,0.24,0.1392,0.1875,0.3866,1.0422,10.3578,0.441,2,High Risk
823bf789-483d-54ae-bab0-871a0204488f,Embu Coffee Farm #0062,Central Highlands,Coffee,0.5,0.4055,6.84,2,Emerging Agribusiness,0.32,0.2,0.32,0.6,0.32,0.36,0.12,0.04,0.04,0.1593,0.4332,0.3757,-0.7178,7.5578,0.6285,2,High Risk
0c4fa962-656e-5c36-8230-65162a01698d,Kisumu Maize Farm #0063,Western Kenya,Maize,6.32,1.9906,11.04,3,Structured Farm,0.4,0.36,0.52,0.6,0.44,0.52,0.56,0.28,0.28,0.102,0.4292,0.5134,4.3529,6.6871,0.5399,1,Medium Risk
8af18190-6a75-5bf7-aa39-17aef6061303,Trans Nzoia Dairy Farm #0064,Rift Valley,Dairy,1.5,0.9163,12.6,3,Structured Farm,0.48,0.48,0.48,0.56,0.52,0.68,0.48,0.52,0.48,0.0646,0.454,0.3028,1.2362,11.3638,0.5134,1,Medium Risk
0bab0f41-ca4a-5ad0-bf32-48066df6be6a,Tharaka Nithi Green Grams Farm #0065,Eastern Semi-Arid,Green Grams,12.04,2.568,12.72,3,Structured Farm,0.24,0.52,0.6,0.76,0.6,0.68,0.48,0.36,0.24,0.1584,0.7719,0.6546,0.5364,12.1836,0.5328,2,High Risk
c86a9977-b853-5ebe-acb0-9d84aefff94a,Uasin Gishu Dairy Farm #0066,Rift Valley,Dairy,10.53,2.445,12.84,3,Structured Farm,0.52,0.48,0.52,0.72,0.64,0.64,0.4,0.36,0.36,0.1165,0.0849,0.3993,3.2214,9.6186,0.3709,1,Medium Risk
5fc2c3c6-e6f2-52c3-b7b2-3e9262533964,Makueni Sorghum Farm #0067,Eastern Semi-Arid,Sorghum,5.95,1.9387,10.92,3,Structured Farm,0.52,0.28,0.4,0.64,0.44,0.56,0.52,0.28,0.28,0.1216,0.4853,0.503,1.1845,9.7355,0.5431,1,Medium Risk
61b3ba29-c971-56ae-bc38-1d6077552ea8,Lamu Vegetables Farm #0068,Coastal Lowlands,Vegetables,0.5,0.4055,5.88,2,Emerging Agribusiness,0.12,0.28,0.12,0.68,0.16,0.24,0.16,0.2,0.12,0.1726,0.5889,0.2971,0.8851,4.9949,0.6013,2,High Risk
e53d11b6-9fd3-54f2-9198-4cbebdd3a4a8,Meru Avocado Farm #0069,Central Highlands,Avocado,2.15,1.1474,5.64,2,Emerging Agribusiness,0.12,0.28,0.28,0.48,0.16,0.28,0.2,0.08,0.08,0.1174,0.2124,0.421,-1.2732,6.9132,0.6055,2,High Risk
21b918ec-fea5-5791-bddd-08f2bce5b45d,Embu Coffee Farm #0070,Central Highlands,Coffee,2.21,1.1663,4.92,5,Future Ready Farm,0.08,0.2,0.24,0.6,0.24,0.12,0.08,0.08,0.08,0.163,0.2612,0.1951,-0.8513,5.7713,0.556,2,High Risk
11a1501d-ef84-5168-9e99-76b508058dbd,Kiambu Coffee Farm #0071,Central Highlands,Coffee,2.04,1.1119,5.88,2,Emerging Agribusiness,0.12,0.2,0.24,0.56,0.16,0.4,0.16,0.12,0.12,0.1462,0.1946,0.5337,1.1211,4.7589,0.607,2,High Risk
64811cfe-c53c-5391-a5b5-952324eb61e9,Meru Macadamia Farm #0072,Central Highlands,Macadamia,0.56,0.4447,5.16,2,Emerging Agribusiness,0.2,0.12,0.28,0.64,0.12,0.2,0.08,0.08,0.08,0.1731,0.2891,0.1992,1.7855,3.3745,0.5525,2,High Risk
ecc2e9a8-1f50-54f5-885c-09fe6a19ace4,Meru Horticulture Farm #0073,Central Highlands,Horticulture,28.66,3.3898,19.8,4,Investment Ready Farm,0.72,0.84,1.0,0.64,0.76,0.92,0.92,0.8,0.64,0.1112,0.0734,0.3593,4.7828,15.0172,0.192,0,Low Risk
0667c98b-c01b-5d9d-bc95-3703faeaf891,Tharaka Nithi Sorghum Farm #0074,Eastern Semi-Arid,Sorghum,2.99,1.3838,4.56,5,Future Ready Farm,0.12,0.16,0.28,0.44,0.08,0.2,0.08,0.16,0.08,0.1127,0.6452,0.311,-0.1743,4.7343,0.7208,2,High Risk
63735fe0-280b-562e-b76b-42a3e57cad85,Siaya Maize Farm #0075,Western Kenya,Maize,4.17,1.6429,6.84,2,Emerging Agribusiness,0.2,0.12,0.36,0.68,0.24,0.4,0.16,0.12,0.12,0.1783,0.3006,0.3406,1.0325,5.8075,0.6514,2,High Risk
5bc37249-306d-578e-b528-c764e77fb90f,Meru Tea Farm #0076,Central Highlands,Tea,2.9,1.361,6.12,2,Emerging Agribusiness,0.2,0.16,0.32,0.6,0.16,0.32,0.2,0.08,0.08,0.1509,0.3828,0.2372,1.9525,4.1675,0.6095,2,High Risk
a0edac43-e52a-5723-8b9b-832a031fbeea,Kilifi Vegetables Farm #0077,Coastal Lowlands,Vegetables,2.23,1.1725,5.76,2,Emerging Agribusiness,0.28,0.2,0.4,0.44,0.08,0.24,0.24,0.04,0.04,0.1296,0.5293,0.4012,0.6712,5.0888,0.7378,2,High Risk
cfdde529-725f-5624-9ee0-8566501b30ab,Busia Horticulture Farm #0078,Western Kenya,Horticulture,7.11,2.0931,13.2,3,Structured Farm,0.6,0.4,0.6,0.76,0.6,0.44,0.56,0.44,0.4,0.1109,0.4939,0.161,3.2499,9.9501,0.3643,1,Medium Risk
43ea3aea-f673-5511-890c-80cc896de8ea,Vihiga Poultry Farm #0079,Western Kenya,Poultry,3.44,1.4907,12.48,3,Structured Farm,0.44,0.6,0.68,0.64,0.28,0.56,0.56,0.4,0.28,0.1265,0.3447,0.4459,1.1424,11.3376,0.5406,1,Medium Risk
d7bda7d2-12d1-5aed-9a6b-defe1dc9109f,Lamu Cashew Farm #0080,Coastal Lowlands,Cashew,5.7,1.9021,10.92,3,Structured Farm,0.6,0.36,0.4,0.52,0.44,0.36,0.44,0.52,0.36,0.0798,0.396,0.5767,0.8809,10.0391,0.594,1,Medium Risk
37cabefd-6208-5cbc-8402-cff6689d42b1,Tharaka Nithi Pigeon Peas Farm #0081,Eastern Semi-Arid,Pigeon Peas,3.77,1.5623,12.36,3,Structured Farm,0.52,0.36,0.6,0.68,0.56,0.48,0.64,0.28,0.28,0.1287,0.7943,0.4525,2.8719,9.4881,0.4888,1,Medium Risk
9b3de8dd-cf11-5c89-bc68-b769f9c569a5,Machakos Green Grams Farm #0082,Eastern Semi-Arid,Green Grams,2.35,1.209,6.0,2,Emerging Agribusiness,0.2,0.16,0.2,0.56,0.28,0.24,0.28,0.08,0.08,0.1323,0.6758,0.399,-0.5839,6.5839,0.759,2,High Risk
9a5b4356-7fe8-5381-aa32-d6ee028f16cb,Nandi Maize Farm #0083,Rift Valley,Maize,3.89,1.5872,11.4,3,Structured Farm,0.52,0.32,0.68,0.56,0.48,0.48,0.48,0.28,0.28,0.1191,0.1989,0.4064,1.9728,9.4272,0.5249,1,Medium Risk
7773c976-5b86-5d22-97f5-3dc18f781b3a,Lamu Vegetables Farm #0084,Coastal Lowlands,Vegetables,4.62,1.7263,5.88,2,Emerging Agribusiness,0.2,0.24,0.28,0.52,0.08,0.36,0.2,0.08,0.08,0.1363,0.6571,0.3909,0.8475,5.0325,0.6545,2,High Risk
2649dbfa-b263-5a05-88d2-8d205c530d17,Nakuru Tea Farm #0085,Rift Valley,Tea,2.76,1.3244,5.28,2,Emerging Agribusiness,0.16,0.2,0.2,0.56,0.12,0.32,0.12,0.08,0.08,0.1456,0.2441,0.3922,0.533,4.747,0.6131,2,High Risk
ddd95349-8077-5a77-bd45-ba4d6fc52bfe,Kwale Vegetables Farm #0086,Coastal Lowlands,Vegetables,0.5,0.4055,4.8,5,Future Ready Farm,0.24,0.2,0.24,0.36,0.04,0.16,0.28,0.08,0.04,0.098,0.5145,0.331,0.5396,4.2604,0.6576,2,High Risk
fc172af0-92ce-5c16-a3d5-de67f1d412b7,Embu Horticulture Farm #0087,Central Highlands,Horticulture,4.81,1.7596,13.2,3,Structured Farm,0.52,0.6,0.6,0.76,0.52,0.44,0.56,0.4,0.4,0.1034,0.4084,0.3483,2.1114,11.0886,0.4623,1,Medium Risk
87a336ee-c8a3-5e6c-af0a-467f62cc4408,Taita Taveta Cassava Farm #0088,Coastal Lowlands,Cassava,0.5,0.4055,6.6,2,Emerging Agribusiness,0.2,0.36,0.2,0.6,0.2,0.28,0.24,0.12,0.12,0.1392,0.3348,0.6079,0.1511,6.4489,0.6017,2,High Risk
1583c52c-7f9d-5ac7-849b-4626055494c6,Embu Macadamia Farm #0089,Central Highlands,Macadamia,0.5,0.4055,5.28,2,Emerging Agribusiness,0.04,0.28,0.16,0.48,0.16,0.32,0.24,0.08,0.04,0.1327,0.2242,0.1282,1.6245,3.6555,0.5217,2,High Risk
853fdd6f-30ab-5e34-b39d-dc05ad99190f,Kwale Fish Farming Farm #0090,Coastal Lowlands,Fish Farming,10.09,2.406,11.52,3,Structured Farm,0.64,0.32,0.48,0.48,0.44,0.56,0.48,0.44,0.32,0.0872,0.6142,0.2426,2.562,8.958,0.5422,1,Medium Risk
803ad5b6-6214-5c07-94dd-ab24790049cc,Tharaka Nithi Sorghum Farm #0091,Eastern Semi-Arid,Sorghum,1.61,0.9594,4.8,5,Future Ready Farm,0.16,0.2,0.16,0.56,0.16,0.2,0.12,0.04,0.04,0.1442,0.7089,0.6015,-0.0576,4.8576,0.769,2,High Risk
7e608219-3ce4-559d-ac9f-56af6118ae0e,Kwale Vegetables Farm #0092,Coastal Lowlands,Vegetables,7.88,2.1838,10.92,3,Structured Farm,0.4,0.32,0.48,0.68,0.44,0.52,0.56,0.24,0.24,0.1295,0.3559,0.4324,1.0179,9.9021,0.4322,2,High Risk
88a6ec55-3636-53d3-9d47-db0e25248842,Trans Nzoia Tea Farm #0093,Rift Valley,Tea,1.12,0.7514,4.44,5,Future Ready Farm,0.08,0.16,0.16,0.48,0.16,0.32,0.04,0.08,0.04,0.137,0.313,0.4042,0.3004,4.1396,0.679,2,High Risk
33fac84f-4e59-55bc-880a-b4b3e4f6bf99,Bungoma Sugarcane Farm #0094,Western Kenya,Sugarcane,2.03,1.1086,5.52,2,Emerging Agribusiness,0.12,0.2,0.24,0.68,0.12,0.32,0.16,0.0,0.0,0.1916,0.2934,0.2807,-0.7117,6.2317,0.5974,2,High Risk
808ea3de-d98b-5b16-a08f-edee089ec49e,Tharaka Nithi Livestock Farm #0095,Eastern Semi-Arid,Livestock,3.52,1.5085,4.8,5,Future Ready Farm,0.08,0.28,0.2,0.56,0.12,0.28,0.08,0.0,0.0,0.1649,0.7163,0.3916,1.0501,3.7499,0.684,2,High Risk
ede91749-8b0a-50c2-a403-f42e87f96fec,Bungoma Cassava Farm #0096,Western Kenya,Cassava,5.77,1.9125,12.72,3,Structured Farm,0.52,0.52,0.68,0.48,0.44,0.56,0.48,0.56,0.44,0.0686,0.1733,0.4229,3.4892,9.2308,0.4581,1,Medium Risk
4c3cb467-2b01-588d-b2cc-8130772c7b39,Bungoma Maize Farm #0097,Western Kenya,Maize,0.5,0.4055,4.8,5,Future Ready Farm,0.2,0.12,0.12,0.52,0.12,0.32,0.16,0.04,0.04,0.1428,0.1393,0.4673,-1.3132,6.1132,0.5804,2,High Risk
2659476b-967e-5a10-8f7a-17394979ffd5,Kirinyaga Macadamia Farm #0098,Central Highlands,Macadamia,3.64,1.5347,5.4,2,Emerging Agribusiness,0.08,0.28,0.32,0.36,0.16,0.2,0.4,0.0,0.0,0.1311,0.3541,0.4202,1.1411,4.2589,0.659,2,High Risk
26d08bc9-3308-54e4-8ffb-443aa733f37c,Vihiga Maize Farm #0099,Western Kenya,Maize,2.03,1.1086,5.88,2,Emerging Agribusiness,0.24,0.28,0.24,0.44,0.2,0.24,0.16,0.16,0.16,0.0835,0.2377,0.2422,1.3852,4.4948,0.5358,2,High Risk
69debbed-73c3-5924-9553-9755a7f97382,Taita Taveta Vegetables Farm #0100,Coastal Lowlands,Vegetables,19.9,3.0397,19.56,4,Investment Ready Farm,0.72,0.8,0.96,0.92,0.68,0.92,0.88,0.64,0.64,0.1148,0.6966,0.4491,4.6239,14.9361,0.2939,0,Low Risk
c7967544-4a7b-5993-8cee-8d365e412840,Meru Coffee Farm #0101,Central Highlands,Coffee,24.59,3.2422,19.56,4,Investment Ready Farm,0.84,0.8,0.72,0.8,0.88,0.84,0.84,0.8,0.72,0.0444,0.4124,0.4241,4.2315,15.3285,0.2747,0,Low Risk
e362e9d5-a95a-57cc-9097-f1dc374d8874,Vihiga Horticulture Farm #0102,Western Kenya,Horticulture,8.15,2.2138,10.44,3,Structured Farm,0.28,0.32,0.6,0.68,0.48,0.44,0.4,0.28,0.28,0.1377,0.3201,0.4029,4.0448,6.3952,0.4444,1,Medium Risk
b00f83d1-b9eb-52ec-b709-0fb937859127,Kwale Coconut Farm #0103,Coastal Lowlands,Coconut,3.26,1.4493,6.84,2,Emerging Agribusiness,0.32,0.28,0.32,0.6,0.2,0.16,0.24,0.16,0.16,0.1333,0.6653,0.2639,1.908,4.932,0.6351,2,High Risk
0f5ce9e8-a75c-55a6-bde9-4a3a551c8e09,Kericho Wheat Farm #0104,Rift Valley,Wheat,38.1,3.6661,20.4,5,Future Ready Farm,0.76,0.92,0.92,0.8,0.92,0.92,0.88,0.68,0.68,0.0866,0.2968,0.3973,3.5887,16.8113,0.2364,0,Low Risk
4c1565b6-6199-54db-a894-c4abf0997132,Lamu Vegetables Farm #0105,Coastal Lowlands,Vegetables,2.13,1.141,12.12,3,Structured Farm,0.44,0.6,0.52,0.72,0.48,0.52,0.36,0.4,0.36,0.1076,0.5504,0.4241,2.5355,9.5845,0.5098,1,Medium Risk
70ae28cf-c522-5728-913f-371e129b5675,Kericho Horticulture Farm #0106,Rift Valley,Horticulture,2.56,1.2698,12.24,3,Structured Farm,0.36,0.36,0.6,0.68,0.44,0.64,0.68,0.32,0.32,0.1453,0.4653,0.3708,2.1778,10.0622,0.4805,1,Medium Risk
ab770a9a-85d9-51bc-96e3-2fa539a62224,Nandi Wheat Farm #0107,Rift Valley,Wheat,0.5,0.4055,4.8,5,Future Ready Farm,0.2,0.2,0.2,0.44,0.12,0.28,0.08,0.08,0.08,0.1114,0.2657,0.3381,-1.4713,6.2713,0.6372,2,High Risk
552fdd5d-91da-5cbd-8678-712fbaa7920d,Tharaka Nithi Sorghum Farm #0108,Eastern Semi-Arid,Sorghum,0.5,0.4055,6.0,2,Emerging Agribusiness,0.24,0.24,0.16,0.76,0.08,0.32,0.08,0.12,0.08,0.2086,0.7722,0.5266,1.5671,4.4329,0.6124,2,High Risk
cc3180cb-1fd6-5e63-95d4-363aacd26a24,Bomet Horticulture Farm #0109,Rift Valley,Horticulture,2.83,1.3429,6.12,2,Emerging Agribusiness,0.16,0.16,0.32,0.6,0.28,0.32,0.12,0.08,0.08,0.1561,0.2594,0.3214,-1.3646,7.4846,0.5768,2,High Risk
548ca0d0-350a-5b96-9ff7-d2dc21990732,Nyeri Avocado Farm #0110,Central Highlands,Avocado,46.35,3.8576,19.32,4,Investment Ready Farm,0.76,0.68,0.88,0.8,0.76,0.88,0.8,0.88,0.68,0.0676,0.3252,0.1307,2.9182,16.4018,0.2318,0,Low Risk
27db2805-6979-5ab7-826d-e157e9da6a6e,Lamu Cassava Farm #0111,Coastal Lowlands,Cassava,2.61,1.2837,6.0,2,Emerging Agribusiness,0.2,0.12,0.24,0.6,0.16,0.4,0.2,0.08,0.08,0.1597,0.3088,0.3165,1.3152,4.6848,0.6194,2,High Risk
e20b7bca-0a3d-5387-a7ce-7cf0d74ed8d2,Nyeri Avocado Farm #0112,Central Highlands,Avocado,0.5,0.4055,5.28,2,Emerging Agribusiness,0.16,0.28,0.16,0.44,0.08,0.32,0.2,0.12,0.08,0.1114,0.3586,0.2381,-0.0536,5.3336,0.5784,2,High Risk
c42995b4-cb01-50c1-ad3b-950d6426783c,Kilifi Cassava Farm #0113,Coastal Lowlands,Cassava,0.5,0.4055,5.88,2,Emerging Agribusiness,0.16,0.2,0.24,0.56,0.2,0.32,0.2,0.08,0.08,0.1348,0.5959,0.6421,-0.307,6.187,0.645,2,High Risk
b2d91f7a-c195-558c-8d79-a69f3a0d1dae,Kirinyaga Coffee Farm #0114,Central Highlands,Coffee,7.21,2.1054,13.92,3,Structured Farm,0.56,0.44,0.52,0.72,0.56,0.68,0.64,0.52,0.44,0.0872,0.2136,0.3532,2.9857,10.9343,0.3357,1,Medium Risk
70e06dfa-5e20-5eb9-b5cd-d53dabc452b8,Kericho Horticulture Farm #0115,Rift Valley,Horticulture,0.5,0.4055,4.8,5,Future Ready Farm,0.08,0.16,0.2,0.68,0.04,0.24,0.12,0.08,0.04,0.1918,0.216,0.2089,0.1389,4.6611,0.6022,2,High Risk
a96b05fc-0ab1-58f0-97b4-4e15042265e0,Nyeri Tea Farm #0116,Central Highlands,Tea,38.74,3.6824,19.08,4,Investment Ready Farm,0.6,0.76,0.92,0.8,0.84,0.76,0.88,0.8,0.6,0.0904,0.2567,0.4171,1.5821,17.4979,0.3723,0,Low Risk
35b5a623-6070-5d84-bb3f-abfad2288e35,Uasin Gishu Dairy Farm #0117,Rift Valley,Dairy,6.86,2.0618,12.6,3,Structured Farm,0.64,0.56,0.44,0.68,0.48,0.56,0.48,0.36,0.36,0.0989,0.3336,0.3519,3.6806,8.9194,0.3335,1,Medium Risk
046af8e5-fb7a-5d8d-8032-a316ef9e8054,Taita Taveta Cashew Farm #0118,Coastal Lowlands,Cashew,8.79,2.2814,11.52,3,Structured Farm,0.52,0.36,0.64,0.6,0.52,0.44,0.52,0.24,0.24,0.1217,0.6358,0.3638,3.6466,7.8734,0.4393,2,High Risk
8246cbfd-9352-5c22-9ac7-e0d0f64d847e,Kericho Tea Farm #0119,Rift Valley,Tea,2.46,1.2413,5.76,2,Emerging Agribusiness,0.08,0.16,0.24,0.64,0.16,0.32,0.24,0.08,0.08,0.1697,0.2889,0.3118,0.1411,5.6189,0.5934,2,High Risk
96eb7acc-e2d0-5d90-a684-62d69928db1a,Bomet Wheat Farm #0120,Rift Valley,Wheat,6.07,1.9559,13.08,3,Structured Farm,0.56,0.44,0.6,0.6,0.56,0.64,0.48,0.48,0.44,0.0661,0.1641,0.3306,0.5451,12.5349,0.4198,1,Medium Risk
b570d393-f74d-50f1-93b4-6a4a37e564c4,Taita Taveta Coconut Farm #0121,Coastal Lowlands,Coconut,3.13,1.4183,14.88,3,Structured Farm,0.56,0.44,0.68,0.72,0.56,0.88,0.72,0.4,0.4,0.1497,0.5864,0.4358,2.9836,11.8964,0.3781,1,Medium Risk
f573f9fa-7ed7-57ac-bbfd-24618ebc3551,Nandi Horticulture Farm #0122,Rift Valley,Horticulture,1.5,0.9163,12.36,3,Structured Farm,0.4,0.56,0.48,0.76,0.56,0.56,0.4,0.4,0.4,0.1157,0.3558,0.239,1.0571,11.3029,0.4358,1,Medium Risk
45f35cdc-ac39-5ebb-b282-b4801183d0fc,Kitui Cowpeas Farm #0123,Eastern Semi-Arid,Cowpeas,3.4,1.4816,4.56,5,Future Ready Farm,0.12,0.2,0.2,0.52,0.12,0.2,0.04,0.12,0.04,0.1353,0.5342,0.6321,1.4143,3.1457,0.6489,2,High Risk
931f48d6-6a7a-5416-841e-24a5bc731899,Embu Avocado Farm #0124,Central Highlands,Avocado,1.51,0.9203,5.76,2,Emerging Agribusiness,0.28,0.16,0.24,0.6,0.12,0.28,0.16,0.08,0.08,0.1523,0.3064,0.1704,0.8853,4.8747,0.5842,2,High Risk
3faed9f5-26f1-5831-b6a4-f77ee4589332,Bungoma Poultry Farm #0125,Western Kenya,Poultry,1.33,0.8459,4.32,5,Future Ready Farm,0.0,0.12,0.08,0.52,0.12,0.32,0.2,0.08,0.0,0.1562,0.2816,0.4388,0.3228,3.9972,0.5796,2,High Risk
8e0ba323-d928-5232-ad87-c7ef72ed12fb,Makueni Sorghum Farm #0126,Eastern Semi-Arid,Sorghum,3.17,1.4279,5.4,2,Emerging Agribusiness,0.12,0.2,0.36,0.48,0.2,0.08,0.24,0.12,0.08,0.1264,0.6962,0.6056,-0.5456,5.9456,0.7069,2,High Risk
95e53ed5-481d-5cd9-a319-69a1e928c1e6,Machakos Sorghum Farm #0127,Eastern Semi-Arid,Sorghum,2.43,1.2326,6.0,2,Emerging Agribusiness,0.08,0.28,0.28,0.6,0.16,0.4,0.12,0.08,0.08,0.1694,0.9494,0.4787,0.6737,5.3263,0.7442,2,High Risk
fde8e2e3-f978-5ca2-90e1-57921ddf1f7e,Vihiga Sugarcane Farm #0128,Western Kenya,Sugarcane,0.66,0.5068,6.12,2,Emerging Agribusiness,0.16,0.2,0.24,0.64,0.16,0.44,0.2,0.0,0.0,0.1843,0.5504,0.2617,0.7095,5.4105,0.6058,2,High Risk
d16174e5-6b20-593b-bfec-44c2387590d7,Tharaka Nithi Sorghum Farm #0129,Eastern Semi-Arid,Sorghum,2.96,1.3762,5.52,2,Emerging Agribusiness,0.16,0.24,0.24,0.48,0.12,0.2,0.36,0.04,0.04,0.1292,0.926,0.5547,1.1644,4.3556,0.7476,2,High Risk
2d77858a-8dcd-543a-ac32-8c67ccd806b9,Murang'a Horticulture Farm #0130,Central Highlands,Horticulture,7.24,2.109,12.12,3,Structured Farm,0.44,0.4,0.52,0.76,0.56,0.52,0.56,0.28,0.28,0.1311,0.1668,0.2727,2.4371,9.6829,0.46,1,Medium Risk
e942c15e-ef26-5ac7-a038-0cee4a089fcc,Meru Horticulture Farm #0131,Central Highlands,Horticulture,1.86,1.0508,4.68,5,Future Ready Farm,0.24,0.04,0.16,0.32,0.16,0.28,0.28,0.08,0.04,0.0947,0.3497,0.1979,1.1812,3.4988,0.6375,2,High Risk
d6aa6f62-cfb2-56d6-be37-be8aa5ef9c90,Uasin Gishu Tea Farm #0132,Rift Valley,Tea,13.91,2.702,19.92,4,Investment Ready Farm,0.92,0.72,0.96,0.76,0.76,0.8,0.96,0.76,0.72,0.0933,0.3521,0.4326,3.7691,16.1509,0.2609,0,Low Risk
27e36994-f83f-5829-b8ae-17b25ec9a747,Murang'a Macadamia Farm #0133,Central Highlands,Macadamia,1.5,0.9163,11.28,3,Structured Farm,0.52,0.44,0.6,0.56,0.36,0.48,0.48,0.32,0.32,0.0889,0.4189,0.33,2.7485,8.5315,0.4905,1,Medium Risk
70f78c30-ecf5-582a-8ca9-9bc3abb92d76,Taita Taveta Coconut Farm #0134,Coastal Lowlands,Coconut,2.91,1.3635,5.88,2,Emerging Agribusiness,0.28,0.04,0.32,0.52,0.04,0.32,0.28,0.16,0.04,0.1502,0.4261,0.5093,-1.2027,7.0827,0.6772,2,High Risk
e0fd6565-341b-5faf-862f-c8708408eeec,Kilifi Cassava Farm #0135,Coastal Lowlands,Cassava,1.5,0.9163,11.76,3,Structured Farm,0.36,0.52,0.52,0.64,0.44,0.64,0.64,0.16,0.16,0.1572,0.6392,0.4432,0.9481,10.8119,0.5436,2,High Risk
0bdfc630-8b60-5edd-b256-5b00feb13144,Siaya Cassava Farm #0136,Western Kenya,Cassava,1.15,0.7655,6.72,2,Emerging Agribusiness,0.32,0.2,0.28,0.68,0.2,0.24,0.12,0.2,0.12,0.1612,0.4694,0.4352,0.8059,5.9141,0.6368,2,High Risk
785b4c0f-e5df-5789-89da-26fe6dda2bc2,Kericho Wheat Farm #0137,Rift Valley,Wheat,47.73,3.8863,20.04,5,Future Ready Farm,0.96,0.76,0.76,0.76,0.84,0.84,0.92,0.84,0.76,0.0705,0.2709,0.3422,1.4109,18.6291,0.2909,0,Low Risk
772eb3aa-afce-565d-8191-48767df1365b,Bomet Wheat Farm #0138,Rift Valley,Wheat,1.18,0.7793,4.44,5,Future Ready Farm,0.2,0.16,0.08,0.44,0.2,0.12,0.2,0.08,0.08,0.1076,0.1734,0.4715,1.7476,2.6924,0.5764,2,High Risk
3116b465-a722-5915-916f-c658fbefe066,Uasin Gishu Dairy Farm #0139,Rift Valley,Dairy,1.5,0.9163,12.48,3,Structured Farm,0.6,0.48,0.6,0.68,0.48,0.6,0.48,0.24,0.24,0.1265,0.3166,0.4071,4.416,8.064,0.4455,2,High Risk
5ed3fc90-e0f5-5f94-9066-84ac5ce9de09,Uasin Gishu Potatoes Farm #0140,Rift Valley,Potatoes,3.84,1.5769,5.52,2,Emerging Agribusiness,0.28,0.2,0.24,0.56,0.04,0.32,0.08,0.12,0.04,0.1546,0.2111,0.4114,-0.8324,6.3524,0.6189,2,High Risk
10defaf7-c342-5033-8329-e8ee36fa922d,Kericho Tea Farm #0141,Rift Valley,Tea,4.56,1.7156,5.04,2,Emerging Agribusiness,0.12,0.16,0.24,0.64,0.08,0.24,0.08,0.12,0.08,0.1729,0.3428,0.4452,1.8521,3.1879,0.5748,2,High Risk
a7cd92e1-bfad-55eb-98b3-06195194a2db,Murang'a Coffee Farm #0142,Central Highlands,Coffee,1.8,1.0296,4.32,5,Future Ready Farm,0.24,0.16,0.2,0.32,0.08,0.16,0.12,0.16,0.08,0.0693,0.2097,0.2123,1.9363,2.3837,0.5837,2,High Risk
79f26a26-a851-5a9b-8814-b1c8c899833b,Lamu Fish Farming Farm #0143,Coastal Lowlands,Fish Farming,26.4,3.3105,20.04,5,Future Ready Farm,0.72,0.64,0.84,0.88,0.96,0.92,0.84,0.88,0.64,0.0989,0.444,0.453,2.3508,17.6892,0.3019,0,Low Risk
4a4e2044-cb89-5192-80a2-60b50b9ee098,Murang'a Dairy Farm #0144,Central Highlands,Dairy,5.93,1.9359,12.48,3,Structured Farm,0.4,0.52,0.56,0.72,0.52,0.52,0.52,0.4,0.4,0.0938,0.3403,0.3709,3.022,9.458,0.4161,1,Medium Risk
7efc102f-ef4b-5fed-91cc-801e75d305d0,Makueni Livestock Farm #0145,Eastern Semi-Arid,Livestock,6.4,2.0015,5.4,2,Emerging Agribusiness,0.08,0.2,0.28,0.56,0.12,0.28,0.2,0.08,0.08,0.1469,0.6301,0.601,1.3164,4.0836,0.6462,2,High Risk
950ef01a-c848-58c1-80c9-413cdf8a559c,Tharaka Nithi Livestock Farm #0146,Eastern Semi-Arid,Livestock,4.1,1.6292,5.52,2,Emerging Agribusiness,0.08,0.16,0.32,0.48,0.2,0.32,0.16,0.12,0.08,0.1245,0.4742,0.2508,1.9991,3.5209,0.6274,2,High Risk
c9cc0ac5-d3e8-57a6-a121-bcd365ff7a37,Machakos Pigeon Peas Farm #0147,Eastern Semi-Arid,Pigeon Peas,0.5,0.4055,4.68,5,Future Ready Farm,0.16,0.2,0.28,0.36,0.16,0.2,0.08,0.12,0.08,0.0835,0.6066,0.6422,-0.1884,4.8684,0.7355,2,High Risk
68e1d28b-aa4e-5bac-9ec8-4a6f0ee74efa,Nandi Horticulture Farm #0148,Rift Valley,Horticulture,2.29,1.1909,12.72,3,Structured Farm,0.52,0.44,0.56,0.72,0.56,0.52,0.64,0.28,0.28,0.1229,0.1918,0.3669,1.6594,11.0606,0.3679,1,Medium Risk
506e961b-c8b5-5175-9543-17d51f6d8bed,Kirinyaga Avocado Farm #0149,Central Highlands,Avocado,3.09,1.4085,4.92,5,Future Ready Farm,0.12,0.24,0.24,0.44,0.08,0.24,0.2,0.08,0.08,0.1103,0.3714,0.2088,-1.4166,6.3366,0.6381,2,High Risk
ba68c7c7-0e46-557d-965c-ab42adb34b4a,Taita Taveta Vegetables Farm #0150,Coastal Lowlands,Vegetables,3.45,1.4929,5.4,2,Emerging Agribusiness,0.08,0.2,0.24,0.64,0.08,0.24,0.12,0.2,0.08,0.1684,0.6466,0.3501,1.1373,4.2627,0.6335,2,High Risk
52e6b138-d6f7-528a-8fa3-b84da2cd0cc9,Kwale Cashew Farm #0151,Coastal Lowlands,Cashew,7.3,2.1163,12.6,3,Structured Farm,0.52,0.44,0.52,0.68,0.4,0.68,0.56,0.4,0.4,0.1048,0.689,0.3186,1.8232,10.7768,0.5525,1,Medium Risk
87c33ae9-e9ee-57fd-9129-147484c79e1f,Uasin Gishu Dairy Farm #0152,Rift Valley,Dairy,26.15,3.3014,19.8,4,Investment Ready Farm,0.88,0.68,0.84,0.84,0.84,0.88,0.88,0.76,0.68,0.0661,0.3993,0.1186,3.4196,16.3804,0.2534,0,Low Risk
b316ad12-1865-5c24-9eb8-0850147e8b4c,Kwale Vegetables Farm #0153,Coastal Lowlands,Vegetables,3.16,1.4255,5.04,2,Emerging Agribusiness,0.0,0.24,0.32,0.52,0.04,0.36,0.12,0.08,0.0,0.1694,0.6073,0.369,-1.2577,6.2977,0.7487,2,High Risk
fa88084b-392c-5f03-8c61-f1718b01c8b4,Uasin Gishu Maize Farm #0154,Rift Valley,Maize,4.49,1.7029,13.08,3,Structured Farm,0.48,0.52,0.48,0.8,0.44,0.64,0.52,0.48,0.44,0.1112,0.3651,0.4539,4.0089,9.0711,0.4184,1,Medium Risk
92734301-3e1f-581f-b40d-2149ba810277,Taita Taveta Cassava Farm #0155,Coastal Lowlands,Cassava,2.42,1.2296,4.92,5,Future Ready Farm,0.12,0.2,0.16,0.48,0.2,0.24,0.12,0.12,0.12,0.1121,0.3661,0.4324,-1.0229,5.9429,0.581,2,High Risk
0faab241-3ea2-578e-97a0-740822d7c452,Machakos Cowpeas Farm #0156,Eastern Semi-Arid,Cowpeas,12.25,2.584,10.8,3,Structured Farm,0.44,0.48,0.52,0.36,0.48,0.56,0.4,0.36,0.36,0.0686,0.8504,0.3468,1.2652,9.5348,0.6067,1,Medium Risk
4f3f5096-b785-5fe7-a6b5-03be737fb1c4,Meru Avocado Farm #0157,Central Highlands,Avocado,2.51,1.2556,4.8,5,Future Ready Farm,0.04,0.32,0.16,0.48,0.16,0.24,0.12,0.08,0.04,0.1342,0.5886,0.316,1.7333,3.0667,0.616,2,High Risk
84122626-c8c7-5b7e-9fb7-835ec1a7fcad,Nakuru Tea Farm #0158,Rift Valley,Tea,4.42,1.6901,11.52,3,Structured Farm,0.44,0.44,0.52,0.64,0.44,0.6,0.48,0.28,0.28,0.1039,0.2351,0.2965,3.1733,8.3467,0.4294,1,Medium Risk
7864dde6-0b10-5a00-88c6-019df87f2bb3,Nyeri Avocado Farm #0159,Central Highlands,Avocado,1.5,0.9163,12.72,3,Structured Farm,0.56,0.6,0.48,0.72,0.44,0.6,0.48,0.36,0.36,0.1054,0.2427,0.0747,1.1082,11.6118,0.3189,1,Medium Risk
a5b93dc1-cef0-5d2f-9b76-9cfccb94de12,Bungoma Horticulture Farm #0160,Western Kenya,Horticulture,2.44,1.2355,13.08,3,Structured Farm,0.56,0.6,0.4,0.72,0.48,0.52,0.68,0.4,0.4,0.1112,0.6168,0.3294,4.4632,8.6168,0.4049,1,Medium Risk
dbeb8ed0-1ca7-5cb4-adc7-b61f3c0e6125,Kilifi Cashew Farm #0161,Coastal Lowlands,Cashew,0.98,0.6831,5.76,2,Emerging Agribusiness,0.2,0.16,0.32,0.48,0.28,0.32,0.08,0.08,0.08,0.1281,0.4497,0.4984,0.4798,5.2802,0.6724,2,High Risk
b18cc86a-52fa-5ab6-8e1c-ecc44757764e,Kisumu Poultry Farm #0162,Western Kenya,Poultry,19.17,3.0042,20.88,5,Future Ready Farm,0.88,0.92,0.88,0.8,0.88,0.84,0.88,0.88,0.8,0.0332,0.5167,0.5288,4.5387,16.3413,0.2721,0,Low Risk
d36f1ca3-f56c-55f6-9f18-6c2aa5989bc0,Lamu Vegetables Farm #0163,Coastal Lowlands,Vegetables,2.74,1.3191,6.72,2,Emerging Agribusiness,0.24,0.24,0.4,0.52,0.2,0.28,0.2,0.16,0.16,0.1131,0.6382,0.4204,0.2764,6.4436,0.641,2,High Risk
ef7dd7a9-a82d-5a96-88e8-6799842d9637,Kericho Maize Farm #0164,Rift Valley,Maize,4.57,1.7174,6.36,2,Emerging Agribusiness,0.2,0.2,0.16,0.52,0.2,0.44,0.28,0.12,0.12,0.1326,0.2435,0.263,0.5893,5.7707,0.6193,2,High Risk
f52c5f91-8224-59a6-99c8-d5bd731abf0c,Makueni Mangoes Farm #0165,Eastern Semi-Arid,Mangoes,8.61,2.2628,11.88,3,Structured Farm,0.52,0.52,0.56,0.6,0.4,0.68,0.4,0.28,0.28,0.1199,0.614,0.8001,2.1917,9.6883,0.5751,1,Medium Risk
42e861f7-a13f-5908-bba6-954a1cc273aa,Kwale Coconut Farm #0166,Coastal Lowlands,Coconut,2.98,1.3813,5.28,2,Emerging Agribusiness,0.32,0.28,0.32,0.4,0.04,0.2,0.08,0.12,0.04,0.1217,0.6028,0.4267,-0.244,5.524,0.6564,2,High Risk
36fdb6ad-b04a-5685-9ead-4cfdf121dfe9,Kiambu Dairy Farm #0167,Central Highlands,Dairy,7.92,2.1883,12.12,3,Structured Farm,0.48,0.56,0.48,0.56,0.36,0.6,0.64,0.36,0.36,0.0979,0.4293,0.3926,3.0362,9.0838,0.5394,1,Medium Risk
820e982e-221b-535b-8f9a-76604375632b,Taita Taveta Coconut Farm #0168,Coastal Lowlands,Coconut,4.58,1.7192,12.0,3,Structured Farm,0.48,0.48,0.68,0.6,0.32,0.48,0.44,0.52,0.32,0.1,0.7814,0.4763,3.3417,8.6583,0.538,1,Medium Risk
3ce478f4-c8f1-59e2-b3f9-1cdd222276f1,Kwale Cassava Farm #0169,Coastal Lowlands,Cassava,0.71,0.5365,5.04,2,Emerging Agribusiness,0.16,0.16,0.24,0.44,0.12,0.32,0.12,0.12,0.12,0.1091,0.6738,0.6045,-0.9385,5.9785,0.7303,2,High Risk
f060c5a5-19da-553e-a621-3097b0bbad6e,Kilifi Fish Farming Farm #0170,Coastal Lowlands,Fish Farming,12.25,2.584,20.52,5,Future Ready Farm,0.92,0.8,0.88,0.8,0.96,0.88,0.84,0.76,0.76,0.063,0.4768,0.4621,4.4913,16.0287,0.3166,0,Low Risk
2ea3383a-aa4e-5c00-afa9-69fa5190c582,Kisumu Dairy Farm #0171,Western Kenya,Dairy,4.51,1.7066,5.4,2,Emerging Agribusiness,0.16,0.04,0.24,0.68,0.28,0.24,0.12,0.04,0.04,0.1918,0.2648,0.2418,0.7736,4.6264,0.5929,2,High Risk
8a1f1edf-043e-5fcd-a0a3-9274aa2f0d5b,Murang'a Horticulture Farm #0172,Central Highlands,Horticulture,4.22,1.6525,11.52,3,Structured Farm,0.56,0.4,0.48,0.68,0.52,0.36,0.52,0.32,0.32,0.1095,0.2345,0.3486,3.2353,8.2847,0.4371,1,Medium Risk
29d6b6f1-4222-5ba8-8ad4-1cf9d7c84249,Makueni Livestock Farm #0173,Eastern Semi-Arid,Livestock,1.95,1.0818,7.08,2,Emerging Agribusiness,0.4,0.28,0.32,0.6,0.24,0.24,0.16,0.12,0.12,0.1413,0.5573,0.3993,-1.1433,8.2233,0.6409,2,High Risk
934777b7-2572-5847-9336-f4b3ecdbce22,Embu Dairy Farm #0174,Central Highlands,Dairy,36.85,3.6336,19.56,4,Investment Ready Farm,0.84,0.72,0.92,0.72,0.84,0.8,0.96,0.72,0.72,0.087,0.1132,0.3319,1.9213,17.6387,0.2567,0,Low Risk
0cbaac27-d408-5697-87e6-eab064628af0,Murang'a Macadamia Farm #0175,Central Highlands,Macadamia,3.67,1.5412,6.36,2,Emerging Agribusiness,0.16,0.24,0.32,0.6,0.16,0.52,0.04,0.08,0.04,0.1897,0.2909,0.2973,-0.0928,6.4528,0.6288,2,High Risk
9a64b4be-a06e-5e1c-8bca-4494fa5b7d0c,Murang'a Tea Farm #0176,Central Highlands,Tea,2.08,1.1249,3.84,1,Informal Farm,0.04,0.04,0.16,0.6,0.12,0.04,0.16,0.12,0.04,0.1732,0.4001,0.1151,-0.1253,3.9653,0.6657,2,High Risk
ece669d3-c548-5130-9ccd-5825753657a3,Bomet Maize Farm #0177,Rift Valley,Maize,3.26,1.4493,5.4,2,Emerging Agribusiness,0.16,0.32,0.16,0.56,0.08,0.16,0.28,0.08,0.08,0.1496,0.3076,0.4026,0.956,4.444,0.5969,2,High Risk
d3afa609-d27c-54d0-9e7f-094ec310f17f,Kisumu Dairy Farm #0178,Western Kenya,Dairy,28.46,3.383,18.96,4,Investment Ready Farm,0.88,0.64,0.88,0.84,0.68,0.76,0.96,0.68,0.64,0.1091,0.3759,0.4577,4.5275,14.4325,0.2514,0,Low Risk
f4e6b7ae-c0ff-533e-818c-dcb0fc0a0962,Makueni Mangoes Farm #0179,Eastern Semi-Arid,Mangoes,20.75,3.0796,19.08,4,Investment Ready Farm,0.8,0.72,0.96,0.8,0.76,0.8,0.84,0.68,0.68,0.0786,0.4702,0.451,3.0617,16.0183,0.2467,0,Low Risk
fd791216-9785-5830-b79a-45ec8c7c9ca0,Kirinyaga Macadamia Farm #0180,Central Highlands,Macadamia,9.85,2.3842,11.4,3,Structured Farm,0.36,0.52,0.48,0.56,0.44,0.6,0.4,0.44,0.36,0.076,0.1844,0.3588,2.4443,8.9557,0.441,1,Medium Risk
429ed824-cc50-5448-a78c-3c9c7c57a89a,Embu Tea Farm #0181,Central Highlands,Tea,38.08,3.6656,19.8,4,Investment Ready Farm,0.88,0.88,0.8,0.72,0.76,0.84,0.88,0.84,0.72,0.0563,0.3837,0.2406,3.0975,16.7025,0.1269,0,Low Risk
ff813166-e5bc-5d66-b26b-b9e8336bde7a,Murang'a Macadamia Farm #0182,Central Highlands,Macadamia,13.43,2.6693,19.68,4,Investment Ready Farm,0.92,0.8,0.88,0.8,0.88,0.8,0.8,0.68,0.68,0.0693,0.1966,0.4174,3.2462,16.4338,0.1809,0,Low Risk
6a41889f-4816-54c5-955a-02c4636179dd,Kirinyaga Tea Farm #0183,Central Highlands,Tea,1.53,0.9282,11.28,3,Structured Farm,0.52,0.44,0.44,0.52,0.48,0.56,0.48,0.32,0.32,0.0686,0.075,0.1726,3.5244,7.7556,0.4168,1,Medium Risk
9436b2da-6141-5d5c-9e64-0632c069fecf,Bomet Potatoes Farm #0184,Rift Valley,Potatoes,3.15,1.4231,5.16,2,Emerging Agribusiness,0.16,0.2,0.2,0.6,0.2,0.12,0.16,0.08,0.08,0.1509,0.3563,0.2447,-1.0242,6.1842,0.5491,2,High Risk
111c7a61-ebb9-5412-8ecf-c7e8310ce5bc,Trans Nzoia Potatoes Farm #0185,Rift Valley,Potatoes,1.71,0.9969,13.2,3,Structured Farm,0.56,0.4,0.68,0.64,0.44,0.56,0.68,0.44,0.4,0.1054,0.1755,0.4218,1.9093,11.2907,0.361,1,Medium Risk
82def4b3-014c-5cf4-8631-c3012532ffe0,Vihiga Horticulture Farm #0186,Western Kenya,Horticulture,6.13,1.9643,11.64,3,Structured Farm,0.44,0.4,0.52,0.68,0.52,0.56,0.32,0.44,0.32,0.1028,0.4346,0.4732,1.2103,10.4297,0.5273,1,Medium Risk
e7aa63d4-ac4b-528b-8a59-5ebec00bd803,Siaya Dairy Farm #0187,Western Kenya,Dairy,1.91,1.0682,4.8,5,Future Ready Farm,0.04,0.12,0.2,0.6,0.2,0.2,0.12,0.12,0.04,0.16,0.2944,0.4495,-0.0613,4.8613,0.5794,2,High Risk
791962d6-269d-5a4d-b4c4-90293420d91a,Nyeri Avocado Farm #0188,Central Highlands,Avocado,0.91,0.6471,5.4,2,Emerging Agribusiness,0.16,0.28,0.16,0.4,0.2,0.28,0.24,0.08,0.08,0.0915,0.05,0.2592,-1.2091,6.6091,0.6399,2,High Risk
ca49fac6-82f1-58ba-a097-2401a36af906,Tharaka Nithi Pigeon Peas Farm #0189,Eastern Semi-Arid,Pigeon Peas,8.64,2.2659,11.76,3,Structured Farm,0.28,0.4,0.56,0.72,0.52,0.64,0.44,0.36,0.28,0.1382,0.4913,0.5163,1.7022,10.0578,0.4682,1,Medium Risk
6493022c-bad9-5a85-9d20-249d70927971,Murang'a Coffee Farm #0190,Central Highlands,Coffee,1.02,0.7031,5.16,2,Emerging Agribusiness,0.16,0.28,0.12,0.4,0.2,0.32,0.16,0.08,0.08,0.1019,0.1553,0.401,1.6606,3.4994,0.5807,2,High Risk
847831bf-d59b-5852-ae2b-2c3e113412bf,Kakamega Cassava Farm #0191,Western Kenya,Cassava,12.14,2.5757,18.6,4,Investment Ready Farm,0.88,0.76,0.72,0.72,0.84,0.68,0.92,0.68,0.68,0.087,0.354,0.3137,4.6801,13.9199,0.2253,0,Low Risk
6cf4cdd3-ebc6-5a96-8067-05a20ca3bcb9,Trans Nzoia Dairy Farm #0192,Rift Valley,Dairy,0.5,0.4055,5.16,2,Emerging Agribusiness,0.12,0.12,0.24,0.64,0.12,0.16,0.24,0.08,0.08,0.1696,0.103,0.3846,0.8282,4.3318,0.5736,2,High Risk
3e3b7304-9238-5e6e-b0eb-b77a781483ad,Bungoma Sugarcane Farm #0193,Western Kenya,Sugarcane,2.75,1.3218,5.16,2,Emerging Agribusiness,0.24,0.24,0.2,0.44,0.16,0.16,0.2,0.08,0.08,0.0979,0.399,0.4216,-0.0288,5.1888,0.6714,2,High Risk
fc932c68-1ecc-5c7e-8bbe-25152b53dec8,Murang'a Macadamia Farm #0194,Central Highlands,Macadamia,6.2,1.9741,12.12,3,Structured Farm,0.48,0.44,0.56,0.64,0.44,0.52,0.48,0.48,0.44,0.063,0.3397,0.2713,1.1787,10.9413,0.4686,1,Medium Risk
4c0c5a89-08d6-51b2-b7d6-1b6e416a709d,Machakos Green Grams Farm #0195,Eastern Semi-Arid,Green Grams,0.5,0.4055,6.24,2,Emerging Agribusiness,0.24,0.32,0.32,0.52,0.08,0.36,0.12,0.12,0.08,0.14,0.528,0.44,1.516,4.724,0.6738,2,High Risk
995a55a3-d146-585a-87c9-5118d0b77f3c,Bungoma Maize Farm #0196,Western Kenya,Maize,1.08,0.7324,5.4,2,Emerging Agribusiness,0.12,0.12,0.32,0.44,0.08,0.44,0.16,0.12,0.08,0.1413,0.4207,0.5007,-1.451,6.851,0.7293,2,High Risk
575833be-de97-5eed-adcd-fcc2f47f04cb,Busia Cassava Farm #0197,Western Kenya,Cassava,5.62,1.8901,12.12,3,Structured Farm,0.56,0.68,0.36,0.8,0.4,0.56,0.36,0.32,0.32,0.1624,0.269,0.4309,3.3478,8.7722,0.4147,1,Medium Risk
3f9b2066-fd06-5b2f-8c04-36a331bb38dd,Kirinyaga Macadamia Farm #0198,Central Highlands,Macadamia,15.79,2.8208,20.04,5,Future Ready Farm,0.8,0.76,0.84,0.8,0.88,0.96,0.8,0.84,0.76,0.0581,0.439,0.4154,1.0284,19.0116,0.3296,0,Low Risk
5104ff55-1c2e-5569-9140-5bc6a2942e3f,Machakos Livestock Farm #0199,Eastern Semi-Arid,Livestock,1.71,0.9969,4.44,5,Future Ready Farm,0.12,0.28,0.16,0.44,0.04,0.28,0.08,0.08,0.04,0.128,0.5678,0.6326,0.1671,4.2729,0.6604,2,High Risk
5b948dd8-0f12-5a36-bc2d-30f3a5de3027,Makueni Cowpeas Farm #0200,Eastern Semi-Arid,Cowpeas,3.1,1.411,5.76,2,Emerging Agribusiness,0.2,0.16,0.28,0.6,0.16,0.24,0.12,0.16,0.12,0.1442,0.6329,0.5752,1.3564,4.4036,0.6672,2,High Risk
677f7e39-1428-57b0-b686-8c03f355e468,Bungoma Sugarcane Farm #0201,Western Kenya,Sugarcane,3.19,1.4327,12.12,3,Structured Farm,0.56,0.32,0.6,0.68,0.6,0.64,0.32,0.32,0.32,0.1469,0.432,0.4755,1.9385,10.1815,0.4986,1,Medium Risk
62745e2d-1128-5c44-b299-2928e6652093,Nakuru Dairy Farm #0202,Rift Valley,Dairy,24.87,3.2531,19.32,4,Investment Ready Farm,0.68,0.92,0.8,0.76,0.84,0.8,0.92,0.72,0.68,0.0811,0.3981,0.3667,4.8969,14.4231,0.2188,0,Low Risk
e3a76b96-96cc-5639-9d66-eb109c1abe38,Nyeri Horticulture Farm #0203,Central Highlands,Horticulture,5.43,1.861,13.56,3,Structured Farm,0.56,0.36,0.6,0.64,0.44,0.68,0.68,0.56,0.36,0.1067,0.1348,0.2653,0.8426,12.7174,0.327,1,Medium Risk
fd50398b-72dc-5086-9ccf-bc6b6bb79b9c,Makueni Pigeon Peas Farm #0204,Eastern Semi-Arid,Pigeon Peas,2.58,1.2754,4.08,5,Future Ready Farm,0.16,0.2,0.08,0.36,0.16,0.08,0.28,0.04,0.04,0.1015,0.8059,0.5094,1.968,2.112,0.7203,2,High Risk
270aaae6-000b-5993-a607-748960bf0c78,Lamu Cassava Farm #0205,Coastal Lowlands,Cassava,2.98,1.3813,5.88,2,Emerging Agribusiness,0.28,0.28,0.24,0.6,0.04,0.28,0.12,0.12,0.04,0.1593,0.5863,0.4697,1.7353,4.1447,0.6092,2,High Risk
8ec468db-0022-5d96-ac4a-2bd19b238b0f,Bomet Wheat Farm #0206,Rift Valley,Wheat,3.1,1.411,5.64,2,Emerging Agribusiness,0.2,0.28,0.36,0.52,0.12,0.2,0.08,0.12,0.08,0.1377,0.3723,0.5365,0.4628,5.1772,0.5891,2,High Risk
339740f4-70c6-5cad-b9d7-78c4f68a49ef,Bomet Potatoes Farm #0207,Rift Valley,Potatoes,3.34,1.4679,5.04,2,Emerging Agribusiness,0.12,0.28,0.16,0.52,0.12,0.32,0.08,0.08,0.08,0.1439,0.3104,0.3743,-0.8829,5.9229,0.6125,2,High Risk
fd3d3ace-78eb-5825-b921-c6681b8613d9,Kwale Coconut Farm #0208,Coastal Lowlands,Coconut,4.75,1.7492,11.88,3,Structured Farm,0.4,0.64,0.64,0.8,0.36,0.48,0.52,0.12,0.12,0.1949,0.4407,0.4755,1.2023,10.6777,0.5006,2,High Risk
409ba0aa-4af9-55f0-971c-10f56c81c860,Kitui Cowpeas Farm #0209,Eastern Semi-Arid,Cowpeas,1.07,0.7275,4.44,5,Future Ready Farm,0.12,0.12,0.28,0.4,0.2,0.24,0.04,0.08,0.04,0.1112,0.6689,0.2344,0.3778,4.0622,0.6756,2,High Risk
a5d41f19-a7ca-55c8-94da-f9ca2aafe8a0,Kiambu Tea Farm #0210,Central Highlands,Tea,2.06,1.1184,12.6,3,Structured Farm,0.44,0.4,0.6,0.64,0.44,0.72,0.52,0.44,0.4,0.1085,0.2333,0.2541,1.1793,11.4207,0.4577,1,Medium Risk
a21ae073-4f4a-5a1b-b73a-4bcdb031200b,Nakuru Horticulture Farm #0211,Rift Valley,Horticulture,12.55,2.6064,12.24,3,Structured Farm,0.36,0.44,0.52,0.56,0.6,0.56,0.52,0.52,0.36,0.0714,0.1061,0.2771,3.0082,9.2318,0.432,1,Medium Risk
80acd08d-0910-5c12-adb2-d677d1151df3,Uasin Gishu Tea Farm #0212,Rift Valley,Tea,3.86,1.581,13.2,3,Structured Farm,0.48,0.56,0.72,0.64,0.44,0.64,0.64,0.28,0.28,0.1338,0.408,0.485,4.0623,9.1377,0.4364,1,Medium Risk
62ce5c42-7417-5522-bb8f-191e519c679b,Machakos Livestock Farm #0213,Eastern Semi-Arid,Livestock,3.0,1.3863,5.64,2,Emerging Agribusiness,0.16,0.12,0.44,0.48,0.08,0.32,0.2,0.08,0.08,0.1489,0.7154,0.6758,1.2855,4.3545,0.7102,2,High Risk
593fe80c-f9b1-5f91-9762-73fbcdfcc5a9,Lamu Cashew Farm #0214,Coastal Lowlands,Cashew,8.36,2.2364,11.4,3,Structured Farm,0.48,0.48,0.6,0.6,0.44,0.48,0.4,0.32,0.32,0.0882,0.4703,0.5116,1.4997,9.9003,0.5772,1,Medium Risk
20197ce0-fb40-5a49-b537-a12ea1ec4653,Kirinyaga Coffee Farm #0215,Central Highlands,Coffee,5.19,1.8229,12.12,3,Structured Farm,0.48,0.52,0.48,0.56,0.56,0.56,0.48,0.4,0.4,0.0527,0.2319,0.3834,1.7402,10.3798,0.4953,1,Medium Risk
85fff2c3-eead-5005-88a1-d71f740f7436,Kiambu Horticulture Farm #0216,Central Highlands,Horticulture,3.92,1.5933,11.4,3,Structured Farm,0.48,0.4,0.6,0.6,0.36,0.6,0.52,0.24,0.24,0.124,0.3232,0.2781,2.2646,9.1354,0.4608,2,High Risk
f065b8d6-e5de-5afe-a42e-2971d90fafd1,Machakos Mangoes Farm #0217,Eastern Semi-Arid,Mangoes,2.13,1.141,4.68,5,Future Ready Farm,0.08,0.28,0.12,0.6,0.08,0.2,0.16,0.04,0.04,0.169,0.752,0.3684,1.6707,3.0093,0.6849,2,High Risk
f739acd5-35d6-5adc-9f2d-1e724c5a1179,Meru Tea Farm #0218,Central Highlands,Tea,2.26,1.1817,6.0,2,Emerging Agribusiness,0.24,0.16,0.24,0.56,0.16,0.36,0.2,0.08,0.08,0.1396,0.2686,0.3833,-1.115,7.115,0.6079,2,High Risk
ae9d6665-073a-543d-9eb3-a518d8a00915,Tharaka Nithi Livestock Farm #0219,Eastern Semi-Arid,Livestock,49.91,3.9301,20.28,5,Future Ready Farm,0.88,0.84,0.92,0.84,0.84,0.88,0.8,0.76,0.76,0.0466,0.6917,0.7444,3.8425,16.4375,0.3306,0,Low Risk
6d77e744-ec5a-5992-a7e1-e4d13f11cd13,Makueni Green Grams Farm #0220,Eastern Semi-Arid,Green Grams,2.74,1.3191,4.2,5,Future Ready Farm,0.12,0.2,0.12,0.4,0.08,0.2,0.24,0.04,0.04,0.1057,0.7309,0.5304,-1.3063,5.5063,0.7334,2,High Risk
e23d521e-c62b-54c6-9ca2-aa5375ddc29f,Taita Taveta Fish Farming Farm #0221,Coastal Lowlands,Fish Farming,2.52,1.2585,6.36,2,Emerging Agribusiness,0.2,0.32,0.32,0.52,0.2,0.28,0.28,0.0,0.0,0.137,0.6896,0.5389,0.1247,6.2353,0.7605,2,High Risk
251a8bc6-489e-5b43-b802-49aad839028a,Uasin Gishu Maize Farm #0222,Rift Valley,Maize,1.08,0.7324,6.96,2,Emerging Agribusiness,0.36,0.16,0.44,0.72,0.12,0.24,0.28,0.0,0.0,0.2076,0.2094,0.3017,-0.1916,7.1516,0.55,2,High Risk
369a61c6-bf35-5c4b-ade8-47a954c2e092,Kirinyaga Coffee Farm #0223,Central Highlands,Coffee,6.72,2.0438,11.04,3,Structured Farm,0.44,0.56,0.72,0.48,0.32,0.52,0.44,0.2,0.2,0.1456,0.1942,0.2371,2.5556,8.4844,0.4647,2,High Risk
f459649c-fe0c-5c1a-b4ec-e865adaa6191,Taita Taveta Cashew Farm #0224,Coastal Lowlands,Cashew,36.6,3.627,20.64,5,Future Ready Farm,0.84,0.8,0.88,0.88,0.88,0.96,0.88,0.76,0.76,0.0566,0.586,0.3621,3.6916,16.9484,0.2014,0,Low Risk
1612a12c-3cc1-58c1-9c45-6b47a0605104,Kilifi Fish Farming Farm #0225,Coastal Lowlands,Fish Farming,3.13,1.4183,4.8,5,Future Ready Farm,0.04,0.24,0.28,0.36,0.16,0.2,0.2,0.12,0.04,0.0917,0.3926,0.4183,-0.5367,5.3367,0.6048,2,High Risk
0ac9c68b-5147-57ec-8815-927a87a819a3,Kericho Dairy Farm #0226,Rift Valley,Dairy,35.45,3.5959,20.76,5,Future Ready Farm,0.96,0.72,0.88,0.96,0.88,0.88,0.92,0.72,0.72,0.0893,0.237,0.3644,2.6074,18.1526,0.2255,0,Low Risk
21cebda7-6202-5da8-882b-9a0d125897e6,Nakuru Tea Farm #0227,Rift Valley,Tea,0.5,0.4055,5.88,2,Emerging Agribusiness,0.16,0.24,0.28,0.48,0.2,0.36,0.12,0.12,0.12,0.1174,0.3123,0.3761,1.1685,4.7115,0.5247,2,High Risk
bd96ec3d-3e5f-539a-bb7d-e2b707b1ebce,Kisumu Dairy Farm #0228,Western Kenya,Dairy,1.56,0.94,11.16,3,Structured Farm,0.48,0.36,0.48,0.72,0.36,0.4,0.56,0.36,0.36,0.1182,0.2292,0.3031,4.3152,6.8448,0.4686,1,Medium Risk
72d4ff5e-1129-5d48-ada0-501cb6d31ce8,Machakos Pigeon Peas Farm #0229,Eastern Semi-Arid,Pigeon Peas,8.95,2.2976,12.12,3,Structured Farm,0.56,0.32,0.48,0.68,0.4,0.64,0.64,0.32,0.32,0.137,0.6824,0.6033,2.1708,9.9492,0.5452,1,Medium Risk
75b88d89-58b3-5e7f-8d20-606fb70b12c9,Trans Nzoia Maize Farm #0230,Rift Valley,Maize,3.56,1.5173,4.92,5,Future Ready Farm,0.08,0.12,0.24,0.52,0.2,0.24,0.16,0.08,0.08,0.1333,0.3559,0.352,-0.6331,5.5531,0.6618,2,High Risk
a3443671-cb43-5351-a27c-4ca75777a431,Taita Taveta Fish Farming Farm #0231,Coastal Lowlands,Fish Farming,1.55,0.9361,5.04,2,Emerging Agribusiness,0.24,0.12,0.2,0.52,0.04,0.28,0.12,0.16,0.04,0.1367,0.4988,0.502,-0.9928,6.0328,0.7854,2,High Risk
007362a9-9127-5709-9b3f-0aa9efdab8c0,Kakamega Dairy Farm #0232,Western Kenya,Dairy,2.45,1.2384,7.2,2,Emerging Agribusiness,0.24,0.16,0.32,0.64,0.24,0.4,0.2,0.2,0.16,0.147,0.2985,0.5341,-0.3537,7.5537,0.4991,2,High Risk
23dccb67-d0a2-5cf5-9425-2bf30f4f6e68,Nyeri Horticulture Farm #0233,Central Highlands,Horticulture,5.0,1.7918,20.64,5,Future Ready Farm,0.88,0.88,0.88,0.92,0.88,0.72,0.92,0.8,0.72,0.0632,0.1674,0.1857,3.7627,16.8773,0.1487,0,Low Risk
2433cd43-92d9-530e-967e-a7e81d83bcbf,Kilifi Cassava Farm #0234,Coastal Lowlands,Cassava,4.8,1.7579,11.64,3,Structured Farm,0.36,0.56,0.6,0.64,0.48,0.4,0.56,0.28,0.28,0.1191,0.6833,0.3185,2.7509,8.8891,0.5163,1,Medium Risk
0743abea-9ee6-5380-9b77-b7a24b6523c5,Kwale Cassava Farm #0235,Coastal Lowlands,Cassava,12.93,2.634,19.8,4,Investment Ready Farm,0.68,0.88,0.92,0.76,0.88,0.8,0.96,0.72,0.68,0.0937,0.4461,0.4499,3.7419,16.0581,0.2522,0,Low Risk
4ae36f3e-0533-58b8-b566-bb277f022c75,Nyeri Coffee Farm #0236,Central Highlands,Coffee,3.26,1.4493,12.0,3,Structured Farm,0.36,0.68,0.52,0.8,0.4,0.4,0.44,0.4,0.36,0.1483,0.0977,0.2625,4.1825,7.8175,0.3195,1,Medium Risk
7af32a6e-405d-5a69-93b0-ff5774ac71ab,Kwale Fish Farming Farm #0237,Coastal Lowlands,Fish Farming,2.25,1.1787,5.16,2,Emerging Agribusiness,0.04,0.16,0.36,0.4,0.24,0.24,0.12,0.16,0.04,0.113,0.5307,0.3465,1.8013,3.3587,0.6137,2,High Risk
343f8120-2d77-58f9-9d8d-50b2dcd79b6c,Trans Nzoia Tea Farm #0238,Rift Valley,Tea,2.5,1.2528,11.16,3,Structured Farm,0.4,0.28,0.64,0.8,0.28,0.6,0.44,0.28,0.28,0.1832,0.5076,0.3179,3.7973,7.3627,0.452,1,Medium Risk
8310e16f-8f7c-50a0-ac11-fa4b4c17437e,Kakamega Dairy Farm #0239,Western Kenya,Dairy,3.58,1.5217,4.92,5,Future Ready Farm,0.16,0.08,0.16,0.48,0.28,0.16,0.24,0.08,0.08,0.1224,0.3196,0.5919,0.7971,4.1229,0.6465,2,High Risk
79221b52-2669-5631-810e-68ef3fe3b42b,Nyeri Tea Farm #0240,Central Highlands,Tea,1.23,0.802,4.92,5,Future Ready Farm,0.24,0.2,0.24,0.48,0.2,0.08,0.16,0.04,0.04,0.124,0.1562,0.362,-0.3752,5.2952,0.5742,2,High Risk
d829d6f2-c21e-529f-80bb-8a33765065f7,Machakos Mangoes Farm #0241,Eastern Semi-Arid,Mangoes,10.94,2.4799,11.76,3,Structured Farm,0.36,0.36,0.52,0.8,0.44,0.4,0.64,0.4,0.36,0.1466,0.7208,0.689,2.6407,9.1193,0.5205,1,Medium Risk
c77cc8bb-6564-5b3f-927a-ef0bd0a437a7,Vihiga Maize Farm #0242,Western Kenya,Maize,6.89,2.0656,12.0,3,Structured Farm,0.32,0.52,0.64,0.64,0.48,0.56,0.64,0.2,0.2,0.1523,0.4738,0.2316,0.7414,11.2586,0.4655,2,High Risk
386ef9b2-b588-5480-836d-0f0ece223005,Kwale Cassava Farm #0243,Coastal Lowlands,Cassava,1.36,0.8587,5.4,2,Emerging Agribusiness,0.12,0.24,0.24,0.56,0.16,0.28,0.12,0.08,0.08,0.1427,0.6368,0.2833,-0.3688,5.7688,0.6833,2,High Risk
bc5cb581-38a9-5aa8-a811-9c557c866c97,Bungoma Cassava Farm #0244,Western Kenya,Cassava,4.49,1.7029,10.68,3,Structured Farm,0.36,0.52,0.36,0.68,0.36,0.56,0.4,0.32,0.32,0.1191,0.5452,0.5534,4.4856,6.1944,0.4588,1,Medium Risk
fb17c044-109e-58c7-a050-47bd217a430c,Kwale Fish Farming Farm #0245,Coastal Lowlands,Fish Farming,6.15,1.9671,12.72,3,Structured Farm,0.52,0.48,0.6,0.72,0.4,0.56,0.52,0.44,0.4,0.0933,0.3712,0.452,3.679,9.041,0.452,1,Medium Risk
ed2adc50-df1b-5545-9c06-7cb6e4e32dde,Kilifi Cashew Farm #0246,Coastal Lowlands,Cashew,61.68,4.138,20.16,5,Future Ready Farm,0.84,0.72,0.96,0.88,0.84,0.8,0.92,0.76,0.72,0.0748,0.6191,0.4516,4.5769,15.5831,0.1841,0,Low Risk
409d6199-7dda-509e-9979-3cb67ae3c690,Bomet Wheat Farm #0247,Rift Valley,Wheat,6.7,2.0412,13.08,3,Structured Farm,0.56,0.36,0.68,0.76,0.52,0.56,0.48,0.44,0.36,0.1199,0.3079,0.4787,1.7424,11.3376,0.4474,1,Medium Risk
9b487a94-8fe8-5330-a110-820392d6e9bf,Lamu Vegetables Farm #0248,Coastal Lowlands,Vegetables,2.34,1.206,6.24,2,Emerging Agribusiness,0.16,0.28,0.16,0.64,0.12,0.36,0.24,0.12,0.12,0.1637,0.4295,0.4718,1.4618,4.7782,0.5445,2,High Risk
701d7788-25cd-56da-946f-898f86384c8e,Nandi Horticulture Farm #0249,Rift Valley,Horticulture,1.96,1.0852,4.8,5,Future Ready Farm,0.12,0.08,0.36,0.44,0.16,0.32,0.12,0.0,0.0,0.1442,0.0972,0.2826,-0.9297,5.7297,0.5542,2,High Risk
53c3679f-f17c-5d3c-9e2f-cde2dc0eba96,Lamu Vegetables Farm #0250,Coastal Lowlands,Vegetables,0.5,0.4055,6.0,2,Emerging Agribusiness,0.16,0.24,0.2,0.68,0.2,0.24,0.16,0.12,0.12,0.167,0.5534,0.3435,0.3929,5.6071,0.61,2,High Risk
7f1e9fe3-9cb3-5b6a-8927-b5e2678d1ce5,Kitui Sorghum Farm #0251,Eastern Semi-Arid,Sorghum,5.46,1.8656,12.72,3,Structured Farm,0.48,0.6,0.48,0.8,0.44,0.48,0.64,0.32,0.32,0.1367,0.7741,0.7039,1.6515,11.0685,0.5688,1,Medium Risk
eca310a3-ff29-5a55-b339-552827e73cff,Lamu Cashew Farm #0252,Coastal Lowlands,Cashew,7.28,2.1138,20.4,5,Future Ready Farm,0.92,0.76,0.96,0.84,0.92,0.84,0.84,0.72,0.72,0.0768,0.533,0.4775,4.3278,16.0722,0.2949,0,Low Risk
52fb5962-7e69-5f84-8f75-a122466a9f72,Busia Cassava Farm #0253,Western Kenya,Cassava,1.96,1.0852,5.28,2,Emerging Agribusiness,0.16,0.2,0.2,0.68,0.04,0.16,0.2,0.12,0.04,0.1811,0.2886,0.3903,0.5328,4.7472,0.5972,2,High Risk
c3bb0794-91bc-5f6b-9b90-bcc50fdd1f47,Machakos Sorghum Farm #0254,Eastern Semi-Arid,Sorghum,0.81,0.5933,7.2,2,Emerging Agribusiness,0.12,0.24,0.44,0.64,0.28,0.28,0.36,0.04,0.04,0.1744,0.687,0.7103,-0.959,8.159,0.6726,2,High Risk
29f37c17-16ac-5079-a9ae-3970177f8b20,Uasin Gishu Tea Farm #0255,Rift Valley,Tea,1.62,0.9632,5.4,2,Emerging Agribusiness,0.16,0.12,0.4,0.52,0.04,0.32,0.16,0.08,0.04,0.1587,0.2611,0.362,-1.0295,6.4295,0.6195,2,High Risk
6960b77e-0394-521a-8c25-0b1a43186619,Busia Poultry Farm #0256,Western Kenya,Poultry,5.34,1.8469,11.4,3,Structured Farm,0.52,0.4,0.56,0.64,0.44,0.44,0.36,0.44,0.36,0.0859,0.3516,0.2251,2.5675,8.8325,0.4955,1,Medium Risk
e394806b-9d7e-5f4f-8c03-130c46466537,Kilifi Vegetables Farm #0257,Coastal Lowlands,Vegetables,5.25,1.8326,12.96,3,Structured Farm,0.52,0.56,0.52,0.76,0.44,0.56,0.56,0.4,0.4,0.1,0.7149,0.3951,0.9574,12.0026,0.4687,1,Medium Risk
4b4e29ab-c1fa-542f-8122-f41af7e816bf,Kisumu Poultry Farm #0258,Western Kenya,Poultry,1.01,0.6981,5.52,2,Emerging Agribusiness,0.08,0.2,0.32,0.52,0.08,0.36,0.16,0.12,0.08,0.1466,0.196,0.2777,-0.5881,6.1081,0.5535,2,High Risk
7880f6d1-1da2-5113-b657-8b307ac062d7,Uasin Gishu Wheat Farm #0259,Rift Valley,Wheat,2.91,1.3635,5.28,2,Emerging Agribusiness,0.2,0.24,0.24,0.52,0.08,0.28,0.08,0.12,0.08,0.1342,0.4279,0.428,0.8569,4.4231,0.6953,2,High Risk
0b3270d4-ab2e-53aa-8cc0-87b431863abd,Trans Nzoia Wheat Farm #0260,Rift Valley,Wheat,9.67,2.3674,12.0,3,Structured Farm,0.4,0.56,0.6,0.8,0.52,0.36,0.52,0.24,0.24,0.1587,0.2047,0.3818,4.0087,7.9913,0.3675,2,High Risk
6b137c83-94d9-5d48-9e30-89bda24c077b,Siaya Dairy Farm #0261,Western Kenya,Dairy,1.36,0.8587,5.64,2,Emerging Agribusiness,0.28,0.24,0.24,0.48,0.2,0.24,0.16,0.04,0.04,0.1157,0.559,0.2828,-0.9309,6.5709,0.6732,2,High Risk
4f5afacc-3ec4-5c96-b228-2507aade08c1,Kiambu Macadamia Farm #0262,Central Highlands,Macadamia,6.5,2.0149,12.36,3,Structured Farm,0.48,0.32,0.64,0.68,0.44,0.56,0.52,0.48,0.32,0.1067,0.276,0.4274,1.682,10.678,0.4747,1,Medium Risk
c69f40fc-e355-5bfe-b083-52a506926ac1,Kilifi Cashew Farm #0263,Coastal Lowlands,Cashew,2.57,1.2726,5.76,2,Emerging Agribusiness,0.2,0.16,0.36,0.52,0.12,0.36,0.16,0.04,0.04,0.1483,0.5418,0.5331,0.104,5.656,0.681,2,High Risk
92d12425-b5f3-5636-aa25-40f8e01e957c,Taita Taveta Fish Farming Farm #0264,Coastal Lowlands,Fish Farming,2.55,1.2669,4.8,5,Future Ready Farm,0.12,0.2,0.28,0.48,0.08,0.32,0.04,0.08,0.04,0.1414,0.4427,0.3538,-0.5797,5.3797,0.6633,2,High Risk
940f2504-f461-5500-8686-264d5b954feb,Trans Nzoia Dairy Farm #0265,Rift Valley,Dairy,6.74,2.0464,19.68,4,Investment Ready Farm,0.84,0.76,0.88,0.84,0.8,0.8,0.88,0.76,0.76,0.0447,0.3809,0.1781,3.4404,16.2396,0.2821,0,Low Risk
4b311b83-2b71-5068-9402-b9552ba216f6,Trans Nzoia Wheat Farm #0266,Rift Valley,Wheat,3.73,1.5539,6.48,2,Emerging Agribusiness,0.32,0.24,0.28,0.44,0.16,0.4,0.16,0.16,0.16,0.1034,0.3347,0.3866,-0.7427,7.2227,0.5403,2,High Risk
eff05dec-860f-5967-8213-7426bebda5bc,Bomet Potatoes Farm #0267,Rift Valley,Potatoes,4.15,1.639,5.52,2,Emerging Agribusiness,0.08,0.12,0.32,0.52,0.16,0.36,0.16,0.12,0.08,0.1439,0.1167,0.3506,0.5808,4.9392,0.5431,2,High Risk
b3c5075b-51d5-54d5-a133-18c884dfac15,Busia Maize Farm #0268,Western Kenya,Maize,3.45,1.4929,6.0,2,Emerging Agribusiness,0.08,0.32,0.2,0.64,0.2,0.28,0.16,0.12,0.08,0.1646,0.2683,0.2548,-0.3706,6.3706,0.5826,2,High Risk
2ed5fb90-db79-5883-b51c-7bb24d1e7889,Murang'a Coffee Farm #0269,Central Highlands,Coffee,4.34,1.6752,6.6,2,Emerging Agribusiness,0.2,0.36,0.4,0.32,0.16,0.32,0.32,0.12,0.12,0.0947,0.1791,0.1639,0.4888,6.1112,0.5567,2,High Risk
ba68fa7f-5f35-5011-a91d-045282c8b8bf,Machakos Sorghum Farm #0270,Eastern Semi-Arid,Sorghum,1.79,1.026,6.72,2,Emerging Agribusiness,0.28,0.2,0.28,0.76,0.12,0.32,0.2,0.08,0.08,0.197,0.7727,0.5861,-1.4264,8.1464,0.656,2,High Risk
a8e03211-57e0-5cfc-a5d0-78793c47da7c,Lamu Fish Farming Farm #0271,Coastal Lowlands,Fish Farming,1.34,0.8502,5.52,2,Emerging Agribusiness,0.2,0.28,0.2,0.52,0.08,0.16,0.28,0.12,0.08,0.1277,0.5265,0.4025,1.4002,4.1198,0.6573,2,High Risk
a3605e14-9d9e-5c94-9838-cf10bbf1b185,Nandi Dairy Farm #0272,Rift Valley,Dairy,3.5,1.5041,5.28,2,Emerging Agribusiness,0.08,0.2,0.24,0.44,0.12,0.2,0.4,0.08,0.08,0.1281,0.4031,0.4876,0.559,4.721,0.6632,2,High Risk
9698e9f8-1ec6-5c75-b810-f165c4c51cec,Kiambu Macadamia Farm #0273,Central Highlands,Macadamia,0.94,0.6627,5.16,2,Emerging Agribusiness,0.2,0.2,0.12,0.52,0.16,0.24,0.24,0.04,0.04,0.1311,0.1871,0.1953,1.0137,4.1463,0.6313,2,High Risk
8c46b8e9-c48f-51ed-989b-0c09871f3ccc,Lamu Cassava Farm #0274,Coastal Lowlands,Cassava,8.25,2.2246,11.88,3,Structured Farm,0.64,0.48,0.36,0.68,0.44,0.56,0.36,0.44,0.36,0.113,0.6591,0.601,1.5739,10.3061,0.5376,1,Medium Risk
43566b71-1403-5d14-8a0b-b04fee8e8df9,Kitui Sorghum Farm #0275,Eastern Semi-Arid,Sorghum,8.07,2.205,11.64,3,Structured Farm,0.48,0.52,0.44,0.68,0.56,0.52,0.44,0.24,0.24,0.1174,0.5454,0.3632,1.6726,9.9674,0.5905,2,High Risk
a7e16839-9d12-5ada-9831-98d59a4359b1,Lamu Cashew Farm #0276,Coastal Lowlands,Cashew,4.04,1.6174,6.0,2,Emerging Agribusiness,0.08,0.2,0.24,0.64,0.08,0.28,0.36,0.12,0.08,0.1741,0.37,0.4743,-0.9299,6.9299,0.6705,2,High Risk
b6e5f0f0-93c4-570c-b065-745faebeb97d,Murang'a Tea Farm #0277,Central Highlands,Tea,0.5,0.4055,6.24,2,Emerging Agribusiness,0.24,0.16,0.2,0.6,0.16,0.44,0.16,0.12,0.12,0.1587,0.05,0.0912,0.1325,6.1075,0.5284,2,High Risk
1d149bd0-7ebc-5db4-bfd4-98230b2586f3,Makueni Mangoes Farm #0278,Eastern Semi-Arid,Mangoes,1.5,0.9163,12.24,3,Structured Farm,0.44,0.56,0.6,0.64,0.48,0.4,0.6,0.36,0.36,0.0975,0.6614,0.5341,2.4572,9.7828,0.5363,1,Medium Risk
6d4e672f-6c9c-5b08-976c-241670b24c3a,Busia Dairy Farm #0279,Western Kenya,Dairy,14.07,2.7127,20.28,5,Future Ready Farm,0.92,0.84,0.92,0.84,0.84,0.76,0.8,0.84,0.76,0.0507,0.4283,0.4764,1.9592,18.3208,0.2926,0,Low Risk
47a32f35-3408-5e83-adac-f15774ffb695,Tharaka Nithi Cowpeas Farm #0280,Eastern Semi-Arid,Cowpeas,16.79,2.8786,20.16,5,Future Ready Farm,0.92,0.76,0.88,0.8,0.8,0.84,0.92,0.8,0.76,0.0566,0.8047,0.4515,1.1396,19.0204,0.3356,0,Low Risk
90288ab7-2d16-5925-9606-9f773d08e7d1,Embu Dairy Farm #0281,Central Highlands,Dairy,3.92,1.5933,5.16,2,Emerging Agribusiness,0.24,0.12,0.12,0.44,0.04,0.52,0.08,0.16,0.04,0.1636,0.1346,0.2476,0.3359,4.8241,0.6751,2,High Risk
36ec2546-2ee7-5781-afba-572ac88d8d5f,Kitui Mangoes Farm #0282,Eastern Semi-Arid,Mangoes,2.47,1.2442,6.48,2,Emerging Agribusiness,0.24,0.28,0.24,0.72,0.04,0.32,0.2,0.12,0.04,0.1895,0.6784,0.3233,-0.6864,7.1664,0.6894,2,High Risk
05ac455f-0293-5036-abf9-62cd4d8cb163,Bungoma Horticulture Farm #0283,Western Kenya,Horticulture,2.22,1.1694,5.88,2,Emerging Agribusiness,0.24,0.2,0.2,0.56,0.24,0.28,0.16,0.08,0.08,0.1318,0.3647,0.4497,0.3668,5.5132,0.5337,2,High Risk
00522069-f004-589a-af25-e8612a19b06d,Busia Cassava Farm #0284,Western Kenya,Cassava,3.01,1.3888,6.84,2,Emerging Agribusiness,0.28,0.24,0.36,0.56,0.2,0.28,0.32,0.04,0.04,0.1377,0.3926,0.4773,-0.6646,7.5046,0.6009,2,High Risk
98d45d9d-ab60-575d-9750-5622dd82dcb5,Tharaka Nithi Sorghum Farm #0285,Eastern Semi-Arid,Sorghum,6.9,2.0669,11.52,3,Structured Farm,0.4,0.48,0.4,0.72,0.64,0.56,0.32,0.32,0.32,0.1386,0.6156,0.52,2.9466,8.5734,0.4834,1,Medium Risk
315220a1-59ef-5743-b92d-5615811dcab3,Tharaka Nithi Livestock Farm #0286,Eastern Semi-Arid,Livestock,4.15,1.639,4.92,5,Future Ready Farm,0.2,0.2,0.16,0.44,0.12,0.28,0.12,0.12,0.12,0.1028,0.5901,0.5016,1.3813,3.5387,0.6875,2,High Risk
4aa4c9bc-988e-5c75-9b10-32a728daa351,Kwale Cashew Farm #0287,Coastal Lowlands,Cashew,1.69,0.9895,5.52,2,Emerging Agribusiness,0.12,0.36,0.24,0.48,0.04,0.44,0.12,0.04,0.04,0.1658,0.5581,0.6265,-0.976,6.496,0.7729,2,High Risk
db37a900-52db-5ada-870d-b2f0944e663e,Taita Taveta Cashew Farm #0288,Coastal Lowlands,Cashew,1.97,1.0886,5.4,2,Emerging Agribusiness,0.04,0.16,0.2,0.52,0.2,0.32,0.2,0.16,0.04,0.1326,0.6436,0.6349,0.2144,5.1856,0.7265,2,High Risk
4bbe86c5-1c76-5aeb-bb5b-4d6fb3395e7b,Nandi Potatoes Farm #0289,Rift Valley,Potatoes,1.5,0.9163,12.24,3,Structured Farm,0.52,0.52,0.68,0.76,0.48,0.52,0.44,0.16,0.16,0.1658,0.248,0.3898,0.9992,11.2408,0.4712,2,High Risk
5fbb762b-94a0-5a3e-b1f3-b208407f8230,Machakos Cowpeas Farm #0290,Eastern Semi-Arid,Cowpeas,0.5,0.4055,5.52,2,Emerging Agribusiness,0.12,0.2,0.16,0.52,0.2,0.32,0.28,0.04,0.04,0.1367,0.6128,0.612,0.6681,4.8519,0.6777,2,High Risk
f4b92775-3729-595d-9099-dd029f35dc09,Kirinyaga Dairy Farm #0291,Central Highlands,Dairy,5.93,1.9359,10.92,3,Structured Farm,0.2,0.44,0.44,0.68,0.52,0.56,0.48,0.32,0.2,0.137,0.2653,0.4794,1.2433,9.6767,0.5148,2,High Risk
e6040cee-1500-5c43-8636-f3a5447d3526,Kilifi Cashew Farm #0292,Coastal Lowlands,Cashew,0.5,0.4055,5.88,2,Emerging Agribusiness,0.12,0.24,0.24,0.56,0.2,0.28,0.2,0.12,0.12,0.1303,0.5914,0.4951,-1.3526,7.2326,0.678,2,High Risk
a70f18ee-9f00-5786-a47e-3561c0ef5a37,Vihiga Sugarcane Farm #0293,Western Kenya,Sugarcane,52.44,3.9786,19.2,4,Investment Ready Farm,0.84,0.8,0.84,0.88,0.76,0.84,0.76,0.68,0.68,0.06,0.4253,0.3447,3.2332,15.9668,0.2913,0,Low Risk
71631cd4-b26d-5904-91f6-dd98321976ae,Bomet Dairy Farm #0294,Rift Valley,Dairy,2.33,1.203,6.36,2,Emerging Agribusiness,0.08,0.28,0.24,0.68,0.24,0.24,0.24,0.12,0.08,0.1696,0.3722,0.287,1.4819,4.8781,0.5743,2,High Risk
8597c8de-fe48-57e9-88ec-da5b2c09e50d,Kwale Cashew Farm #0295,Coastal Lowlands,Cashew,4.56,1.7156,12.36,3,Structured Farm,0.24,0.4,0.68,0.68,0.64,0.64,0.56,0.28,0.24,0.1702,0.5889,0.4192,1.1512,11.2088,0.4944,2,High Risk
16645bcb-96d6-5788-bac8-118a5ceabf11,Makueni Cowpeas Farm #0296,Eastern Semi-Arid,Cowpeas,29.03,3.4022,20.76,5,Future Ready Farm,0.84,0.88,0.96,0.64,0.88,0.92,0.92,0.88,0.64,0.0915,0.7048,0.5075,4.7783,15.9817,0.3522,0,Low Risk
e6eee381-e205-5d61-b3fc-3f44af871393,Taita Taveta Cashew Farm #0297,Coastal Lowlands,Cashew,52.2,3.9741,19.8,4,Investment Ready Farm,0.76,0.88,0.92,0.8,0.8,0.76,0.8,0.88,0.76,0.0563,0.7112,0.3208,1.5181,18.2819,0.3827,1,Medium Risk
e3af7cc8-0808-569c-9809-217e4223d89b,Vihiga Poultry Farm #0298,Western Kenya,Poultry,5.39,1.8547,11.16,3,Structured Farm,0.44,0.6,0.52,0.48,0.4,0.44,0.48,0.36,0.36,0.0691,0.05,0.4986,3.1524,8.0076,0.397,1,Medium Risk
b7c2971c-ae40-5903-ac07-03ff31a09ca4,Kiambu Horticulture Farm #0299,Central Highlands,Horticulture,1.89,1.0613,12.24,3,Structured Farm,0.44,0.52,0.52,0.64,0.56,0.64,0.56,0.2,0.2,0.1323,0.3019,0.3856,1.8524,10.3876,0.4638,2,High Risk
3fe7a0e2-75cf-5496-9553-11e08fbb01cd,Kakamega Horticulture Farm #0300,Western Kenya,Horticulture,1.5,0.9163,11.52,3,Structured Farm,0.52,0.48,0.56,0.68,0.4,0.52,0.44,0.24,0.24,0.12,0.4222,0.5808,3.835,7.685,0.4423,2,High Risk
daaa53b1-ddfa-5ebf-b788-91853e446457,Trans Nzoia Tea Farm #0301,Rift Valley,Tea,3.48,1.4996,12.84,3,Structured Farm,0.44,0.72,0.68,0.72,0.48,0.4,0.56,0.28,0.28,0.1522,0.221,0.4223,1.288,11.552,0.3963,1,Medium Risk
e91861a9-02ef-54e2-852f-07746ab5f6f1,Tharaka Nithi Sorghum Farm #0302,Eastern Semi-Arid,Sorghum,2.2,1.1632,6.24,2,Emerging Agribusiness,0.32,0.2,0.2,0.72,0.28,0.24,0.08,0.04,0.04,0.1949,0.6197,0.6646,1.9818,4.2582,0.7285,2,High Risk
48e6ebdd-121a-562b-b078-d65316b18849,Kitui Livestock Farm #0303,Eastern Semi-Arid,Livestock,13.12,2.6476,11.4,3,Structured Farm,0.48,0.32,0.6,0.64,0.4,0.52,0.48,0.36,0.32,0.1048,0.7334,0.3573,2.0365,9.3635,0.5506,1,Medium Risk
2d80bec9-6f45-531c-96f4-e5f8789d9d88,Kiambu Avocado Farm #0304,Central Highlands,Avocado,6.2,1.9741,11.52,3,Structured Farm,0.44,0.4,0.56,0.6,0.56,0.64,0.48,0.16,0.16,0.1428,0.1657,0.1315,1.6261,9.8939,0.4781,2,High Risk
8b9634b2-6035-515f-b470-71c3e56db02b,Murang'a Horticulture Farm #0305,Central Highlands,Horticulture,22.46,3.1553,19.92,4,Investment Ready Farm,0.76,0.72,0.88,0.8,0.88,0.96,0.88,0.76,0.72,0.0768,0.156,0.3932,1.7154,18.2046,0.205,0,Low Risk
ae907f24-f776-5eb4-8129-c974983718b4,Kilifi Cassava Farm #0306,Coastal Lowlands,Cassava,2.58,1.2754,5.52,2,Emerging Agribusiness,0.12,0.12,0.2,0.64,0.2,0.24,0.28,0.04,0.04,0.1706,0.4027,0.5188,-0.2397,5.7597,0.6798,2,High Risk
14dd0915-d367-5c4a-9ff0-d8009d00ce80,Makueni Pigeon Peas Farm #0307,Eastern Semi-Arid,Pigeon Peas,0.5,0.4055,4.92,5,Future Ready Farm,0.12,0.2,0.24,0.4,0.16,0.32,0.16,0.04,0.04,0.1067,0.6221,0.5419,0.7678,4.1522,0.6812,2,High Risk
30a07758-24e4-5569-a800-6db8f20db113,Tharaka Nithi Green Grams Farm #0308,Eastern Semi-Arid,Green Grams,1.5,0.9163,12.96,3,Structured Farm,0.56,0.36,0.64,0.84,0.6,0.52,0.56,0.24,0.24,0.1685,0.671,0.5014,2.9319,10.0281,0.5229,2,High Risk
b4746351-d91a-5abe-a2cc-71d918151a99,Kisumu Dairy Farm #0309,Western Kenya,Dairy,1.45,0.8961,6.24,2,Emerging Agribusiness,0.32,0.2,0.32,0.56,0.08,0.28,0.24,0.08,0.08,0.1442,0.3618,0.4611,1.2954,4.9446,0.648,2,High Risk
ea077e24-32a9-5dbf-809c-def3771e4850,Bomet Maize Farm #0310,Rift Valley,Maize,3.37,1.4748,6.96,2,Emerging Agribusiness,0.2,0.24,0.24,0.6,0.2,0.36,0.28,0.2,0.2,0.1277,0.3278,0.3589,-0.7039,7.6639,0.5869,2,High Risk
3bed6ebe-6b17-51c5-9ea1-6857680a6140,Vihiga Maize Farm #0311,Western Kenya,Maize,1.58,0.9478,6.0,2,Emerging Agribusiness,0.24,0.16,0.24,0.48,0.24,0.32,0.16,0.16,0.16,0.1015,0.3316,0.5324,0.6436,5.3564,0.6017,2,High Risk
600233c2-3265-543e-996e-3fd21020af1d,Vihiga Maize Farm #0312,Western Kenya,Maize,1.45,0.8961,5.04,2,Emerging Agribusiness,0.36,0.16,0.12,0.56,0.04,0.24,0.16,0.04,0.04,0.1646,0.5841,0.4198,-0.542,5.582,0.77,2,High Risk
fc63bede-3019-56f2-8680-5b52ad210d50,Machakos Cowpeas Farm #0313,Eastern Semi-Arid,Cowpeas,0.95,0.6678,5.16,2,Emerging Agribusiness,0.28,0.2,0.16,0.52,0.08,0.24,0.12,0.12,0.08,0.1311,0.5699,0.499,-0.7643,5.9243,0.6596,2,High Risk
f3697a94-6ea6-5f92-bf77-3878d8c011de,Embu Dairy Farm #0314,Central Highlands,Dairy,5.08,1.805,6.24,2,Emerging Agribusiness,0.16,0.16,0.24,0.44,0.16,0.48,0.28,0.16,0.16,0.1233,0.5247,0.4577,1.8689,4.3711,0.6451,2,High Risk
90180040-0985-5ed0-a6af-ca9a6c3cbef3,Nandi Wheat Farm #0315,Rift Valley,Wheat,1.99,1.0953,5.88,2,Emerging Agribusiness,0.16,0.16,0.2,0.6,0.24,0.24,0.16,0.2,0.16,0.1377,0.1902,0.3687,0.8906,4.9894,0.5292,2,High Risk
bcc33b6e-627f-519b-8801-822ed5cc9ce6,Makueni Pigeon Peas Farm #0316,Eastern Semi-Arid,Pigeon Peas,0.5,0.4055,5.04,2,Emerging Agribusiness,0.08,0.08,0.24,0.8,0.08,0.2,0.08,0.12,0.08,0.2304,0.7661,0.4427,1.2834,3.7566,0.688,2,High Risk
61cbf967-ae55-5fe9-9c6f-277c8a610043,Lamu Vegetables Farm #0317,Coastal Lowlands,Vegetables,4.14,1.6371,5.76,2,Emerging Agribusiness,0.12,0.28,0.28,0.48,0.08,0.36,0.28,0.04,0.04,0.14,0.8235,0.3921,1.7326,4.0274,0.6916,2,High Risk
e1552303-257d-594c-b136-89f3dfe1d287,Taita Taveta Cashew Farm #0318,Coastal Lowlands,Cashew,10.5,2.4423,12.84,3,Structured Farm,0.36,0.56,0.6,0.64,0.64,0.56,0.56,0.36,0.36,0.1057,0.3313,0.2542,2.5561,10.2839,0.3892,1,Medium Risk
4670c779-5f2d-5959-84d2-54fe44ab727a,Embu Macadamia Farm #0319,Central Highlands,Macadamia,2.0,1.0986,5.64,2,Emerging Agribusiness,0.24,0.2,0.2,0.52,0.16,0.32,0.16,0.08,0.08,0.1256,0.3026,0.3595,-0.4205,6.0605,0.5753,2,High Risk
6e7a917c-467f-580b-aad4-13fccf129efc,Nandi Tea Farm #0320,Rift Valley,Tea,23.45,3.1966,19.8,4,Investment Ready Farm,0.84,0.76,0.84,0.84,0.88,0.88,0.76,0.8,0.76,0.0444,0.3282,0.177,1.5584,18.2416,0.2369,0,Low Risk
c81ec6a3-89fb-525e-b481-b04a4b6d9c7e,Siaya Dairy Farm #0321,Western Kenya,Dairy,14.41,2.735,20.4,5,Future Ready Farm,0.8,0.76,0.92,0.76,0.92,0.88,0.92,0.84,0.76,0.0656,0.1441,0.5118,3.4039,16.9961,0.2594,0,Low Risk
6c354f75-7805-5b97-89e2-404b4bb7f073,Kwale Fish Farming Farm #0322,Coastal Lowlands,Fish Farming,0.71,0.5365,5.04,2,Emerging Agribusiness,0.16,0.08,0.08,0.52,0.24,0.24,0.16,0.2,0.08,0.1308,0.616,0.5077,-0.0489,5.0889,0.6131,2,High Risk
ff9be028-7130-52cd-8fef-3ad0a1aedd51,Bungoma Cassava Farm #0323,Western Kenya,Cassava,0.5,0.4055,5.28,2,Emerging Agribusiness,0.2,0.12,0.32,0.44,0.08,0.2,0.2,0.2,0.08,0.1058,0.3097,0.5191,0.5868,4.6932,0.6122,2,High Risk
a594976d-02f9-571c-9b9b-c9773a1f1041,Embu Avocado Farm #0324,Central Highlands,Avocado,5.7,1.9021,12.12,3,Structured Farm,0.52,0.48,0.56,0.64,0.56,0.44,0.56,0.28,0.28,0.1019,0.1445,0.1164,4.0401,8.0799,0.3303,1,Medium Risk
1931ba95-058b-5f3d-8f30-e6e63db47cb5,Meru Tea Farm #0325,Central Highlands,Tea,2.68,1.3029,12.12,3,Structured Farm,0.6,0.4,0.68,0.72,0.36,0.52,0.48,0.28,0.28,0.1455,0.2487,0.2973,1.7791,10.3409,0.442,1,Medium Risk
ff850ab5-b00c-5ede-ae45-5b2b9866f9a9,Uasin Gishu Tea Farm #0326,Rift Valley,Tea,4.74,1.7475,12.24,3,Structured Farm,0.6,0.44,0.44,0.76,0.48,0.48,0.56,0.32,0.32,0.1229,0.1398,0.4473,4.1964,8.0436,0.4254,1,Medium Risk
f2109ffd-b719-5790-866d-ea8d119ff516,Nakuru Horticulture Farm #0327,Rift Valley,Horticulture,7.25,2.1102,12.12,3,Structured Farm,0.32,0.36,0.6,0.8,0.48,0.44,0.64,0.4,0.32,0.1522,0.3877,0.3626,3.5342,8.5858,0.442,1,Medium Risk
c97e372f-fa2b-5e4b-9ab2-0bccca667604,Busia Sugarcane Farm #0328,Western Kenya,Sugarcane,6.78,2.0516,12.84,3,Structured Farm,0.4,0.56,0.56,0.72,0.36,0.72,0.6,0.36,0.36,0.1385,0.6249,0.4803,3.6752,9.1648,0.4378,1,Medium Risk
d7f26643-8755-592f-a6bc-3609cc03f6fa,Kilifi Fish Farming Farm #0329,Coastal Lowlands,Fish Farming,8.76,2.2783,11.28,3,Structured Farm,0.32,0.52,0.52,0.8,0.52,0.36,0.52,0.2,0.2,0.1682,0.4793,0.5247,4.1621,7.1179,0.4654,2,High Risk
2f644d77-2a9d-5f56-97cc-348595bca40a,Makueni Sorghum Farm #0330,Eastern Semi-Arid,Sorghum,0.77,0.571,7.08,2,Emerging Agribusiness,0.16,0.36,0.28,0.72,0.16,0.28,0.28,0.12,0.12,0.1777,0.4317,0.465,-1.3346,8.4146,0.586,2,High Risk
41f9ad7f-4562-5501-aa35-4f021e9c7fba,Makueni Livestock Farm #0331,Eastern Semi-Arid,Livestock,2.72,1.3137,11.76,3,Structured Farm,0.48,0.4,0.56,0.56,0.48,0.44,0.56,0.44,0.4,0.0592,0.9105,0.5901,4.3283,7.4317,0.518,1,Medium Risk
4509b4bc-bc8c-55d8-b101-1b109e3cf7e0,Kilifi Coconut Farm #0332,Coastal Lowlands,Coconut,2.17,1.1537,6.36,2,Emerging Agribusiness,0.4,0.2,0.36,0.4,0.08,0.36,0.16,0.16,0.08,0.1199,0.7421,0.3164,-0.5512,6.9112,0.766,2,High Risk
e2345a51-454f-5a4b-bb0b-b43cbcbe8a33,Bomet Horticulture Farm #0333,Rift Valley,Horticulture,9.3,2.3321,11.52,3,Structured Farm,0.52,0.32,0.44,0.68,0.56,0.52,0.56,0.24,0.24,0.1327,0.1973,0.1794,4.2131,7.3069,0.4086,2,High Risk
fd581aa2-c5c0-5489-96b7-43c620c6f086,Kericho Dairy Farm #0334,Rift Valley,Dairy,24.13,3.2241,19.56,4,Investment Ready Farm,0.8,0.84,0.84,0.8,0.76,0.8,0.88,0.8,0.76,0.0343,0.3229,0.28,3.5151,16.0449,0.2768,0,Low Risk
01ead88a-3c43-5564-b1b3-db06a6e9d8dc,Embu Avocado Farm #0335,Central Highlands,Avocado,3.37,1.4748,6.72,2,Emerging Agribusiness,0.28,0.24,0.2,0.52,0.24,0.48,0.24,0.04,0.04,0.1442,0.3065,0.3531,0.8416,5.8784,0.5931,2,High Risk
7993b49a-a0f1-5391-b0e1-bf4ab2964d6b,Vihiga Dairy Farm #0336,Western Kenya,Dairy,7.64,2.1564,12.12,3,Structured Farm,0.52,0.48,0.56,0.76,0.48,0.48,0.44,0.32,0.32,0.1165,0.4212,0.6935,2.8256,9.2944,0.4255,1,Medium Risk
6b224d3d-c1d4-511d-906b-833c15a4738e,Tharaka Nithi Sorghum Farm #0337,Eastern Semi-Arid,Sorghum,0.5,0.4055,4.8,5,Future Ready Farm,0.16,0.16,0.12,0.48,0.16,0.24,0.2,0.08,0.08,0.1149,0.5213,0.3765,0.999,3.801,0.6556,2,High Risk
327f64ca-2493-568d-a28e-3056fd5f75f0,Kwale Coconut Farm #0338,Coastal Lowlands,Coconut,2.24,1.1756,11.88,3,Structured Farm,0.52,0.44,0.48,0.52,0.48,0.56,0.44,0.52,0.44,0.0397,0.5276,0.5427,3.253,8.627,0.448,1,Medium Risk
85793c88-f637-5245-87dd-c30a481e2eb4,Machakos Green Grams Farm #0339,Eastern Semi-Arid,Green Grams,0.5,0.4055,5.76,2,Emerging Agribusiness,0.08,0.36,0.24,0.64,0.16,0.24,0.12,0.08,0.08,0.1755,0.4301,0.5674,-1.2634,7.0234,0.5966,2,High Risk
1261bcec-c02d-5d6c-83fe-9ded2f2f213f,Vihiga Horticulture Farm #0340,Western Kenya,Horticulture,5.0,1.7918,19.44,4,Investment Ready Farm,0.68,0.76,0.92,0.84,0.88,0.8,0.88,0.72,0.68,0.0794,0.2398,0.3541,4.7995,14.6405,0.2562,0,Low Risk
95186cad-8bdc-5915-b87b-f5ae322fe552,Trans Nzoia Horticulture Farm #0341,Rift Valley,Horticulture,3.53,1.5107,5.88,2,Emerging Agribusiness,0.16,0.24,0.08,0.6,0.08,0.44,0.32,0.04,0.04,0.1849,0.312,0.1217,0.0828,5.7972,0.6213,2,High Risk
d7a2b034-2b4f-5794-a468-87f5b19a8f35,Taita Taveta Vegetables Farm #0342,Coastal Lowlands,Vegetables,15.62,2.8106,19.32,4,Investment Ready Farm,0.8,0.64,0.8,0.76,0.96,0.76,0.92,0.8,0.64,0.0926,0.5005,0.3953,3.5696,15.7504,0.3547,0,Low Risk
7c5399ad-7ddc-5a34-b669-d55d1ac9ade5,Murang'a Coffee Farm #0343,Central Highlands,Coffee,5.42,1.8594,11.64,3,Structured Farm,0.32,0.48,0.72,0.72,0.32,0.52,0.48,0.32,0.32,0.1555,0.1775,0.1659,1.6096,10.0304,0.4264,1,Medium Risk
2fed7380-5f76-5c5d-a0de-65ead53128e0,Makueni Mangoes Farm #0344,Eastern Semi-Arid,Mangoes,8.46,2.2471,13.2,3,Structured Farm,0.48,0.48,0.52,0.76,0.56,0.64,0.48,0.48,0.48,0.0954,0.819,0.3904,0.6375,12.5625,0.4888,1,Medium Risk
a5d4f55d-0962-5904-a616-58209da024e2,Bomet Potatoes Farm #0345,Rift Valley,Potatoes,9.41,2.3428,12.48,3,Structured Farm,0.52,0.6,0.52,0.72,0.48,0.52,0.4,0.4,0.4,0.098,0.1675,0.0704,3.0059,9.4741,0.4081,1,Medium Risk
4e000a97-cd94-5d17-942b-f6034dc685e2,Kitui Mangoes Farm #0346,Eastern Semi-Arid,Mangoes,9.69,2.3693,11.76,3,Structured Farm,0.56,0.48,0.6,0.64,0.48,0.52,0.32,0.32,0.32,0.1109,0.694,0.4606,1.548,10.212,0.5118,1,Medium Risk
16848e99-bdfc-569d-8abe-41a5a897cfb7,Makueni Mangoes Farm #0347,Eastern Semi-Arid,Mangoes,22.55,3.1591,19.8,4,Investment Ready Farm,0.88,0.84,0.76,0.72,0.84,0.92,0.8,0.84,0.72,0.0598,0.7827,0.5648,3.0024,16.7976,0.308,0,Low Risk
2663fa75-8d05-50be-94d0-efcb578b70d1,Nakuru Horticulture Farm #0348,Rift Valley,Horticulture,1.67,0.9821,5.16,2,Emerging Agribusiness,0.12,0.16,0.24,0.56,0.12,0.32,0.2,0.0,0.0,0.1574,0.2113,0.3685,-0.1331,5.2931,0.6189,2,High Risk
24b5961f-917b-5d9d-98d8-4f31f03b8bc0,Bomet Horticulture Farm #0349,Rift Valley,Horticulture,13.93,2.7034,12.96,3,Structured Farm,0.48,0.56,0.68,0.72,0.56,0.56,0.36,0.4,0.36,0.1166,0.2962,0.388,1.5502,11.4098,0.3924,1,Medium Risk
d31240e5-9224-515e-87ef-400f872b8fa8,Siaya Sugarcane Farm #0350,Western Kenya,Sugarcane,2.77,1.3271,5.28,2,Emerging Agribusiness,0.16,0.16,0.32,0.72,0.08,0.16,0.12,0.04,0.04,0.204,0.3751,0.3775,0.8903,4.3897,0.6087,2,High Risk
b27c4b27-3566-50b9-aa29-23dffc52bede,Siaya Dairy Farm #0351,Western Kenya,Dairy,5.65,1.8946,11.64,3,Structured Farm,0.52,0.44,0.44,0.76,0.52,0.36,0.52,0.32,0.32,0.1256,0.4138,0.2994,4.0219,7.6181,0.4083,1,Medium Risk
b7d2e923-d29b-5cae-897b-fbc9f0a92570,Machakos Pigeon Peas Farm #0352,Eastern Semi-Arid,Pigeon Peas,2.69,1.3056,5.28,2,Emerging Agribusiness,0.16,0.24,0.24,0.48,0.28,0.24,0.12,0.0,0.0,0.1296,0.5741,0.359,-0.7535,6.0335,0.7014,2,High Risk
2456c41d-f760-5871-8f0b-384b44ec680c,Nandi Dairy Farm #0353,Rift Valley,Dairy,3.9,1.5892,11.28,3,Structured Farm,0.56,0.32,0.44,0.64,0.48,0.52,0.52,0.28,0.28,0.1127,0.347,0.3221,0.8028,10.4772,0.5047,1,Medium Risk
f7f6902c-c07b-5814-b452-bd6632db19f7,Embu Macadamia Farm #0354,Central Highlands,Macadamia,10.54,2.4458,12.48,3,Structured Farm,0.44,0.56,0.56,0.64,0.48,0.64,0.48,0.36,0.36,0.0917,0.1932,0.1927,3.1343,9.3457,0.3674,1,Medium Risk
6ad9f059-5d2b-52ab-b65a-994ddbd5f834,Kericho Maize Farm #0355,Rift Valley,Maize,0.5,0.4055,5.76,2,Emerging Agribusiness,0.2,0.2,0.2,0.64,0.16,0.2,0.2,0.12,0.12,0.1536,0.3686,0.515,1.4703,4.2897,0.6933,2,High Risk
a3cf5eb4-488d-532f-86cc-91e8152d42b5,Machakos Sorghum Farm #0356,Eastern Semi-Arid,Sorghum,9.94,2.3924,12.24,3,Structured Farm,0.48,0.2,0.68,0.8,0.56,0.6,0.48,0.28,0.2,0.1852,0.4979,0.5225,2.8785,9.3615,0.5275,2,High Risk
c86a3b42-9042-5b40-a2dd-f1b3d2459727,Meru Dairy Farm #0357,Central Highlands,Dairy,4.29,1.6658,11.52,3,Structured Farm,0.28,0.44,0.6,0.6,0.56,0.64,0.48,0.24,0.24,0.1414,0.2193,0.3364,1.888,9.632,0.4951,2,High Risk
ca5187e7-be88-5423-b8d5-50031df74671,Busia Cassava Farm #0358,Western Kenya,Cassava,5.75,1.9095,12.6,3,Structured Farm,0.44,0.56,0.6,0.6,0.56,0.52,0.52,0.4,0.4,0.0676,0.3316,0.4201,3.1793,9.4207,0.4608,1,Medium Risk
b3f120a4-b553-50f8-b6a7-9675e18d15f3,Nyeri Avocado Farm #0359,Central Highlands,Avocado,4.15,1.639,4.56,5,Future Ready Farm,0.16,0.08,0.28,0.56,0.0,0.24,0.12,0.08,0.0,0.1634,0.05,0.2999,-0.5175,5.0775,0.6131,2,High Risk
c0b57633-d80c-5c2d-817b-5b13d737862f,Kilifi Vegetables Farm #0360,Coastal Lowlands,Vegetables,11.04,2.4882,12.0,3,Structured Farm,0.56,0.36,0.52,0.68,0.36,0.56,0.56,0.4,0.36,0.1077,0.5071,0.4537,2.0852,9.9148,0.4965,1,Medium Risk
86a2eb65-4684-5ff8-95b3-9af2420413cf,Machakos Green Grams Farm #0361,Eastern Semi-Arid,Green Grams,47.29,3.8772,19.56,4,Investment Ready Farm,0.8,0.72,0.8,0.76,0.88,0.8,0.92,0.84,0.72,0.0598,0.4829,0.5034,4.2711,15.2889,0.2674,0,Low Risk
808de489-ce54-5afb-9986-a256a8aeccf7,Kilifi Cassava Farm #0362,Coastal Lowlands,Cassava,1.58,0.9478,5.16,2,Emerging Agribusiness,0.12,0.24,0.24,0.56,0.12,0.28,0.12,0.04,0.04,0.1509,0.4678,0.353,1.613,3.547,0.5965,2,High Risk
bbc7a99f-385a-51c1-8c44-ce282b44a38e,Vihiga Sugarcane Farm #0363,Western Kenya,Sugarcane,2.92,1.3661,5.4,2,Emerging Agribusiness,0.16,0.12,0.4,0.52,0.12,0.28,0.04,0.16,0.04,0.1522,0.5494,0.27,-0.6551,6.0551,0.6354,2,High Risk
f9c6a9f7-6b09-5f7e-8d69-3179c0a4cbb5,Bungoma Cassava Farm #0364,Western Kenya,Cassava,2.64,1.292,7.2,2,Emerging Agribusiness,0.2,0.28,0.16,0.56,0.2,0.6,0.2,0.2,0.16,0.1649,0.2368,0.4974,-0.9414,8.1414,0.576,2,High Risk
c5702e9c-f86a-503f-a20d-1b0341ffbf97,Kilifi Cashew Farm #0365,Coastal Lowlands,Cashew,5.7,1.9021,11.52,3,Structured Farm,0.24,0.36,0.6,0.64,0.48,0.56,0.6,0.36,0.24,0.1356,0.4032,0.4145,1.7093,9.8107,0.548,2,High Risk
17ab2bf9-6d6b-53dd-a2f7-1f85017b81cf,Kitui Livestock Farm #0366,Eastern Semi-Arid,Livestock,2.65,1.2947,5.64,2,Emerging Agribusiness,0.32,0.2,0.2,0.52,0.16,0.12,0.28,0.08,0.08,0.1303,0.6268,0.4311,0.4202,5.2198,0.6399,2,High Risk
dfa8dbe2-ddf5-5429-8665-5f47cb550c72,Nyeri Dairy Farm #0367,Central Highlands,Dairy,2.41,1.2267,11.4,3,Structured Farm,0.48,0.6,0.64,0.56,0.4,0.44,0.44,0.24,0.24,0.1191,0.3059,0.2409,1.4323,9.9677,0.4735,2,High Risk
8d8574d5-e92b-58c4-8cd4-5f95b808bb27,Vihiga Horticulture Farm #0368,Western Kenya,Horticulture,3.3,1.4586,11.88,3,Structured Farm,0.4,0.52,0.6,0.48,0.44,0.68,0.48,0.36,0.36,0.0979,0.2633,0.4222,4.0534,7.8266,0.3739,1,Medium Risk
ba9c8969-c9c5-5e17-b8ec-8283e1570dd4,Makueni Mangoes Farm #0369,Eastern Semi-Arid,Mangoes,2.62,1.2865,6.12,2,Emerging Agribusiness,0.16,0.28,0.32,0.56,0.04,0.4,0.16,0.12,0.04,0.1587,0.5794,0.584,0.3746,5.7454,0.6552,2,High Risk
14a96803-0ad2-5a00-8e72-019fc007c20a,Bungoma Sugarcane Farm #0370,Western Kenya,Sugarcane,29.49,3.4174,21.0,5,Future Ready Farm,1.0,0.88,0.96,0.88,0.92,0.84,0.92,0.6,0.6,0.1139,0.1287,0.3192,1.5609,19.4391,0.2495,0,Low Risk
c2d92820-ed1b-50da-94d2-43e25735ccc5,Lamu Vegetables Farm #0371,Coastal Lowlands,Vegetables,8.3,2.23,10.8,3,Structured Farm,0.2,0.44,0.44,0.64,0.56,0.4,0.52,0.4,0.2,0.1229,0.5287,0.3072,3.4665,7.3335,0.4327,2,High Risk
f15fdca7-0c21-550d-9017-fff69a882e10,Kitui Pigeon Peas Farm #0372,Eastern Semi-Arid,Pigeon Peas,2.46,1.2413,5.16,2,Emerging Agribusiness,0.04,0.28,0.28,0.52,0.2,0.2,0.16,0.04,0.04,0.1441,0.6382,0.4756,-0.2022,5.3622,0.6258,2,High Risk
8e0a05c9-6faf-51d2-8e48-afc21b6d197e,Kwale Coconut Farm #0373,Coastal Lowlands,Coconut,1.03,0.708,5.88,2,Emerging Agribusiness,0.04,0.24,0.2,0.72,0.28,0.2,0.24,0.04,0.04,0.1984,0.4563,0.454,-0.3016,6.1816,0.5865,2,High Risk
9bb323b5-334b-5c5b-acb7-1d96755c0c03,Murang'a Dairy Farm #0374,Central Highlands,Dairy,5.32,1.8437,5.52,2,Emerging Agribusiness,0.32,0.08,0.2,0.52,0.08,0.24,0.24,0.16,0.08,0.1338,0.2658,0.2418,1.9892,3.5308,0.5843,2,High Risk
58ee1c25-e8ce-592e-8078-7e41c27d0e8a,Nandi Dairy Farm #0375,Rift Valley,Dairy,1.64,0.9708,5.4,2,Emerging Agribusiness,0.2,0.2,0.16,0.6,0.16,0.24,0.2,0.04,0.04,0.1522,0.3968,0.3348,0.5162,4.8838,0.5717,2,High Risk
2fd6af9b-5884-56e8-96b7-0e74738a7c37,Nandi Tea Farm #0376,Rift Valley,Tea,3.03,1.3938,6.12,2,Emerging Agribusiness,0.28,0.2,0.36,0.56,0.16,0.36,0.12,0.0,0.0,0.1624,0.2921,0.4356,1.3758,4.7442,0.6216,2,High Risk
b3820143-6e4b-51c9-bbd3-d305d33e7a91,Lamu Cashew Farm #0377,Coastal Lowlands,Cashew,14.18,2.72,19.8,4,Investment Ready Farm,0.84,0.92,0.92,0.8,0.8,0.68,0.92,0.72,0.68,0.087,0.5175,0.4371,4.3717,15.4283,0.3135,0,Low Risk
b0ec08b5-a515-55d3-9f0c-cc62b912a0b6,Lamu Vegetables Farm #0378,Coastal Lowlands,Vegetables,2.68,1.3029,5.04,2,Emerging Agribusiness,0.2,0.16,0.2,0.52,0.16,0.16,0.16,0.12,0.12,0.1196,0.5344,0.3959,1.146,3.894,0.6393,2,High Risk
4739748f-9aed-52e4-8608-0842a0587358,Kitui Mangoes Farm #0379,Eastern Semi-Arid,Mangoes,4.12,1.6332,5.64,2,Emerging Agribusiness,0.08,0.24,0.24,0.6,0.32,0.28,0.08,0.04,0.04,0.169,0.721,0.4173,1.4624,4.1776,0.6269,2,High Risk
17cae109-cdb4-5c16-83b9-794aecd4fd8a,Taita Taveta Cashew Farm #0380,Coastal Lowlands,Cashew,5.92,1.9344,12.84,3,Structured Farm,0.56,0.4,0.64,0.68,0.4,0.64,0.52,0.44,0.4,0.1057,0.565,0.268,3.8677,8.9723,0.4006,1,Medium Risk
87804444-0a3d-54cd-87f7-014f78ebd963,Makueni Cowpeas Farm #0381,Eastern Semi-Arid,Cowpeas,1.5,0.9163,11.16,3,Structured Farm,0.32,0.52,0.56,0.56,0.44,0.48,0.52,0.32,0.32,0.0915,0.8838,0.5253,1.9822,9.1778,0.6481,2,High Risk
886a734c-f512-5699-b13c-5df0adb01cd8,Vihiga Horticulture Farm #0382,Western Kenya,Horticulture,39.81,3.7089,18.84,4,Investment Ready Farm,0.8,0.6,0.88,0.68,0.72,0.96,0.76,0.88,0.6,0.1112,0.5861,0.3053,2.4058,16.4342,0.4021,1,Medium Risk
4a226ee6-fc06-5ea1-b0c9-130bcbda31a7,Nakuru Maize Farm #0383,Rift Valley,Maize,5.15,1.8165,12.0,3,Structured Farm,0.36,0.6,0.64,0.64,0.4,0.36,0.68,0.32,0.32,0.1428,0.4468,0.2042,1.4037,10.5963,0.533,1,Medium Risk
66e40756-5416-50fb-bdd5-8c1ea2f061cd,Makueni Green Grams Farm #0384,Eastern Semi-Arid,Green Grams,1.87,1.0543,5.16,2,Emerging Agribusiness,0.08,0.32,0.28,0.44,0.04,0.28,0.28,0.0,0.0,0.1455,0.6497,0.5651,-1.3788,6.5388,0.7226,2,High Risk
b3c86a7b-c8e3-5581-93b3-435b4c2d9837,Machakos Mangoes Farm #0385,Eastern Semi-Arid,Mangoes,0.57,0.4511,4.56,5,Future Ready Farm,0.2,0.16,0.08,0.6,0.16,0.16,0.08,0.08,0.08,0.1609,0.5999,0.4207,0.2882,4.2718,0.6318,2,High Risk
ecb4de5f-a410-5203-a0c8-a0cb12ab01a8,Siaya Maize Farm #0386,Western Kenya,Maize,40.84,3.7339,20.52,5,Future Ready Farm,0.88,0.8,0.92,0.84,0.88,0.8,0.88,0.84,0.8,0.0397,0.43,0.3237,2.0911,18.4289,0.1537,0,Low Risk
3c599d82-23b7-5b0d-bb41-00a6156d09c8,Kiambu Coffee Farm #0387,Central Highlands,Coffee,1.5,0.9163,11.52,3,Structured Farm,0.44,0.36,0.56,0.64,0.48,0.52,0.52,0.32,0.32,0.098,0.1486,0.3495,4.031,7.489,0.3876,1,Medium Risk
372dd3ea-fa00-5e54-8fe8-e080204a2347,Nandi Potatoes Farm #0388,Rift Valley,Potatoes,27.78,3.3597,19.68,4,Investment Ready Farm,0.72,0.8,0.88,0.76,0.88,0.8,0.92,0.8,0.72,0.0632,0.2402,0.3551,3.6609,16.0191,0.2423,0,Low Risk
131a8bcf-527f-5572-8f9b-74c04d64860c,Nakuru Tea Farm #0389,Rift Valley,Tea,2.9,1.361,6.12,2,Emerging Agribusiness,0.16,0.24,0.24,0.72,0.08,0.32,0.16,0.12,0.08,0.1897,0.3361,0.3315,-1.3355,7.4555,0.5944,2,High Risk
492a936a-e495-5d30-bf3a-058dec2e713d,Vihiga Maize Farm #0390,Western Kenya,Maize,41.4,3.7471,18.6,4,Investment Ready Farm,0.84,0.64,0.76,0.72,0.8,0.76,0.88,0.8,0.64,0.0691,0.2648,0.3887,4.319,14.281,0.1848,0,Low Risk
42a03eca-9f36-59b7-8c15-9dbb8efbc1f9,Tharaka Nithi Livestock Farm #0391,Eastern Semi-Arid,Livestock,1.5,0.9163,12.6,3,Structured Farm,0.52,0.4,0.68,0.72,0.48,0.6,0.4,0.4,0.4,0.1207,0.9232,0.5772,3.3305,9.2695,0.5765,1,Medium Risk
f758350e-15e8-5380-a935-ba46e1532412,Kirinyaga Tea Farm #0392,Central Highlands,Tea,2.74,1.3191,5.76,2,Emerging Agribusiness,0.24,0.12,0.2,0.52,0.16,0.4,0.16,0.12,0.12,0.1356,0.2021,0.4839,1.9812,3.7788,0.6605,2,High Risk
0bb175e9-1a93-5522-abdb-2aa10e7c7b38,Nakuru Dairy Farm #0393,Rift Valley,Dairy,7.81,2.1759,12.12,3,Structured Farm,0.56,0.56,0.64,0.6,0.4,0.64,0.36,0.28,0.28,0.1295,0.4652,0.1959,3.4234,8.6966,0.4291,1,Medium Risk
74581549-8a60-58ff-a087-1d5571eae895,Siaya Sugarcane Farm #0394,Western Kenya,Sugarcane,6.66,2.036,11.88,3,Structured Farm,0.4,0.4,0.68,0.68,0.4,0.4,0.52,0.48,0.4,0.1148,0.2141,0.4938,1.0398,10.8402,0.3965,1,Medium Risk
b0b47111-a759-54b7-a1d1-910fd1d7c456,Trans Nzoia Dairy Farm #0395,Rift Valley,Dairy,2.76,1.3244,4.92,5,Future Ready Farm,0.16,0.2,0.16,0.64,0.2,0.16,0.08,0.04,0.04,0.1726,0.2807,0.322,1.1608,3.7592,0.6535,2,High Risk
e950a381-a655-5cad-ac9b-f60986bbfede,Trans Nzoia Dairy Farm #0396,Rift Valley,Dairy,2.57,1.2726,5.28,2,Emerging Agribusiness,0.16,0.12,0.28,0.52,0.12,0.36,0.08,0.12,0.08,0.1442,0.4943,0.399,0.6903,4.5897,0.6301,2,High Risk
1e076579-e527-56f6-b820-c1a1b690dd24,Uasin Gishu Horticulture Farm #0397,Rift Valley,Horticulture,9.76,2.3758,11.4,3,Structured Farm,0.36,0.4,0.52,0.56,0.48,0.64,0.48,0.36,0.36,0.0926,0.2947,0.3485,2.0937,9.3063,0.4341,1,Medium Risk
2654c28d-80c4-57aa-b7fd-92601e4125d5,Bungoma Maize Farm #0398,Western Kenya,Maize,3.03,1.3938,5.04,2,Emerging Agribusiness,0.28,0.2,0.24,0.48,0.08,0.28,0.08,0.04,0.04,0.1353,0.1458,0.4783,-0.7289,5.7689,0.6485,2,High Risk
b994c990-b5f1-56f1-b1f7-638b690bd0dd,Nyeri Dairy Farm #0399,Central Highlands,Dairy,3.37,1.4748,6.0,2,Emerging Agribusiness,0.24,0.2,0.24,0.6,0.24,0.32,0.16,0.0,0.0,0.1584,0.5153,0.101,1.0503,4.9497,0.5517,2,High Risk
dcb93bfd-c07d-58fe-9f0c-996bca9cfca4,Vihiga Poultry Farm #0400,Western Kenya,Poultry,1.76,1.0152,4.68,5,Future Ready Farm,0.2,0.32,0.12,0.36,0.12,0.2,0.16,0.08,0.08,0.0926,0.2585,0.5096,-1.3838,6.0638,0.675,2,High Risk
bd245278-d02e-512f-9b44-981ca6db4b00,Tharaka Nithi Sorghum Farm #0401,Eastern Semi-Arid,Sorghum,3.26,1.4493,5.64,2,Emerging Agribusiness,0.24,0.28,0.28,0.4,0.2,0.24,0.2,0.04,0.04,0.0947,0.7523,0.3229,-1.4703,7.1103,0.7115,2,High Risk
25a218cd-c6ab-58e5-95a8-d9cade8867ec,Taita Taveta Coconut Farm #0402,Coastal Lowlands,Coconut,16.42,2.8576,19.2,4,Investment Ready Farm,0.88,0.56,0.88,0.68,0.92,0.8,0.92,0.76,0.56,0.12,0.4585,0.3012,3.1675,16.0325,0.3328,0,Low Risk
c6b98d93-4d2f-57e3-bbb6-01f7ad05e9fa,Makueni Pigeon Peas Farm #0403,Eastern Semi-Arid,Pigeon Peas,3.98,1.6054,12.36,3,Structured Farm,0.32,0.44,0.52,0.72,0.52,0.56,0.6,0.44,0.32,0.1121,0.4983,0.5181,1.0487,11.3113,0.5436,1,Medium Risk
2317f013-49a8-50e1-9a35-e1a9e815bb70,Bomet Maize Farm #0404,Rift Valley,Maize,3.06,1.4012,6.12,2,Emerging Agribusiness,0.2,0.16,0.2,0.64,0.24,0.28,0.24,0.08,0.08,0.1561,0.2124,0.2996,-0.2577,6.3777,0.5198,2,High Risk
fd354a20-d69f-52d3-b641-d2c6b0c04c16,Lamu Coconut Farm #0405,Coastal Lowlands,Coconut,29.52,3.4184,20.04,5,Future Ready Farm,0.88,0.8,0.96,0.72,0.88,0.72,0.92,0.8,0.72,0.0835,0.5305,0.3668,2.702,17.338,0.3183,0,Low Risk
c0376419-ec74-50ba-ba84-f84e2934bd23,Uasin Gishu Wheat Farm #0406,Rift Valley,Wheat,5.0,1.7918,20.52,5,Future Ready Farm,0.96,0.76,0.84,0.92,0.84,0.8,0.96,0.76,0.76,0.0773,0.1562,0.4239,1.0396,19.4804,0.1128,0,Low Risk
665e64a7-52f1-5186-a759-783c8d3dd63f,Kisumu Sugarcane Farm #0407,Western Kenya,Sugarcane,2.44,1.2355,6.24,2,Emerging Agribusiness,0.24,0.2,0.28,0.84,0.2,0.16,0.08,0.08,0.08,0.2289,0.3471,0.4322,-0.1,6.34,0.6307,2,High Risk
b86e8992-56c9-53a5-82c5-c1e72ec4bdd4,Nyeri Dairy Farm #0408,Central Highlands,Dairy,11.69,2.5408,11.4,3,Structured Farm,0.56,0.44,0.56,0.52,0.36,0.64,0.36,0.36,0.36,0.1028,0.0797,0.3355,1.639,9.761,0.4746,1,Medium Risk
d6224d38-a293-5033-8d49-8624eeb98757,Murang'a Tea Farm #0409,Central Highlands,Tea,1.09,0.7372,5.52,2,Emerging Agribusiness,0.16,0.32,0.24,0.56,0.16,0.2,0.16,0.04,0.04,0.1453,0.193,0.425,1.6855,3.8345,0.519,2,High Risk
275987c3-df1d-544f-8a8f-cbea57168759,Uasin Gishu Tea Farm #0410,Rift Valley,Tea,17.53,2.9194,20.28,5,Future Ready Farm,0.84,0.76,0.96,0.72,0.88,0.88,0.92,0.8,0.72,0.076,0.1625,0.5513,4.5313,15.7487,0.2071,0,Low Risk
c5107e5e-e784-5233-a1a3-ea04ce8a6562,Murang'a Tea Farm #0411,Central Highlands,Tea,8.03,2.2006,11.16,3,Structured Farm,0.4,0.32,0.48,0.68,0.48,0.52,0.56,0.28,0.28,0.1216,0.2436,0.3328,2.0819,9.0781,0.4075,1,Medium Risk
913bb142-dde1-57eb-b412-4f25897a3f31,Tharaka Nithi Sorghum Farm #0412,Eastern Semi-Arid,Sorghum,4.52,1.7084,12.48,3,Structured Farm,0.36,0.56,0.72,0.6,0.44,0.52,0.56,0.4,0.36,0.1095,0.4418,0.5814,3.1462,9.3338,0.4248,1,Medium Risk
85b40498-5050-5ea8-9fae-5a31a2f6145d,Siaya Sugarcane Farm #0413,Western Kenya,Sugarcane,0.5,0.4055,7.8,2,Emerging Agribusiness,0.36,0.24,0.4,0.64,0.24,0.44,0.16,0.12,0.12,0.1593,0.3109,0.4748,1.2754,6.5246,0.5411,2,High Risk
d2e8fc40-c5da-5bb1-a417-82e56177b0cc,Uasin Gishu Tea Farm #0414,Rift Valley,Tea,29.3,3.4111,20.4,5,Future Ready Farm,1.0,0.76,0.84,0.8,0.88,0.84,0.92,0.76,0.76,0.0768,0.287,0.2825,2.229,18.171,0.1774,0,Low Risk
401375dd-52d7-5ae5-93e0-643b6afe72dc,Kisumu Horticulture Farm #0415,Western Kenya,Horticulture,3.08,1.4061,5.04,2,Emerging Agribusiness,0.2,0.28,0.28,0.52,0.16,0.2,0.04,0.0,0.0,0.1507,0.4068,0.4298,-0.508,5.548,0.66,2,High Risk
f93cb39e-afda-5cd1-bba3-628288d0ca75,Kwale Coconut Farm #0416,Coastal Lowlands,Coconut,2.42,1.2296,5.4,2,Emerging Agribusiness,0.16,0.08,0.2,0.68,0.08,0.24,0.24,0.12,0.08,0.1821,0.5612,0.6041,-0.7489,6.1489,0.6262,2,High Risk
c9991c9e-8eac-5c1e-b4f8-89192ab9e229,Nakuru Potatoes Farm #0417,Rift Valley,Potatoes,2.08,1.1249,6.36,2,Emerging Agribusiness,0.2,0.24,0.2,0.56,0.2,0.28,0.28,0.16,0.16,0.1182,0.2659,0.2104,1.8467,4.5133,0.5773,2,High Risk
33e3cfd9-2b1f-5d85-bb6b-6c14573e7574,Nandi Horticulture Farm #0418,Rift Valley,Horticulture,8.27,2.2268,11.4,3,Structured Farm,0.44,0.48,0.6,0.68,0.36,0.44,0.4,0.4,0.36,0.1028,0.327,0.5741,1.3196,10.0804,0.4569,1,Medium Risk
1ccd033c-ac8e-5fbb-9649-44eabe30754b,Meru Macadamia Farm #0419,Central Highlands,Macadamia,1.42,0.8838,5.28,2,Emerging Agribusiness,0.08,0.36,0.2,0.64,0.12,0.32,0.04,0.0,0.0,0.199,0.1139,0.3576,-0.2408,5.5208,0.6308,2,High Risk
d8c4f914-bb81-5df0-aa1f-10b0cce055eb,Kilifi Fish Farming Farm #0420,Coastal Lowlands,Fish Farming,5.0,1.7918,20.4,5,Future Ready Farm,0.8,0.84,0.84,0.84,0.84,0.84,1.0,0.8,0.8,0.0592,0.5029,0.4582,3.4979,16.9021,0.2527,0,Low Risk
ee219093-3786-5cb7-a5a4-b7a9c5678355,Bungoma Cassava Farm #0421,Western Kenya,Cassava,10.66,2.4562,12.96,3,Structured Farm,0.44,0.44,0.56,0.8,0.52,0.52,0.6,0.44,0.44,0.1131,0.4679,0.5859,3.377,9.583,0.3592,1,Medium Risk
e2505503-7125-5e2a-911c-6b16a6b74635,Nyeri Tea Farm #0422,Central Highlands,Tea,3.7,1.5476,5.4,2,Emerging Agribusiness,0.12,0.16,0.2,0.52,0.08,0.28,0.28,0.16,0.08,0.1295,0.2413,0.2702,-1.1431,6.5431,0.5543,2,High Risk
a30cec32-92f4-5e85-932d-16e81e929923,Nyeri Macadamia Farm #0423,Central Highlands,Macadamia,2.38,1.2179,4.68,5,Future Ready Farm,0.24,0.24,0.12,0.4,0.12,0.08,0.16,0.2,0.08,0.0947,0.05,0.0807,1.7679,2.9121,0.5756,2,High Risk
6d23e309-af46-58c2-86a5-28a88ae0592a,Kisumu Horticulture Farm #0424,Western Kenya,Horticulture,3.15,1.4231,5.64,2,Emerging Agribusiness,0.24,0.28,0.36,0.4,0.12,0.2,0.2,0.08,0.08,0.1028,0.1577,0.3978,1.1508,4.4892,0.6013,2,High Risk
1e47c791-3d98-5515-9642-01d9cb78e265,Kericho Wheat Farm #0425,Rift Valley,Wheat,12.19,2.5795,12.48,3,Structured Farm,0.44,0.48,0.68,0.68,0.48,0.6,0.44,0.36,0.36,0.1114,0.5155,0.4226,1.4011,11.0789,0.5122,1,Medium Risk
cfc452aa-b65e-57df-939c-c5b863b918f2,Uasin Gishu Tea Farm #0426,Rift Valley,Tea,2.96,1.3762,13.2,3,Structured Farm,0.64,0.56,0.56,0.52,0.52,0.68,0.64,0.28,0.28,0.1162,0.318,0.1828,1.3079,11.8921,0.4591,1,Medium Risk
d6aa5bfc-62dd-5ab7-94bb-02b21d501f7a,Bomet Dairy Farm #0427,Rift Valley,Dairy,3.22,1.4398,5.28,2,Emerging Agribusiness,0.28,0.24,0.12,0.56,0.08,0.32,0.12,0.04,0.04,0.1587,0.0988,0.2761,1.5721,3.7079,0.5999,2,High Risk
5e35bbdb-f47e-50fc-9aec-7b259eb1b6b5,Uasin Gishu Horticulture Farm #0428,Rift Valley,Horticulture,5.7,1.9021,10.68,3,Structured Farm,0.4,0.32,0.2,0.72,0.48,0.56,0.6,0.28,0.2,0.1655,0.5115,0.1861,2.2559,8.4241,0.4512,2,High Risk
412eebc1-c22e-568f-9bf2-12016f0cbd02,Kakamega Poultry Farm #0429,Western Kenya,Poultry,1.18,0.7793,6.36,2,Emerging Agribusiness,0.16,0.2,0.48,0.56,0.12,0.32,0.2,0.08,0.08,0.1624,0.1635,0.3376,1.0913,5.2687,0.5707,2,High Risk
bdb40337-f2b9-5dd1-aa84-6139c5667ffc,Busia Horticulture Farm #0430,Western Kenya,Horticulture,6.62,2.0308,12.48,3,Structured Farm,0.52,0.4,0.52,0.72,0.56,0.6,0.52,0.32,0.32,0.1131,0.388,0.4428,4.3093,8.1707,0.3885,1,Medium Risk
1cc664c7-f8c7-5c28-b2b8-9bad1b6daeae,Embu Coffee Farm #0431,Central Highlands,Coffee,21.5,3.1135,19.92,4,Investment Ready Farm,0.84,0.64,0.96,0.88,0.76,0.88,0.92,0.76,0.64,0.0975,0.0661,0.2088,1.6264,18.2936,0.198,0,Low Risk
93c654e9-543f-5f41-b431-9f15ffa593a1,Kirinyaga Dairy Farm #0432,Central Highlands,Dairy,8.18,2.217,13.2,3,Structured Farm,0.4,0.64,0.52,0.64,0.56,0.72,0.52,0.4,0.4,0.1072,0.0929,0.4484,1.3266,11.8734,0.4179,1,Medium Risk
6d2757dd-3ff1-5b65-8f01-9d3abd530838,Busia Horticulture Farm #0433,Western Kenya,Horticulture,6.82,2.0567,11.88,3,Structured Farm,0.36,0.4,0.6,0.76,0.52,0.4,0.52,0.4,0.36,0.1264,0.4213,0.2727,1.8499,10.0301,0.4116,1,Medium Risk
97eae74a-2f91-5e15-b796-9f2dadc93aea,Kericho Potatoes Farm #0434,Rift Valley,Potatoes,6.88,2.0643,14.28,3,Structured Farm,0.4,0.52,0.68,0.72,0.64,0.64,0.68,0.48,0.4,0.1067,0.1664,0.3339,3.1056,11.1744,0.3597,1,Medium Risk
47a41b84-ab0b-5c32-9015-86390303aa91,Busia Dairy Farm #0435,Western Kenya,Dairy,1.58,0.9478,6.48,2,Emerging Agribusiness,0.12,0.2,0.28,0.6,0.12,0.44,0.28,0.12,0.12,0.1622,0.4725,0.4824,-0.6428,7.1228,0.6235,2,High Risk
7b7740de-44d9-5e9b-83e5-76027962fae5,Bomet Maize Farm #0436,Rift Valley,Maize,0.5,0.4055,5.28,2,Emerging Agribusiness,0.12,0.2,0.32,0.64,0.08,0.28,0.08,0.04,0.04,0.1844,0.5275,0.22,0.3413,4.9387,0.7251,2,High Risk
c28972d6-e28d-5163-b0fe-1cef829f6121,Kilifi Cassava Farm #0437,Coastal Lowlands,Cassava,2.04,1.1119,5.52,2,Emerging Agribusiness,0.16,0.2,0.2,0.48,0.12,0.36,0.16,0.16,0.12,0.1162,0.7325,0.3235,-1.4569,6.9769,0.7491,2,High Risk
fcc7af96-1e10-58d3-99a4-13606f463a02,Kitui Mangoes Farm #0438,Eastern Semi-Arid,Mangoes,1.5,0.9163,14.04,3,Structured Farm,0.48,0.56,0.56,0.76,0.72,0.6,0.6,0.4,0.4,0.1094,0.623,0.3586,2.0641,11.9759,0.414,1,Medium Risk
8bcd2a17-ae60-58b3-8172-3d13e4831537,Kisumu Sugarcane Farm #0439,Western Kenya,Sugarcane,12.17,2.5779,11.76,3,Structured Farm,0.52,0.48,0.64,0.68,0.28,0.56,0.44,0.32,0.28,0.1323,0.2102,0.604,2.5669,9.1931,0.4351,1,Medium Risk
0c14f667-f62d-5fe0-8720-40eba72d8166,Taita Taveta Cashew Farm #0440,Coastal Lowlands,Cashew,5.27,1.8358,12.0,3,Structured Farm,0.36,0.4,0.64,0.72,0.4,0.56,0.64,0.28,0.28,0.1497,0.536,0.5142,0.8052,11.1948,0.5014,1,Medium Risk
7e6308b7-92de-5b41-ba17-402c8a5f88ac,Machakos Pigeon Peas Farm #0441,Eastern Semi-Arid,Pigeon Peas,24.25,3.2288,18.84,4,Investment Ready Farm,0.72,0.72,0.84,0.84,0.84,0.8,0.84,0.68,0.68,0.063,0.4752,0.6035,2.8888,15.9512,0.3324,0,Low Risk
b076b4f7-4b9d-5382-94f2-b73f7406a93a,Busia Horticulture Farm #0442,Western Kenya,Horticulture,0.51,0.4121,4.68,5,Future Ready Farm,0.12,0.2,0.2,0.48,0.08,0.24,0.08,0.16,0.08,0.1207,0.2667,0.3923,1.9658,2.7142,0.6005,2,High Risk
9df51bfa-4e80-50ba-960d-1768f758bc97,Bomet Tea Farm #0443,Rift Valley,Tea,4.89,1.7733,12.36,3,Structured Farm,0.52,0.48,0.64,0.76,0.48,0.52,0.44,0.28,0.28,0.1318,0.3571,0.2649,1.2805,11.0795,0.3858,1,Medium Risk
7ca11995-366e-5768-a700-da8649c593f4,Nyeri Tea Farm #0444,Central Highlands,Tea,0.81,0.5933,5.76,2,Emerging Agribusiness,0.36,0.16,0.2,0.48,0.12,0.28,0.16,0.16,0.12,0.1166,0.2664,0.2961,1.3144,4.4456,0.6188,2,High Risk
c98eff32-5096-5d6f-8da8-4db9adc8b2e2,Bomet Maize Farm #0445,Rift Valley,Maize,2.65,1.2947,6.0,2,Emerging Agribusiness,0.2,0.24,0.2,0.52,0.2,0.32,0.24,0.08,0.08,0.1196,0.424,0.3553,0.8385,5.1615,0.5887,2,High Risk
2cc667f0-7fb6-5ba0-b65f-8afd45c43aac,Kiambu Avocado Farm #0446,Central Highlands,Avocado,1.5,0.9163,12.48,3,Structured Farm,0.56,0.32,0.56,0.84,0.52,0.6,0.52,0.24,0.24,0.1697,0.3251,0.2243,0.7053,11.7747,0.4377,2,High Risk
0cff414d-ff23-585d-8e04-d0ca87a7372f,Embu Horticulture Farm #0447,Central Highlands,Horticulture,52.74,3.9842,20.88,5,Future Ready Farm,0.88,0.84,0.92,0.8,0.88,0.84,0.92,0.88,0.8,0.0387,0.2454,0.2194,1.6326,19.2474,0.2124,0,Low Risk
48e68490-abb3-53a3-854a-175fd1e5a582,Kilifi Coconut Farm #0448,Coastal Lowlands,Coconut,5.2,1.8245,13.2,3,Structured Farm,0.52,0.48,0.72,0.68,0.44,0.64,0.52,0.4,0.4,0.1091,0.5541,0.4061,4.2584,8.9416,0.3658,1,Medium Risk
cd774cfd-6ff5-5041-ba59-d4ad0c6606d0,Kirinyaga Macadamia Farm #0449,Central Highlands,Macadamia,1.8,1.0296,4.8,5,Future Ready Farm,0.2,0.16,0.32,0.32,0.16,0.24,0.12,0.08,0.08,0.0825,0.05,0.2346,0.656,4.144,0.4987,2,High Risk
1b0c318d-1284-5cab-ab6c-18e00d585ee4,Kitui Green Grams Farm #0450,Eastern Semi-Arid,Green Grams,8.23,2.2225,12.48,3,Structured Farm,0.68,0.44,0.56,0.72,0.4,0.44,0.52,0.4,0.4,0.1166,0.5561,0.4848,3.1529,9.3271,0.465,1,Medium Risk
b190883a-41fe-54b4-96ca-53f9abcae5f8,Trans Nzoia Maize Farm #0451,Rift Valley,Maize,3.03,1.3938,5.16,2,Emerging Agribusiness,0.16,0.12,0.2,0.52,0.16,0.36,0.12,0.08,0.08,0.1399,0.1944,0.4461,-0.39,5.55,0.6396,2,High Risk
e6f9a555-78d5-5db6-9b88-7806d27d146a,Kilifi Vegetables Farm #0452,Coastal Lowlands,Vegetables,13.01,2.6398,19.32,4,Investment Ready Farm,0.96,0.68,0.88,0.68,0.76,0.92,0.84,0.72,0.68,0.1028,0.3432,0.52,2.2154,17.1046,0.306,0,Low Risk
3a79334b-393a-5066-aea8-a9061a625d29,Kilifi Coconut Farm #0453,Coastal Lowlands,Coconut,8.97,2.2996,12.24,3,Structured Farm,0.56,0.48,0.48,0.76,0.4,0.48,0.52,0.4,0.4,0.1072,0.6421,0.5924,3.4998,8.7402,0.4723,1,Medium Risk
a38d9bef-c321-5f8f-8c97-b9343c5f7c48,Nyeri Macadamia Farm #0454,Central Highlands,Macadamia,5.28,1.8374,5.28,2,Emerging Agribusiness,0.2,0.28,0.2,0.56,0.16,0.16,0.16,0.04,0.04,0.1428,0.1702,0.3668,-0.2413,5.5213,0.6043,2,High Risk
a261df4e-a8d1-5c66-a11c-e4bdd537b820,Lamu Cassava Farm #0455,Coastal Lowlands,Cassava,1.36,0.8587,5.16,2,Emerging Agribusiness,0.08,0.28,0.12,0.52,0.08,0.32,0.2,0.12,0.08,0.1427,0.4536,0.5992,-0.7129,5.8729,0.7426,2,High Risk
6c1efb85-15ab-50da-9f17-d6ea02845939,Uasin Gishu Tea Farm #0456,Rift Valley,Tea,3.14,1.4207,4.8,5,Future Ready Farm,0.12,0.12,0.32,0.56,0.04,0.32,0.08,0.04,0.04,0.172,0.3179,0.3439,-0.3048,5.1048,0.6432,2,High Risk
951cd2a5-57b0-556a-8bd8-6f51e7861c56,Kakamega Cassava Farm #0457,Western Kenya,Cassava,23.57,3.2015,20.16,5,Future Ready Farm,0.88,0.88,0.76,0.76,0.92,0.8,0.88,0.84,0.76,0.0566,0.2111,0.4246,1.2991,18.8609,0.2464,0,Low Risk
7c199030-93c8-56f7-b3a1-679471655fdc,Kwale Vegetables Farm #0458,Coastal Lowlands,Vegetables,2.3,1.1939,6.72,2,Emerging Agribusiness,0.08,0.24,0.36,0.64,0.12,0.36,0.28,0.16,0.08,0.1673,0.5872,0.5051,1.3256,5.3944,0.6894,2,High Risk
f5156b5f-0c30-5e96-8d49-9a676c8c6513,Embu Horticulture Farm #0459,Central Highlands,Horticulture,5.47,1.8672,11.76,3,Structured Farm,0.4,0.48,0.44,0.76,0.48,0.56,0.52,0.28,0.28,0.1292,0.2659,0.2146,2.4601,9.2999,0.3642,1,Medium Risk
cf82d44e-f50a-5a5d-a43d-2e0f6f8e32e5,Tharaka Nithi Green Grams Farm #0460,Eastern Semi-Arid,Green Grams,4.84,1.7647,13.32,3,Structured Farm,0.6,0.44,0.84,0.68,0.4,0.72,0.44,0.32,0.32,0.1702,0.7178,0.6764,2.1213,11.1987,0.5792,1,Medium Risk
33a1ba31-b7f9-5534-83bb-7500b752ebf0,Kisumu Poultry Farm #0461,Western Kenya,Poultry,8.6,2.2618,14.16,3,Structured Farm,0.48,0.36,0.64,0.92,0.6,0.72,0.64,0.36,0.36,0.1764,0.5576,0.3548,4.2307,9.9293,0.4351,1,Medium Risk
4948f09f-0039-5d77-abfc-cef46b35195f,Busia Sugarcane Farm #0462,Western Kenya,Sugarcane,3.08,1.4061,5.28,2,Emerging Agribusiness,0.28,0.24,0.24,0.44,0.04,0.28,0.12,0.12,0.04,0.1166,0.4875,0.3539,1.6347,3.6453,0.7238,2,High Risk
83cf3ad7-3009-564d-8f0f-0d6a6fa7f146,Kirinyaga Dairy Farm #0463,Central Highlands,Dairy,28.89,3.3975,19.8,4,Investment Ready Farm,0.88,0.8,0.8,0.8,0.8,0.8,0.96,0.76,0.76,0.0598,0.3669,0.3729,3.1915,16.6085,0.2501,0,Low Risk
3a91d105-2de4-5675-9579-017f427c9651,Kirinyaga Macadamia Farm #0464,Central Highlands,Macadamia,3.61,1.5282,6.12,2,Emerging Agribusiness,0.36,0.24,0.16,0.56,0.12,0.36,0.16,0.08,0.08,0.1509,0.1499,0.2336,-0.4282,6.5482,0.5806,2,High Risk
83b49571-8e8a-55d7-aa78-6a3701d940bd,Kitui Mangoes Farm #0465,Eastern Semi-Arid,Mangoes,20.14,3.0512,13.32,3,Structured Farm,0.52,0.48,0.64,0.8,0.64,0.6,0.52,0.24,0.24,0.1516,0.6179,0.374,2.066,11.254,0.4612,2,High Risk
65b0190e-97f2-5221-9b98-d3c601c602a7,Taita Taveta Vegetables Farm #0466,Coastal Lowlands,Vegetables,5.16,1.8181,12.36,3,Structured Farm,0.44,0.44,0.52,0.68,0.64,0.6,0.52,0.28,0.28,0.1207,0.4716,0.5635,3.8558,8.5042,0.403,1,Medium Risk
26e1d8b3-b787-52d3-936f-b46e279fdae7,Kitui Sorghum Farm #0467,Eastern Semi-Arid,Sorghum,2.21,1.1663,12.24,3,Structured Farm,0.48,0.52,0.6,0.64,0.44,0.52,0.56,0.32,0.32,0.0933,0.6724,0.5172,2.9671,9.2729,0.5411,1,Medium Risk
f6112f18-b202-5465-a8d9-c55f238bffb4,Vihiga Poultry Farm #0468,Western Kenya,Poultry,15.11,2.7794,19.44,4,Investment Ready Farm,0.88,0.8,0.88,0.72,0.84,0.76,0.88,0.72,0.72,0.0656,0.4586,0.4631,3.8894,15.5506,0.1991,0,Low Risk
fd32870e-45d9-526c-9191-ac9d488b0e81,Taita Taveta Coconut Farm #0469,Coastal Lowlands,Coconut,2.13,1.141,6.72,2,Emerging Agribusiness,0.28,0.2,0.2,0.56,0.2,0.44,0.24,0.12,0.12,0.1371,0.338,0.4394,-0.9663,7.6863,0.6829,2,High Risk
9e33ff15-840f-5e34-a46b-62b5963939f5,Meru Dairy Farm #0470,Central Highlands,Dairy,2.85,1.3481,12.24,3,Structured Farm,0.52,0.6,0.44,0.6,0.56,0.6,0.52,0.24,0.24,0.1145,0.3738,0.4112,1.9782,10.2618,0.4634,2,High Risk
4a28aeee-a0fb-50c5-a1db-961c18147508,Lamu Fish Farming Farm #0471,Coastal Lowlands,Fish Farming,2.0,1.0986,5.88,2,Emerging Agribusiness,0.2,0.16,0.36,0.6,0.08,0.28,0.2,0.08,0.08,0.1605,0.479,0.4597,1.1762,4.7038,0.6114,2,High Risk
0392601d-b3c3-55b5-9158-bba0b010932a,Kakamega Dairy Farm #0472,Western Kenya,Dairy,3.89,1.5872,5.4,2,Emerging Agribusiness,0.24,0.16,0.12,0.56,0.16,0.16,0.28,0.12,0.12,0.137,0.3262,0.3293,-0.5601,5.9601,0.6289,2,High Risk
312ea422-2c91-5f9d-a01a-efe381920131,Nandi Potatoes Farm #0473,Rift Valley,Potatoes,1.65,0.9746,5.64,2,Emerging Agribusiness,0.2,0.16,0.44,0.44,0.08,0.28,0.12,0.16,0.08,0.1303,0.2861,0.3266,1.6346,4.0054,0.563,2,High Risk
86506231-0ad0-5c3f-bcc8-4fa0627417db,Makueni Mangoes Farm #0474,Eastern Semi-Arid,Mangoes,1.47,0.9042,5.52,2,Emerging Agribusiness,0.2,0.2,0.36,0.48,0.12,0.24,0.12,0.12,0.12,0.1212,0.7012,0.5991,-1.1196,6.6396,0.7325,2,High Risk
0b0a4437-6093-57d1-99d2-a508192af50a,Busia Dairy Farm #0475,Western Kenya,Dairy,3.74,1.556,5.76,2,Emerging Agribusiness,0.32,0.2,0.2,0.52,0.16,0.2,0.2,0.12,0.12,0.1183,0.3572,0.3754,1.3674,4.3926,0.5539,2,High Risk
7d17dfe9-2583-56fa-97e7-dee95961e27b,Trans Nzoia Maize Farm #0476,Rift Valley,Maize,3.36,1.4725,5.28,2,Emerging Agribusiness,0.24,0.12,0.24,0.44,0.12,0.4,0.04,0.16,0.04,0.1311,0.2471,0.4235,-0.8952,6.1752,0.7057,2,High Risk
d3296490-357a-5cd9-9154-c8422f4be2de,Kilifi Fish Farming Farm #0477,Coastal Lowlands,Fish Farming,2.82,1.3403,4.44,5,Future Ready Farm,0.16,0.28,0.12,0.4,0.12,0.16,0.12,0.12,0.12,0.0958,0.8124,0.5063,-0.19,4.63,0.6933,2,High Risk
f553b64d-b32d-5e15-8769-920f3e08d23c,Kisumu Dairy Farm #0478,Western Kenya,Dairy,1.77,1.0188,12.84,3,Structured Farm,0.64,0.6,0.52,0.76,0.52,0.36,0.52,0.36,0.36,0.1264,0.3846,0.4604,1.6993,11.1407,0.4384,1,Medium Risk
6703552a-462b-56ba-a02b-f564d5c71a1d,Kericho Maize Farm #0479,Rift Valley,Maize,9.8,2.3795,11.76,3,Structured Farm,0.6,0.56,0.52,0.52,0.44,0.64,0.56,0.08,0.08,0.1646,0.3122,0.4406,4.3661,7.3939,0.4043,2,High Risk
3c6fa12f-ab59-5cb2-8a01-b98c8c639861,Nakuru Horticulture Farm #0480,Rift Valley,Horticulture,0.5,0.4055,4.44,5,Future Ready Farm,0.16,0.2,0.12,0.32,0.16,0.2,0.12,0.2,0.12,0.0598,0.2016,0.283,-0.4119,4.8519,0.5302,2,High Risk
99d7838e-49ce-55b4-80c9-0f784b3d4ca4,Embu Avocado Farm #0481,Central Highlands,Avocado,2.59,1.2782,5.04,2,Emerging Agribusiness,0.12,0.16,0.32,0.52,0.12,0.2,0.16,0.08,0.08,0.1353,0.092,0.1584,1.4947,3.5453,0.5329,2,High Risk
51b48a65-d463-50e3-aa09-8d228cf2b24c,Taita Taveta Vegetables Farm #0482,Coastal Lowlands,Vegetables,1.81,1.0332,5.4,2,Emerging Agribusiness,0.16,0.32,0.16,0.52,0.16,0.24,0.2,0.04,0.04,0.1341,0.4785,0.5745,-0.4809,5.8809,0.675,2,High Risk
e3ec1dc9-d08a-5bb1-aa8c-5a51692bdb27,Kakamega Maize Farm #0483,Western Kenya,Maize,14.28,2.7265,11.52,3,Structured Farm,0.4,0.48,0.68,0.6,0.4,0.44,0.56,0.28,0.28,0.12,0.2825,0.4147,3.391,8.129,0.4199,1,Medium Risk
12a2e828-c1b8-5e72-b580-0b3fe1d9c267,Kirinyaga Avocado Farm #0484,Central Highlands,Avocado,3.36,1.4725,6.24,2,Emerging Agribusiness,0.24,0.2,0.28,0.56,0.16,0.36,0.16,0.12,0.12,0.1342,0.4231,0.4515,0.0461,6.1939,0.652,2,High Risk
447326b7-63cb-51c2-bc12-35d17aae158f,Meru Dairy Farm #0485,Central Highlands,Dairy,3.73,1.5539,5.88,2,Emerging Agribusiness,0.12,0.36,0.16,0.64,0.0,0.28,0.2,0.2,0.0,0.1794,0.2667,0.3315,-0.0717,5.9517,0.6372,2,High Risk
2c6ee904-6aa8-5507-9919-1bf343c7ca90,Siaya Horticulture Farm #0486,Western Kenya,Horticulture,2.75,1.3218,6.48,2,Emerging Agribusiness,0.24,0.44,0.24,0.6,0.16,0.28,0.16,0.04,0.04,0.1646,0.5276,0.4172,0.9441,5.5359,0.6266,2,High Risk
fe61155f-202b-5c4c-b475-1a69670bd066,Murang'a Horticulture Farm #0487,Central Highlands,Horticulture,0.68,0.5188,4.56,5,Future Ready Farm,0.08,0.12,0.4,0.44,0.04,0.36,0.04,0.04,0.04,0.1658,0.3115,0.269,-0.1077,4.6677,0.692,2,High Risk
9a104887-03c8-5c82-b6bc-55fbcf193e63,Kakamega Dairy Farm #0488,Western Kenya,Dairy,3.62,1.5304,5.16,2,Emerging Agribusiness,0.12,0.16,0.2,0.6,0.12,0.24,0.2,0.08,0.08,0.1535,0.2805,0.3662,0.0986,5.0614,0.5831,2,High Risk
0dbf227f-c977-5c80-a962-99fc4705732d,Machakos Pigeon Peas Farm #0489,Eastern Semi-Arid,Pigeon Peas,9.22,2.3243,11.16,3,Structured Farm,0.36,0.44,0.36,0.56,0.52,0.56,0.48,0.44,0.36,0.0747,0.6912,0.4902,1.1521,10.0079,0.4834,1,Medium Risk
e1c2619c-d990-55d1-bf60-46d90dec6a0f,Nakuru Tea Farm #0490,Rift Valley,Tea,1.97,1.0886,13.44,3,Structured Farm,0.64,0.52,0.44,0.72,0.64,0.56,0.56,0.4,0.4,0.1,0.5352,0.2119,2.6066,10.8334,0.4308,1,Medium Risk
7eb7bbe7-122d-53e2-87fe-ab937037c61c,Taita Taveta Cashew Farm #0491,Coastal Lowlands,Cashew,12.26,2.5848,12.0,3,Structured Farm,0.52,0.36,0.4,0.64,0.56,0.68,0.44,0.4,0.36,0.1114,0.6135,0.4782,2.6033,9.3967,0.5449,1,Medium Risk
c566d35b-7b60-5227-a60b-19622a947ba2,Vihiga Poultry Farm #0492,Western Kenya,Poultry,2.21,1.1663,12.24,3,Structured Farm,0.6,0.44,0.68,0.56,0.32,0.64,0.44,0.4,0.32,0.1196,0.2112,0.3006,4.4366,7.8034,0.3052,1,Medium Risk
5110914a-d10f-5d62-b5f3-72afd1f97299,Taita Taveta Cashew Farm #0493,Coastal Lowlands,Cashew,4.93,1.78,12.96,3,Structured Farm,0.52,0.44,0.64,0.72,0.52,0.68,0.44,0.36,0.36,0.12,0.4967,0.4345,4.0797,8.8803,0.4431,1,Medium Risk
5e5f447e-9ded-578c-a50a-68c04c4d263c,Siaya Cassava Farm #0494,Western Kenya,Cassava,2.47,1.2442,5.52,2,Emerging Agribusiness,0.32,0.32,0.16,0.44,0.12,0.2,0.24,0.04,0.04,0.1196,0.1158,0.2913,0.5965,4.9235,0.5402,2,High Risk
72d5abbb-009e-575e-b902-daa44b9f70e4,Taita Taveta Fish Farming Farm #0495,Coastal Lowlands,Fish Farming,8.89,2.2915,11.04,3,Structured Farm,0.44,0.44,0.52,0.6,0.44,0.52,0.4,0.32,0.32,0.08,0.573,0.588,1.522,9.518,0.534,1,Medium Risk
501f0bf7-c805-5831-8639-f0ed66aecaf8,Kitui Livestock Farm #0496,Eastern Semi-Arid,Livestock,6.48,2.0122,11.88,3,Structured Farm,0.4,0.44,0.64,0.6,0.56,0.52,0.32,0.48,0.32,0.0999,0.6312,0.585,1.4015,10.4785,0.5594,1,Medium Risk
b3925f45-7819-5b11-b568-2f3f56cbcadb,Embu Horticulture Farm #0497,Central Highlands,Horticulture,4.09,1.6273,5.88,2,Emerging Agribusiness,0.2,0.16,0.28,0.6,0.24,0.12,0.16,0.2,0.12,0.142,0.05,0.1637,-0.9983,6.8783,0.5755,2,High Risk
d98be75c-3e2d-591c-a56f-46f27eb40e82,Tharaka Nithi Green Grams Farm #0498,Eastern Semi-Arid,Green Grams,5.75,1.9095,11.52,3,Structured Farm,0.56,0.32,0.44,0.68,0.52,0.48,0.52,0.32,0.32,0.1131,0.7323,0.6434,1.383,10.137,0.5769,1,Medium Risk
5948643b-6e1e-536b-8dd4-d37555601d31,Kwale Cashew Farm #0499,Coastal Lowlands,Cashew,2.51,1.2556,6.24,2,Emerging Agribusiness,0.32,0.16,0.24,0.64,0.24,0.2,0.16,0.12,0.12,0.1549,0.3396,0.39,1.4925,4.7475,0.63,2,High Risk
5d213b3f-806b-57d7-ac51-ba11e74a4e52,Kericho Wheat Farm #0500,Rift Valley,Wheat,6.41,2.0028,10.92,3,Structured Farm,0.6,0.4,0.36,0.64,0.32,0.56,0.36,0.4,0.32,0.1165,0.5042,0.5048,0.744,10.176,0.5389,1,Medium Risk
763d0300-3489-590b-a962-9c510176a35a,Kericho Maize Farm #0501,Rift Valley,Maize,5.87,1.9272,11.16,3,Structured Farm,0.44,0.56,0.52,0.52,0.48,0.48,0.32,0.4,0.32,0.0719,0.44,0.3245,3.5293,7.6307,0.4946,1,Medium Risk
af1689c4-8674-5194-9469-348d51e7df0f,Meru Horticulture Farm #0502,Central Highlands,Horticulture,9.18,2.3204,20.88,5,Future Ready Farm,0.88,0.84,0.84,0.88,0.8,0.92,1.0,0.8,0.8,0.0624,0.2131,0.4411,1.6656,19.2144,0.2133,0,Low Risk
cff2e7f0-3b92-53cf-8238-8d91742a6262,Busia Horticulture Farm #0503,Western Kenya,Horticulture,18.99,2.9952,19.92,4,Investment Ready Farm,0.88,0.76,0.88,0.8,0.8,0.84,0.88,0.8,0.76,0.0436,0.3138,0.3064,2.0794,17.8406,0.2022,0,Low Risk
f3d84e34-6fd4-519f-85b2-cd2274b3dc49,Kisumu Maize Farm #0504,Western Kenya,Maize,6.64,2.0334,11.04,3,Structured Farm,0.68,0.44,0.56,0.44,0.48,0.48,0.36,0.24,0.24,0.1217,0.2998,0.5255,3.0761,7.9639,0.4481,2,High Risk
6a0ecc08-4069-5d21-9f04-76d830aa50aa,Busia Cassava Farm #0505,Western Kenya,Cassava,7.8,2.1748,12.72,3,Structured Farm,0.48,0.48,0.6,0.8,0.48,0.48,0.48,0.44,0.44,0.1109,0.3112,0.1847,3.9916,8.7284,0.418,1,Medium Risk
e14c07f0-51a6-5df6-8070-e1e8dba2eb8d,Taita Taveta Vegetables Farm #0506,Coastal Lowlands,Vegetables,11.88,2.5557,11.76,3,Structured Farm,0.52,0.36,0.56,0.76,0.48,0.56,0.4,0.28,0.28,0.1382,0.4361,0.6208,0.8354,10.9246,0.5421,1,Medium Risk
b2af5f71-5443-530b-b163-0672e5cd7a4b,Murang'a Horticulture Farm #0507,Central Highlands,Horticulture,2.18,1.1569,6.96,2,Emerging Agribusiness,0.24,0.12,0.44,0.6,0.16,0.36,0.32,0.08,0.08,0.1646,0.1201,0.4516,1.6659,5.2941,0.5616,2,High Risk
74459781-ac05-50db-8318-4fc94ed68d52,Bungoma Poultry Farm #0508,Western Kenya,Poultry,7.92,2.1883,12.12,3,Structured Farm,0.4,0.44,0.56,0.72,0.56,0.56,0.44,0.36,0.36,0.1094,0.4887,0.2898,2.9124,9.2076,0.4567,1,Medium Risk
cc13146b-6535-5982-a17c-380eafffeaf5,Taita Taveta Cashew Farm #0509,Coastal Lowlands,Cashew,1.76,1.0152,6.0,2,Emerging Agribusiness,0.28,0.12,0.28,0.56,0.24,0.2,0.16,0.16,0.12,0.1292,0.6505,0.445,1.8294,4.1706,0.6091,2,High Risk
6a88a05e-d0d6-534a-86d4-899b18758efd,Embu Dairy Farm #0510,Central Highlands,Dairy,2.2,1.1632,5.04,2,Emerging Agribusiness,0.04,0.4,0.2,0.4,0.16,0.12,0.16,0.2,0.04,0.1196,0.1192,0.3574,0.3317,4.7083,0.6112,2,High Risk
8d2cc6f4-0055-58ea-8c18-de54a53de577,Nandi Dairy Farm #0511,Rift Valley,Dairy,1.46,0.9002,6.36,2,Emerging Agribusiness,0.36,0.2,0.2,0.56,0.12,0.36,0.2,0.12,0.12,0.1413,0.1872,0.1898,0.1455,6.2145,0.5163,2,High Risk
7c1cc152-c34c-5fb2-8c09-af87073573ff,Machakos Cowpeas Farm #0512,Eastern Semi-Arid,Cowpeas,9.79,2.3786,12.12,3,Structured Farm,0.56,0.44,0.6,0.72,0.48,0.6,0.36,0.28,0.28,0.1341,0.5396,0.3151,4.1561,7.9639,0.4793,1,Medium Risk
a591a307-0e2e-53f4-b02e-4fa77aa1f17c,Bungoma Cassava Farm #0513,Western Kenya,Cassava,2.58,1.2754,5.88,2,Emerging Agribusiness,0.12,0.16,0.28,0.68,0.24,0.24,0.08,0.16,0.08,0.176,0.3858,0.5038,-1.3788,7.2588,0.6073,2,High Risk
9f13d8a7-ae0d-5b57-92a6-81155c6459b6,Uasin Gishu Maize Farm #0514,Rift Valley,Maize,2.16,1.1506,6.0,2,Emerging Agribusiness,0.12,0.32,0.2,0.56,0.08,0.4,0.2,0.12,0.08,0.1546,0.2786,0.2813,0.8816,5.1184,0.567,2,High Risk
768d1856-b173-5bf6-9ba6-e521e49b6886,Kitui Pigeon Peas Farm #0515,Eastern Semi-Arid,Pigeon Peas,2.95,1.3737,6.36,2,Emerging Agribusiness,0.24,0.2,0.2,0.56,0.28,0.28,0.24,0.12,0.12,0.1216,0.5284,0.5507,-0.9365,7.2965,0.6754,2,High Risk
a35d712c-a69d-5f1b-9c5f-062c79852263,Tharaka Nithi Sorghum Farm #0516,Eastern Semi-Arid,Sorghum,4.36,1.679,5.52,2,Emerging Agribusiness,0.2,0.24,0.2,0.48,0.08,0.24,0.28,0.12,0.08,0.1127,0.6288,0.604,-0.0711,5.5911,0.6561,2,High Risk
b6cf1fbb-fa11-517c-a1c0-83fb661648d5,Kericho Dairy Farm #0517,Rift Valley,Dairy,2.63,1.2892,5.52,2,Emerging Agribusiness,0.12,0.24,0.08,0.64,0.16,0.28,0.2,0.12,0.08,0.167,0.2597,0.2294,0.4365,5.0835,0.5739,2,High Risk
8ac42d0c-26a9-5c48-91b7-65eaf46e5d4e,Kisumu Maize Farm #0518,Western Kenya,Maize,4.86,1.7681,11.4,3,Structured Farm,0.24,0.36,0.64,0.64,0.48,0.56,0.52,0.36,0.24,0.1348,0.3072,0.3874,1.2319,10.1681,0.4095,2,High Risk
ba9f6ea8-0f6b-5c8e-9179-fd616ed1421e,Kitui Livestock Farm #0519,Eastern Semi-Arid,Livestock,2.13,1.141,6.0,2,Emerging Agribusiness,0.16,0.24,0.36,0.56,0.12,0.32,0.16,0.08,0.08,0.148,0.5132,0.4295,1.7315,4.2685,0.6561,2,High Risk
8d5b8365-9982-5968-a207-04604ebd16a5,Uasin Gishu Horticulture Farm #0520,Rift Valley,Horticulture,5.03,1.7967,11.16,3,Structured Farm,0.32,0.36,0.6,0.68,0.4,0.56,0.6,0.2,0.2,0.1574,0.3973,0.305,2.2849,8.8751,0.494,2,High Risk
de6bc714-0b75-5328-ac26-4fd4bc70db15,Bungoma Maize Farm #0521,Western Kenya,Maize,14.01,2.7087,19.56,4,Investment Ready Farm,0.96,0.8,0.96,0.64,0.84,0.72,0.92,0.68,0.64,0.1182,0.2207,0.3972,4.4948,15.0652,0.2676,0,Low Risk
8513f354-9bee-5803-a056-4748bc6362b2,Makueni Cowpeas Farm #0522,Eastern Semi-Arid,Cowpeas,1.93,1.075,5.4,2,Emerging Agribusiness,0.28,0.16,0.36,0.48,0.16,0.28,0.04,0.04,0.04,0.1441,0.6931,0.6462,0.3548,5.0452,0.674,2,High Risk
c332763f-beed-56bc-a74b-14f52e05ced9,Makueni Pigeon Peas Farm #0523,Eastern Semi-Arid,Pigeon Peas,1.22,0.7975,5.52,2,Emerging Agribusiness,0.12,0.16,0.12,0.6,0.2,0.32,0.24,0.08,0.08,0.1572,0.7696,0.5226,-0.5909,6.1109,0.7534,2,High Risk
27e64be3-68ae-5642-9dfe-245274e48a92,Taita Taveta Fish Farming Farm #0524,Coastal Lowlands,Fish Farming,4.17,1.6429,12.36,3,Structured Farm,0.64,0.36,0.6,0.72,0.48,0.56,0.44,0.32,0.32,0.1303,0.3575,0.3639,4.2144,8.1456,0.429,1,Medium Risk
ed3d957f-aa87-5062-a96a-be53fc6f6d9e,Bungoma Poultry Farm #0525,Western Kenya,Poultry,3.3,1.4586,6.6,2,Emerging Agribusiness,0.36,0.2,0.2,0.52,0.16,0.48,0.16,0.12,0.12,0.1462,0.1195,0.3233,-0.6669,7.2669,0.5961,2,High Risk
c837f387-80da-5c44-bdc4-c78c0a3b820a,Bungoma Horticulture Farm #0526,Western Kenya,Horticulture,1.94,1.0784,5.64,2,Emerging Agribusiness,0.2,0.2,0.2,0.48,0.2,0.2,0.28,0.12,0.12,0.1009,0.1634,0.2642,0.5437,5.0963,0.5619,2,High Risk
beb47044-3352-5a88-98ff-6bd606caa7a8,Kirinyaga Coffee Farm #0527,Central Highlands,Coffee,31.81,3.4907,20.52,5,Future Ready Farm,0.96,0.76,0.96,0.76,0.84,0.88,0.92,0.76,0.76,0.0823,0.05,0.2697,2.2951,18.2249,0.2143,0,Low Risk
0ef673d5-0948-51c1-825a-43c5b9ce9c4e,Uasin Gishu Potatoes Farm #0528,Rift Valley,Potatoes,27.86,3.3625,20.88,5,Future Ready Farm,0.84,0.8,0.88,0.88,0.88,0.84,0.96,0.88,0.8,0.0436,0.1769,0.1628,3.8272,17.0528,0.1017,0,Low Risk
5ae18f38-0a2e-541a-beff-3c4ae9afb7cf,Meru Dairy Farm #0529,Central Highlands,Dairy,13.01,2.6398,12.48,3,Structured Farm,0.48,0.44,0.64,0.76,0.6,0.44,0.44,0.36,0.36,0.1249,0.4236,0.2046,1.3303,11.1497,0.3896,1,Medium Risk
7bd41146-78c7-516e-b198-0b9285f9273e,Vihiga Cassava Farm #0530,Western Kenya,Cassava,2.09,1.1282,6.36,2,Emerging Agribusiness,0.16,0.24,0.4,0.68,0.16,0.16,0.2,0.12,0.12,0.1766,0.2468,0.409,1.32,5.04,0.5537,2,High Risk
50795050-2c1e-5db2-a3e7-1cc888499744,Lamu Coconut Farm #0531,Coastal Lowlands,Coconut,5.3,1.8405,11.52,3,Structured Farm,0.52,0.36,0.48,0.56,0.48,0.6,0.36,0.48,0.36,0.08,0.5737,0.5213,0.7823,10.7377,0.6388,2,High Risk
ae7f10e1-0d09-57f0-861b-442227ef8014,Kiambu Coffee Farm #0532,Central Highlands,Coffee,8.21,2.2203,12.24,3,Structured Farm,0.48,0.4,0.6,0.76,0.32,0.56,0.44,0.52,0.32,0.1261,0.4068,0.5157,0.7771,11.4629,0.5094,1,Medium Risk
64540a46-2010-5abb-8f02-3944986afd1d,Tharaka Nithi Sorghum Farm #0533,Eastern Semi-Arid,Sorghum,1.87,1.0543,5.28,2,Emerging Agribusiness,0.16,0.16,0.16,0.76,0.12,0.2,0.12,0.08,0.08,0.2069,0.6354,0.4026,0.2852,4.9948,0.6337,2,High Risk
28c0f5f1-bd91-5e1f-9212-fa0c9f763f68,Siaya Dairy Farm #0534,Western Kenya,Dairy,7.74,2.1679,13.44,3,Structured Farm,0.48,0.4,0.56,0.72,0.56,0.76,0.52,0.48,0.4,0.1149,0.4235,0.2728,4.2895,9.1505,0.4146,1,Medium Risk
cada0f77-5b77-54a3-bedb-1a3533cabb55,Lamu Fish Farming Farm #0535,Coastal Lowlands,Fish Farming,3.49,1.5019,6.0,2,Emerging Agribusiness,0.24,0.24,0.32,0.48,0.2,0.2,0.28,0.04,0.04,0.1162,0.5546,0.6214,0.4919,5.5081,0.6087,2,High Risk
e0fc70dc-c336-5312-906e-12b11974e7f4,Tharaka Nithi Pigeon Peas Farm #0536,Eastern Semi-Arid,Pigeon Peas,1.07,0.7275,4.32,5,Future Ready Farm,0.08,0.16,0.08,0.52,0.12,0.28,0.16,0.04,0.04,0.1456,0.752,0.5451,1.1028,3.2172,0.7526,2,High Risk
3875d388-425c-5500-89d2-3b817467ec10,Busia Dairy Farm #0537,Western Kenya,Dairy,10.25,2.4204,11.04,3,Structured Farm,0.56,0.36,0.48,0.64,0.52,0.32,0.48,0.32,0.32,0.1095,0.2824,0.2567,3.5412,7.4988,0.4205,1,Medium Risk
ab5118be-9d72-512f-9a5c-ddc4b811c6e9,Embu Horticulture Farm #0538,Central Highlands,Horticulture,3.7,1.5476,4.92,5,Future Ready Farm,0.2,0.08,0.2,0.56,0.08,0.16,0.2,0.16,0.08,0.142,0.05,0.3573,1.266,3.654,0.4558,2,High Risk
693561a8-fdab-50d5-8e3d-65c600998b03,Nakuru Maize Farm #0539,Rift Valley,Maize,1.23,0.802,5.88,2,Emerging Agribusiness,0.2,0.12,0.2,0.72,0.16,0.24,0.2,0.12,0.12,0.1838,0.3285,0.2767,-0.9304,6.8104,0.6304,2,High Risk
22dc9894-9911-5b69-bd26-faa4c5db7260,Uasin Gishu Potatoes Farm #0540,Rift Valley,Potatoes,7.98,2.195,11.52,3,Structured Farm,0.48,0.44,0.56,0.68,0.36,0.56,0.36,0.4,0.36,0.1058,0.1948,0.2531,3.6757,7.8443,0.3802,1,Medium Risk
27c3bdcd-9844-5ebf-8420-6bb1992d0a2e,Kakamega Maize Farm #0541,Western Kenya,Maize,17.19,2.9009,20.28,5,Future Ready Farm,0.88,0.72,0.8,0.88,0.92,0.88,0.92,0.76,0.72,0.0705,0.2997,0.5204,3.155,17.125,0.2433,0,Low Risk
319a0b8a-16b7-5d72-9b1e-3bb88b71e7c4,Kakamega Poultry Farm #0542,Western Kenya,Poultry,3.16,1.4255,11.28,3,Structured Farm,0.44,0.32,0.56,0.68,0.44,0.52,0.6,0.2,0.2,0.1453,0.409,0.4778,1.6387,9.6413,0.4932,2,High Risk
3119aadf-0c96-5993-8e0b-00913672fed8,Nandi Horticulture Farm #0543,Rift Valley,Horticulture,1.5,0.9163,12.24,3,Structured Farm,0.6,0.44,0.6,0.68,0.48,0.52,0.36,0.4,0.36,0.1034,0.5358,0.3672,1.5572,10.6828,0.5095,1,Medium Risk
8a1548d9-3f74-5b5b-88f1-717de3cd8206,Busia Cassava Farm #0544,Western Kenya,Cassava,12.0,2.5649,20.04,5,Future Ready Farm,0.72,0.92,0.92,0.8,0.84,0.88,0.88,0.72,0.72,0.076,0.3354,0.3335,1.7581,18.2819,0.2783,0,Low Risk
7bfaa6dd-cb28-54e6-9caf-12f6a26940ce,Siaya Cassava Farm #0545,Western Kenya,Cassava,2.09,1.1282,6.48,2,Emerging Agribusiness,0.2,0.28,0.36,0.56,0.32,0.2,0.12,0.12,0.12,0.1367,0.358,0.3979,-0.5508,7.0308,0.6019,2,High Risk
54a3a678-b23b-5fd5-a6ca-e437fc70b3da,Kitui Sorghum Farm #0546,Eastern Semi-Arid,Sorghum,1.63,0.967,6.96,2,Emerging Agribusiness,0.2,0.16,0.2,0.68,0.24,0.4,0.28,0.16,0.16,0.1646,0.8594,0.4558,-0.4771,7.4371,0.7238,2,High Risk
0becb2c8-3004-5297-b088-bca85793b066,Taita Taveta Cassava Farm #0547,Coastal Lowlands,Cassava,0.5,0.4055,4.56,5,Future Ready Farm,0.12,0.08,0.28,0.56,0.08,0.24,0.08,0.08,0.08,0.1584,0.5465,0.5062,-1.0944,5.6544,0.6938,2,High Risk
7b4ed74d-2e1f-5207-b8d2-bda3bfde0484,Kirinyaga Tea Farm #0548,Central Highlands,Tea,0.5,0.4055,5.76,2,Emerging Agribusiness,0.28,0.12,0.16,0.64,0.24,0.2,0.2,0.08,0.08,0.1625,0.3871,0.3766,0.9144,4.8456,0.6197,2,High Risk
87536790-7470-5898-a351-70a9be7019fd,Makueni Pigeon Peas Farm #0549,Eastern Semi-Arid,Pigeon Peas,7.23,2.1078,13.08,3,Structured Farm,0.52,0.6,0.68,0.72,0.52,0.32,0.56,0.44,0.32,0.1199,0.5954,0.6395,4.1609,8.9191,0.4759,1,Medium Risk
5045a45f-7ea1-563f-a59c-5e64729b2266,Trans Nzoia Wheat Farm #0550,Rift Valley,Wheat,0.5,0.4055,6.36,2,Emerging Agribusiness,0.2,0.32,0.36,0.64,0.08,0.16,0.24,0.12,0.08,0.1673,0.05,0.329,1.1798,5.1802,0.5281,2,High Risk
b975b184-2941-54a4-902e-dda952b37344,Kirinyaga Horticulture Farm #0551,Central Highlands,Horticulture,0.5,0.4055,5.52,2,Emerging Agribusiness,0.12,0.16,0.36,0.52,0.16,0.32,0.16,0.04,0.04,0.1466,0.2457,0.1178,-0.7895,6.3095,0.6156,2,High Risk
6d14603e-1eab-5f9e-b122-f0665dd49004,Tharaka Nithi Green Grams Farm #0552,Eastern Semi-Arid,Green Grams,2.34,1.206,5.28,2,Emerging Agribusiness,0.24,0.32,0.08,0.52,0.12,0.24,0.16,0.08,0.08,0.1386,0.7555,0.5522,-1.4225,6.7025,0.7371,2,High Risk
733036ea-f2aa-5a84-a6c0-59996a727343,Kiambu Avocado Farm #0553,Central Highlands,Avocado,0.74,0.5539,6.12,2,Emerging Agribusiness,0.24,0.12,0.24,0.64,0.24,0.36,0.16,0.04,0.04,0.1708,0.2705,0.4434,0.1582,5.9618,0.6217,2,High Risk
16458798-3114-541d-afd4-7b9dc1fe37d5,Taita Taveta Fish Farming Farm #0554,Coastal Lowlands,Fish Farming,31.56,3.4831,19.32,4,Investment Ready Farm,0.72,0.72,0.84,0.84,0.76,0.84,0.92,0.8,0.72,0.0646,0.5662,0.3586,2.7059,16.6141,0.3034,0,Low Risk
75d962b4-f3fa-591f-8a2c-2608697a6407,Murang'a Tea Farm #0555,Central Highlands,Tea,2.69,1.3056,5.88,2,Emerging Agribusiness,0.12,0.28,0.12,0.6,0.28,0.4,0.16,0.0,0.0,0.1771,0.05,0.3696,1.3288,4.5512,0.5054,2,High Risk
3e5b698c-5af9-597d-b4d6-0e92505ffdb8,Machakos Mangoes Farm #0556,Eastern Semi-Arid,Mangoes,0.69,0.5247,6.12,2,Emerging Agribusiness,0.16,0.2,0.36,0.72,0.04,0.32,0.16,0.08,0.04,0.2029,0.5979,0.4144,0.4206,5.6994,0.6572,2,High Risk
e1978193-e2ca-5c80-a7ca-15aca14b1499,Tharaka Nithi Livestock Farm #0557,Eastern Semi-Arid,Livestock,1.85,1.0473,6.24,2,Emerging Agribusiness,0.4,0.32,0.28,0.48,0.08,0.12,0.28,0.12,0.08,0.1342,0.6749,0.4542,0.9981,5.2419,0.7431,2,High Risk
b8cbbfea-5a68-57ef-9419-1373d915d67a,Nakuru Tea Farm #0558,Rift Valley,Tea,3.01,1.3888,5.16,2,Emerging Agribusiness,0.08,0.08,0.32,0.56,0.08,0.24,0.32,0.04,0.04,0.1684,0.2805,0.3911,1.2466,3.9134,0.6549,2,High Risk
9ea37e5b-9081-50b5-9973-a9ac7b02b81f,Nakuru Wheat Farm #0559,Rift Valley,Wheat,9.6,2.3609,12.72,3,Structured Farm,0.44,0.48,0.44,0.6,0.48,0.72,0.64,0.44,0.44,0.1015,0.3438,0.4118,4.3957,8.3243,0.4334,1,Medium Risk
77e9106a-5265-5fa4-999b-5b0e10557dae,Kwale Cashew Farm #0560,Coastal Lowlands,Cashew,2.22,1.1694,5.04,2,Emerging Agribusiness,0.12,0.28,0.08,0.56,0.16,0.28,0.12,0.08,0.08,0.152,0.586,0.4278,-1.2209,6.2609,0.6589,2,High Risk
2717768c-c481-55d8-b60a-1949e6e72579,Kisumu Horticulture Farm #0561,Western Kenya,Horticulture,0.77,0.571,5.64,2,Emerging Agribusiness,0.12,0.24,0.28,0.6,0.2,0.28,0.12,0.04,0.04,0.1593,0.2951,0.416,0.0512,5.5888,0.5347,2,High Risk
628d4745-40cb-5622-b027-4925fa869461,Kirinyaga Horticulture Farm #0562,Central Highlands,Horticulture,1.62,0.9632,4.68,5,Future Ready Farm,0.16,0.16,0.36,0.36,0.12,0.4,0.0,0.0,0.0,0.1502,0.1945,0.2884,-0.0213,4.7013,0.6342,2,High Risk
69ee55cc-03c4-5b1e-9c33-6028fe23eabf,Machakos Livestock Farm #0563,Eastern Semi-Arid,Livestock,1.5,0.9163,10.8,3,Structured Farm,0.36,0.44,0.48,0.72,0.56,0.4,0.48,0.16,0.16,0.1507,0.6824,0.5648,4.407,6.393,0.5435,2,High Risk
1faa9150-a83c-5153-a834-f2d0b37c534b,Kwale Cassava Farm #0564,Coastal Lowlands,Cassava,3.41,1.4839,11.4,3,Structured Farm,0.48,0.16,0.52,0.72,0.24,0.6,0.68,0.4,0.16,0.187,0.5208,0.3385,2.7542,8.6458,0.6192,2,High Risk
80b05fc8-716c-5845-876d-eb8cd79c55da,Bomet Potatoes Farm #0565,Rift Valley,Potatoes,3.63,1.5326,12.24,3,Structured Farm,0.36,0.48,0.6,0.76,0.56,0.44,0.52,0.36,0.36,0.1245,0.3729,0.3859,0.9101,11.3299,0.4598,1,Medium Risk
4abe33b6-12db-51a9-92b2-81e9d994a0aa,Nandi Dairy Farm #0566,Rift Valley,Dairy,10.53,2.445,12.72,3,Structured Farm,0.56,0.4,0.72,0.6,0.44,0.64,0.48,0.4,0.4,0.1109,0.2473,0.361,0.6525,12.0675,0.4514,1,Medium Risk
f9c8925f-a07c-5525-9cd7-2e8f37ffe0cb,Taita Taveta Vegetables Farm #0567,Coastal Lowlands,Vegetables,4.26,1.6601,12.24,3,Structured Farm,0.64,0.4,0.6,0.68,0.36,0.44,0.6,0.36,0.36,0.1245,0.6312,0.5209,4.3819,7.8581,0.4925,1,Medium Risk
0075aa7c-4bda-597b-95a0-b5edd8003c6f,Kericho Dairy Farm #0568,Rift Valley,Dairy,4.23,1.6544,6.24,2,Emerging Agribusiness,0.24,0.2,0.32,0.56,0.24,0.32,0.12,0.08,0.08,0.1386,0.4679,0.4832,0.236,6.004,0.6192,2,High Risk
f994e9c1-3307-5762-a661-49d5fe1d50cc,Bungoma Dairy Farm #0569,Western Kenya,Dairy,2.25,1.1787,5.04,2,Emerging Agribusiness,0.16,0.08,0.2,0.52,0.2,0.32,0.08,0.12,0.08,0.1382,0.1813,0.4082,1.5101,3.5299,0.5272,2,High Risk
afce950e-c2c4-519f-a67d-d94f861e4817,Kericho Potatoes Farm #0570,Rift Valley,Potatoes,9.83,2.3823,10.2,3,Structured Farm,0.4,0.36,0.6,0.52,0.4,0.56,0.32,0.24,0.24,0.1165,0.3671,0.2678,3.1641,7.0359,0.4927,2,High Risk
e41f86e5-c11d-5bdb-8340-e9ffc70979d3,Murang'a Macadamia Farm #0571,Central Highlands,Macadamia,4.21,1.6506,5.4,2,Emerging Agribusiness,0.12,0.12,0.24,0.76,0.08,0.16,0.16,0.16,0.08,0.2068,0.2968,0.2472,-1.082,6.482,0.6308,2,High Risk
d8b4b42a-a2ee-51b2-a823-977d8e4b645d,Kwale Cassava Farm #0572,Coastal Lowlands,Cassava,12.15,2.5764,14.16,3,Structured Farm,0.52,0.6,0.64,0.72,0.48,0.68,0.6,0.48,0.48,0.0843,0.5636,0.6035,4.4234,9.7366,0.4184,1,Medium Risk
9776c52a-9925-50bd-b40f-6105e2ddb175,Meru Macadamia Farm #0573,Central Highlands,Macadamia,5.33,1.8453,4.68,5,Future Ready Farm,0.04,0.2,0.16,0.4,0.24,0.24,0.24,0.04,0.04,0.1103,0.05,0.3425,-1.2049,5.8849,0.5946,2,High Risk
794eef32-3142-5098-8e70-a940c7f71893,Kirinyaga Coffee Farm #0574,Central Highlands,Coffee,7.67,2.1599,11.16,3,Structured Farm,0.44,0.44,0.44,0.72,0.32,0.52,0.48,0.36,0.32,0.113,0.1324,0.3088,4.2074,6.9526,0.4577,1,Medium Risk
641aba18-441f-560c-b365-2aca7fba0ccf,Murang'a Dairy Farm #0575,Central Highlands,Dairy,11.73,2.544,19.8,4,Investment Ready Farm,0.92,0.68,0.88,0.72,0.84,0.84,0.92,0.8,0.68,0.0823,0.1825,0.2087,4.4226,15.3774,0.2241,0,Low Risk
1c7479ee-9fac-57aa-9954-eaf482d46129,Vihiga Cassava Farm #0576,Western Kenya,Cassava,3.96,1.6014,12.72,3,Structured Farm,0.32,0.52,0.68,0.72,0.56,0.64,0.6,0.2,0.2,0.1694,0.3407,0.5117,3.3862,9.3338,0.3497,2,High Risk
5ea2f6a3-b494-578f-bce0-fee943493cef,Murang'a Macadamia Farm #0577,Central Highlands,Macadamia,33.1,3.5293,18.12,4,Investment Ready Farm,0.84,0.72,0.76,0.76,0.68,0.76,0.84,0.68,0.68,0.0581,0.2164,0.1911,3.6487,14.4713,0.2141,0,Low Risk
87a630c8-b553-5eff-bf0a-aa9b6814690a,Kiambu Coffee Farm #0578,Central Highlands,Coffee,3.55,1.5151,11.16,3,Structured Farm,0.6,0.44,0.48,0.56,0.4,0.44,0.48,0.32,0.32,0.0823,0.4036,0.2562,1.4094,9.7506,0.528,1,Medium Risk
d7594af6-34a5-5e60-8c3e-99c8f09cdf65,Nandi Wheat Farm #0579,Rift Valley,Wheat,26.78,3.3243,19.92,4,Investment Ready Farm,0.92,0.8,0.88,0.6,0.96,0.84,0.96,0.68,0.6,0.1229,0.3539,0.4191,4.5897,15.3303,0.3354,0,Low Risk
c333d610-2ed5-51b3-965c-2c032d630445,Kakamega Dairy Farm #0580,Western Kenya,Dairy,2.28,1.1878,6.24,2,Emerging Agribusiness,0.08,0.28,0.4,0.56,0.12,0.28,0.24,0.12,0.08,0.151,0.2687,0.5221,0.0389,6.2011,0.5767,2,High Risk
14a01107-0fec-5029-a9f0-ae31d55a50a1,Kisumu Horticulture Farm #0581,Western Kenya,Horticulture,2.94,1.3712,6.0,2,Emerging Agribusiness,0.28,0.24,0.24,0.6,0.2,0.28,0.16,0.0,0.0,0.1572,0.2074,0.4076,0.0894,5.9106,0.5871,2,High Risk
eb736190-9a70-5197-8eeb-eba2a21088d1,Kakamega Maize Farm #0582,Western Kenya,Maize,2.83,1.3429,11.28,3,Structured Farm,0.44,0.56,0.64,0.44,0.36,0.48,0.52,0.32,0.32,0.0975,0.655,0.2509,2.0412,9.2388,0.6039,1,Medium Risk
66d7b62e-ec93-524d-85e8-23cec63f682b,Murang'a Coffee Farm #0583,Central Highlands,Coffee,1.76,1.0152,5.64,2,Emerging Agribusiness,0.16,0.16,0.24,0.6,0.24,0.24,0.12,0.12,0.12,0.1462,0.0965,0.2768,-1.2447,6.8847,0.537,2,High Risk
2ab9592a-dda0-56a3-99d4-1eb0f18e70a0,Kwale Cassava Farm #0584,Coastal Lowlands,Cassava,2.49,1.2499,5.64,2,Emerging Agribusiness,0.24,0.32,0.2,0.56,0.08,0.2,0.2,0.08,0.08,0.1434,0.5895,0.4352,-0.6785,6.3185,0.676,2,High Risk
d9e8c608-5256-5af2-ad3f-69976a56e37a,Makueni Green Grams Farm #0585,Eastern Semi-Arid,Green Grams,36.41,3.6219,20.28,5,Future Ready Farm,0.92,0.76,0.88,0.76,0.92,0.8,0.84,0.88,0.76,0.0614,0.607,0.4994,2.8702,17.4098,0.2936,0,Low Risk
6e1ea4a2-11e8-5bd4-a807-2efbe37c861a,Kirinyaga Tea Farm #0586,Central Highlands,Tea,7.95,2.1917,12.24,3,Structured Farm,0.52,0.36,0.64,0.72,0.52,0.6,0.4,0.32,0.32,0.1323,0.3033,0.3388,3.0842,9.1558,0.409,1,Medium Risk
5c6e3c26-5061-5395-8aad-8ffb211797da,Trans Nzoia Horticulture Farm #0587,Rift Valley,Horticulture,2.68,1.3029,6.36,2,Emerging Agribusiness,0.24,0.12,0.2,0.48,0.24,0.36,0.32,0.16,0.12,0.1094,0.2511,0.2081,-1.344,7.704,0.547,2,High Risk
f46e29b5-0ca2-5c7b-836f-b13f0df64fc1,Nyeri Horticulture Farm #0588,Central Highlands,Horticulture,2.06,1.1184,5.04,2,Emerging Agribusiness,0.2,0.16,0.28,0.44,0.0,0.32,0.2,0.08,0.0,0.1292,0.4153,0.2503,-1.2485,6.2885,0.6984,2,High Risk
d928d52e-49ae-5a64-9167-4da172244a2f,Kakamega Horticulture Farm #0589,Western Kenya,Horticulture,1.28,0.8242,5.88,2,Emerging Agribusiness,0.2,0.2,0.2,0.6,0.24,0.2,0.16,0.16,0.16,0.1363,0.4019,0.4555,1.8132,4.0668,0.583,2,High Risk
786ca2eb-ff19-53bd-88ce-30068678ba21,Trans Nzoia Tea Farm #0590,Rift Valley,Tea,0.5,0.4055,5.28,2,Emerging Agribusiness,0.24,0.2,0.32,0.44,0.12,0.28,0.08,0.08,0.08,0.1183,0.3199,0.3047,1.2393,4.0407,0.6392,2,High Risk
6c0d8f8b-bcf5-5e9f-bfdf-f07ba479972b,Lamu Vegetables Farm #0591,Coastal Lowlands,Vegetables,49.61,3.9241,19.56,4,Investment Ready Farm,0.64,0.92,0.96,0.68,0.84,0.72,0.84,0.92,0.64,0.113,0.4365,0.5612,2.4206,17.1394,0.3249,0,Low Risk
5b647ccd-7d10-5143-9e81-74218178be2f,Kwale Cassava Farm #0592,Coastal Lowlands,Cassava,3.67,1.5412,6.6,2,Emerging Agribusiness,0.24,0.2,0.28,0.68,0.12,0.28,0.16,0.24,0.12,0.1618,0.691,0.3871,-0.2377,6.8377,0.685,2,High Risk
457990b3-9e31-50c9-a4b3-819144d60866,Siaya Dairy Farm #0593,Western Kenya,Dairy,3.88,1.5851,5.52,2,Emerging Agribusiness,0.24,0.16,0.16,0.6,0.08,0.28,0.16,0.16,0.08,0.1507,0.411,0.2999,-0.2766,5.7966,0.6199,2,High Risk
5dd41069-264a-5327-9752-1fd8e64fc72b,Meru Coffee Farm #0594,Central Highlands,Coffee,7.54,2.1448,12.12,3,Structured Farm,0.48,0.44,0.64,0.64,0.44,0.72,0.48,0.2,0.2,0.1522,0.1987,0.2516,3.325,8.795,0.4164,2,High Risk
4b617222-20ce-545e-98ea-f91ec677ecfe,Taita Taveta Cashew Farm #0595,Coastal Lowlands,Cashew,0.5,0.4055,5.52,2,Emerging Agribusiness,0.2,0.2,0.16,0.4,0.2,0.28,0.28,0.12,0.12,0.0819,0.5591,0.3413,0.836,4.684,0.608,2,High Risk
afceac5d-ed9c-5ea0-80c1-4f5512715d97,Trans Nzoia Potatoes Farm #0596,Rift Valley,Potatoes,1.22,0.7975,6.84,2,Emerging Agribusiness,0.28,0.2,0.32,0.6,0.32,0.28,0.16,0.12,0.12,0.1377,0.2371,0.4376,-0.3267,7.1667,0.6006,2,High Risk
87a025f8-1919-57af-b2bc-29e3d7918ce3,Bomet Horticulture Farm #0597,Rift Valley,Horticulture,8.27,2.2268,12.6,3,Structured Farm,0.6,0.32,0.6,0.88,0.36,0.52,0.52,0.4,0.32,0.1667,0.4254,0.5457,3.6979,8.9021,0.4841,1,Medium Risk
fc619314-75b3-5a82-9c04-c580a5d1dd93,Makueni Sorghum Farm #0598,Eastern Semi-Arid,Sorghum,8.28,2.2279,11.76,3,Structured Farm,0.36,0.32,0.56,0.76,0.52,0.52,0.56,0.32,0.32,0.1411,0.7938,0.4951,2.6571,9.1029,0.6133,1,Medium Risk
9001763e-b601-54cc-bad1-77ecabb01e81,Taita Taveta Vegetables Farm #0599,Coastal Lowlands,Vegetables,36.06,3.6125,21.36,5,Future Ready Farm,0.84,0.84,1.0,0.92,0.88,0.88,0.84,0.92,0.84,0.052,0.5043,0.44,2.6658,18.6942,0.2308,0,Low Risk
99925bf8-b8b3-5e92-a3e5-028e5a0fdd10,Vihiga Maize Farm #0600,Western Kenya,Maize,4.24,1.6563,12.48,3,Structured Farm,0.48,0.56,0.48,0.64,0.52,0.52,0.56,0.4,0.4,0.0663,0.4499,0.4599,2.6757,9.8043,0.3886,1,Medium Risk
4b59bbb3-26b1-528a-aaa2-8d5d92aae36b,Taita Taveta Cassava Farm #0601,Coastal Lowlands,Cassava,2.93,1.3686,5.4,2,Emerging Agribusiness,0.04,0.2,0.2,0.6,0.2,0.32,0.16,0.08,0.04,0.1624,0.7203,0.5603,-0.3909,5.7909,0.7135,2,High Risk
544082b3-41fc-57fb-820b-707d03fb3d26,Kakamega Cassava Farm #0602,Western Kenya,Cassava,8.27,2.2268,11.52,3,Structured Farm,0.48,0.4,0.56,0.76,0.44,0.6,0.28,0.32,0.28,0.147,0.4162,0.6074,2.0758,9.4442,0.5202,1,Medium Risk
9d9eda2d-1f48-5d2b-856e-f02af87fba96,Machakos Pigeon Peas Farm #0603,Eastern Semi-Arid,Pigeon Peas,33.73,3.5476,20.28,5,Future Ready Farm,0.92,0.84,0.92,0.72,0.96,0.8,0.84,0.76,0.72,0.0786,0.844,0.6367,3.724,16.556,0.3089,0,Low Risk
1a74022a-c233-5698-b55c-c58506e5a655,Kirinyaga Horticulture Farm #0604,Central Highlands,Horticulture,9.48,2.3495,13.32,3,Structured Farm,0.6,0.48,0.64,0.72,0.6,0.48,0.44,0.48,0.44,0.0926,0.2353,0.3641,1.8749,11.4451,0.4267,1,Medium Risk
0522671e-3f23-5fd2-8aec-44f554fc2dea,Uasin Gishu Wheat Farm #0605,Rift Valley,Wheat,20.12,3.0502,20.04,5,Future Ready Farm,0.84,0.72,1.0,0.8,0.8,0.88,0.92,0.72,0.72,0.0904,0.2134,0.4627,3.6956,16.3444,0.267,0,Low Risk
93b3d02e-0b47-565d-9a05-2c13208b9099,Kwale Cashew Farm #0606,Coastal Lowlands,Cashew,11.79,2.5487,12.12,3,Structured Farm,0.44,0.44,0.6,0.6,0.6,0.48,0.52,0.36,0.36,0.0847,0.5372,0.3476,3.2742,8.8458,0.479,1,Medium Risk
e9a87ce2-eff0-5344-9d63-aa5385902485,Murang'a Coffee Farm #0607,Central Highlands,Coffee,5.0,1.7918,20.52,5,Future Ready Farm,0.88,0.88,0.88,0.84,0.8,0.92,0.84,0.8,0.8,0.0397,0.2665,0.2787,1.7218,18.7982,0.2483,0,Low Risk
f7a55b2a-8199-5c0b-82f4-a056d5e0bd51,Kisumu Maize Farm #0608,Western Kenya,Maize,0.5,0.4055,5.64,2,Emerging Agribusiness,0.24,0.24,0.16,0.48,0.08,0.28,0.28,0.12,0.08,0.1157,0.5218,0.3365,0.6601,4.9799,0.6769,2,High Risk
4ca5fc35-fd9e-57da-8038-0ebd747f44f2,Lamu Fish Farming Farm #0609,Coastal Lowlands,Fish Farming,1.5,0.9163,10.8,3,Structured Farm,0.4,0.32,0.6,0.6,0.44,0.44,0.56,0.24,0.24,0.1229,0.5134,0.3619,4.0798,6.7202,0.5192,2,High Risk
7e5552d1-ff62-5017-93bb-01cb06f334d6,Kilifi Cashew Farm #0610,Coastal Lowlands,Cashew,1.13,0.7561,4.56,5,Future Ready Farm,0.12,0.2,0.28,0.48,0.0,0.16,0.12,0.16,0.0,0.1323,0.6117,0.524,-0.8911,5.4511,0.7148,2,High Risk
949d1cd7-e5aa-58c5-bcee-33430ff44ca4,Vihiga Maize Farm #0611,Western Kenya,Maize,2.71,1.311,11.28,3,Structured Farm,0.44,0.48,0.48,0.6,0.52,0.44,0.44,0.36,0.36,0.0656,0.424,0.4037,3.2443,8.0357,0.419,1,Medium Risk
a022386b-91b5-5025-bef2-16ef96374cfc,Bomet Horticulture Farm #0612,Rift Valley,Horticulture,3.6,1.5261,11.4,3,Structured Farm,0.52,0.4,0.6,0.64,0.48,0.48,0.44,0.24,0.24,0.1157,0.2968,0.2643,1.7455,9.6545,0.4772,2,High Risk
cdb8d9f4-5ab9-5f82-899d-0fa071584233,Bungoma Maize Farm #0613,Western Kenya,Maize,38.46,3.6753,19.8,4,Investment Ready Farm,0.88,0.8,0.92,0.76,0.84,0.72,0.88,0.8,0.72,0.063,0.2701,0.5007,3.9116,15.8884,0.2128,0,Low Risk
e70d8a5d-5626-5953-aa4e-23ffafb9a970,Kwale Cashew Farm #0614,Coastal Lowlands,Cashew,7.45,2.1342,20.52,5,Future Ready Farm,0.76,0.76,0.96,0.92,0.84,0.84,0.84,0.92,0.76,0.0691,0.7033,0.552,3.0273,17.4927,0.3005,0,Low Risk
ad6a7796-05d2-5fba-ad08-f7fb24b04c5c,Bungoma Dairy Farm #0615,Western Kenya,Dairy,2.46,1.2413,6.6,2,Emerging Agribusiness,0.08,0.28,0.2,0.8,0.2,0.32,0.12,0.2,0.08,0.2111,0.2574,0.4808,0.5836,6.0164,0.6018,2,High Risk
c1d6ae38-8f7c-55be-8de5-6ac1f791891d,Machakos Pigeon Peas Farm #0616,Eastern Semi-Arid,Pigeon Peas,4.09,1.6273,11.88,3,Structured Farm,0.6,0.32,0.68,0.68,0.44,0.4,0.44,0.4,0.32,0.1295,0.5327,0.535,0.8374,11.0426,0.5724,1,Medium Risk
a328fd4b-1ba9-58ed-a217-21d5c98fc5cc,Tharaka Nithi Sorghum Farm #0617,Eastern Semi-Arid,Sorghum,8.34,2.2343,12.24,3,Structured Farm,0.4,0.56,0.36,0.64,0.64,0.68,0.36,0.44,0.36,0.1261,0.5834,0.5253,1.0172,11.2228,0.4664,1,Medium Risk
87c894f3-309b-552c-929e-96527498e75f,Embu Coffee Farm #0618,Central Highlands,Coffee,2.92,1.3661,7.2,2,Emerging Agribusiness,0.36,0.32,0.16,0.72,0.04,0.4,0.2,0.2,0.04,0.1929,0.05,0.4937,-1.0625,8.2625,0.5943,2,High Risk
f18b4e76-a08c-58f1-9369-9a5e537b064e,Kwale Cashew Farm #0619,Coastal Lowlands,Cashew,2.87,1.3533,5.88,2,Emerging Agribusiness,0.12,0.4,0.12,0.68,0.12,0.24,0.12,0.16,0.12,0.1881,0.6148,0.4247,-0.2019,6.0819,0.6737,2,High Risk
db493172-b7b0-567a-814c-b43394a71bea,Bomet Maize Farm #0620,Rift Valley,Maize,0.5,0.4055,6.0,2,Emerging Agribusiness,0.16,0.32,0.24,0.56,0.2,0.24,0.24,0.04,0.04,0.1396,0.3279,0.1706,-1.319,7.319,0.6307,2,High Risk
2e7c6f9b-4592-585f-8325-b3c0483a7b2d,Uasin Gishu Maize Farm #0621,Rift Valley,Maize,7.87,2.1827,10.56,3,Structured Farm,0.4,0.6,0.44,0.44,0.36,0.44,0.36,0.48,0.36,0.0721,0.4653,0.4068,3.539,7.021,0.4936,1,Medium Risk
baff7501-6b95-53af-b349-41bff626c6f9,Kisumu Cassava Farm #0622,Western Kenya,Cassava,0.79,0.5822,5.76,2,Emerging Agribusiness,0.08,0.2,0.2,0.52,0.08,0.32,0.32,0.2,0.08,0.1356,0.3755,0.3071,-0.9149,6.6749,0.6742,2,High Risk
2f1e4109-3ea3-5cfa-ae18-87c793bd3451,Meru Macadamia Farm #0623,Central Highlands,Macadamia,35.64,3.6011,19.92,4,Investment Ready Farm,0.8,0.8,0.92,0.8,0.72,0.84,0.92,0.84,0.72,0.0624,0.2435,0.2075,2.5793,17.3407,0.1741,0,Low Risk
7a5122ce-f654-5e01-b2fe-3eecf66e77f5,Makueni Sorghum Farm #0624,Eastern Semi-Arid,Sorghum,0.5,0.4055,5.64,2,Emerging Agribusiness,0.2,0.24,0.12,0.48,0.2,0.4,0.12,0.12,0.12,0.1272,0.6996,0.6405,0.4676,5.1724,0.7486,2,High Risk
04868cde-a482-5948-ae96-9049462ce973,Bomet Maize Farm #0625,Rift Valley,Maize,47.87,3.8892,19.68,4,Investment Ready Farm,0.76,0.72,0.92,0.72,0.88,0.8,0.92,0.84,0.72,0.0775,0.3734,0.4868,4.0184,15.6616,0.2713,0,Low Risk
c942022b-07a3-5877-9514-258fefcb1c7f,Kisumu Cassava Farm #0626,Western Kenya,Cassava,1.21,0.793,5.28,2,Emerging Agribusiness,0.2,0.12,0.24,0.52,0.08,0.24,0.12,0.24,0.08,0.1281,0.2032,0.5508,0.7003,4.5797,0.6743,2,High Risk
bc16f870-d7ad-59a7-8e4d-c13d78a75a7c,Kirinyaga Coffee Farm #0627,Central Highlands,Coffee,6.37,1.9974,12.24,3,Structured Farm,0.6,0.48,0.56,0.6,0.56,0.4,0.52,0.36,0.36,0.0843,0.4317,0.3984,1.8311,10.4089,0.4675,1,Medium Risk
f29e2387-2070-553e-9cac-42ee91cd5895,Kisumu Sugarcane Farm #0628,Western Kenya,Sugarcane,2.31,1.1969,5.16,2,Emerging Agribusiness,0.04,0.2,0.24,0.52,0.16,0.32,0.16,0.08,0.04,0.1413,0.4371,0.3523,0.4479,4.7121,0.6804,2,High Risk
edd7bff6-bf01-5c51-b103-b14e642e74d6,Embu Avocado Farm #0629,Central Highlands,Avocado,13.67,2.6858,11.76,3,Structured Farm,0.56,0.48,0.72,0.6,0.44,0.48,0.4,0.24,0.24,0.1338,0.1088,0.4676,3.2202,8.5398,0.4348,2,High Risk
70ec208c-d55c-5a90-a5c4-05e2dbaae995,Machakos Sorghum Farm #0630,Eastern Semi-Arid,Sorghum,11.49,2.5249,11.64,3,Structured Farm,0.32,0.6,0.52,0.52,0.52,0.36,0.48,0.56,0.32,0.0904,0.6019,0.5147,3.4021,8.2379,0.4126,1,Medium Risk
8c815c52-6937-5c30-8638-54cbc0fb41c5,Taita Taveta Vegetables Farm #0631,Coastal Lowlands,Vegetables,36.96,3.6365,20.76,5,Future Ready Farm,0.92,0.88,0.88,0.68,0.92,0.84,0.88,0.92,0.68,0.0747,0.5176,0.4441,2.8592,17.9008,0.2667,0,Low Risk
0f379db5-3f1c-5469-abfb-9a3d74135601,Bungoma Sugarcane Farm #0632,Western Kenya,Sugarcane,9.61,2.3618,10.8,3,Structured Farm,0.32,0.44,0.56,0.44,0.36,0.56,0.52,0.4,0.32,0.0843,0.3916,0.3814,2.9312,7.8688,0.4687,1,Medium Risk
2ee0c4f4-37e5-507d-b6c6-a88f08744d1f,Vihiga Maize Farm #0633,Western Kenya,Maize,0.5,0.4055,4.92,5,Future Ready Farm,0.24,0.24,0.12,0.48,0.28,0.16,0.12,0.0,0.0,0.1333,0.4033,0.4568,-0.9304,5.8504,0.7185,2,High Risk
af34c8be-67a5-5e7e-9930-a1f42b0a4821,Tharaka Nithi Green Grams Farm #0634,Eastern Semi-Arid,Green Grams,1.6,0.9555,4.8,5,Future Ready Farm,0.04,0.2,0.12,0.52,0.28,0.24,0.16,0.04,0.04,0.1456,0.457,0.53,-0.248,5.048,0.6907,2,High Risk
3dc75cee-520f-50fb-9830-5a113089ee91,Bomet Potatoes Farm #0635,Rift Valley,Potatoes,0.87,0.6259,6.0,2,Emerging Agribusiness,0.12,0.24,0.36,0.52,0.16,0.4,0.12,0.08,0.08,0.1493,0.1491,0.4799,0.2389,5.7611,0.6163,2,High Risk
3bd01355-0785-5651-b207-bb1768bf71f4,Kericho Horticulture Farm #0636,Rift Valley,Horticulture,1.89,1.0613,6.0,2,Emerging Agribusiness,0.32,0.32,0.2,0.44,0.16,0.2,0.28,0.08,0.08,0.1054,0.2624,0.4571,0.0344,5.9656,0.6426,2,High Risk
f5fe5004-c487-54a9-ad2d-6adf0a43b729,Bungoma Dairy Farm #0637,Western Kenya,Dairy,4.23,1.6544,12.24,3,Structured Farm,0.48,0.48,0.6,0.72,0.44,0.56,0.6,0.2,0.2,0.1439,0.3221,0.359,3.9318,8.3082,0.415,2,High Risk
6df25fd9-696f-581f-9116-e0612a1caaf8,Vihiga Poultry Farm #0638,Western Kenya,Poultry,12.3,2.5878,11.76,3,Structured Farm,0.52,0.52,0.64,0.76,0.32,0.44,0.44,0.28,0.28,0.148,0.2435,0.4348,4.0592,7.7008,0.3124,1,Medium Risk
a9c2814d-060b-5ee6-8b5d-8cc4593d4c7a,Nandi Wheat Farm #0639,Rift Valley,Wheat,7.57,2.1483,12.48,3,Structured Farm,0.48,0.4,0.52,0.56,0.56,0.52,0.68,0.44,0.4,0.08,0.3471,0.3575,2.9195,9.5605,0.4836,1,Medium Risk
aece2337-0df4-5cad-93fa-ce11ea51b3c0,Kwale Vegetables Farm #0640,Coastal Lowlands,Vegetables,46.23,3.855,20.16,5,Future Ready Farm,0.76,0.84,0.96,0.88,0.88,0.84,0.8,0.76,0.76,0.0632,0.7438,0.5113,1.4169,18.7431,0.215,0,Low Risk
a1c1e3e3-1c0f-5f40-b7d7-c5b771b62794,Kwale Cashew Farm #0641,Coastal Lowlands,Cashew,9.5,2.3514,12.36,3,Structured Farm,0.52,0.52,0.44,0.52,0.52,0.56,0.64,0.4,0.4,0.0676,0.6023,0.3315,2.3167,10.0433,0.4757,1,Medium Risk
32a4e4fe-50ae-5d18-a295-fc059cdb346b,Lamu Vegetables Farm #0642,Coastal Lowlands,Vegetables,4.78,1.7544,12.36,3,Structured Farm,0.36,0.48,0.56,0.8,0.48,0.64,0.36,0.44,0.36,0.1392,0.488,0.4839,3.2829,9.0771,0.4221,1,Medium Risk
648eb412-e33e-5ff4-ba1d-742ff3e721d5,Uasin Gishu Maize Farm #0643,Rift Valley,Maize,3.96,1.6014,5.52,2,Emerging Agribusiness,0.24,0.16,0.24,0.52,0.16,0.36,0.04,0.12,0.04,0.1411,0.4489,0.3041,1.6372,3.8828,0.6093,2,High Risk
1ecec016-edd0-5f8c-80c1-93db79812160,Siaya Poultry Farm #0644,Western Kenya,Poultry,1.22,0.7975,5.28,2,Emerging Agribusiness,0.16,0.28,0.16,0.6,0.16,0.32,0.04,0.04,0.04,0.1709,0.2335,0.2046,-0.5131,5.7931,0.6306,2,High Risk
804ae2a7-3f13-5b86-99d7-5c23185097fa,Lamu Vegetables Farm #0645,Coastal Lowlands,Vegetables,6.57,2.0242,13.68,3,Structured Farm,0.56,0.48,0.64,0.72,0.6,0.64,0.48,0.44,0.44,0.0911,0.4668,0.5379,0.7721,12.9079,0.4261,1,Medium Risk
6f32185d-ec7b-5c06-a395-f25e9f1153d7,Lamu Cashew Farm #0646,Coastal Lowlands,Cashew,13.04,2.6419,19.8,4,Investment Ready Farm,0.76,0.76,0.92,0.72,0.96,0.88,0.84,0.76,0.72,0.0823,0.6415,0.3324,3.1041,16.6959,0.2412,0,Low Risk
e761fef6-7050-509b-9953-2f44135291ca,Makueni Green Grams Farm #0647,Eastern Semi-Arid,Green Grams,1.81,1.0332,5.28,2,Emerging Agribusiness,0.2,0.16,0.2,0.52,0.08,0.36,0.12,0.12,0.08,0.1386,0.6562,0.4973,-1.0262,6.3062,0.6969,2,High Risk
f7108cdf-d8e8-584a-9b65-24d4b5ada1e1,Bomet Tea Farm #0648,Rift Valley,Tea,6.91,2.0681,12.12,3,Structured Farm,0.52,0.32,0.6,0.72,0.44,0.4,0.6,0.44,0.32,0.1216,0.293,0.3502,3.0346,9.0854,0.427,1,Medium Risk
e450ca0a-ad87-58a3-8453-bbe9218224fc,Nyeri Avocado Farm #0649,Central Highlands,Avocado,5.81,1.9184,12.24,3,Structured Farm,0.4,0.44,0.6,0.72,0.36,0.64,0.56,0.36,0.36,0.1292,0.1351,0.2853,4.0404,8.1996,0.3645,1,Medium Risk
f251656d-b045-5767-ad87-7ccb67e8d57a,Meru Tea Farm #0650,Central Highlands,Tea,1.57,0.9439,7.08,2,Emerging Agribusiness,0.16,0.24,0.28,0.64,0.2,0.32,0.36,0.16,0.16,0.1469,0.2041,0.381,0.2418,6.8382,0.5381,2,High Risk
555d9a54-e382-56ab-ac6a-c5daff740a5b,Uasin Gishu Wheat Farm #0651,Rift Valley,Wheat,2.76,1.3244,4.56,5,Future Ready Farm,0.12,0.28,0.16,0.52,0.16,0.12,0.08,0.08,0.08,0.1382,0.4249,0.3785,1.399,3.161,0.62,2,High Risk
b85751d9-a3ba-523e-a664-bcb33e01dbe0,Kitui Green Grams Farm #0652,Eastern Semi-Arid,Green Grams,8.87,2.2895,20.64,5,Future Ready Farm,0.8,0.88,0.96,0.88,0.84,0.84,0.84,0.84,0.8,0.0447,0.849,0.5133,2.5514,18.0886,0.3085,0,Low Risk
85fc5c4c-28d1-5f3b-8d89-f5f573c402ea,Bungoma Dairy Farm #0653,Western Kenya,Dairy,8.53,2.2544,12.12,3,Structured Farm,0.52,0.4,0.64,0.68,0.48,0.48,0.4,0.44,0.4,0.0979,0.05,0.4852,4.1737,7.9463,0.3904,1,Medium Risk
9df01279-1de1-5ad6-a461-e13aaed630da,Kakamega Horticulture Farm #0654,Western Kenya,Horticulture,4.1,1.6292,6.0,2,Emerging Agribusiness,0.12,0.32,0.32,0.6,0.16,0.16,0.12,0.2,0.12,0.152,0.4495,0.3915,1.8271,4.1729,0.6134,2,High Risk
892a78c3-f6d7-51c1-b713-bf2e92962258,Trans Nzoia Wheat Farm #0655,Rift Valley,Wheat,22.07,3.1385,18.48,4,Investment Ready Farm,0.64,0.84,0.84,0.76,0.72,0.84,0.76,0.76,0.64,0.0656,0.2397,0.4077,2.6159,15.8641,0.241,0,Low Risk
8613787b-0118-56d2-9199-cdf19d066216,Taita Taveta Cashew Farm #0656,Coastal Lowlands,Cashew,3.93,1.5953,5.64,2,Emerging Agribusiness,0.16,0.2,0.36,0.6,0.0,0.36,0.16,0.04,0.0,0.1838,0.5596,0.3251,-1.4648,7.1048,0.6567,2,High Risk
edea5127-a7ce-56db-8710-b5c97fea98f1,Kirinyaga Macadamia Farm #0657,Central Highlands,Macadamia,30.22,3.4411,21.36,5,Future Ready Farm,0.92,0.8,0.96,0.84,0.88,0.84,1.0,0.88,0.8,0.0624,0.2506,0.3547,1.7446,19.6154,0.2218,0,Low Risk
f16acfc7-60de-59ff-8c6e-dd83bdcc626e,Lamu Fish Farming Farm #0658,Coastal Lowlands,Fish Farming,2.81,1.3376,6.0,2,Emerging Agribusiness,0.16,0.2,0.32,0.48,0.08,0.4,0.2,0.16,0.08,0.1277,0.6408,0.3301,0.5353,5.4647,0.7091,2,High Risk
c6b95cd7-1e83-5571-a61f-19159cbfcaa1,Uasin Gishu Dairy Farm #0659,Rift Valley,Dairy,8.03,2.2006,11.88,3,Structured Farm,0.32,0.36,0.56,0.8,0.4,0.56,0.6,0.36,0.32,0.1535,0.2826,0.2776,3.2253,8.6547,0.3957,1,Medium Risk
f6611cb6-e266-5680-8a6b-09ea637969a0,Nandi Maize Farm #0660,Rift Valley,Maize,1.52,0.9243,6.24,2,Emerging Agribusiness,0.12,0.24,0.28,0.56,0.16,0.36,0.2,0.16,0.12,0.1342,0.1764,0.4322,-0.7279,6.9679,0.5373,2,High Risk
f7a1826e-875e-5b75-8a24-c54716d1edfa,Trans Nzoia Maize Farm #0661,Rift Valley,Maize,1.12,0.7514,5.76,2,Emerging Agribusiness,0.32,0.16,0.32,0.44,0.16,0.32,0.12,0.08,0.08,0.1183,0.2735,0.5988,1.7524,4.0076,0.593,2,High Risk
0f9da962-0574-599f-816e-b8b8b179e4c0,Taita Taveta Cashew Farm #0662,Coastal Lowlands,Cashew,25.87,3.291,19.44,4,Investment Ready Farm,0.72,0.72,0.84,0.8,0.88,0.8,0.92,0.8,0.72,0.0656,0.6842,0.5335,1.7715,17.6685,0.2957,0,Low Risk
1b30062e-7cc7-51ff-8ad5-7716da724837,Taita Taveta Vegetables Farm #0663,Coastal Lowlands,Vegetables,1.69,0.9895,4.44,5,Future Ready Farm,0.08,0.08,0.12,0.52,0.0,0.36,0.16,0.16,0.0,0.1599,0.7704,0.4851,0.5679,3.8721,0.7866,2,High Risk
102c0292-44e7-56e3-9b19-79ebd717666d,Kericho Tea Farm #0664,Rift Valley,Tea,1.82,1.0367,5.4,2,Emerging Agribusiness,0.12,0.16,0.28,0.44,0.12,0.44,0.16,0.08,0.08,0.1356,0.1671,0.295,-0.8176,6.2176,0.6114,2,High Risk
5a2a2570-b404-5c73-b451-e431da9f408e,Kericho Maize Farm #0665,Rift Valley,Maize,3.25,1.4469,6.72,2,Emerging Agribusiness,0.16,0.28,0.16,0.64,0.28,0.36,0.2,0.16,0.16,0.1523,0.4746,0.3735,-0.7033,7.4233,0.6093,2,High Risk
f125903a-70de-5e2c-9028-4c3a0c584cbd,Kitui Mangoes Farm #0666,Eastern Semi-Arid,Mangoes,6.41,2.0028,11.76,3,Structured Farm,0.52,0.36,0.48,0.72,0.48,0.52,0.4,0.44,0.36,0.1015,0.6322,0.6147,0.7481,11.0119,0.5699,1,Medium Risk
402d1dc1-7ee3-584b-90d8-7fd2e0eaaf4c,Vihiga Maize Farm #0667,Western Kenya,Maize,4.83,1.763,12.36,3,Structured Farm,0.48,0.28,0.6,0.76,0.48,0.6,0.56,0.36,0.28,0.1406,0.3,0.4933,2.136,10.224,0.4935,1,Medium Risk
24856e4b-80b1-5fa9-8e7d-8e62d61dc533,Kwale Cassava Farm #0668,Coastal Lowlands,Cassava,5.0,1.7918,20.76,5,Future Ready Farm,0.8,0.84,0.84,0.84,0.92,0.88,0.92,0.88,0.8,0.0397,0.7922,0.4165,4.4491,16.3109,0.2581,0,Low Risk
929a6eaa-ef3f-544a-8aeb-dad1e1efce0a,Busia Dairy Farm #0669,Western Kenya,Dairy,2.47,1.2442,6.12,2,Emerging Agribusiness,0.28,0.32,0.32,0.56,0.12,0.24,0.08,0.12,0.08,0.1455,0.2938,0.3696,-0.2738,6.3938,0.6248,2,High Risk
ee783712-456c-52b3-9a5f-59260efb79cf,Nandi Horticulture Farm #0670,Rift Valley,Horticulture,1.61,0.9594,4.08,5,Future Ready Farm,0.2,0.0,0.24,0.52,0.08,0.12,0.16,0.04,0.0,0.152,0.2715,0.3243,1.255,2.825,0.6198,2,High Risk
9a549481-43c5-5d1e-a665-14108590e3cd,Makueni Livestock Farm #0671,Eastern Semi-Arid,Livestock,2.28,1.1878,6.36,2,Emerging Agribusiness,0.32,0.24,0.24,0.72,0.08,0.2,0.28,0.04,0.04,0.1938,0.4635,0.5542,-0.2532,6.6132,0.6023,2,High Risk
de8e4787-f8c4-508c-9701-8c3d7558f10b,Murang'a Avocado Farm #0672,Central Highlands,Avocado,10.94,2.4799,11.64,3,Structured Farm,0.44,0.52,0.56,0.6,0.44,0.6,0.32,0.4,0.32,0.0947,0.2566,0.2837,3.9495,7.6905,0.4019,1,Medium Risk
48cab04c-b281-5143-ac03-960c57edb0f9,Machakos Sorghum Farm #0673,Eastern Semi-Arid,Sorghum,31.9,3.4935,18.84,4,Investment Ready Farm,0.76,0.68,0.84,0.76,0.72,0.84,0.92,0.76,0.68,0.0719,0.7812,0.6148,1.2357,17.6043,0.4194,1,Medium Risk
e2673f0c-2a69-5e95-8d6c-ff808a99c56a,Taita Taveta Cassava Farm #0674,Coastal Lowlands,Cassava,11.57,2.5313,13.08,3,Structured Farm,0.72,0.4,0.6,0.72,0.56,0.64,0.44,0.28,0.28,0.1482,0.4974,0.2981,2.8417,10.2383,0.433,1,Medium Risk
6084e7a5-898e-5088-b8b0-8088398b4b20,Kwale Fish Farming Farm #0675,Coastal Lowlands,Fish Farming,8.49,2.2502,12.48,3,Structured Farm,0.44,0.48,0.48,0.64,0.6,0.64,0.48,0.4,0.4,0.0872,0.5594,0.4691,3.0625,9.4175,0.4291,1,Medium Risk
8cc7eb27-2b0a-5a3f-8cd7-d785d49e5453,Kwale Vegetables Farm #0676,Coastal Lowlands,Vegetables,1.1,0.7419,5.28,2,Emerging Agribusiness,0.16,0.04,0.08,0.64,0.16,0.32,0.2,0.16,0.04,0.1766,0.6173,0.4892,-1.1815,6.4615,0.701,2,High Risk
e7bf277d-3b52-518b-b5d9-cacc3949b68d,Bomet Dairy Farm #0677,Rift Valley,Dairy,41.42,3.7476,20.16,5,Future Ready Farm,0.84,0.68,0.92,0.88,0.92,0.76,0.84,0.88,0.68,0.0775,0.1652,0.2602,2.9833,17.1767,0.26,0,Low Risk
49ee1708-0566-5889-a315-987f8b51fdf2,Meru Avocado Farm #0678,Central Highlands,Avocado,2.06,1.1184,4.92,5,Future Ready Farm,0.04,0.24,0.12,0.56,0.24,0.32,0.08,0.04,0.04,0.1655,0.4073,0.3303,0.3133,4.6067,0.5546,2,High Risk
70eae28f-e656-526c-8e8c-13d282ee624a,Kwale Vegetables Farm #0679,Coastal Lowlands,Vegetables,4.98,1.7884,6.72,2,Emerging Agribusiness,0.2,0.2,0.32,0.52,0.2,0.36,0.32,0.12,0.12,0.1183,0.3784,0.562,1.1653,5.5547,0.5611,2,High Risk
a74acc2b-2530-50f5-87ed-d815079f16cc,Kakamega Sugarcane Farm #0680,Western Kenya,Sugarcane,2.41,1.2267,6.12,2,Emerging Agribusiness,0.08,0.28,0.24,0.56,0.16,0.36,0.24,0.12,0.08,0.1427,0.4168,0.3359,1.0076,5.1124,0.5828,2,High Risk
194cb1b7-61d4-5936-98af-b2176b4fd25e,Nyeri Macadamia Farm #0681,Central Highlands,Macadamia,1.47,0.9042,6.0,2,Emerging Agribusiness,0.2,0.24,0.28,0.52,0.16,0.32,0.24,0.04,0.04,0.1292,0.3098,0.4811,0.3915,5.6085,0.6006,2,High Risk
8e4b0051-feab-50a5-b6a9-f777649910fa,Kilifi Vegetables Farm #0682,Coastal Lowlands,Vegetables,0.62,0.4824,5.76,2,Emerging Agribusiness,0.12,0.24,0.12,0.68,0.24,0.28,0.2,0.04,0.04,0.1822,0.4092,0.5594,1.8472,3.9128,0.5896,2,High Risk
f4613b73-30d2-5cc9-85cc-85be0e711eb5,Nyeri Avocado Farm #0683,Central Highlands,Avocado,0.5,0.4055,5.64,2,Emerging Agribusiness,0.04,0.24,0.32,0.56,0.08,0.36,0.12,0.16,0.04,0.1618,0.3427,0.2824,1.7704,3.8696,0.6367,2,High Risk
bbbf4587-8245-5a54-8238-d6a062aee145,Meru Coffee Farm #0684,Central Highlands,Coffee,2.89,1.3584,5.04,2,Emerging Agribusiness,0.08,0.24,0.24,0.44,0.2,0.28,0.04,0.16,0.04,0.1162,0.0855,0.306,-0.8383,5.8783,0.6063,2,High Risk
eb35f883-ce2b-5603-9a12-5b11a871693f,Machakos Sorghum Farm #0685,Eastern Semi-Arid,Sorghum,11.15,2.4973,12.12,3,Structured Farm,0.44,0.52,0.52,0.8,0.64,0.48,0.44,0.2,0.2,0.1612,0.8032,0.3946,1.6745,10.4455,0.5589,2,High Risk
1e34919f-1a44-573d-bb66-e658d0d09df8,Uasin Gishu Horticulture Farm #0686,Rift Valley,Horticulture,2.86,1.3507,5.28,2,Emerging Agribusiness,0.12,0.24,0.16,0.48,0.2,0.28,0.24,0.04,0.04,0.1217,0.4163,0.3228,1.3882,3.8918,0.585,2,High Risk
a9d1c18f-9ab5-5540-9687-00c50c5cf586,Kwale Fish Farming Farm #0687,Coastal Lowlands,Fish Farming,0.68,0.5188,6.6,2,Emerging Agribusiness,0.32,0.28,0.24,0.6,0.12,0.32,0.2,0.12,0.12,0.1434,0.6832,0.4348,0.8239,5.7761,0.6966,2,High Risk
422b83cb-ae4d-545a-85bc-7399cb0ce465,Machakos Sorghum Farm #0688,Eastern Semi-Arid,Sorghum,39.44,3.6998,20.28,5,Future Ready Farm,0.84,0.88,0.88,0.76,0.84,0.8,0.88,0.88,0.76,0.0421,0.4909,0.4492,1.1482,19.1318,0.2773,0,Low Risk
fc686225-9d5d-53c2-80e4-81a4b5ca91e0,Kitui Mangoes Farm #0689,Eastern Semi-Arid,Mangoes,1.5,0.9163,12.36,3,Structured Farm,0.56,0.52,0.64,0.52,0.36,0.56,0.6,0.36,0.36,0.0968,0.5471,0.5072,2.1159,10.2441,0.5812,1,Medium Risk
31628654-bfff-5483-9206-57f6b1565790,Vihiga Maize Farm #0690,Western Kenya,Maize,1.5,0.9163,12.72,3,Structured Farm,0.44,0.44,0.68,0.68,0.56,0.48,0.56,0.4,0.4,0.1015,0.05,0.2388,2.2846,10.4354,0.2636,1,Medium Risk
46ca795f-ed41-5474-a6a7-b800ddf49778,Kwale Cashew Farm #0691,Coastal Lowlands,Cashew,2.8,1.335,5.04,2,Emerging Agribusiness,0.16,0.12,0.2,0.4,0.12,0.36,0.2,0.12,0.12,0.1034,0.3953,0.6694,0.999,4.041,0.6375,2,High Risk
557e7e06-89fc-59bf-9d8b-3c9c225f86f9,Kericho Maize Farm #0692,Rift Valley,Maize,33.56,3.5427,19.8,4,Investment Ready Farm,0.8,0.68,0.96,0.92,0.8,0.72,0.84,0.88,0.68,0.0893,0.4184,0.1926,4.8786,14.9214,0.2057,0,Low Risk
2cbf1e71-3185-5dc6-98a0-b3f34212efa6,Nyeri Coffee Farm #0693,Central Highlands,Coffee,0.92,0.6523,5.64,2,Emerging Agribusiness,0.24,0.28,0.24,0.4,0.2,0.36,0.12,0.04,0.04,0.1103,0.1596,0.2518,1.9949,3.6451,0.5428,2,High Risk
1c105410-deb5-5f3f-b6bd-810db49424b8,Kakamega Maize Farm #0694,Western Kenya,Maize,3.84,1.5769,4.44,5,Future Ready Farm,0.0,0.16,0.2,0.76,0.04,0.12,0.16,0.04,0.0,0.2271,0.2523,0.2923,-0.318,4.758,0.6787,2,High Risk
83db861b-5670-572f-8633-103497a75b6b,Machakos Pigeon Peas Farm #0695,Eastern Semi-Arid,Pigeon Peas,22.03,3.1368,19.08,4,Investment Ready Farm,0.8,0.64,0.88,0.88,0.76,0.76,0.88,0.76,0.64,0.0786,0.95,0.5202,4.7332,14.3468,0.4246,1,Medium Risk
f3b48c77-7097-5205-bbaf-ac27bd5239a4,Siaya Maize Farm #0696,Western Kenya,Maize,12.44,2.5982,10.8,3,Structured Farm,0.56,0.48,0.44,0.56,0.52,0.6,0.28,0.16,0.16,0.1439,0.409,0.2739,3.8098,6.9902,0.5056,2,High Risk
ca5c1046-855d-5c59-afbd-c514a5eda498,Nandi Wheat Farm #0697,Rift Valley,Wheat,1.5,0.9163,11.64,3,Structured Farm,0.4,0.44,0.44,0.8,0.36,0.6,0.36,0.48,0.36,0.1392,0.207,0.3802,3.627,8.013,0.3548,1,Medium Risk
760344f2-0a74-53de-8a51-e14664f0e821,Bomet Wheat Farm #0698,Rift Valley,Wheat,12.15,2.5764,12.96,3,Structured Farm,0.52,0.52,0.64,0.68,0.52,0.68,0.48,0.28,0.28,0.1233,0.3101,0.6013,3.1245,9.8355,0.4298,1,Medium Risk
e9bdc610-2121-5102-9bfc-0939035e1750,Uasin Gishu Dairy Farm #0699,Rift Valley,Dairy,2.02,1.1053,10.92,3,Structured Farm,0.44,0.4,0.52,0.64,0.48,0.48,0.44,0.24,0.24,0.1057,0.3001,0.4106,2.3545,8.5655,0.5059,2,High Risk
5b63fa65-f73b-5749-acce-764475dc3f88,Lamu Fish Farming Farm #0700,Coastal Lowlands,Fish Farming,1.86,1.0508,4.8,5,Future Ready Farm,0.12,0.12,0.32,0.52,0.08,0.24,0.04,0.16,0.04,0.147,0.5563,0.7323,1.5772,3.2228,0.7226,2,High Risk
4c4ac0ae-4d06-5065-b841-9775b32eb241,Embu Macadamia Farm #0701,Central Highlands,Macadamia,2.58,1.2754,5.04,2,Emerging Agribusiness,0.12,0.2,0.12,0.52,0.16,0.36,0.12,0.08,0.08,0.1425,0.1038,0.1136,0.5184,4.5216,0.5969,2,High Risk
7aeb6d44-a05b-595e-8879-39462effcd13,Kwale Vegetables Farm #0702,Coastal Lowlands,Vegetables,1.22,0.7975,5.88,2,Emerging Agribusiness,0.24,0.2,0.32,0.52,0.16,0.32,0.08,0.12,0.08,0.1318,0.6579,0.3663,0.7316,5.1484,0.6953,2,High Risk
25a5ebdd-a88a-5cfd-8bdf-e510a9f7f9aa,Kiambu Tea Farm #0703,Central Highlands,Tea,4.25,1.6582,5.52,2,Emerging Agribusiness,0.12,0.16,0.32,0.48,0.2,0.36,0.16,0.04,0.04,0.1353,0.4455,0.351,-1.1442,6.6642,0.6658,2,High Risk
e01bed5c-4596-5f18-9472-3f360cf8818c,Murang'a Dairy Farm #0704,Central Highlands,Dairy,34.1,3.5582,18.84,4,Investment Ready Farm,0.56,0.92,0.88,0.8,0.76,0.84,0.84,0.68,0.56,0.1094,0.2705,0.2894,1.6294,17.2106,0.3116,0,Low Risk
84abd549-9a28-54e6-91a3-959d48fe3833,Taita Taveta Vegetables Farm #0705,Coastal Lowlands,Vegetables,3.0,1.3863,5.76,2,Emerging Agribusiness,0.2,0.08,0.24,0.68,0.12,0.24,0.2,0.16,0.08,0.1744,0.62,0.5921,1.372,4.388,0.7049,2,High Risk
f23644b6-f048-5525-850b-5fe72e2ab1f7,Nakuru Horticulture Farm #0706,Rift Valley,Horticulture,2.73,1.3164,13.2,3,Structured Farm,0.48,0.6,0.6,0.72,0.44,0.44,0.72,0.4,0.4,0.1196,0.3206,0.4994,1.4332,11.7668,0.4158,1,Medium Risk
2b1996b6-0d2a-54b2-9d01-10d723b6f0fa,Tharaka Nithi Cowpeas Farm #0707,Eastern Semi-Arid,Cowpeas,1.98,1.0919,10.2,3,Structured Farm,0.52,0.48,0.44,0.48,0.4,0.48,0.28,0.32,0.28,0.0798,0.5302,0.6102,1.8277,8.3723,0.5864,1,Medium Risk
a0675fa6-20f6-5006-bfb3-063425062f22,Kitui Green Grams Farm #0708,Eastern Semi-Arid,Green Grams,7.56,2.1471,11.52,3,Structured Farm,0.4,0.52,0.56,0.8,0.36,0.56,0.36,0.28,0.28,0.1549,0.5993,0.4949,0.8238,10.6962,0.499,1,Medium Risk
71179a01-01d8-5b8c-99b7-417ebf531cb0,Kiambu Avocado Farm #0709,Central Highlands,Avocado,2.0,1.0986,6.12,2,Emerging Agribusiness,0.28,0.24,0.16,0.48,0.32,0.28,0.16,0.12,0.12,0.1076,0.2508,0.2204,1.0511,5.0689,0.6091,2,High Risk
685182f4-c2c4-5bd4-8a39-0494459365ca,Makueni Cowpeas Farm #0710,Eastern Semi-Arid,Cowpeas,2.98,1.3813,5.28,2,Emerging Agribusiness,0.16,0.08,0.28,0.64,0.2,0.16,0.2,0.04,0.04,0.1732,0.5814,0.6077,-0.9084,6.1884,0.7192,2,High Risk
f37e63a1-3084-54f2-bb61-f74503e0606a,Nyeri Tea Farm #0711,Central Highlands,Tea,9.97,2.3952,19.32,4,Investment Ready Farm,0.92,0.76,0.76,0.72,0.88,0.8,0.88,0.72,0.72,0.0733,0.1571,0.2816,4.0438,15.2762,0.1184,0,Low Risk
6b32b881-6152-5d79-a5ec-deb72eea44ee,Kakamega Horticulture Farm #0712,Western Kenya,Horticulture,7.64,2.1564,12.84,3,Structured Farm,0.64,0.32,0.72,0.6,0.56,0.68,0.4,0.36,0.32,0.1441,0.4633,0.5716,0.8762,11.9638,0.5017,1,Medium Risk
bf2a4c85-7b67-5ab2-8745-603c22d34dfa,Kakamega Maize Farm #0713,Western Kenya,Maize,13.88,2.7,13.2,3,Structured Farm,0.44,0.6,0.56,0.64,0.64,0.64,0.56,0.32,0.32,0.1072,0.2228,0.4328,1.1672,12.0328,0.3464,1,Medium Risk
59128b52-6a15-55af-a611-7510a0eb66a1,Kilifi Coconut Farm #0714,Coastal Lowlands,Coconut,29.57,3.42,20.4,5,Future Ready Farm,0.96,0.76,0.84,0.72,0.88,0.96,0.96,0.72,0.72,0.0995,0.4987,0.3987,1.5704,18.8296,0.348,0,Low Risk
9f5f2795-075e-530e-b6aa-05d84bee9c60,Bungoma Horticulture Farm #0715,Western Kenya,Horticulture,8.96,2.2986,12.0,3,Structured Farm,0.68,0.44,0.56,0.64,0.4,0.56,0.44,0.28,0.28,0.1249,0.4189,0.3046,2.9878,9.0122,0.3939,1,Medium Risk
18bb14ee-90d6-5d8e-b774-8ecd85d3ccc4,Nyeri Horticulture Farm #0716,Central Highlands,Horticulture,2.74,1.3191,5.28,2,Emerging Agribusiness,0.12,0.2,0.28,0.36,0.16,0.28,0.28,0.08,0.08,0.0894,0.4569,0.164,0.8812,4.3988,0.6509,2,High Risk
df851d38-1471-58f3-a663-076c594dd712,Kitui Sorghum Farm #0717,Eastern Semi-Arid,Sorghum,1.5,0.9163,11.4,3,Structured Farm,0.44,0.44,0.52,0.68,0.36,0.6,0.44,0.32,0.32,0.1121,0.5844,0.4914,2.6838,8.7162,0.581,1,Medium Risk
d3a34ac5-eaf3-5d59-81db-58b7814d06cf,Trans Nzoia Maize Farm #0718,Rift Valley,Maize,4.68,1.737,5.04,2,Emerging Agribusiness,0.16,0.16,0.28,0.56,0.08,0.2,0.2,0.04,0.04,0.1493,0.3282,0.4727,-1.0728,6.1128,0.6371,2,High Risk
25c07c2f-b76e-56d8-876e-36f4306c6870,Nakuru Maize Farm #0719,Rift Valley,Maize,7.67,2.1599,12.12,3,Structured Farm,0.48,0.48,0.56,0.68,0.44,0.6,0.48,0.32,0.32,0.1019,0.3951,0.3657,2.1469,9.9731,0.4359,1,Medium Risk
3e47f26f-2811-58ac-8710-0ae8d78796f2,Kwale Fish Farming Farm #0720,Coastal Lowlands,Fish Farming,23.54,3.2003,20.16,5,Future Ready Farm,0.8,0.88,0.96,0.76,0.8,0.92,0.76,0.84,0.76,0.0693,0.5232,0.326,3.622,16.538,0.2442,0,Low Risk
c115c29a-d37b-55bd-9b54-d7616f186871,Kitui Pigeon Peas Farm #0721,Eastern Semi-Arid,Pigeon Peas,1.5,0.9163,10.92,3,Structured Farm,0.52,0.44,0.44,0.64,0.44,0.48,0.44,0.24,0.24,0.1038,0.6324,0.5805,2.6073,8.3127,0.5428,2,High Risk
62ac5f8a-3501-5c2d-8ce6-f5d86a91e8e5,Kisumu Horticulture Farm #0722,Western Kenya,Horticulture,2.3,1.1939,5.16,2,Emerging Agribusiness,0.16,0.2,0.16,0.6,0.12,0.24,0.16,0.08,0.08,0.1522,0.2711,0.3656,0.6695,4.4905,0.5837,2,High Risk
07f97080-0bec-57a8-8b2a-a6d2da7faad1,Vihiga Dairy Farm #0723,Western Kenya,Dairy,2.45,1.2384,4.92,5,Future Ready Farm,0.12,0.28,0.2,0.4,0.16,0.2,0.12,0.16,0.12,0.0882,0.353,0.5363,-0.0557,4.9757,0.7128,2,High Risk
33c0337a-3b7c-5528-97db-afb5d1075956,Murang'a Avocado Farm #0724,Central Highlands,Avocado,13.29,2.6596,18.96,4,Investment Ready Farm,0.88,0.64,0.88,0.72,0.88,0.8,0.84,0.68,0.64,0.0911,0.3298,0.3288,3.0811,15.8789,0.2328,0,Low Risk
9d325872-afdb-5af8-b412-1ab5db5177ea,Busia Cassava Farm #0725,Western Kenya,Cassava,2.09,1.1282,5.64,2,Emerging Agribusiness,0.2,0.32,0.12,0.6,0.16,0.16,0.2,0.12,0.12,0.1502,0.3684,0.2849,1.8966,3.7434,0.608,2,High Risk
7b0ae9b4-982d-5489-a9a8-d10093014a56,Embu Dairy Farm #0726,Central Highlands,Dairy,2.9,1.361,6.12,2,Emerging Agribusiness,0.24,0.12,0.28,0.68,0.16,0.32,0.2,0.04,0.04,0.181,0.2918,0.3246,-0.2093,6.3293,0.5965,2,High Risk
3e863399-5fea-5ab4-8b5e-f62fd01a6c55,Vihiga Dairy Farm #0727,Western Kenya,Dairy,3.95,1.5994,5.04,2,Emerging Agribusiness,0.2,0.2,0.24,0.4,0.16,0.24,0.16,0.08,0.08,0.0866,0.3228,0.5252,1.3199,3.7201,0.6384,2,High Risk
762495cb-7b79-56cb-99a4-991f2dcde138,Uasin Gishu Maize Farm #0728,Rift Valley,Maize,1.96,1.0852,6.0,2,Emerging Agribusiness,0.16,0.32,0.28,0.4,0.16,0.24,0.32,0.12,0.12,0.0911,0.5378,0.2122,1.9292,4.0708,0.5862,2,High Risk
2154957e-cb8f-5351-b4c8-7b7e7b8c7697,Taita Taveta Cashew Farm #0729,Coastal Lowlands,Cashew,4.87,1.7699,6.96,2,Emerging Agribusiness,0.36,0.24,0.36,0.44,0.28,0.28,0.12,0.24,0.12,0.0911,0.5502,0.5351,-0.0213,6.9813,0.6686,2,High Risk
8f23e51e-47e0-5300-bded-41562fba8cc3,Trans Nzoia Tea Farm #0730,Rift Valley,Tea,10.2,2.4159,13.08,3,Structured Farm,0.56,0.56,0.48,0.92,0.44,0.68,0.44,0.28,0.28,0.1788,0.3026,0.3642,4.1239,8.9561,0.3392,1,Medium Risk
b1044c31-3d76-5bb1-8ba8-e6de2b505757,Murang'a Horticulture Farm #0731,Central Highlands,Horticulture,4.26,1.6601,3.72,1,Informal Farm,0.08,0.12,0.08,0.36,0.2,0.08,0.24,0.08,0.08,0.0968,0.4723,0.2986,-0.3478,4.0678,0.6623,2,High Risk
08f19744-d320-56e3-8840-233c2a1a7ca9,Kisumu Cassava Farm #0732,Western Kenya,Cassava,0.5,0.4055,6.12,2,Emerging Agribusiness,0.32,0.24,0.2,0.56,0.24,0.2,0.24,0.04,0.04,0.137,0.3879,0.0917,1.3446,4.7754,0.5286,2,High Risk
72aea0ea-aa80-5efe-bd33-345d441b963e,Kwale Cassava Farm #0733,Coastal Lowlands,Cassava,1.12,0.7514,6.0,2,Emerging Agribusiness,0.36,0.12,0.28,0.48,0.12,0.28,0.2,0.16,0.12,0.1179,0.6439,0.4299,-0.3538,6.3538,0.7158,2,High Risk
912bb6b1-14ff-5db1-ad81-112d21b1603d,Siaya Sugarcane Farm #0734,Western Kenya,Sugarcane,2.17,1.1537,5.64,2,Emerging Agribusiness,0.16,0.28,0.32,0.44,0.16,0.28,0.16,0.08,0.08,0.1085,0.2223,0.3571,0.8607,4.7793,0.6224,2,High Risk
4cd07f3a-a706-55dd-bd0a-31245f7aa0b9,Kericho Potatoes Farm #0735,Rift Valley,Potatoes,2.54,1.2641,6.12,2,Emerging Agribusiness,0.24,0.24,0.36,0.52,0.2,0.28,0.08,0.12,0.08,0.1295,0.2727,0.4105,-0.7343,6.8543,0.583,2,High Risk
0d288ef8-5694-50cd-b07f-4c16bf87c3c6,Tharaka Nithi Green Grams Farm #0736,Eastern Semi-Arid,Green Grams,10.14,2.4105,13.68,3,Structured Farm,0.44,0.52,0.64,0.72,0.44,0.72,0.64,0.44,0.44,0.1162,0.794,0.5866,2.2939,11.3861,0.5093,1,Medium Risk
ed35f155-4852-58da-a92c-a976c2c91c94,Bungoma Maize Farm #0737,Western Kenya,Maize,3.28,1.454,5.64,2,Emerging Agribusiness,0.2,0.16,0.28,0.56,0.08,0.32,0.28,0.0,0.0,0.1593,0.2744,0.4033,-1.2031,6.8431,0.646,2,High Risk
c98eaea1-e5a7-53d5-9ec0-df02a2ee0fd6,Kericho Potatoes Farm #0738,Rift Valley,Potatoes,1.24,0.8065,6.0,2,Emerging Agribusiness,0.24,0.28,0.2,0.6,0.12,0.2,0.32,0.04,0.04,0.1559,0.2375,0.5673,0.4183,5.5817,0.6363,2,High Risk
52cebda8-fae6-5422-a671-30621ce3ec43,Tharaka Nithi Green Grams Farm #0739,Eastern Semi-Arid,Green Grams,4.03,1.6154,4.92,5,Future Ready Farm,0.04,0.32,0.24,0.44,0.08,0.28,0.04,0.2,0.04,0.1348,0.543,0.5553,0.5373,4.3827,0.7363,2,High Risk
f06d9061-60d5-501a-9926-cb24b1417d75,Uasin Gishu Maize Farm #0740,Rift Valley,Maize,2.41,1.2267,4.8,5,Future Ready Farm,0.24,0.04,0.12,0.64,0.08,0.2,0.12,0.16,0.04,0.1766,0.208,0.347,-1.3668,6.1668,0.6654,2,High Risk
f3826678-494e-5d64-bb79-3c0205f59dfd,Bungoma Horticulture Farm #0741,Western Kenya,Horticulture,2.36,1.2119,6.36,2,Emerging Agribusiness,0.2,0.28,0.16,0.64,0.16,0.44,0.12,0.12,0.12,0.1731,0.3121,0.3587,-1.1838,7.5438,0.6325,2,High Risk
82fd4eee-1572-5436-ad26-3c71e2e8f16f,Tharaka Nithi Green Grams Farm #0742,Eastern Semi-Arid,Green Grams,3.71,1.5497,6.36,2,Emerging Agribusiness,0.28,0.28,0.28,0.68,0.12,0.16,0.16,0.16,0.12,0.1684,0.4555,0.42,0.0932,6.2668,0.6336,2,High Risk
75ebd0a1-c56d-5d43-b7b4-81c37affb2e1,Bomet Tea Farm #0743,Rift Valley,Tea,27.64,3.3548,20.28,5,Future Ready Farm,0.76,0.92,0.92,0.84,0.88,0.84,0.92,0.68,0.68,0.0811,0.2188,0.3476,3.0843,17.1957,0.1784,0,Low Risk
9bc2a2db-107c-5676-96ed-afa84468f73a,Nyeri Avocado Farm #0744,Central Highlands,Avocado,4.61,1.7246,6.12,2,Emerging Agribusiness,0.28,0.16,0.36,0.68,0.08,0.2,0.2,0.08,0.08,0.1832,0.235,0.6032,0.8493,5.2707,0.5878,2,High Risk
6a88538f-ec10-51c7-aa7b-4e0148bf3d6d,Vihiga Cassava Farm #0745,Western Kenya,Cassava,3.62,1.5304,11.76,3,Structured Farm,0.48,0.36,0.48,0.72,0.48,0.64,0.56,0.2,0.2,0.1507,0.2139,0.4343,4.4941,7.2659,0.43,2,High Risk
464e4777-e057-53d5-a5c7-cc10abc5b3c4,Embu Macadamia Farm #0746,Central Highlands,Macadamia,2.11,1.1346,4.44,5,Future Ready Farm,0.12,0.28,0.12,0.52,0.04,0.2,0.2,0.0,0.0,0.1522,0.3365,0.1139,0.0244,4.4156,0.5686,2,High Risk
d67593ec-904f-5b4c-9323-2d7377a79041,Bungoma Cassava Farm #0747,Western Kenya,Cassava,1.36,0.8587,6.0,2,Emerging Agribusiness,0.12,0.44,0.2,0.52,0.16,0.32,0.16,0.08,0.08,0.1493,0.425,0.3692,1.8505,4.1495,0.5028,2,High Risk
7b006ab9-f3b6-5ff1-b650-f36a13f91849,Trans Nzoia Maize Farm #0748,Rift Valley,Maize,2.29,1.1909,5.76,2,Emerging Agribusiness,0.2,0.24,0.2,0.6,0.24,0.24,0.08,0.12,0.08,0.147,0.2864,0.3778,1.8384,3.9216,0.591,2,High Risk
8577eeb4-d454-544e-82fb-a57caa4609d0,Embu Avocado Farm #0749,Central Highlands,Avocado,4.86,1.7681,12.0,3,Structured Farm,0.56,0.4,0.64,0.72,0.32,0.44,0.64,0.28,0.28,0.1523,0.346,0.2779,3.6951,8.3049,0.5146,1,Medium Risk
1f5d49e6-860d-5c11-972f-3cc6712e893d,Taita Taveta Cashew Farm #0750,Coastal Lowlands,Cashew,3.14,1.4207,12.24,3,Structured Farm,0.48,0.44,0.64,0.72,0.48,0.52,0.44,0.36,0.36,0.1091,0.5917,0.2664,2.8063,9.4337,0.5436,1,Medium Risk
26a88fba-0a39-514d-a42a-ece36a7f0239,Nakuru Wheat Farm #0751,Rift Valley,Wheat,5.14,1.8148,5.16,2,Emerging Agribusiness,0.04,0.12,0.12,0.64,0.24,0.36,0.2,0.0,0.0,0.1928,0.435,0.5286,1.7891,3.3709,0.6758,2,High Risk
2800834d-d6a4-5545-98d0-54b9e6e4d456,Kericho Maize Farm #0752,Rift Valley,Maize,3.35,1.4702,5.76,2,Emerging Agribusiness,0.28,0.16,0.12,0.6,0.16,0.2,0.16,0.24,0.12,0.1442,0.3606,0.4801,-0.6382,6.3982,0.6624,2,High Risk
243e9f22-e10f-576a-9d65-a510eb4e6edf,Lamu Vegetables Farm #0753,Coastal Lowlands,Vegetables,1.59,0.9517,6.48,2,Emerging Agribusiness,0.2,0.24,0.2,0.68,0.16,0.32,0.24,0.12,0.12,0.1646,0.5701,0.5372,0.3989,6.0811,0.7,2,High Risk
8c49a3f8-0d0b-54fb-9d9b-00dd32e3a4e8,Nyeri Avocado Farm #0754,Central Highlands,Avocado,3.58,1.5217,6.48,2,Emerging Agribusiness,0.28,0.12,0.32,0.68,0.2,0.24,0.08,0.24,0.08,0.1718,0.3703,0.2495,-0.2361,6.7161,0.5785,2,High Risk
8e25be7f-16b2-50f2-afd6-af2ac6d2c8bc,Kisumu Dairy Farm #0755,Western Kenya,Dairy,9.0,2.3026,12.24,3,Structured Farm,0.48,0.4,0.4,0.64,0.52,0.84,0.52,0.28,0.28,0.1597,0.2956,0.4114,0.7198,11.5202,0.4921,1,Medium Risk
62c4fec2-74f4-56d7-a418-9639f0c8774d,Taita Taveta Fish Farming Farm #0756,Coastal Lowlands,Fish Farming,2.9,1.361,6.36,2,Emerging Agribusiness,0.24,0.28,0.28,0.48,0.2,0.28,0.2,0.16,0.16,0.0915,0.6397,0.4344,-0.4331,6.7931,0.7275,2,High Risk
602b5f53-a012-5bd3-a691-898e9c850de7,Kwale Coconut Farm #0757,Coastal Lowlands,Coconut,1.64,0.9708,4.68,5,Future Ready Farm,0.12,0.04,0.2,0.56,0.2,0.2,0.16,0.08,0.04,0.1489,0.8185,0.5884,1.9552,2.7248,0.755,2,High Risk
7f871221-ed14-5004-af8e-f21201016c87,Makueni Livestock Farm #0758,Eastern Semi-Arid,Livestock,18.92,2.9917,20.28,5,Future Ready Farm,0.8,0.92,0.88,0.84,0.88,0.84,1.0,0.6,0.6,0.1085,0.6355,0.5125,3.1341,17.1459,0.3109,0,Low Risk
bc6c6c7a-f252-5288-b002-d12b209eb087,Kiambu Dairy Farm #0759,Central Highlands,Dairy,3.37,1.4748,4.68,5,Future Ready Farm,0.16,0.16,0.24,0.4,0.12,0.32,0.08,0.08,0.08,0.1085,0.1936,0.264,1.5766,3.1034,0.5494,2,High Risk
659d0cac-88ea-5552-a629-cf27c37f6883,Tharaka Nithi Green Grams Farm #0760,Eastern Semi-Arid,Green Grams,1.66,0.9783,5.76,2,Emerging Agribusiness,0.2,0.16,0.2,0.56,0.16,0.32,0.16,0.16,0.16,0.1311,0.6386,0.3967,-1.4748,7.2348,0.6368,2,High Risk
30cb883c-3f28-5ffb-9abe-d755e58efa28,Embu Horticulture Farm #0761,Central Highlands,Horticulture,1.5,0.9163,11.88,3,Structured Farm,0.4,0.48,0.6,0.72,0.4,0.44,0.52,0.4,0.4,0.1076,0.2079,0.4268,0.8025,11.0775,0.3979,1,Medium Risk
ef50d48e-73b1-5385-9157-8f467ee04dae,Busia Poultry Farm #0762,Western Kenya,Poultry,1.12,0.7514,5.16,2,Emerging Agribusiness,0.12,0.16,0.2,0.52,0.12,0.4,0.16,0.04,0.04,0.1509,0.3303,0.4925,1.7782,3.3818,0.6026,2,High Risk
3423add0-e38b-5f7a-bb50-be9f912e0216,Makueni Green Grams Farm #0763,Eastern Semi-Arid,Green Grams,2.38,1.2179,5.52,2,Emerging Agribusiness,0.2,0.24,0.2,0.48,0.12,0.36,0.16,0.08,0.08,0.1229,0.9111,0.7687,0.6024,4.9176,0.8199,2,High Risk
0af30ec1-421a-51d4-911d-db3e039961f9,Kericho Wheat Farm #0764,Rift Valley,Wheat,2.61,1.2837,3.84,1,Informal Farm,0.04,0.16,0.08,0.48,0.16,0.24,0.08,0.04,0.04,0.1371,0.2496,0.3052,0.9894,2.8506,0.5812,2,High Risk
c088da91-f812-55a2-9873-26cd7ca510d6,Machakos Green Grams Farm #0765,Eastern Semi-Arid,Green Grams,12.61,2.6108,20.52,5,Future Ready Farm,0.72,0.96,0.92,0.8,0.8,0.88,0.92,0.84,0.72,0.0747,0.5155,0.4375,3.4222,17.0978,0.1966,0,Low Risk
ec841eb0-1baf-56ae-a777-425acd245a14,Vihiga Maize Farm #0766,Western Kenya,Maize,1.1,0.7419,5.76,2,Emerging Agribusiness,0.12,0.2,0.2,0.64,0.2,0.16,0.32,0.08,0.08,0.1649,0.4733,0.4192,-1.2264,6.9864,0.6333,2,High Risk
0ad8100b-7aca-5902-8861-e8ba0cdc8dad,Makueni Livestock Farm #0767,Eastern Semi-Arid,Livestock,2.69,1.3056,5.76,2,Emerging Agribusiness,0.24,0.2,0.32,0.48,0.08,0.32,0.16,0.12,0.08,0.1217,0.6457,0.4255,1.2521,4.5079,0.664,2,High Risk
bcdd4bfc-a482-5950-8e82-4f344f6c3704,Kiambu Avocado Farm #0768,Central Highlands,Avocado,0.73,0.5481,5.52,2,Emerging Agribusiness,0.2,0.16,0.24,0.56,0.24,0.28,0.12,0.04,0.04,0.1439,0.2727,0.3011,1.7671,3.7529,0.6079,2,High Risk
33571d71-0eec-5f90-a24f-7131cae74fd6,Siaya Sugarcane Farm #0769,Western Kenya,Sugarcane,2.77,1.3271,5.64,2,Emerging Agribusiness,0.12,0.12,0.4,0.44,0.12,0.4,0.16,0.12,0.12,0.1392,0.3924,0.3364,-0.7818,6.4218,0.6262,2,High Risk
a1b14083-83d9-5488-b74c-bff31fe1ae87,Kitui Livestock Farm #0770,Eastern Semi-Arid,Livestock,7.99,2.1961,11.28,3,Structured Farm,0.52,0.44,0.56,0.8,0.28,0.4,0.36,0.4,0.28,0.1493,0.5937,0.478,0.9202,10.3598,0.5387,1,Medium Risk
38249c07-cac8-5ad8-bed2-3354842295a1,Siaya Dairy Farm #0771,Western Kenya,Dairy,0.86,0.6206,6.12,2,Emerging Agribusiness,0.2,0.32,0.16,0.6,0.16,0.2,0.32,0.08,0.08,0.1509,0.2339,0.4595,0.1385,5.9815,0.5374,2,High Risk
4a736cf5-beb0-5f54-b47f-59c0c26c65e7,Kericho Dairy Farm #0772,Rift Valley,Dairy,5.72,1.9051,13.32,3,Structured Farm,0.44,0.6,0.48,0.56,0.64,0.68,0.6,0.44,0.44,0.0859,0.05,0.1864,3.9869,9.3331,0.3112,1,Medium Risk
3c97c843-0bf2-5255-bcfa-36cdc0e37b59,Tharaka Nithi Pigeon Peas Farm #0773,Eastern Semi-Arid,Pigeon Peas,7.08,2.0894,12.12,3,Structured Farm,0.44,0.24,0.68,0.76,0.48,0.48,0.36,0.6,0.24,0.1587,0.6835,0.3659,4.1,8.02,0.4549,2,High Risk
1b8dfd81-eda0-52c0-a604-5a64ae896394,Kilifi Cashew Farm #0774,Coastal Lowlands,Cashew,3.65,1.5369,11.04,3,Structured Farm,0.52,0.4,0.44,0.52,0.56,0.36,0.52,0.36,0.36,0.0748,0.603,0.5288,1.7665,9.2735,0.5054,1,Medium Risk
e10b5cf8-e42f-5900-ab8c-b4a92ca034b3,Kilifi Coconut Farm #0775,Coastal Lowlands,Coconut,4.03,1.6154,5.64,2,Emerging Agribusiness,0.16,0.32,0.2,0.72,0.08,0.2,0.12,0.08,0.08,0.1974,0.4591,0.5213,1.3962,4.2438,0.5672,2,High Risk
a7ea1ecf-53db-5db6-9302-514390ab1c41,Nyeri Coffee Farm #0776,Central Highlands,Coffee,37.35,3.6468,20.04,5,Future Ready Farm,0.76,0.84,0.88,0.84,0.84,0.84,0.92,0.76,0.76,0.0507,0.2432,0.3797,4.1594,15.8806,0.194,0,Low Risk
b2b1fc4d-1105-50c5-924b-317b3a91f861,Tharaka Nithi Cowpeas Farm #0777,Eastern Semi-Arid,Cowpeas,7.48,2.1377,10.8,3,Structured Farm,0.4,0.32,0.56,0.48,0.4,0.68,0.44,0.32,0.32,0.1145,0.7779,0.4808,1.5139,9.2861,0.6263,2,High Risk
3e2783e5-88f1-5585-b0ab-b2863fb612c0,Machakos Cowpeas Farm #0778,Eastern Semi-Arid,Cowpeas,0.55,0.4383,4.8,5,Future Ready Farm,0.0,0.56,0.16,0.4,0.12,0.16,0.12,0.08,0.0,0.1732,0.5592,0.503,-0.6209,5.4209,0.7203,2,High Risk
a9ffd9df-f38c-5445-84a1-02cf0666d646,Kirinyaga Horticulture Farm #0779,Central Highlands,Horticulture,7.23,2.1078,13.08,3,Structured Farm,0.6,0.32,0.92,0.56,0.48,0.56,0.56,0.36,0.32,0.1708,0.2556,0.189,0.6067,12.4733,0.4885,1,Medium Risk
3198cb32-ebfc-53b6-8750-2425184bfc4f,Embu Tea Farm #0780,Central Highlands,Tea,26.32,3.3076,20.04,5,Future Ready Farm,0.88,0.8,0.88,0.8,0.92,0.72,0.88,0.8,0.72,0.0614,0.3865,0.2082,2.8717,17.1683,0.2093,0,Low Risk
dad989ed-86df-5260-bbf0-0d1b3abe6c0d,Tharaka Nithi Mangoes Farm #0781,Eastern Semi-Arid,Mangoes,3.53,1.5107,5.28,2,Emerging Agribusiness,0.12,0.08,0.12,0.56,0.2,0.36,0.24,0.08,0.08,0.1562,0.5175,0.4943,0.6451,4.6349,0.6943,2,High Risk
13107a89-0a5a-5e73-9283-aa9369570865,Kericho Tea Farm #0782,Rift Valley,Tea,52.03,3.9709,18.96,4,Investment Ready Farm,0.8,0.76,0.88,0.72,0.84,0.72,0.84,0.76,0.72,0.0557,0.2539,0.2874,4.7354,14.2246,0.2152,0,Low Risk
be0ed8d9-bad7-5911-8188-feb1a7130e0c,Nakuru Maize Farm #0783,Rift Valley,Maize,2.99,1.3838,5.16,2,Emerging Agribusiness,0.16,0.2,0.24,0.6,0.12,0.2,0.08,0.12,0.08,0.1535,0.4232,0.2885,-0.2101,5.3701,0.6134,2,High Risk
f7a4c6c3-bf61-5197-b36a-784fc43c68bc,Kitui Mangoes Farm #0784,Eastern Semi-Arid,Mangoes,7.64,2.1564,12.36,3,Structured Farm,0.56,0.4,0.52,0.64,0.52,0.64,0.44,0.4,0.4,0.0904,0.731,0.4053,1.001,11.359,0.519,1,Medium Risk
2f97de30-5914-5f05-b944-0275b41d52a7,Kirinyaga Avocado Farm #0785,Central Highlands,Avocado,55.66,4.0371,20.64,5,Future Ready Farm,0.84,0.92,0.84,0.88,0.96,0.84,0.8,0.8,0.8,0.0529,0.1221,0.4544,2.4774,18.1626,0.1826,0,Low Risk
1c7c7827-abeb-5a76-afac-b895a30b48d5,Nakuru Potatoes Farm #0786,Rift Valley,Potatoes,0.56,0.4447,6.24,2,Emerging Agribusiness,0.28,0.2,0.28,0.48,0.12,0.36,0.16,0.2,0.12,0.1095,0.1585,0.2984,-0.1351,6.3751,0.5499,2,High Risk
d357ecb4-78ef-5b2f-b146-16306d8e8eb1,Taita Taveta Fish Farming Farm #0787,Coastal Lowlands,Fish Farming,7.72,2.1656,12.36,3,Structured Farm,0.48,0.52,0.64,0.64,0.36,0.52,0.6,0.36,0.36,0.1048,0.7582,0.5607,2.244,10.116,0.5143,1,Medium Risk
5d0ab2b0-b592-5cf2-a047-21ac028a1565,Uasin Gishu Maize Farm #0788,Rift Valley,Maize,2.22,1.1694,5.76,2,Emerging Agribusiness,0.2,0.12,0.36,0.48,0.28,0.28,0.16,0.04,0.04,0.1311,0.4021,0.5867,0.2185,5.5415,0.633,2,High Risk
29741c45-9ea6-5ccf-8af9-1ca7c09ba84a,Makueni Cowpeas Farm #0789,Eastern Semi-Arid,Cowpeas,4.32,1.6715,12.24,3,Structured Farm,0.52,0.56,0.52,0.6,0.48,0.56,0.44,0.4,0.4,0.0624,0.6076,0.5263,0.5666,11.6734,0.5554,1,Medium Risk
e38cbf1d-3db1-5bf6-9186-e20e1cd9fd2c,Trans Nzoia Dairy Farm #0790,Rift Valley,Dairy,1.5,0.9163,12.48,3,Structured Farm,0.56,0.56,0.48,0.68,0.28,0.64,0.52,0.44,0.28,0.1166,0.3547,0.4317,1.8571,10.6229,0.3658,1,Medium Risk
80f10146-b6de-581b-8f5e-4ba6337592b8,Lamu Fish Farming Farm #0791,Coastal Lowlands,Fish Farming,3.27,1.4516,5.76,2,Emerging Agribusiness,0.24,0.2,0.36,0.56,0.12,0.12,0.2,0.12,0.12,0.1428,0.4438,0.3671,-0.1007,5.8607,0.5464,2,High Risk
97d1b52b-709c-53b1-bcfd-7d248f6a2402,Machakos Green Grams Farm #0792,Eastern Semi-Arid,Green Grams,2.65,1.2947,5.28,2,Emerging Agribusiness,0.16,0.24,0.08,0.6,0.12,0.4,0.04,0.12,0.04,0.1778,0.5296,0.6718,1.6238,3.6562,0.6558,2,High Risk
b0a8a2d9-cac1-5859-bb25-933642157f27,Nyeri Coffee Farm #0793,Central Highlands,Coffee,3.05,1.3987,6.6,2,Emerging Agribusiness,0.12,0.2,0.2,0.6,0.16,0.36,0.32,0.24,0.12,0.1434,0.05,0.5159,0.2111,6.3889,0.4899,2,High Risk
c19c3852-bddb-56d6-bb23-454ff1dd714d,Bungoma Maize Farm #0794,Western Kenya,Maize,2.88,1.3558,4.8,5,Future Ready Farm,0.24,0.12,0.16,0.44,0.08,0.24,0.24,0.08,0.08,0.1114,0.1803,0.3927,-0.7325,5.5325,0.6879,2,High Risk
9e5be02e-df9a-5a0b-b2ef-153de767b520,Nandi Tea Farm #0795,Rift Valley,Tea,3.69,1.5454,5.64,2,Emerging Agribusiness,0.28,0.2,0.2,0.36,0.28,0.28,0.28,0.0,0.0,0.1009,0.2148,0.4134,1.0654,4.5746,0.6209,2,High Risk
38383ef0-2845-5356-96eb-65fb96a532d3,Uasin Gishu Dairy Farm #0796,Rift Valley,Dairy,2.57,1.2726,4.68,5,Future Ready Farm,0.16,0.04,0.12,0.52,0.08,0.32,0.16,0.16,0.04,0.1448,0.2678,0.4578,-0.6418,5.3218,0.6731,2,High Risk
83046cc3-73d6-5679-af2b-04653b749f61,Trans Nzoia Wheat Farm #0797,Rift Valley,Wheat,3.52,1.5085,5.52,2,Emerging Agribusiness,0.2,0.2,0.24,0.64,0.16,0.2,0.12,0.08,0.08,0.1622,0.2338,0.3693,-0.2161,5.7361,0.6314,2,High Risk
680105d8-25c4-5c3a-864e-aa76efed769a,Kiambu Coffee Farm #0798,Central Highlands,Coffee,2.27,1.1848,5.04,2,Emerging Agribusiness,0.08,0.28,0.4,0.6,0.16,0.08,0.08,0.0,0.0,0.1905,0.2156,0.2522,1.1389,3.9011,0.6177,2,High Risk
e8216e77-44f2-58d2-8d8b-77a42a5ec5ea,Meru Avocado Farm #0799,Central Highlands,Avocado,8.85,2.2875,11.64,3,Structured Farm,0.56,0.36,0.56,0.68,0.52,0.4,0.56,0.24,0.24,0.1318,0.2898,0.4489,1.2716,10.3684,0.4829,2,High Risk
f673ba69-41a5-5629-8d14-6fd4ca6dc13f,Tharaka Nithi Mangoes Farm #0800,Eastern Semi-Arid,Mangoes,14.49,2.7402,12.24,3,Structured Farm,0.6,0.4,0.68,0.6,0.52,0.56,0.44,0.28,0.28,0.1212,0.7439,0.4851,1.0629,11.1771,0.5032,1,Medium Risk
a298d5b6-eabd-565d-96e2-d53ae439f5df,Busia Horticulture Farm #0801,Western Kenya,Horticulture,8.19,2.2181,10.56,3,Structured Farm,0.36,0.36,0.28,0.64,0.44,0.52,0.44,0.48,0.28,0.1039,0.2718,0.4061,2.1358,8.4242,0.4532,1,Medium Risk
c4334ab9-c52e-58aa-a19b-e9b84130f13e,Kitui Sorghum Farm #0802,Eastern Semi-Arid,Sorghum,0.5,0.4055,6.12,2,Emerging Agribusiness,0.16,0.28,0.16,0.64,0.28,0.24,0.16,0.12,0.12,0.1561,0.5492,0.5528,-0.7625,6.8825,0.6521,2,High Risk
e3f26cb2-f700-535d-8498-5e464e724654,Trans Nzoia Maize Farm #0803,Rift Valley,Maize,42.45,3.7716,19.44,4,Investment Ready Farm,0.8,0.84,0.92,0.72,0.8,0.88,0.92,0.6,0.6,0.1015,0.2015,0.4124,2.8161,16.6239,0.2254,0,Low Risk
92a5b30c-0172-5f19-9b93-e2c18121254f,Busia Poultry Farm #0804,Western Kenya,Poultry,1.5,0.9163,12.24,3,Structured Farm,0.44,0.32,0.56,0.56,0.48,0.56,0.68,0.48,0.32,0.0995,0.4421,0.4379,3.3207,8.9193,0.405,1,Medium Risk
12540198-cd08-59d7-ac99-5c9da5ed97f1,Nandi Tea Farm #0805,Rift Valley,Tea,2.54,1.2641,6.12,2,Emerging Agribusiness,0.16,0.4,0.32,0.48,0.04,0.2,0.24,0.2,0.04,0.1311,0.1546,0.2332,1.7759,4.3441,0.5039,2,High Risk
5f92c371-0b93-5d6d-8564-f5cd0d68b57c,Nandi Tea Farm #0806,Rift Valley,Tea,3.12,1.4159,5.4,2,Emerging Agribusiness,0.2,0.12,0.24,0.52,0.16,0.28,0.16,0.12,0.12,0.1232,0.1765,0.2057,0.8022,4.5978,0.4853,2,High Risk
3d5f897f-777d-5f43-91f6-015eb700559a,Makueni Cowpeas Farm #0807,Eastern Semi-Arid,Cowpeas,15.81,2.822,12.0,3,Structured Farm,0.52,0.32,0.6,0.72,0.52,0.6,0.32,0.4,0.32,0.1342,0.7499,0.6016,3.053,8.947,0.5543,1,Medium Risk
f5edcfb6-70da-59bb-894e-df9aa17b8378,Kirinyaga Avocado Farm #0808,Central Highlands,Avocado,3.71,1.5497,5.4,2,Emerging Agribusiness,0.12,0.16,0.28,0.52,0.24,0.24,0.08,0.16,0.08,0.128,0.3501,0.4108,-0.3719,5.7719,0.5477,2,High Risk
5d754bfd-a8d6-5fad-8a84-592e49926a42,Bomet Dairy Farm #0809,Rift Valley,Dairy,5.57,1.8825,12.0,3,Structured Farm,0.52,0.48,0.6,0.72,0.32,0.52,0.44,0.4,0.32,0.1149,0.1515,0.3504,1.0877,10.9123,0.4435,1,Medium Risk
89b25977-15e7-5129-91d1-c31f2270c3f2,Trans Nzoia Wheat Farm #0810,Rift Valley,Wheat,41.71,3.7544,19.68,4,Investment Ready Farm,0.8,0.84,0.88,0.8,0.8,0.92,0.8,0.72,0.72,0.0566,0.3628,0.3519,4.1333,15.5467,0.2203,0,Low Risk
1062e376-ed21-59c3-9703-18bffd48af51,Kiambu Avocado Farm #0811,Central Highlands,Avocado,3.56,1.5173,4.44,5,Future Ready Farm,0.08,0.12,0.32,0.56,0.04,0.16,0.08,0.12,0.04,0.1624,0.1799,0.4696,-0.9123,5.3523,0.6071,2,High Risk
0e56d597-2781-56c7-ba0c-f8b9b7eed148,Kitui Green Grams Farm #0812,Eastern Semi-Arid,Green Grams,3.68,1.5433,5.76,2,Emerging Agribusiness,0.2,0.16,0.24,0.6,0.2,0.24,0.28,0.0,0.0,0.1575,0.4081,0.7068,-0.6886,6.4486,0.6364,2,High Risk
68bdd2ce-dd69-5d87-a1fd-af2c14a57571,Tharaka Nithi Cowpeas Farm #0813,Eastern Semi-Arid,Cowpeas,29.59,3.4207,21.0,5,Future Ready Farm,0.88,0.84,0.84,0.84,0.96,0.92,0.92,0.8,0.8,0.0507,0.6336,0.5817,2.5173,18.4827,0.2864,0,Low Risk
23be1895-bc7d-5e1e-8b1c-6c684ebf3d2b,Nyeri Coffee Farm #0814,Central Highlands,Coffee,7.12,2.0943,12.6,3,Structured Farm,0.52,0.48,0.72,0.76,0.44,0.52,0.44,0.32,0.32,0.1377,0.3794,0.4983,2.8124,9.7876,0.3933,1,Medium Risk
eb9f3717-5e7c-56ca-bd1c-53638288013e,Tharaka Nithi Pigeon Peas Farm #0815,Eastern Semi-Arid,Pigeon Peas,2.03,1.1086,6.84,2,Emerging Agribusiness,0.16,0.36,0.28,0.48,0.28,0.32,0.28,0.12,0.12,0.1048,0.6487,0.6307,1.1583,5.6817,0.5789,2,High Risk
280902cf-aa8e-587f-bc5b-c9c9bd08d847,Kwale Fish Farming Farm #0816,Coastal Lowlands,Fish Farming,18.92,2.9917,19.32,4,Investment Ready Farm,0.8,0.84,0.8,0.76,0.84,0.76,0.8,0.84,0.76,0.0312,0.6909,0.4516,4.5354,14.7846,0.3037,0,Low Risk
5495616c-e888-5b5e-afea-7872be7b5cbe,Nakuru Wheat Farm #0817,Rift Valley,Wheat,25.17,3.2646,20.52,5,Future Ready Farm,0.88,0.88,0.88,0.8,0.76,0.84,0.88,0.92,0.76,0.0487,0.3119,0.1903,4.3322,16.1878,0.1717,0,Low Risk
afc22483-b27a-5010-8208-7d22a93459e1,Kilifi Cassava Farm #0818,Coastal Lowlands,Cassava,8.55,2.2565,11.76,3,Structured Farm,0.4,0.44,0.6,0.72,0.44,0.6,0.52,0.2,0.2,0.148,0.4339,0.495,3.1261,8.6339,0.4338,2,High Risk
6164dc05-5c9f-5cf4-bdaa-1a58718ff29e,Tharaka Nithi Cowpeas Farm #0819,Eastern Semi-Arid,Cowpeas,5.83,1.9213,12.84,3,Structured Farm,0.72,0.4,0.68,0.6,0.52,0.52,0.52,0.32,0.32,0.1248,0.6112,0.6237,1.8338,11.0062,0.4802,1,Medium Risk
09baba8c-d792-54a8-8b8c-b3f60aa37f08,Kitui Green Grams Farm #0820,Eastern Semi-Arid,Green Grams,3.83,1.5748,7.2,2,Emerging Agribusiness,0.2,0.24,0.48,0.64,0.2,0.32,0.24,0.08,0.08,0.1673,0.5697,0.4754,-0.9446,8.1446,0.5952,2,High Risk
3ae91734-7cd7-5e36-b334-d2d1710408d7,Tharaka Nithi Mangoes Farm #0821,Eastern Semi-Arid,Mangoes,0.5,0.4055,6.0,2,Emerging Agribusiness,0.12,0.16,0.24,0.68,0.08,0.4,0.2,0.12,0.08,0.1873,0.647,0.4717,1.154,4.846,0.6904,2,High Risk
ea93292d-c2cf-5e7e-9bb0-2a503694ad8f,Lamu Coconut Farm #0822,Coastal Lowlands,Coconut,4.44,1.6938,11.88,3,Structured Farm,0.44,0.48,0.56,0.48,0.48,0.6,0.48,0.44,0.44,0.0527,0.3382,0.4554,3.4659,8.4141,0.4262,1,Medium Risk
a3efb082-4f34-5bce-bec9-9e4a97c0a6ae,Taita Taveta Cashew Farm #0823,Coastal Lowlands,Cashew,4.26,1.6601,6.6,2,Emerging Agribusiness,0.08,0.28,0.32,0.6,0.16,0.4,0.2,0.16,0.08,0.1555,0.2616,0.3187,-0.5905,7.1905,0.571,2,High Risk
65626e86-f6a0-5298-96d8-5c404236fe5a,Lamu Coconut Farm #0824,Coastal Lowlands,Coconut,11.13,2.4957,12.12,3,Structured Farm,0.36,0.6,0.44,0.76,0.6,0.56,0.44,0.28,0.28,0.1441,0.5094,0.626,3.3622,8.7578,0.4187,1,Medium Risk
3c94f0cf-13b2-5b62-bef0-ced06cfb3c77,Bungoma Cassava Farm #0825,Western Kenya,Cassava,5.87,1.9272,12.84,3,Structured Farm,0.48,0.4,0.56,0.76,0.36,0.68,0.56,0.48,0.36,0.1264,0.5232,0.5023,4.3966,8.4434,0.4614,1,Medium Risk
36140195-18d1-569d-9505-3a794869ed91,Makueni Livestock Farm #0826,Eastern Semi-Arid,Livestock,0.5,0.4055,4.56,5,Future Ready Farm,0.16,0.12,0.12,0.52,0.04,0.24,0.16,0.16,0.04,0.1353,0.625,0.5,0.876,3.684,0.6833,2,High Risk
e09b6b2e-56ef-583e-8111-93389581d124,Trans Nzoia Horticulture Farm #0827,Rift Valley,Horticulture,9.71,2.3712,11.52,3,Structured Farm,0.48,0.4,0.4,0.64,0.52,0.6,0.52,0.28,0.28,0.1095,0.3272,0.3181,3.9421,7.5779,0.3725,1,Medium Risk
724bd628-afdf-5325-8eea-fa6c39bb7204,Siaya Dairy Farm #0828,Western Kenya,Dairy,3.13,1.4183,5.16,2,Emerging Agribusiness,0.24,0.16,0.28,0.56,0.04,0.2,0.16,0.08,0.04,0.1496,0.2718,0.4577,-0.6368,5.7968,0.6699,2,High Risk
c71e66d8-64e6-5acb-9ec4-e37aa649bd4c,Kisumu Cassava Farm #0829,Western Kenya,Cassava,5.0,1.7918,19.44,4,Investment Ready Farm,0.84,0.72,0.88,0.72,0.88,0.8,0.88,0.76,0.72,0.0656,0.05,0.4758,3.5914,15.8486,0.2009,0,Low Risk
cb2cc7c4-033b-5d54-af6e-f0a8f61ecc2a,Kakamega Cassava Farm #0830,Western Kenya,Cassava,2.19,1.16,5.76,2,Emerging Agribusiness,0.28,0.32,0.24,0.52,0.16,0.2,0.04,0.16,0.04,0.1327,0.3317,0.3862,1.5542,4.2058,0.5673,2,High Risk
06fab413-6dd6-50aa-88e1-8959fc194877,Lamu Cassava Farm #0831,Coastal Lowlands,Cassava,6.23,1.9782,11.04,3,Structured Farm,0.36,0.4,0.52,0.68,0.44,0.56,0.44,0.28,0.28,0.1166,0.7458,0.4316,2.4986,8.5414,0.5213,1,Medium Risk
54e79063-d006-59b8-814e-6685142570b1,Murang'a Avocado Farm #0832,Central Highlands,Avocado,7.37,2.1247,12.24,3,Structured Farm,0.44,0.44,0.64,0.64,0.44,0.52,0.6,0.36,0.36,0.0995,0.1958,0.396,3.7638,8.4762,0.351,1,Medium Risk
2c35afdf-3834-5b50-a409-5529aece4c2a,Taita Taveta Fish Farming Farm #0833,Coastal Lowlands,Fish Farming,1.71,0.9969,5.88,2,Emerging Agribusiness,0.28,0.2,0.24,0.36,0.16,0.32,0.36,0.04,0.04,0.1028,0.5261,0.5406,1.3917,4.4883,0.6665,2,High Risk
6f977f55-6851-5307-b495-2ae7b9edcf9d,Kiambu Horticulture Farm #0834,Central Highlands,Horticulture,6.54,2.0202,13.2,3,Structured Farm,0.4,0.52,0.64,0.72,0.52,0.64,0.52,0.44,0.4,0.1015,0.2438,0.2305,0.6826,12.5174,0.4358,1,Medium Risk
e742a542-abc8-5b9b-8b81-0e5148384a34,Kitui Green Grams Farm #0835,Eastern Semi-Arid,Green Grams,6.8,2.0541,12.0,3,Structured Farm,0.6,0.4,0.56,0.76,0.32,0.6,0.32,0.44,0.32,0.1456,0.8041,0.5167,1.6879,10.3121,0.5852,1,Medium Risk
ec6164e2-65d3-56d6-a180-7d46a8d64b75,Kitui Livestock Farm #0836,Eastern Semi-Arid,Livestock,10.99,2.4841,11.52,3,Structured Farm,0.44,0.44,0.56,0.6,0.56,0.48,0.44,0.32,0.32,0.0849,0.8031,0.4238,0.8405,10.6795,0.522,1,Medium Risk
cfe62d9c-618c-51a4-b803-06822dfb15e0,Murang'a Avocado Farm #0837,Central Highlands,Avocado,12.48,2.6012,13.32,3,Structured Farm,0.6,0.36,0.52,0.76,0.68,0.6,0.6,0.32,0.32,0.1406,0.3302,0.3483,2.254,11.066,0.4274,1,Medium Risk
c31711ea-75a4-5191-9039-bb3370c41274,Kakamega Horticulture Farm #0838,Western Kenya,Horticulture,21.1,3.0956,20.16,5,Future Ready Farm,0.8,0.92,0.92,0.8,0.8,0.84,0.88,0.76,0.76,0.0566,0.1648,0.3852,2.5512,17.6088,0.1268,0,Low Risk
ffcc8947-db7c-58cd-8138-bded0d845626,Bomet Horticulture Farm #0839,Rift Valley,Horticulture,2.95,1.3737,6.24,2,Emerging Agribusiness,0.16,0.24,0.2,0.56,0.12,0.44,0.24,0.12,0.12,0.1483,0.215,0.2958,1.3567,4.8833,0.5813,2,High Risk
0c49e123-faaf-5ffb-b4a2-9b0eb72b9106,Machakos Green Grams Farm #0840,Eastern Semi-Arid,Green Grams,6.15,1.9671,11.76,3,Structured Farm,0.6,0.36,0.48,0.68,0.36,0.6,0.4,0.44,0.36,0.1145,0.8987,0.5033,2.8773,8.8827,0.534,1,Medium Risk
a445a859-9c6c-549f-8c90-cbc82b9de192,Kakamega Sugarcane Farm #0841,Western Kenya,Sugarcane,0.59,0.4637,5.4,2,Emerging Agribusiness,0.16,0.32,0.16,0.44,0.28,0.2,0.2,0.04,0.04,0.113,0.3998,0.3732,1.0289,4.3711,0.5654,2,High Risk
ecf5d7ad-055f-5d9f-8057-05599a32c314,Kisumu Horticulture Farm #0842,Western Kenya,Horticulture,5.4,1.8563,11.64,3,Structured Farm,0.28,0.32,0.72,0.68,0.52,0.52,0.44,0.4,0.28,0.1476,0.5936,0.5174,3.9084,7.7316,0.5756,1,Medium Risk
23c76ea4-b4b2-5921-9828-90bd402817fe,Kakamega Cassava Farm #0843,Western Kenya,Cassava,4.41,1.6882,12.48,3,Structured Farm,0.56,0.6,0.48,0.68,0.64,0.4,0.48,0.32,0.32,0.1149,0.5165,0.453,0.7656,11.7144,0.4554,1,Medium Risk
01da4efa-4e73-5601-8561-d2c140e27cff,Meru Horticulture Farm #0844,Central Highlands,Horticulture,2.8,1.335,5.76,2,Emerging Agribusiness,0.28,0.2,0.12,0.56,0.2,0.28,0.08,0.2,0.08,0.1371,0.2569,0.2398,1.9858,3.7742,0.5482,2,High Risk
430587c4-cce0-5205-b5cd-5e8ea0107a6f,Kwale Cashew Farm #0845,Coastal Lowlands,Cashew,4.87,1.7699,5.16,2,Emerging Agribusiness,0.24,0.08,0.24,0.6,0.08,0.32,0.12,0.04,0.04,0.172,0.4372,0.5072,-1.2108,6.3708,0.7229,2,High Risk
45595a50-9649-5085-b084-bb3a3891214a,Nakuru Potatoes Farm #0846,Rift Valley,Potatoes,5.0,1.7918,20.52,5,Future Ready Farm,0.88,0.92,0.8,0.92,0.92,0.92,0.88,0.6,0.6,0.1038,0.3853,0.1878,3.4619,17.0581,0.1539,0,Low Risk
63db95c5-1d6b-51be-842a-d856f3dc34c7,Uasin Gishu Dairy Farm #0847,Rift Valley,Dairy,2.68,1.3029,6.72,2,Emerging Agribusiness,0.2,0.44,0.2,0.48,0.2,0.44,0.16,0.12,0.12,0.1371,0.4445,0.2801,1.7702,4.9498,0.5746,2,High Risk
741e8bb2-b56c-5fde-8c51-6494b92db65e,Siaya Sugarcane Farm #0848,Western Kenya,Sugarcane,3.27,1.4516,12.48,3,Structured Farm,0.52,0.56,0.48,0.72,0.48,0.56,0.48,0.36,0.36,0.0959,0.3504,0.2724,0.594,11.886,0.4983,1,Medium Risk
5c23972b-029d-5667-b6a3-e6b86d10b024,Kitui Mangoes Farm #0849,Eastern Semi-Arid,Mangoes,4.07,1.6233,5.4,2,Emerging Agribusiness,0.2,0.16,0.16,0.68,0.04,0.36,0.04,0.16,0.04,0.1959,0.5031,0.7013,1.92,3.48,0.6732,2,High Risk
cf6e081b-181c-598e-b006-02d89d538654,Makueni Livestock Farm #0850,Eastern Semi-Arid,Livestock,31.59,3.484,19.08,4,Investment Ready Farm,0.8,0.72,0.92,0.68,0.92,0.88,0.88,0.56,0.56,0.1224,0.8268,0.4034,4.1601,14.9199,0.3957,1,Medium Risk
65bf4614-2b8f-51c5-aaa3-29ee7a8ef298,Bomet Tea Farm #0851,Rift Valley,Tea,0.5,0.4055,5.04,2,Emerging Agribusiness,0.12,0.2,0.2,0.48,0.16,0.36,0.12,0.04,0.04,0.1338,0.2084,0.3276,-0.3189,5.3589,0.6128,2,High Risk
df80e7f0-26f6-5a1d-9dc2-6248c3408c2d,Machakos Livestock Farm #0852,Eastern Semi-Arid,Livestock,1.03,0.708,5.64,2,Emerging Agribusiness,0.16,0.16,0.24,0.6,0.08,0.36,0.16,0.12,0.08,0.1593,0.4777,0.5175,1.0864,4.5536,0.5998,2,High Risk
c7245bf1-05d6-5039-b6f7-3d412283580c,Meru Macadamia Farm #0853,Central Highlands,Macadamia,5.0,1.7918,19.68,4,Investment Ready Farm,0.8,0.76,0.96,0.84,0.84,0.88,0.72,0.76,0.72,0.0721,0.1696,0.2298,1.0873,18.5927,0.2057,0,Low Risk
6d5cfb62-2080-5dd1-bfab-4bb9652cb0e8,Trans Nzoia Potatoes Farm #0854,Rift Valley,Potatoes,35.7,3.6028,19.44,4,Investment Ready Farm,0.76,0.64,0.88,0.88,0.92,0.8,0.88,0.72,0.64,0.0911,0.3081,0.4403,3.357,16.083,0.2389,0,Low Risk
89353af7-5db2-5205-9fd3-7d1c8f9cd9b0,Kirinyaga Macadamia Farm #0855,Central Highlands,Macadamia,1.86,1.0508,5.28,2,Emerging Agribusiness,0.08,0.2,0.32,0.48,0.16,0.28,0.16,0.08,0.08,0.1265,0.2338,0.3772,0.625,4.655,0.6274,2,High Risk
54e10d02-9f5c-56f5-b3f6-130de01e3b61,Kilifi Vegetables Farm #0856,Coastal Lowlands,Vegetables,1.44,0.892,4.92,5,Future Ready Farm,0.24,0.16,0.2,0.52,0.16,0.2,0.16,0.0,0.0,0.1363,0.6177,0.5453,1.4472,3.4728,0.6454,2,High Risk
6dae4494-ce87-55b2-9fc8-91a567d22b49,Trans Nzoia Horticulture Farm #0857,Rift Valley,Horticulture,12.61,2.6108,13.56,3,Structured Farm,0.52,0.6,0.64,0.84,0.4,0.56,0.44,0.52,0.4,0.1272,0.3293,0.2177,3.5271,10.0329,0.3559,1,Medium Risk
e6e55cb7-3773-5f4f-a107-b8299646eefa,Makueni Sorghum Farm #0858,Eastern Semi-Arid,Sorghum,13.97,2.706,20.16,5,Future Ready Farm,0.88,0.92,1.0,0.92,0.72,0.8,0.76,0.72,0.72,0.098,0.5782,0.6659,4.879,15.281,0.2383,0,Low Risk
94066ddf-3a2f-5b75-b83c-18ddd1bbe024,Meru Avocado Farm #0859,Central Highlands,Avocado,3.95,1.5994,6.0,2,Emerging Agribusiness,0.32,0.2,0.28,0.6,0.24,0.28,0.0,0.08,0.0,0.167,0.2258,0.4681,1.7229,4.2771,0.6064,2,High Risk
0426e213-4d4f-536a-ac84-b1cf496648bd,Kakamega Dairy Farm #0860,Western Kenya,Dairy,9.99,2.397,12.84,3,Structured Farm,0.44,0.56,0.56,0.76,0.48,0.56,0.52,0.4,0.4,0.1019,0.2825,0.533,2.5836,10.2564,0.4095,1,Medium Risk
c35d0abe-d06c-590d-b236-e7518b414fa1,Lamu Cassava Farm #0861,Coastal Lowlands,Cassava,6.13,1.9643,12.84,3,Structured Farm,0.48,0.4,0.64,0.72,0.44,0.56,0.56,0.48,0.4,0.0999,0.6746,0.491,0.5075,12.3325,0.4758,1,Medium Risk
d14e2412-f8a6-5876-ba50-e2b2482f3992,Kilifi Cashew Farm #0862,Coastal Lowlands,Cashew,6.92,2.0694,11.4,3,Structured Farm,0.44,0.48,0.52,0.52,0.4,0.52,0.56,0.36,0.36,0.0646,0.6909,0.4481,1.6379,9.7621,0.5439,1,Medium Risk
0b0bac7b-f1b0-59da-84c6-4efccb243838,Machakos Cowpeas Farm #0863,Eastern Semi-Arid,Cowpeas,2.16,1.1506,10.92,3,Structured Farm,0.64,0.4,0.44,0.84,0.4,0.24,0.36,0.32,0.24,0.181,0.6102,0.4464,4.3179,6.6021,0.4736,2,High Risk
2a1cd62f-7113-5201-a535-3c2f6c831d25,Kericho Horticulture Farm #0864,Rift Valley,Horticulture,5.76,1.911,12.24,3,Structured Farm,0.48,0.52,0.6,0.64,0.56,0.52,0.44,0.32,0.32,0.0933,0.4036,0.3781,2.7481,9.4919,0.4605,1,Medium Risk
f562209c-f673-5df6-8931-1bbeacb210be,Vihiga Sugarcane Farm #0865,Western Kenya,Sugarcane,2.16,1.1506,6.24,2,Emerging Agribusiness,0.2,0.12,0.44,0.56,0.16,0.4,0.12,0.08,0.08,0.1685,0.248,0.5344,1.7145,4.5255,0.5932,2,High Risk
e5207871-a400-5696-9c9a-3e8c191eb03b,Kitui Sorghum Farm #0866,Eastern Semi-Arid,Sorghum,24.04,3.2205,21.12,5,Future Ready Farm,0.92,0.88,0.84,0.84,0.88,0.88,0.84,0.96,0.84,0.04,0.703,0.4348,2.4891,18.6309,0.2731,0,Low Risk
118db014-9c19-5b7b-9cef-c5fe7cb2c02d,Machakos Green Grams Farm #0867,Eastern Semi-Arid,Green Grams,25.23,3.2669,20.4,5,Future Ready Farm,0.76,0.68,1.0,0.88,0.92,0.88,0.88,0.8,0.68,0.0933,0.6014,0.5249,2.3369,18.0631,0.3042,0,Low Risk
2daec52e-2a9a-537e-bb38-1d31e6b98ac0,Meru Macadamia Farm #0868,Central Highlands,Macadamia,7.07,2.0882,12.0,3,Structured Farm,0.56,0.56,0.48,0.56,0.56,0.44,0.32,0.52,0.32,0.08,0.1286,0.3873,1.7348,10.2652,0.3693,1,Medium Risk
4c9b0d28-bc23-5e93-aeda-6e3b0e7399f2,Uasin Gishu Potatoes Farm #0869,Rift Valley,Potatoes,2.44,1.2355,5.64,2,Emerging Agribusiness,0.12,0.2,0.28,0.68,0.12,0.24,0.2,0.04,0.04,0.1827,0.4106,0.3671,1.4092,4.2308,0.5886,2,High Risk
db7413f8-6031-51ae-9be3-38e8ab082d1b,Taita Taveta Vegetables Farm #0870,Coastal Lowlands,Vegetables,0.5,0.4055,6.6,2,Emerging Agribusiness,0.04,0.32,0.24,0.64,0.24,0.4,0.24,0.08,0.04,0.176,0.6983,0.536,-1.3225,7.9225,0.7148,2,High Risk
3ff83b64-4379-5c62-bf2c-bee6691a6dfb,Uasin Gishu Horticulture Farm #0871,Rift Valley,Horticulture,6.64,2.0334,11.4,3,Structured Farm,0.4,0.48,0.44,0.68,0.44,0.44,0.56,0.36,0.36,0.0947,0.6307,0.3442,3.2867,8.1133,0.5348,1,Medium Risk
d3dd77c7-6e4a-5928-87a1-a55fd0d43aa0,Nakuru Wheat Farm #0872,Rift Valley,Wheat,3.66,1.539,6.0,2,Emerging Agribusiness,0.16,0.24,0.2,0.32,0.2,0.48,0.24,0.16,0.16,0.0995,0.2058,0.2977,-0.6455,6.6455,0.5624,2,High Risk
dfe1ce50-6eff-5974-a25d-7b9947234e07,Tharaka Nithi Sorghum Farm #0873,Eastern Semi-Arid,Sorghum,9.19,2.3214,19.68,4,Investment Ready Farm,0.72,0.72,0.92,0.88,0.72,0.84,0.96,0.8,0.72,0.0894,0.6486,0.5028,4.5323,15.1477,0.2349,0,Low Risk
051dc436-1797-5597-8cda-25545be60889,Vihiga Maize Farm #0874,Western Kenya,Maize,3.89,1.5872,5.64,2,Emerging Agribusiness,0.2,0.24,0.12,0.72,0.08,0.28,0.16,0.08,0.08,0.1954,0.3248,0.4802,-1.4591,7.0991,0.6538,2,High Risk
8c134fd3-6d18-5ce9-8893-d2c239e53035,Tharaka Nithi Green Grams Farm #0875,Eastern Semi-Arid,Green Grams,5.7,1.9021,12.48,3,Structured Farm,0.52,0.56,0.6,0.64,0.44,0.64,0.32,0.44,0.32,0.1058,0.6591,0.5329,2.7457,9.7343,0.4753,1,Medium Risk
d426786d-505b-5d1f-ad38-4aaa6a7d1f3b,Lamu Cashew Farm #0876,Coastal Lowlands,Cashew,19.13,3.0022,19.68,4,Investment Ready Farm,0.92,0.76,0.76,0.76,0.8,0.8,0.84,0.92,0.76,0.0632,0.4561,0.3238,1.233,18.447,0.2619,0,Low Risk
be3c3a97-b9bd-599f-b945-1ee90325a85c,Tharaka Nithi Green Grams Farm #0877,Eastern Semi-Arid,Green Grams,3.54,1.5129,5.28,2,Emerging Agribusiness,0.16,0.28,0.12,0.44,0.28,0.16,0.28,0.04,0.04,0.1166,0.4726,0.389,-1.4465,6.7265,0.6692,2,High Risk
89832a16-158f-5b52-8799-8f1bba7b6bdb,Lamu Coconut Farm #0878,Coastal Lowlands,Coconut,1.67,0.9821,6.36,2,Emerging Agribusiness,0.16,0.24,0.2,0.6,0.12,0.4,0.28,0.12,0.12,0.1535,0.481,0.3632,0.3609,5.9991,0.6308,2,High Risk
3834e3c3-bfb3-5092-9b0c-decd8887165b,Kwale Cashew Farm #0879,Coastal Lowlands,Cashew,3.89,1.5872,13.08,3,Structured Farm,0.48,0.56,0.56,0.8,0.56,0.44,0.6,0.36,0.36,0.1216,0.5758,0.2426,2.6309,10.4491,0.383,1,Medium Risk
6f75819a-4977-5dd8-8baa-492ea1e06407,Siaya Dairy Farm #0880,Western Kenya,Dairy,2.52,1.2585,12.36,3,Structured Farm,0.52,0.52,0.68,0.6,0.44,0.64,0.48,0.24,0.24,0.1287,0.3068,0.2953,2.8029,9.5571,0.4048,2,High Risk
18f03d26-f5a4-5775-9165-b297bfe6c3cf,Nandi Maize Farm #0881,Rift Valley,Maize,3.21,1.4375,5.16,2,Emerging Agribusiness,0.28,0.2,0.24,0.48,0.24,0.16,0.12,0.0,0.0,0.1295,0.131,0.3614,1.9154,3.2446,0.5522,2,High Risk
48cd6b43-5bc8-56dd-bde8-7721df4cf5f3,Kilifi Fish Farming Farm #0882,Coastal Lowlands,Fish Farming,1.5,0.9163,12.0,3,Structured Farm,0.44,0.52,0.52,0.76,0.52,0.48,0.48,0.28,0.28,0.1233,0.5629,0.3838,4.0163,7.9837,0.5343,1,Medium Risk
ceeb26c5-721f-5b18-9be1-3ca3b3dc0d94,Vihiga Horticulture Farm #0883,Western Kenya,Horticulture,48.66,3.9052,20.16,5,Future Ready Farm,0.68,0.92,0.92,0.84,0.72,0.92,0.96,0.76,0.68,0.1,0.3432,0.3868,4.4842,15.6758,0.2382,0,Low Risk
abd23e73-6e5a-5565-885c-4cdd2f925fa2,Kilifi Coconut Farm #0884,Coastal Lowlands,Coconut,3.51,1.5063,6.6,2,Emerging Agribusiness,0.28,0.32,0.32,0.52,0.2,0.36,0.12,0.08,0.08,0.1318,0.4119,0.2933,-1.468,8.068,0.6312,2,High Risk
e701e858-bd05-55bd-a2ec-aa8fa74492ef,Siaya Dairy Farm #0885,Western Kenya,Dairy,2.22,1.1694,4.08,5,Future Ready Farm,0.08,0.08,0.28,0.48,0.04,0.28,0.12,0.0,0.0,0.152,0.1512,0.3943,0.0788,4.0012,0.5342,2,High Risk
6689e50d-a743-5005-9d14-08765f881802,Busia Maize Farm #0886,Western Kenya,Maize,3.52,1.5085,5.04,2,Emerging Agribusiness,0.2,0.12,0.24,0.48,0.04,0.24,0.2,0.16,0.04,0.1196,0.5003,0.3454,-0.3026,5.3426,0.6887,2,High Risk
5d31215c-dc08-54f2-9761-30f0a53e9a17,Bomet Maize Farm #0887,Rift Valley,Maize,2.12,1.1378,6.48,2,Emerging Agribusiness,0.2,0.32,0.28,0.72,0.08,0.32,0.08,0.16,0.08,0.1926,0.1858,0.4393,0.5589,5.9211,0.5825,2,High Risk
f9bb12d3-c33a-5b54-bbf9-a35c17f509f0,Kiambu Macadamia Farm #0888,Central Highlands,Macadamia,2.88,1.3558,5.4,2,Emerging Agribusiness,0.2,0.24,0.36,0.56,0.08,0.08,0.08,0.2,0.08,0.1561,0.2832,0.3249,0.0592,5.3408,0.6029,2,High Risk
f9e765fa-c5d6-5aec-ae15-d0dff84bbd22,Machakos Sorghum Farm #0889,Eastern Semi-Arid,Sorghum,1.8,1.0296,5.4,2,Emerging Agribusiness,0.12,0.04,0.24,0.64,0.2,0.2,0.28,0.08,0.04,0.1743,0.5146,0.4888,-0.2843,5.6843,0.6612,2,High Risk
4f360f66-9bae-52f7-8b0b-39127c11ce38,Nyeri Macadamia Farm #0890,Central Highlands,Macadamia,6.44,2.0069,12.24,3,Structured Farm,0.48,0.44,0.6,0.64,0.6,0.48,0.48,0.36,0.36,0.0889,0.348,0.1861,1.1007,11.1393,0.4491,1,Medium Risk
86650f2d-8a6f-5a46-84ee-09aeb1b27f33,Siaya Cassava Farm #0891,Western Kenya,Cassava,3.95,1.5994,4.8,5,Future Ready Farm,0.2,0.24,0.2,0.48,0.08,0.2,0.2,0.0,0.0,0.1296,0.2934,0.2844,1.3923,3.4077,0.5709,2,High Risk
4fe15979-a7b3-5718-a13c-37ab8ab44810,Taita Taveta Fish Farming Farm #0892,Coastal Lowlands,Fish Farming,19.82,3.0359,21.12,5,Future Ready Farm,0.88,0.92,0.88,0.84,0.96,0.84,0.88,0.84,0.84,0.04,0.4934,0.1477,4.5493,16.5707,0.2483,0,Low Risk
f5027fdf-0315-5114-800d-39dcb4c41c83,Siaya Maize Farm #0893,Western Kenya,Maize,0.73,0.5481,5.28,2,Emerging Agribusiness,0.2,0.32,0.12,0.52,0.12,0.28,0.12,0.08,0.08,0.1386,0.1298,0.39,1.7698,3.5102,0.521,2,High Risk
8fbbca95-f137-53a0-863a-933e2ba5b0ec,Lamu Vegetables Farm #0894,Coastal Lowlands,Vegetables,3.02,1.3913,6.12,2,Emerging Agribusiness,0.2,0.28,0.2,0.64,0.16,0.2,0.24,0.12,0.12,0.1522,0.3118,0.272,-0.9923,7.1123,0.6095,2,High Risk
d042fdd9-ff7a-5e79-8bff-3ce6ffe18ff1,Kwale Cassava Farm #0895,Coastal Lowlands,Cassava,1.5,0.9163,12.96,3,Structured Farm,0.56,0.64,0.6,0.64,0.6,0.6,0.52,0.16,0.16,0.1483,0.4418,0.4676,1.3266,11.6334,0.4672,2,High Risk
4dca09ec-a9b9-53dd-9ae8-d339b779eaff,Bungoma Dairy Farm #0896,Western Kenya,Dairy,25.6,3.2809,20.52,5,Future Ready Farm,0.72,0.92,0.88,0.8,0.88,0.96,0.84,0.84,0.72,0.0691,0.4458,0.3112,2.0761,18.4439,0.3467,0,Low Risk
acee0af4-fea8-5a96-a465-c0971dce7960,Trans Nzoia Wheat Farm #0897,Rift Valley,Wheat,3.19,1.4327,5.4,2,Emerging Agribusiness,0.28,0.08,0.24,0.56,0.04,0.28,0.2,0.12,0.04,0.1522,0.2701,0.2426,-0.8871,6.2871,0.6604,2,High Risk
efccd5f1-d17d-5bea-ba7c-f7a1be3908e4,Kiambu Avocado Farm #0898,Central Highlands,Avocado,3.16,1.4255,6.0,2,Emerging Agribusiness,0.16,0.24,0.12,0.6,0.0,0.28,0.32,0.28,0.0,0.1646,0.0723,0.3226,0.923,5.077,0.5485,2,High Risk
dcaece4f-69c7-584b-993a-6f9a2b31ec9e,Uasin Gishu Horticulture Farm #0899,Rift Valley,Horticulture,0.5,0.4055,5.52,2,Emerging Agribusiness,0.24,0.2,0.2,0.36,0.24,0.32,0.16,0.12,0.12,0.0742,0.05,0.3106,0.6685,4.8515,0.5775,2,High Risk
7b5d366b-5ae7-59a4-beb6-fefddedc52e4,Embu Macadamia Farm #0900,Central Highlands,Macadamia,5.25,1.8326,11.28,3,Structured Farm,0.44,0.28,0.64,0.6,0.56,0.48,0.32,0.44,0.28,0.1196,0.3866,0.3537,2.4552,8.8248,0.5227,1,Medium Risk
f1aa45d3-17d2-5c9d-9e22-254edbbec837,Lamu Vegetables Farm #0901,Coastal Lowlands,Vegetables,3.85,1.579,5.16,2,Emerging Agribusiness,0.16,0.24,0.24,0.52,0.24,0.2,0.0,0.12,0.0,0.1385,0.6757,0.4503,1.378,3.782,0.7081,2,High Risk
77af65d3-1b33-522c-a733-75389c723d5f,Vihiga Horticulture Farm #0902,Western Kenya,Horticulture,1.74,1.008,6.24,2,Emerging Agribusiness,0.16,0.16,0.36,0.56,0.16,0.36,0.2,0.12,0.12,0.1428,0.4734,0.5757,-1.075,7.315,0.6989,2,High Risk
e8671222-cac4-5b1e-b196-2dca24036507,Nyeri Dairy Farm #0903,Central Highlands,Dairy,1.94,1.0784,6.12,2,Emerging Agribusiness,0.28,0.2,0.44,0.48,0.16,0.08,0.24,0.16,0.08,0.1311,0.2892,0.3546,0.3314,5.7886,0.5711,2,High Risk
572edfb4-e6f1-57bb-9869-25caf7831f3d,Kwale Cashew Farm #0904,Coastal Lowlands,Cashew,1.27,0.8198,5.28,2,Emerging Agribusiness,0.16,0.28,0.12,0.56,0.12,0.32,0.2,0.0,0.0,0.1587,0.6702,0.354,-1.0383,6.3183,0.6292,2,High Risk
98a361dc-bd44-5d48-a0dc-f6d8bb654981,Makueni Mangoes Farm #0905,Eastern Semi-Arid,Mangoes,22.6,3.1612,19.92,4,Investment Ready Farm,0.88,0.8,0.92,0.68,0.84,0.84,0.92,0.76,0.68,0.0768,0.4909,0.5109,2.4946,17.4254,0.3715,0,Low Risk
a807fdc2-a540-5985-bef7-5715aee7a940,Kilifi Cassava Farm #0906,Coastal Lowlands,Cassava,2.45,1.2384,11.4,3,Structured Farm,0.44,0.36,0.6,0.68,0.4,0.52,0.48,0.32,0.32,0.1139,0.4199,0.479,1.1646,10.2354,0.507,1,Medium Risk
ffe82cd6-e7d0-5c4f-b2ca-a0ddee340407,Embu Coffee Farm #0907,Central Highlands,Coffee,2.61,1.2837,6.0,2,Emerging Agribusiness,0.24,0.16,0.2,0.68,0.16,0.28,0.2,0.08,0.08,0.1718,0.3751,0.2742,1.0915,4.9085,0.5609,2,High Risk
e337538e-b120-5f63-b824-206586fd493f,Meru Horticulture Farm #0908,Central Highlands,Horticulture,3.42,1.4861,5.64,2,Emerging Agribusiness,0.16,0.2,0.32,0.48,0.16,0.28,0.16,0.12,0.12,0.1121,0.273,0.3591,1.8691,3.7709,0.5631,2,High Risk
4e97a0e5-35a5-5d8c-b422-83ed11196061,Machakos Mangoes Farm #0909,Eastern Semi-Arid,Mangoes,1.3,0.8329,5.76,2,Emerging Agribusiness,0.2,0.16,0.36,0.64,0.12,0.2,0.16,0.08,0.08,0.1697,0.7587,0.3578,-0.7237,6.4837,0.6576,2,High Risk
61de3932-7df4-5ade-a13b-06c6a55694eb,Nandi Wheat Farm #0910,Rift Valley,Wheat,1.07,0.7275,5.76,2,Emerging Agribusiness,0.24,0.12,0.36,0.48,0.16,0.36,0.08,0.12,0.08,0.1356,0.4066,0.3788,-1.2673,7.0273,0.6338,2,High Risk
f692a55f-4acf-5d9a-ab21-a4e04f23a121,Nakuru Potatoes Farm #0911,Rift Valley,Potatoes,13.84,2.6973,11.16,3,Structured Farm,0.44,0.36,0.48,0.72,0.44,0.56,0.36,0.36,0.36,0.1165,0.2005,0.2641,1.9707,9.1893,0.4201,1,Medium Risk
6d681308-a049-5861-b924-8016b0c449fc,Kitui Cowpeas Farm #0912,Eastern Semi-Arid,Cowpeas,30.54,3.4513,20.28,5,Future Ready Farm,0.76,0.76,0.96,0.84,0.88,0.84,0.92,0.8,0.76,0.0676,0.6271,0.3681,3.1378,17.1422,0.272,0,Low Risk
a6e7b061-c7b4-5646-8384-f986c514446b,Tharaka Nithi Mangoes Farm #0913,Eastern Semi-Arid,Mangoes,26.04,3.2973,20.16,5,Future Ready Farm,0.92,0.76,0.84,0.76,0.8,0.88,0.96,0.8,0.76,0.0693,0.622,0.571,1.8749,18.2851,0.3861,1,Medium Risk
40bdcec9-e11b-5279-b71f-e895f9d8e19d,Nyeri Tea Farm #0914,Central Highlands,Tea,24.45,3.2367,19.56,4,Investment Ready Farm,0.76,0.8,0.84,0.84,0.88,0.84,0.92,0.64,0.64,0.0798,0.2771,0.3389,4.9087,14.6513,0.1744,0,Low Risk
4a87f0b5-d819-59b9-ad00-23e2a8d9432c,Taita Taveta Cassava Farm #0915,Coastal Lowlands,Cassava,21.17,3.0987,19.44,4,Investment Ready Farm,0.76,0.96,0.68,0.76,0.84,0.8,0.8,0.88,0.68,0.0794,0.5389,0.3992,1.4176,18.0224,0.2949,0,Low Risk
0708c4a5-c6d9-54cb-aece-600ceb750d7a,Nyeri Coffee Farm #0916,Central Highlands,Coffee,16.86,2.8826,20.28,5,Future Ready Farm,0.8,0.76,0.84,0.88,0.8,0.88,0.92,0.88,0.76,0.0507,0.1346,0.2258,3.1257,17.1543,0.2252,0,Low Risk
7a1fdfa3-74e7-5503-a60a-4615bd3ea106,Nandi Dairy Farm #0917,Rift Valley,Dairy,3.74,1.556,5.88,2,Emerging Agribusiness,0.2,0.28,0.24,0.52,0.08,0.24,0.24,0.16,0.08,0.1191,0.2708,0.2395,1.5117,4.3683,0.5939,2,High Risk
e6089d17-061a-5ad6-bfe4-f9af305124f2,Lamu Vegetables Farm #0918,Coastal Lowlands,Vegetables,2.59,1.2782,5.4,2,Emerging Agribusiness,0.2,0.12,0.12,0.6,0.2,0.32,0.2,0.04,0.04,0.1612,0.3617,0.2832,-1.1013,6.5013,0.6053,2,High Risk
0ecfd359-a485-5729-8579-1f8d1bb9b5aa,Meru Macadamia Farm #0919,Central Highlands,Macadamia,1.67,0.9821,7.08,2,Emerging Agribusiness,0.28,0.32,0.28,0.56,0.16,0.52,0.2,0.04,0.04,0.1636,0.3848,0.1898,1.0622,6.0178,0.5985,2,High Risk
9827b774-c613-527a-b3c6-221cfd13c2e0,Kericho Potatoes Farm #0920,Rift Valley,Potatoes,1.5,0.9163,11.16,3,Structured Farm,0.4,0.36,0.4,0.52,0.48,0.52,0.68,0.36,0.36,0.1019,0.2613,0.2684,1.9448,9.2152,0.4301,1,Medium Risk
bcba998d-5d1b-5b2d-809a-b232bb06c3c4,Taita Taveta Vegetables Farm #0921,Coastal Lowlands,Vegetables,2.43,1.2326,6.12,2,Emerging Agribusiness,0.28,0.24,0.36,0.56,0.2,0.2,0.08,0.12,0.08,0.1413,0.5284,0.4362,0.4594,5.6606,0.6161,2,High Risk
d0047bb9-95d3-512c-91b9-823b583f21e3,Kiambu Horticulture Farm #0922,Central Highlands,Horticulture,7.86,2.1815,12.0,3,Structured Farm,0.56,0.28,0.56,0.6,0.52,0.52,0.44,0.52,0.28,0.0938,0.3321,0.2025,1.9356,10.0644,0.3995,1,Medium Risk
e2f9c120-2d48-5554-bc6a-f12a76dc7325,Lamu Cashew Farm #0923,Coastal Lowlands,Cashew,6.31,1.9892,10.92,3,Structured Farm,0.36,0.48,0.44,0.6,0.4,0.56,0.48,0.32,0.32,0.0893,0.4264,0.5465,4.1705,6.7495,0.4008,1,Medium Risk
81cf6f88-1ed0-5ac9-9bb2-15cbef109545,Busia Dairy Farm #0924,Western Kenya,Dairy,4.67,1.7352,12.96,3,Structured Farm,0.6,0.4,0.64,0.8,0.4,0.52,0.6,0.36,0.36,0.14,0.3263,0.4921,3.7956,9.1644,0.4436,1,Medium Risk
0cb60c45-4ecf-5a15-9e73-eb3281ea2080,Kitui Mangoes Farm #0925,Eastern Semi-Arid,Mangoes,3.62,1.5304,5.4,2,Emerging Agribusiness,0.2,0.08,0.2,0.56,0.08,0.32,0.24,0.12,0.08,0.1482,0.502,0.5129,0.4922,4.9078,0.7204,2,High Risk
b7a0375f-1078-564b-bacd-cda075bbc422,Taita Taveta Fish Farming Farm #0926,Coastal Lowlands,Fish Farming,3.5,1.5041,4.68,5,Future Ready Farm,0.04,0.2,0.24,0.44,0.2,0.16,0.16,0.12,0.04,0.1085,0.4017,0.2234,0.7802,3.8998,0.6512,2,High Risk
36fa8a23-4be5-5bfd-8348-eb3b39e8b373,Tharaka Nithi Pigeon Peas Farm #0927,Eastern Semi-Arid,Pigeon Peas,2.02,1.1053,4.56,5,Future Ready Farm,0.04,0.24,0.16,0.44,0.08,0.32,0.2,0.04,0.04,0.1323,0.6408,0.2986,1.1547,3.4053,0.6333,2,High Risk
422b39c8-0e7c-571e-aa9e-6ad42e17e296,Kitui Sorghum Farm #0928,Eastern Semi-Arid,Sorghum,18.24,2.957,19.2,4,Investment Ready Farm,0.64,0.72,0.88,0.8,0.92,0.76,0.96,0.72,0.64,0.1039,0.7053,0.6087,1.6933,17.5067,0.3684,0,Low Risk
2a20bf5a-7ad1-5374-ad05-4bd48e55238c,Machakos Mangoes Farm #0929,Eastern Semi-Arid,Mangoes,5.64,1.8931,12.96,3,Structured Farm,0.48,0.44,0.64,0.68,0.48,0.56,0.56,0.48,0.44,0.08,0.8242,0.3547,4.3848,8.5752,0.4666,1,Medium Risk
3c594a02-fbd3-5e3b-8d91-1ff8d4cd47ff,Makueni Green Grams Farm #0930,Eastern Semi-Arid,Green Grams,13.22,2.6546,12.84,3,Structured Farm,0.64,0.48,0.68,0.72,0.52,0.32,0.56,0.36,0.32,0.1356,0.7255,0.6099,4.3522,8.4878,0.4845,1,Medium Risk
0ae3258f-bf04-5269-a281-3d9daadeeba7,Bungoma Sugarcane Farm #0931,Western Kenya,Sugarcane,3.15,1.4231,5.52,2,Emerging Agribusiness,0.12,0.16,0.16,0.56,0.16,0.32,0.16,0.2,0.12,0.1367,0.2345,0.397,-1.0451,6.5651,0.5426,2,High Risk
b7eefd03-a3f4-5d0e-a624-33dedf778aa0,Kirinyaga Tea Farm #0932,Central Highlands,Tea,3.15,1.4231,5.88,2,Emerging Agribusiness,0.36,0.28,0.2,0.44,0.12,0.4,0.12,0.04,0.04,0.1377,0.2234,0.1883,-1.3306,7.2106,0.5326,2,High Risk
dc3826f1-2a96-5aed-a293-46160f8e6a50,Kiambu Macadamia Farm #0933,Central Highlands,Macadamia,1.2,0.7885,4.92,5,Future Ready Farm,0.16,0.12,0.24,0.52,0.16,0.2,0.2,0.04,0.04,0.1318,0.2755,0.1652,-1.4096,6.3296,0.7323,2,High Risk
ec836136-92b2-5d52-8721-d433d6adea69,Kitui Sorghum Farm #0934,Eastern Semi-Arid,Sorghum,9.02,2.3046,11.4,3,Structured Farm,0.4,0.52,0.44,0.56,0.6,0.48,0.44,0.36,0.36,0.076,0.4875,0.5261,0.7224,10.6776,0.4548,1,Medium Risk
4f5b6486-3704-57ab-984b-e6c129047f07,Kitui Livestock Farm #0935,Eastern Semi-Arid,Livestock,3.13,1.4183,11.88,3,Structured Farm,0.4,0.36,0.68,0.76,0.52,0.44,0.44,0.36,0.36,0.1399,0.8949,0.5341,1.113,10.767,0.5923,1,Medium Risk
4d1ab816-93a0-5cd1-916a-822cbed90812,Trans Nzoia Wheat Farm #0936,Rift Valley,Wheat,2.26,1.1817,5.64,2,Emerging Agribusiness,0.16,0.36,0.44,0.52,0.08,0.2,0.04,0.08,0.04,0.1702,0.316,0.301,-0.8681,6.5081,0.6746,2,High Risk
95df54db-d92a-5050-8fda-9df4e39bd12a,Taita Taveta Coconut Farm #0937,Coastal Lowlands,Coconut,9.25,2.3273,18.72,4,Investment Ready Farm,0.68,0.76,0.88,0.72,0.68,0.88,0.92,0.72,0.68,0.0917,0.6916,0.3921,3.1977,15.5223,0.3348,0,Low Risk
217fa27f-63c0-50a3-b8bb-5b8e615d6815,Vihiga Maize Farm #0938,Western Kenya,Maize,2.53,1.2613,6.24,2,Emerging Agribusiness,0.16,0.24,0.32,0.52,0.04,0.32,0.28,0.2,0.04,0.1311,0.1264,0.4295,-0.3271,6.5671,0.5692,2,High Risk
fbf0230f-bad0-51bd-875d-09034cadc746,Murang'a Avocado Farm #0939,Central Highlands,Avocado,35.49,3.597,20.04,5,Future Ready Farm,0.8,0.88,0.92,0.88,0.72,0.76,0.92,0.8,0.72,0.0705,0.4804,0.2696,1.714,18.326,0.2798,0,Low Risk
f6b3ebef-a32b-53f5-bf3c-cb26af8a983f,Murang'a Macadamia Farm #0940,Central Highlands,Macadamia,2.83,1.3429,6.24,2,Emerging Agribusiness,0.12,0.16,0.32,0.64,0.16,0.28,0.28,0.12,0.12,0.1612,0.2395,0.3166,0.7105,5.5295,0.5499,2,High Risk
27bb8213-e7f2-5c89-85cb-ead6f84d4ec3,Murang'a Macadamia Farm #0941,Central Highlands,Macadamia,2.84,1.3455,5.76,2,Emerging Agribusiness,0.08,0.2,0.16,0.6,0.24,0.32,0.16,0.16,0.08,0.151,0.3305,0.2082,1.4189,4.3411,0.5354,2,High Risk
5c494b24-f14c-50e2-983d-5fbf9ea32502,Nakuru Maize Farm #0942,Rift Valley,Maize,3.9,1.5892,11.16,3,Structured Farm,0.48,0.4,0.4,0.6,0.48,0.6,0.44,0.32,0.32,0.0915,0.4751,0.3466,3.6043,7.5557,0.448,1,Medium Risk
f2c61563-a669-57cc-bf31-07c50718d8a1,Tharaka Nithi Sorghum Farm #0943,Eastern Semi-Arid,Sorghum,3.23,1.4422,6.12,2,Emerging Agribusiness,0.24,0.28,0.2,0.48,0.12,0.32,0.2,0.2,0.12,0.1019,0.4974,0.5883,0.7024,5.4176,0.6499,2,High Risk
4e4a1203-556a-518c-b14c-8a5113ca32a9,Nandi Potatoes Farm #0944,Rift Valley,Potatoes,1.47,0.9042,5.64,2,Emerging Agribusiness,0.04,0.28,0.24,0.68,0.08,0.2,0.28,0.08,0.04,0.1902,0.2537,0.3897,-0.9673,6.6073,0.6361,2,High Risk
c7e6f934-c5ce-5da2-8310-bd7239a57ec0,Bomet Maize Farm #0945,Rift Valley,Maize,1.19,0.7839,4.8,5,Future Ready Farm,0.08,0.2,0.12,0.6,0.04,0.24,0.24,0.08,0.04,0.1673,0.3511,0.2846,-1.1105,5.9105,0.6735,2,High Risk
821be915-7af3-5d0c-9639-2393f0d2557c,Taita Taveta Cassava Farm #0946,Coastal Lowlands,Cassava,2.56,1.2698,5.76,2,Emerging Agribusiness,0.16,0.24,0.32,0.64,0.16,0.16,0.2,0.04,0.04,0.1685,0.5965,0.3994,1.2383,4.5217,0.6538,2,High Risk
39255c9d-7acb-5b72-b807-d415ed941be9,Makueni Pigeon Peas Farm #0947,Eastern Semi-Arid,Pigeon Peas,1.8,1.0296,13.68,3,Structured Farm,0.56,0.6,0.64,0.72,0.56,0.48,0.48,0.52,0.48,0.0768,0.7345,0.5828,2.7655,10.9145,0.4448,1,Medium Risk
f4a377a3-5ea0-57ec-ad6c-d962ecd9ebe8,Embu Coffee Farm #0948,Central Highlands,Coffee,5.0,1.7918,19.68,4,Investment Ready Farm,0.92,0.72,0.88,0.72,0.92,0.92,0.72,0.76,0.72,0.0917,0.1955,0.47,2.6045,17.0755,0.1988,0,Low Risk
8caf969d-0cfa-5ad1-b121-54affef460bd,Kitui Mangoes Farm #0949,Eastern Semi-Arid,Mangoes,27.66,3.3555,20.28,5,Future Ready Farm,0.92,0.92,0.88,0.8,0.92,0.84,0.84,0.64,0.64,0.0882,0.7958,0.4472,2.4479,17.8321,0.3643,0,Low Risk
d5cad778-c8f4-5f39-8cd6-5160a5fa9229,Nandi Wheat Farm #0950,Rift Valley,Wheat,2.7,1.3083,5.76,2,Emerging Agribusiness,0.32,0.12,0.12,0.72,0.12,0.32,0.16,0.04,0.04,0.204,0.1818,0.4284,0.5639,5.1961,0.5726,2,High Risk
fdf189d8-4ecc-54fd-a6ba-07b8434cf495,Taita Taveta Cassava Farm #0951,Coastal Lowlands,Cassava,7.23,2.1078,12.12,3,Structured Farm,0.44,0.44,0.68,0.68,0.36,0.64,0.52,0.28,0.28,0.1413,0.4834,0.4403,1.8311,10.2889,0.5283,1,Medium Risk
004a7542-b496-5333-982d-dd05cc4b29ed,Trans Nzoia Horticulture Farm #0952,Rift Valley,Horticulture,1.95,1.0818,5.52,2,Emerging Agribusiness,0.16,0.12,0.2,0.4,0.2,0.24,0.4,0.12,0.12,0.1054,0.2612,0.4453,1.0107,4.5093,0.6413,2,High Risk
d3ac0648-0390-58ca-88ce-eec279988ceb,Busia Cassava Farm #0953,Western Kenya,Cassava,1.1,0.7419,5.64,2,Emerging Agribusiness,0.12,0.36,0.28,0.44,0.24,0.24,0.16,0.04,0.04,0.1207,0.2047,0.458,-0.4504,6.0904,0.6005,2,High Risk
b4f89da9-bd64-58d4-815d-29070f95c632,Makueni Mangoes Farm #0954,Eastern Semi-Arid,Mangoes,1.2,0.7885,5.4,2,Emerging Agribusiness,0.2,0.2,0.2,0.56,0.12,0.32,0.2,0.0,0.0,0.1522,0.8773,0.445,1.484,3.916,0.7476,2,High Risk
96a9d0e1-b2cd-5de7-beb1-c43ddfb0d810,Bungoma Poultry Farm #0955,Western Kenya,Poultry,26.75,3.3232,19.56,4,Investment Ready Farm,0.64,0.8,0.92,0.84,0.88,0.88,0.76,0.8,0.64,0.0823,0.3219,0.3662,1.3168,18.2432,0.2096,0,Low Risk
894e22dd-0129-53ca-8973-6936c4aa8db9,Bomet Potatoes Farm #0956,Rift Valley,Potatoes,13.55,2.6776,19.56,4,Investment Ready Farm,0.76,0.72,0.96,0.92,0.84,0.88,0.72,0.72,0.72,0.0915,0.4586,0.2697,3.1845,16.3755,0.2547,0,Low Risk
751c7c61-d403-5a9c-9c94-600d948571fe,Machakos Pigeon Peas Farm #0957,Eastern Semi-Arid,Pigeon Peas,7.75,2.1691,12.84,3,Structured Farm,0.44,0.56,0.6,0.64,0.6,0.64,0.48,0.32,0.32,0.1057,0.8353,0.4958,4.3349,8.5051,0.5222,1,Medium Risk
eeb27c92-e571-57fc-8ede-cc628ec4b168,Bungoma Cassava Farm #0958,Western Kenya,Cassava,11.78,2.5479,12.72,3,Structured Farm,0.56,0.52,0.52,0.8,0.44,0.68,0.48,0.24,0.24,0.1546,0.5178,0.5521,0.5943,12.1257,0.5198,2,High Risk
fbf1ebfa-cbdd-5745-82a4-782bd18a2e7e,Embu Tea Farm #0959,Central Highlands,Tea,3.56,1.5173,5.76,2,Emerging Agribusiness,0.12,0.12,0.32,0.52,0.28,0.32,0.16,0.08,0.08,0.1386,0.4079,0.3453,1.3758,4.3842,0.5688,2,High Risk
7410256a-4e41-5693-a930-74611b486adc,Kitui Cowpeas Farm #0960,Eastern Semi-Arid,Cowpeas,5.76,1.911,12.0,3,Structured Farm,0.4,0.48,0.6,0.6,0.48,0.52,0.64,0.28,0.28,0.1114,0.8292,0.4238,1.221,10.779,0.5315,1,Medium Risk
5bf1779a-0281-57e9-81a1-8ee3e823aab2,Busia Horticulture Farm #0961,Western Kenya,Horticulture,6.07,1.9559,11.52,3,Structured Farm,0.56,0.32,0.52,0.72,0.44,0.48,0.6,0.2,0.2,0.1523,0.1275,0.3236,3.7683,7.7517,0.4293,2,High Risk
c44b0520-33c5-52f3-bfc0-190e00276a75,Tharaka Nithi Cowpeas Farm #0962,Eastern Semi-Arid,Cowpeas,1.21,0.793,5.76,2,Emerging Agribusiness,0.2,0.12,0.28,0.48,0.12,0.24,0.36,0.12,0.12,0.1217,0.5653,0.3704,-0.9642,6.7242,0.645,2,High Risk
c5b25a97-b464-594b-a266-eb75d08e6157,Lamu Vegetables Farm #0963,Coastal Lowlands,Vegetables,2.42,1.2296,5.52,2,Emerging Agribusiness,0.12,0.24,0.2,0.64,0.2,0.24,0.2,0.0,0.0,0.1718,0.4643,0.3563,0.9155,4.6045,0.6298,2,High Risk
ade12c46-3559-552f-b260-56052bc1afcd,Murang'a Dairy Farm #0964,Central Highlands,Dairy,1.31,0.8372,4.56,5,Future Ready Farm,0.08,0.2,0.16,0.44,0.04,0.32,0.2,0.08,0.04,0.1261,0.1946,0.3015,-1.3219,5.8819,0.6357,2,High Risk
2571d5ad-6730-5b6f-b9b9-b0395f2dd879,Lamu Coconut Farm #0965,Coastal Lowlands,Coconut,20.81,3.0824,20.04,5,Future Ready Farm,0.8,0.72,1.0,0.76,0.84,0.96,0.96,0.64,0.64,0.1207,0.2259,0.4086,3.6451,16.3949,0.2342,0,Low Risk
8bea8cd0-f553-5735-8f1e-30b3405900ab,Kiambu Dairy Farm #0966,Central Highlands,Dairy,1.02,0.7031,6.24,2,Emerging Agribusiness,0.24,0.36,0.16,0.48,0.16,0.4,0.2,0.08,0.08,0.1296,0.4373,0.1547,1.0666,5.1734,0.5766,2,High Risk
3f20fc83-b8d2-503f-8db8-f8a787a76dd8,Kitui Pigeon Peas Farm #0967,Eastern Semi-Arid,Pigeon Peas,5.0,1.7918,20.64,5,Future Ready Farm,0.88,0.76,0.88,0.88,0.88,0.84,0.96,0.8,0.76,0.0566,0.647,0.3916,2.7676,17.8724,0.3238,0,Low Risk
87c1d03a-43c7-5256-896d-ecca1b2fd0a1,Machakos Pigeon Peas Farm #0968,Eastern Semi-Arid,Pigeon Peas,1.57,0.9439,4.92,5,Future Ready Farm,0.2,0.24,0.2,0.48,0.12,0.16,0.16,0.08,0.08,0.1139,0.5509,0.3746,-0.6224,5.5424,0.6388,2,High Risk
c9d81acd-94b0-550f-8736-63d7edc15b57,Kwale Coconut Farm #0969,Coastal Lowlands,Coconut,11.74,2.5447,11.52,3,Structured Farm,0.48,0.4,0.64,0.6,0.48,0.2,0.44,0.6,0.2,0.1327,0.649,0.3385,4.2261,7.2939,0.5006,2,High Risk
ce7970c5-40aa-524a-9992-d1f3bd5b136d,Bomet Wheat Farm #0970,Rift Valley,Wheat,1.57,0.9439,6.24,2,Emerging Agribusiness,0.2,0.2,0.28,0.56,0.16,0.4,0.16,0.12,0.12,0.14,0.2093,0.4486,0.2485,5.9915,0.5503,2,High Risk
de9426e7-bfbe-59ca-b513-5adbd45ab742,Embu Tea Farm #0971,Central Highlands,Tea,2.7,1.3083,5.28,2,Emerging Agribusiness,0.16,0.28,0.36,0.56,0.04,0.16,0.12,0.08,0.04,0.1612,0.1402,0.319,1.6551,3.6249,0.5171,2,High Risk
1c87b39f-8817-53e5-a7e5-e641fac663aa,Kilifi Cashew Farm #0972,Coastal Lowlands,Cashew,2.34,1.206,6.12,2,Emerging Agribusiness,0.2,0.32,0.24,0.64,0.16,0.24,0.2,0.04,0.04,0.1636,0.3138,0.4354,-0.6938,6.8138,0.5028,2,High Risk
00347599-2a36-5662-bbc8-6fb87a2f3bff,Nyeri Avocado Farm #0973,Central Highlands,Avocado,0.5,0.4055,5.76,2,Emerging Agribusiness,0.12,0.08,0.24,0.52,0.16,0.4,0.2,0.2,0.08,0.1386,0.2312,0.432,-1.2637,7.0237,0.6141,2,High Risk
a394aadd-67f7-5102-8b7e-c9fd39fedf4d,Taita Taveta Fish Farming Farm #0974,Coastal Lowlands,Fish Farming,17.79,2.9333,20.28,5,Future Ready Farm,0.92,0.8,0.8,0.92,0.88,0.88,0.8,0.76,0.76,0.0581,0.3252,0.3589,2.1708,18.1092,0.1925,0,Low Risk
79c90679-eb62-5e78-9e35-1927be6ee6c1,Bungoma Cassava Farm #0975,Western Kenya,Cassava,1.84,1.0438,6.24,2,Emerging Agribusiness,0.24,0.2,0.32,0.4,0.2,0.24,0.32,0.16,0.16,0.0748,0.3622,0.4039,1.3973,4.8427,0.5807,2,High Risk
286dfd71-e5ae-568e-8160-0f29bf84d134,Kwale Fish Farming Farm #0976,Coastal Lowlands,Fish Farming,4.88,1.7716,12.6,3,Structured Farm,0.44,0.64,0.56,0.76,0.48,0.48,0.48,0.36,0.36,0.1174,0.4872,0.4312,0.5938,12.0062,0.5076,1,Medium Risk
c34c34aa-cf29-54f3-af40-3e121dbe1a96,Embu Coffee Farm #0977,Central Highlands,Coffee,2.25,1.1787,6.84,2,Emerging Agribusiness,0.24,0.4,0.2,0.64,0.12,0.36,0.2,0.12,0.12,0.1642,0.451,0.3582,-0.0057,6.8457,0.5392,2,High Risk
1c9755cd-0852-52c6-b4d7-c80610dff288,Bomet Tea Farm #0978,Rift Valley,Tea,2.75,1.3218,5.28,2,Emerging Agribusiness,0.16,0.2,0.24,0.6,0.08,0.2,0.2,0.08,0.08,0.1536,0.1335,0.1282,-0.9037,6.1837,0.5925,2,High Risk
2b1b4988-09de-5eda-9758-5f81a2d6e6b2,Kericho Maize Farm #0979,Rift Valley,Maize,10.5,2.4423,12.72,3,Structured Farm,0.64,0.52,0.52,0.68,0.52,0.52,0.44,0.4,0.4,0.0866,0.1876,0.3532,4.0611,8.6589,0.3764,1,Medium Risk
b64d6829-fc3f-5cd2-8a99-21eb0133990d,Taita Taveta Cashew Farm #0980,Coastal Lowlands,Cashew,3.46,1.4951,5.88,2,Emerging Agribusiness,0.12,0.2,0.16,0.6,0.32,0.28,0.16,0.12,0.12,0.1502,0.615,0.5133,0.13,5.75,0.6155,2,High Risk
5c600a04-b0d4-51f8-9d1b-ae36889f97bf,Murang'a Avocado Farm #0981,Central Highlands,Avocado,45.43,3.8379,19.8,4,Investment Ready Farm,0.8,0.6,0.88,0.92,0.84,0.84,0.88,0.84,0.6,0.0915,0.4716,0.3587,4.833,14.967,0.2089,0,Low Risk
cd5f801c-df5a-5aa5-940c-29ca8f16ba3f,Makueni Mangoes Farm #0982,Eastern Semi-Arid,Mangoes,4.76,1.7509,11.52,3,Structured Farm,0.48,0.48,0.48,0.56,0.36,0.72,0.44,0.32,0.32,0.1149,0.869,0.3213,3.0568,8.4632,0.6177,1,Medium Risk
ad013e90-b320-5f98-bcc6-ea2b5251cb4f,Embu Horticulture Farm #0983,Central Highlands,Horticulture,8.11,2.2094,11.76,3,Structured Farm,0.4,0.56,0.36,0.68,0.44,0.6,0.48,0.4,0.36,0.1054,0.294,0.334,1.1529,10.6071,0.4744,1,Medium Risk
8a98b936-3e78-5565-b288-8d18db5a66d1,Makueni Green Grams Farm #0984,Eastern Semi-Arid,Green Grams,3.06,1.4012,6.0,2,Emerging Agribusiness,0.12,0.2,0.4,0.72,0.08,0.28,0.08,0.12,0.08,0.2057,0.6971,0.4216,1.1804,4.8196,0.6164,2,High Risk
f8344afd-68cb-52c7-bf3d-d86023f9ce15,Kiambu Dairy Farm #0985,Central Highlands,Dairy,4.49,1.7029,5.28,2,Emerging Agribusiness,0.08,0.32,0.36,0.44,0.08,0.24,0.08,0.16,0.08,0.1327,0.2783,0.2775,1.4752,3.8048,0.6438,2,High Risk
6336d47e-7bb5-52ff-a311-fb7a079647c0,Nyeri Dairy Farm #0986,Central Highlands,Dairy,21.34,3.1064,20.04,5,Future Ready Farm,0.76,0.72,0.92,0.92,0.88,0.92,0.84,0.72,0.72,0.0835,0.1526,0.1989,4.2682,15.7718,0.1911,0,Low Risk
a78a99de-0398-5f3f-a7e8-bcbdbfb767ac,Kericho Potatoes Farm #0987,Rift Valley,Potatoes,1.88,1.0578,6.24,2,Emerging Agribusiness,0.32,0.36,0.16,0.52,0.12,0.28,0.28,0.04,0.04,0.1414,0.289,0.2756,0.3687,5.8713,0.5186,2,High Risk
70865b9a-9405-5979-a1b5-bf0c68cb1ec6,Kilifi Cassava Farm #0988,Coastal Lowlands,Cassava,3.45,1.4929,4.56,5,Future Ready Farm,0.2,0.24,0.2,0.48,0.08,0.2,0.12,0.0,0.0,0.1323,0.4164,0.5925,1.8934,2.6666,0.6512,2,High Risk
fa81fa7d-585f-5f36-826d-54acc9822727,Kitui Sorghum Farm #0989,Eastern Semi-Arid,Sorghum,2.73,1.3164,6.12,2,Emerging Agribusiness,0.28,0.28,0.2,0.48,0.2,0.32,0.08,0.2,0.08,0.1094,0.7859,0.3666,0.5628,5.5572,0.6493,2,High Risk
ebede96f-41d4-5129-afd3-e0d2bc46bde8,Makueni Mangoes Farm #0990,Eastern Semi-Arid,Mangoes,3.61,1.5282,12.0,3,Structured Farm,0.48,0.4,0.44,0.8,0.44,0.56,0.48,0.4,0.4,0.1233,0.5866,0.3414,1.8853,10.1147,0.5402,1,Medium Risk
894bdea9-8ffd-5cbe-aa3b-378ecc956dea,Makueni Mangoes Farm #0991,Eastern Semi-Arid,Mangoes,7.3,2.1163,11.04,3,Structured Farm,0.44,0.4,0.6,0.8,0.44,0.4,0.44,0.16,0.16,0.1709,0.6388,0.6985,2.5097,8.5303,0.5612,2,High Risk
679433d5-f78c-5cf5-ac7e-baab58f27f04,Tharaka Nithi Pigeon Peas Farm #0992,Eastern Semi-Arid,Pigeon Peas,5.42,1.8594,12.12,3,Structured Farm,0.48,0.36,0.6,0.68,0.44,0.64,0.48,0.36,0.36,0.1148,0.3855,0.5611,4.2222,7.8978,0.4268,1,Medium Risk
e49a742e-22fe-5db0-9bb3-e7846af98da5,Nakuru Horticulture Farm #0993,Rift Valley,Horticulture,6.78,2.0516,11.76,3,Structured Farm,0.4,0.44,0.72,0.64,0.56,0.4,0.4,0.36,0.36,0.1245,0.4038,0.3965,0.8581,10.9019,0.4608,1,Medium Risk
b196da5d-18f6-5465-85a2-9b90625425b5,Taita Taveta Cassava Farm #0994,Coastal Lowlands,Cassava,2.54,1.2641,6.36,2,Emerging Agribusiness,0.16,0.16,0.44,0.56,0.12,0.28,0.32,0.08,0.08,0.1574,0.6745,0.5829,-1.457,7.817,0.7196,2,High Risk
cbdf9748-866a-5126-91de-5a4386862dfd,Kwale Fish Farming Farm #0995,Coastal Lowlands,Fish Farming,22.83,3.1709,18.72,4,Investment Ready Farm,0.72,0.72,0.92,0.72,0.84,0.8,0.8,0.72,0.72,0.0693,0.6214,0.4903,2.3939,16.3261,0.2905,0,Low Risk
b4b449cc-559d-5ece-8a7b-c54d0f6177a9,Kisumu Sugarcane Farm #0996,Western Kenya,Sugarcane,0.5,0.4055,6.6,2,Emerging Agribusiness,0.24,0.2,0.44,0.52,0.28,0.12,0.28,0.12,0.12,0.1333,0.4009,0.4723,0.8966,5.7034,0.64,2,High Risk
542d8710-3f4a-5245-9e5c-555130a4db07,Embu Horticulture Farm #0997,Central Highlands,Horticulture,8.58,2.2597,11.4,3,Structured Farm,0.4,0.52,0.44,0.64,0.44,0.48,0.56,0.32,0.32,0.0926,0.2397,0.2652,3.6365,7.7635,0.3882,1,Medium Risk
3d361951-ac59-5f31-8c27-6fcf2d9f75d9,Meru Coffee Farm #0998,Central Highlands,Coffee,3.31,1.4609,5.4,2,Emerging Agribusiness,0.2,0.2,0.2,0.56,0.16,0.24,0.12,0.12,0.12,0.1326,0.2257,0.4406,-0.9562,6.3562,0.6004,2,High Risk
9f6d7780-4015-52a3-8f4d-f12d35c28c38,Taita Taveta Coconut Farm #0999,Coastal Lowlands,Coconut,35.97,3.6101,19.8,4,Investment Ready Farm,0.76,0.8,0.92,0.96,0.88,0.72,0.92,0.64,0.64,0.1057,0.4262,0.4646,4.9262,14.8738,0.2829,0,Low Risk
5c64da6c-8909-5f61-baff-8eb265f20229,Uasin Gishu Dairy Farm #1000,Rift Valley,Dairy,0.5,0.4055,6.24,2,Emerging Agribusiness,0.0,0.2,0.24,0.6,0.28,0.32,0.32,0.12,0.0,0.1637,0.2355,0.4348,1.6575,4.5825,0.5545,2,High Risk
